code,year,child_mortality
AFG,1800,468.6
AFG,1801,468.6
AFG,1802,468.6
AFG,1803,468.6
AFG,1804,468.6
AFG,1805,468.6
AFG,1806,470
AFG,1807,470
AFG,1808,470
AFG,1809,470
AFG,1810,470
AFG,1811,470
AFG,1812,470
AFG,1813,470
AFG,1814,470
AFG,1815,470
AFG,1816,471.4
AFG,1817,471.4
AFG,1818,471.4
AFG,1819,471.4
AFG,1820,471.4
AFG,1821,471.4
AFG,1822,471.4
AFG,1823,471.4
AFG,1824,471.4
AFG,1825,471.4
AFG,1826,472.8
AFG,1827,472.8
AFG,1828,472.8
AFG,1829,472.8
AFG,1830,472.8
AFG,1831,472.8
AFG,1832,472.8
AFG,1833,472.8
AFG,1834,472.8
AFG,1835,472.8
AFG,1836,474.2
AFG,1837,474.2
AFG,1838,474.2
AFG,1839,474.2
AFG,1840,474.2
AFG,1841,474.2
AFG,1842,474.2
AFG,1843,474.2
AFG,1844,474.2
AFG,1845,475.7
AFG,1846,475.7
AFG,1847,475.7
AFG,1848,475.7
AFG,1849,475.7
AFG,1850,475.7
AFG,1851,475.7
AFG,1852,475.7
AFG,1853,475.7
AFG,1854,475.7
AFG,1855,477.1
AFG,1856,477.1
AFG,1857,477.1
AFG,1858,477.1
AFG,1859,477.1
AFG,1860,477.1
AFG,1861,477.1
AFG,1862,477.1
AFG,1863,477.1
AFG,1864,477.1
AFG,1865,478.5
AFG,1866,478.5
AFG,1867,478.5
AFG,1868,478.5
AFG,1869,478.5
AFG,1870,478.5
AFG,1871,478.5
AFG,1872,478.5
AFG,1873,478.5
AFG,1874,478.5
AFG,1875,480
AFG,1876,480
AFG,1877,480
AFG,1878,480
AFG,1879,480
AFG,1880,480
AFG,1881,480
AFG,1882,480
AFG,1883,480
AFG,1884,480
AFG,1885,481.4
AFG,1886,481.4
AFG,1887,481.4
AFG,1888,481.4
AFG,1889,481.4
AFG,1890,481.4
AFG,1891,481.4
AFG,1892,481.4
AFG,1893,481.4
AFG,1894,482.8
AFG,1895,482.8
AFG,1896,482.7
AFG,1897,482.6
AFG,1898,482.4
AFG,1899,482.1
AFG,1900,481.8
AFG,1901,481.4
AFG,1902,480.9
AFG,1903,480.3
AFG,1904,481.1
AFG,1905,480.4
AFG,1906,479.6
AFG,1907,478.7
AFG,1908,477.8
AFG,1909,476.7
AFG,1910,475.7
AFG,1911,474.6
AFG,1912,473.4
AFG,1913,472.3
AFG,1914,472.6
AFG,1915,471.4
AFG,1916,470.3
AFG,1917,469.1
AFG,1918,468.1
AFG,1919,467.1
AFG,1920,466.1
AFG,1921,465.1
AFG,1922,464.1
AFG,1923,463.1
AFG,1924,463.5
AFG,1925,462.5
AFG,1926,461.5
AFG,1927,460.4
AFG,1928,459.4
AFG,1929,458.4
AFG,1930,457.4
AFG,1931,456.4
AFG,1932,455.4
AFG,1933,455.7
AFG,1934,454.7
AFG,1935,453.7
AFG,1936,452.6
AFG,1937,451.6
AFG,1938,450.6
AFG,1939,449.6
AFG,1940,448.6
AFG,1941,447.5
AFG,1942,446.5
AFG,1943,446.8
AFG,1944,445.8
AFG,1945,444.7
AFG,1946,443.7
AFG,1947,442.7
AFG,1948,441.6
AFG,1949,440.6
AFG,1950,439.6
AFG,1951,435.9
AFG,1952,426.1
AFG,1953,416.6
AFG,1954,407.2
AFG,1955,398.1
AFG,1956,389.1
AFG,1957,380.4
AFG,1958,374.1
AFG,1959,368.1
AFG,1960,362.4
AFG,1961,356.5
AFG,1962,350.6
AFG,1963,345
AFG,1964,339.7
AFG,1965,334.1
AFG,1966,328.7
AFG,1967,323.3
AFG,1968,318.1
AFG,1969,313
AFG,1970,307.8
AFG,1971,302.1
AFG,1972,296.4
AFG,1973,290.8
AFG,1974,284.9
AFG,1975,279.4
AFG,1976,273.6
AFG,1977,267.8
AFG,1978,261.6
AFG,1979,255.5
AFG,1980,249.1
AFG,1981,242.7
AFG,1982,236.2
AFG,1983,229.7
AFG,1984,222.9
AFG,1985,216
AFG,1986,209.2
AFG,1987,202.1
AFG,1988,195
AFG,1989,187.8
AFG,1990,181
AFG,1991,174.2
AFG,1992,167.8
AFG,1993,162
AFG,1994,156.8
AFG,1995,152.3
AFG,1996,148.6
AFG,1997,145.5
AFG,1998,142.6
AFG,1999,139.9
AFG,2000,137
AFG,2001,133.8
AFG,2002,130.3
AFG,2003,126.8
AFG,2004,123.2
AFG,2005,119.6
AFG,2006,116.3
AFG,2007,113.2
AFG,2008,110.4
AFG,2009,107.6
AFG,2010,105
AFG,2011,102.3
AFG,2012,99.5
AFG,2013,96.7
AFG,2014,93.9
AFG,2015,91.1
ALB,1800,375.2
ALB,1801,375.2
ALB,1802,375.2
ALB,1803,375.2
ALB,1804,375.2
ALB,1805,375.2
ALB,1806,375.2
ALB,1807,375.2
ALB,1808,375.2
ALB,1809,375.2
ALB,1810,375.2
ALB,1811,375.2
ALB,1812,375.2
ALB,1813,375.2
ALB,1814,375.2
ALB,1815,375.2
ALB,1816,375.2
ALB,1817,375.2
ALB,1818,375.2
ALB,1819,375.2
ALB,1820,375.2
ALB,1821,375.2
ALB,1822,375.2
ALB,1823,375.2
ALB,1824,375.2
ALB,1825,375.2
ALB,1826,375.2
ALB,1827,375.2
ALB,1828,375.2
ALB,1829,375.2
ALB,1830,375.2
ALB,1831,375.2
ALB,1832,375.2
ALB,1833,375.2
ALB,1834,375.2
ALB,1835,375.2
ALB,1836,375.2
ALB,1837,375.2
ALB,1838,375.2
ALB,1839,375.2
ALB,1840,375.2
ALB,1841,375.2
ALB,1842,375.2
ALB,1843,375.2
ALB,1844,375.2
ALB,1845,375.2
ALB,1846,375.2
ALB,1847,375.2
ALB,1848,375.2
ALB,1849,375.2
ALB,1850,375.2
ALB,1851,375.2
ALB,1852,375.2
ALB,1853,375.2
ALB,1854,375.2
ALB,1855,375.2
ALB,1856,375.2
ALB,1857,375.2
ALB,1858,375.2
ALB,1859,375.2
ALB,1860,375.2
ALB,1861,375.2
ALB,1862,375.2
ALB,1863,375.2
ALB,1864,375.2
ALB,1865,375.2
ALB,1866,375.2
ALB,1867,375.2
ALB,1868,375.2
ALB,1869,375.2
ALB,1870,375.2
ALB,1871,375.2
ALB,1872,375.2
ALB,1873,375.2
ALB,1874,375.2
ALB,1875,375.2
ALB,1876,375.2
ALB,1877,375.2
ALB,1878,375.2
ALB,1879,375.2
ALB,1880,375.2
ALB,1881,375.2
ALB,1882,375.2
ALB,1883,375.2
ALB,1884,375.2
ALB,1885,375.2
ALB,1886,375.2
ALB,1887,375.2
ALB,1888,375.2
ALB,1889,375.2
ALB,1890,375.2
ALB,1891,375.2
ALB,1892,375.2
ALB,1893,375.2
ALB,1894,375.2
ALB,1895,375.2
ALB,1896,375.1
ALB,1897,375
ALB,1898,374.9
ALB,1899,374.6
ALB,1900,374.4
ALB,1901,374.1
ALB,1902,373.7
ALB,1903,373.2
ALB,1904,372.8
ALB,1905,372.2
ALB,1906,371.6
ALB,1907,370.9
ALB,1908,370.2
ALB,1909,369.4
ALB,1910,368.6
ALB,1911,367.7
ALB,1912,366.8
ALB,1913,366
ALB,1914,365.1
ALB,1915,364.2
ALB,1916,363.3
ALB,1917,362.4
ALB,1918,361.6
ALB,1919,360.7
ALB,1920,359.8
ALB,1921,358.9
ALB,1922,358
ALB,1923,357.1
ALB,1924,356.3
ALB,1925,355.4
ALB,1926,354.5
ALB,1927,353.6
ALB,1928,352.8
ALB,1929,351.9
ALB,1930,341
ALB,1931,330.3
ALB,1932,319.9
ALB,1933,309.6
ALB,1934,299.6
ALB,1935,289.8
ALB,1936,280.1
ALB,1937,270.7
ALB,1938,261.5
ALB,1939,253.4
ALB,1940,244.6
ALB,1941,236
ALB,1942,227.5
ALB,1943,219.2
ALB,1944,211
ALB,1945,203
ALB,1946,195.2
ALB,1947,187.4
ALB,1948,179.9
ALB,1949,172.4
ALB,1950,165.2
ALB,1951,161.7
ALB,1952,158.3
ALB,1953,155
ALB,1954,151.7
ALB,1955,148.5
ALB,1956,145.4
ALB,1957,142.3
ALB,1958,139.3
ALB,1959,136.4
ALB,1960,133.6
ALB,1961,130.7
ALB,1962,128
ALB,1963,125.3
ALB,1964,122.7
ALB,1965,120.1
ALB,1966,117.6
ALB,1967,115.1
ALB,1968,112.7
ALB,1969,110.3
ALB,1970,108
ALB,1971,105.7
ALB,1972,103.5
ALB,1973,101.3
ALB,1974,99.18
ALB,1975,97.1
ALB,1976,95.06
ALB,1977,93.06
ALB,1978,91.1
ALB,1979,84.7
ALB,1980,78.6
ALB,1981,73
ALB,1982,67.8
ALB,1983,62.8
ALB,1984,58.3
ALB,1985,54.3
ALB,1986,50.7
ALB,1987,47.6
ALB,1988,44.9
ALB,1989,42.5
ALB,1990,40.6
ALB,1991,38.8
ALB,1992,37.3
ALB,1993,36
ALB,1994,34.6
ALB,1995,33.2
ALB,1996,31.8
ALB,1997,30.3
ALB,1998,28.9
ALB,1999,27.5
ALB,2000,26.2
ALB,2001,24.9
ALB,2002,23.6
ALB,2003,22.5
ALB,2004,21.5
ALB,2005,20.5
ALB,2006,19.5
ALB,2007,18.7
ALB,2008,17.9
ALB,2009,17.3
ALB,2010,16.6
ALB,2011,16
ALB,2012,15.5
ALB,2013,14.9
ALB,2014,14.4
ALB,2015,14
DZA,1800,460.2
DZA,1801,460.2
DZA,1802,460.2
DZA,1803,460.2
DZA,1804,460.2
DZA,1805,460.2
DZA,1806,460.2
DZA,1807,460.2
DZA,1808,460.2
DZA,1809,460.2
DZA,1810,460.2
DZA,1811,460.2
DZA,1812,460.2
DZA,1813,460.2
DZA,1814,460.2
DZA,1815,460.2
DZA,1816,460.2
DZA,1817,460.2
DZA,1818,460.2
DZA,1819,460.2
DZA,1820,460.2
DZA,1821,460.2
DZA,1822,460.2
DZA,1823,460.2
DZA,1824,460.2
DZA,1825,460.2
DZA,1826,460.2
DZA,1827,460.2
DZA,1828,460.2
DZA,1829,460.2
DZA,1830,460.2
DZA,1831,460.2
DZA,1832,460.2
DZA,1833,460.2
DZA,1834,460.2
DZA,1835,460.2
DZA,1836,460.2
DZA,1837,460.2
DZA,1838,460.2
DZA,1839,460.2
DZA,1840,460.2
DZA,1841,460.2
DZA,1842,460.2
DZA,1843,460.2
DZA,1844,460.2
DZA,1845,460.2
DZA,1846,460.2
DZA,1847,460.2
DZA,1848,460.2
DZA,1849,460.2
DZA,1850,460.2
DZA,1851,460.2
DZA,1852,460.2
DZA,1853,460.2
DZA,1854,460.2
DZA,1855,460.2
DZA,1856,460.2
DZA,1857,460.2
DZA,1858,460.2
DZA,1859,460.2
DZA,1860,460.2
DZA,1861,460.2
DZA,1862,460.2
DZA,1863,460.2
DZA,1864,460.2
DZA,1865,460.2
DZA,1866,460.2
DZA,1867,460.2
DZA,1868,460.2
DZA,1869,460.2
DZA,1870,460.2
DZA,1871,460.2
DZA,1872,460.2
DZA,1873,460.2
DZA,1874,460.2
DZA,1875,460.2
DZA,1876,460.2
DZA,1877,460.2
DZA,1878,460.2
DZA,1879,460.2
DZA,1880,460.2
DZA,1881,460.2
DZA,1882,460.2
DZA,1883,460.2
DZA,1884,460.2
DZA,1885,460.2
DZA,1886,460.2
DZA,1887,460.2
DZA,1888,460.2
DZA,1889,460.2
DZA,1890,460.2
DZA,1891,460.2
DZA,1892,460.2
DZA,1893,460.2
DZA,1894,460.2
DZA,1895,460.2
DZA,1896,460.1
DZA,1897,460
DZA,1898,459.8
DZA,1899,459.5
DZA,1900,459.2
DZA,1901,458.8
DZA,1902,458.4
DZA,1903,457.8
DZA,1904,457.2
DZA,1905,456.5
DZA,1906,455.8
DZA,1907,454.9
DZA,1908,454
DZA,1909,453.1
DZA,1910,452.1
DZA,1911,451
DZA,1912,449.9
DZA,1913,448.9
DZA,1914,447.8
DZA,1915,446.9
DZA,1916,446
DZA,1917,445.1
DZA,1918,444.2
DZA,1919,443.4
DZA,1920,442.4
DZA,1921,441.6
DZA,1922,440.7
DZA,1923,439.8
DZA,1924,434.9
DZA,1925,431.4
DZA,1926,428
DZA,1927,423.2
DZA,1928,419.8
DZA,1929,415.1
DZA,1930,411.8
DZA,1931,408.4
DZA,1932,403.8
DZA,1933,400.5
DZA,1934,396
DZA,1935,391.5
DZA,1936,385.9
DZA,1937,381.5
DZA,1938,377.2
DZA,1939,372.9
DZA,1940,368.6
DZA,1941,364.4
DZA,1942,363.6
DZA,1943,362.8
DZA,1944,362
DZA,1945,349.3
DZA,1946,337
DZA,1947,325.2
DZA,1948,313.8
DZA,1949,302.8
DZA,1950,292.1
DZA,1951,281.9
DZA,1952,272
DZA,1953,262.4
DZA,1954,253.2
DZA,1955,251.6
DZA,1956,250.1
DZA,1957,249
DZA,1958,247.7
DZA,1959,246.4
DZA,1960,245.7
DZA,1961,245.9
DZA,1962,246.3
DZA,1963,246.7
DZA,1964,247.3
DZA,1965,248.2
DZA,1966,248.9
DZA,1967,248.9
DZA,1968,248
DZA,1969,245.8
DZA,1970,242.2
DZA,1971,237.3
DZA,1972,230.9
DZA,1973,223.4
DZA,1974,214.9
DZA,1975,205.5
DZA,1976,195.7
DZA,1977,185.1
DZA,1978,173.9
DZA,1979,161.7
DZA,1980,148
DZA,1981,132.6
DZA,1982,115.9
DZA,1983,98.9
DZA,1984,83.6
DZA,1985,71.2
DZA,1986,61.9
DZA,1987,55.3
DZA,1988,51.2
DZA,1989,48.6
DZA,1990,46.9
DZA,1991,45.8
DZA,1992,45
DZA,1993,44.2
DZA,1994,43.5
DZA,1995,42.6
DZA,1996,41.8
DZA,1997,41.2
DZA,1998,40.7
DZA,1999,40.2
DZA,2000,39.7
DZA,2001,38.9
DZA,2002,37.8
DZA,2003,36.5
DZA,2004,35.1
DZA,2005,33.6
DZA,2006,32.1
DZA,2007,30.7
DZA,2008,29.5
DZA,2009,28.4
DZA,2010,27.4
DZA,2011,26.6
DZA,2012,25.8
DZA,2013,25.2
DZA,2014,24.6
DZA,2015,24
AND,1990,8.5
AND,1991,7.9
AND,1992,7.4
AND,1993,6.9
AND,1994,6.4
AND,1995,6
AND,1996,5.7
AND,1997,5.3
AND,1998,5
AND,1999,4.8
AND,2000,4.6
AND,2001,4.4
AND,2002,4.2
AND,2003,4.1
AND,2004,4
AND,2005,3.9
AND,2006,3.7
AND,2007,3.6
AND,2008,3.5
AND,2009,3.4
AND,2010,3.3
AND,2011,3.2
AND,2012,3.1
AND,2013,3
AND,2014,2.9
AND,2015,2.8
AGO,1800,485.7
AGO,1801,485.7
AGO,1802,485.7
AGO,1803,485.7
AGO,1804,485.7
AGO,1805,485.7
AGO,1806,485.7
AGO,1807,485.7
AGO,1808,485.7
AGO,1809,485.7
AGO,1810,485.7
AGO,1811,485.7
AGO,1812,485.7
AGO,1813,485.7
AGO,1814,485.7
AGO,1815,485.7
AGO,1816,485.7
AGO,1817,485.7
AGO,1818,485.7
AGO,1819,485.7
AGO,1820,485.7
AGO,1821,485.7
AGO,1822,485.7
AGO,1823,485.7
AGO,1824,485.7
AGO,1825,485.7
AGO,1826,485.7
AGO,1827,485.7
AGO,1828,485.7
AGO,1829,485.7
AGO,1830,485.7
AGO,1831,485.7
AGO,1832,485.7
AGO,1833,485.7
AGO,1834,485.7
AGO,1835,485.7
AGO,1836,485.7
AGO,1837,485.7
AGO,1838,485.7
AGO,1839,485.7
AGO,1840,485.7
AGO,1841,485.7
AGO,1842,485.7
AGO,1843,485.7
AGO,1844,485.7
AGO,1845,485.7
AGO,1846,485.7
AGO,1847,485.7
AGO,1848,485.7
AGO,1849,485.7
AGO,1850,485.7
AGO,1851,485.7
AGO,1852,485.7
AGO,1853,485.7
AGO,1854,485.7
AGO,1855,485.7
AGO,1856,485.7
AGO,1857,485.7
AGO,1858,485.7
AGO,1859,485.7
AGO,1860,485.7
AGO,1861,485.7
AGO,1862,485.7
AGO,1863,485.7
AGO,1864,485.7
AGO,1865,485.7
AGO,1866,485.7
AGO,1867,485.7
AGO,1868,485.7
AGO,1869,485.7
AGO,1870,485.7
AGO,1871,485.7
AGO,1872,485.7
AGO,1873,485.7
AGO,1874,485.7
AGO,1875,485.7
AGO,1876,485.7
AGO,1877,485.7
AGO,1878,485.7
AGO,1879,485.7
AGO,1880,485.7
AGO,1881,485.7
AGO,1882,485.7
AGO,1883,485.7
AGO,1884,485.7
AGO,1885,485.7
AGO,1886,485.7
AGO,1887,485.7
AGO,1888,485.7
AGO,1889,485.7
AGO,1890,485.7
AGO,1891,485.7
AGO,1892,485.7
AGO,1893,485.7
AGO,1894,485.7
AGO,1895,485.6
AGO,1896,485.6
AGO,1897,485.4
AGO,1898,485.2
AGO,1899,485
AGO,1900,484.6
AGO,1901,484.2
AGO,1902,483.7
AGO,1903,483.1
AGO,1904,482.5
AGO,1905,481.8
AGO,1906,481
AGO,1907,480.1
AGO,1908,479.2
AGO,1909,478.1
AGO,1910,477.1
AGO,1911,476
AGO,1912,474.9
AGO,1913,473.7
AGO,1914,472.6
AGO,1915,471.4
AGO,1916,470.3
AGO,1917,469.1
AGO,1918,468
AGO,1919,466.9
AGO,1920,465.7
AGO,1921,464.6
AGO,1922,463.5
AGO,1923,462.3
AGO,1924,461.2
AGO,1925,460
AGO,1926,458.9
AGO,1927,457.8
AGO,1928,456.6
AGO,1929,455.5
AGO,1930,454.3
AGO,1931,453.2
AGO,1932,452.1
AGO,1933,450.9
AGO,1934,449.8
AGO,1935,448.6
AGO,1936,447.5
AGO,1937,446.4
AGO,1938,445.2
AGO,1939,444.1
AGO,1940,442.9
AGO,1941,439.3
AGO,1942,435.7
AGO,1943,432.1
AGO,1944,427.1
AGO,1945,423.6
AGO,1946,420.1
AGO,1947,416.6
AGO,1948,411.8
AGO,1949,408.3
AGO,1950,404.9
AGO,1951,401.5
AGO,1952,395.7
AGO,1953,389.5
AGO,1954,382.8
AGO,1955,375.7
AGO,1956,368.3
AGO,1957,360.4
AGO,1958,352.2
AGO,1959,344.2
AGO,1960,336.2
AGO,1961,328.3
AGO,1962,320.6
AGO,1963,312.9
AGO,1964,305.2
AGO,1965,297.6
AGO,1966,290
AGO,1967,282.4
AGO,1968,275.3
AGO,1969,268.6
AGO,1970,262.3
AGO,1971,259.3
AGO,1972,256.4
AGO,1973,253.5
AGO,1974,250.6
AGO,1975,247.8
AGO,1976,245
AGO,1977,242.2
AGO,1978,239.5
AGO,1979,236.8
AGO,1980,234.1
AGO,1981,232.8
AGO,1982,231.5
AGO,1983,230.2
AGO,1984,229.1
AGO,1985,228.3
AGO,1986,227.5
AGO,1987,226.9
AGO,1988,226.5
AGO,1989,226.2
AGO,1990,226
AGO,1991,225.9
AGO,1992,226
AGO,1993,225.8
AGO,1994,225.5
AGO,1995,224.8
AGO,1996,224
AGO,1997,222.6
AGO,1998,220.8
AGO,1999,218.9
AGO,2000,216.7
AGO,2001,214.1
AGO,2002,211.7
AGO,2003,209.2
AGO,2004,206.7
AGO,2005,203.9
AGO,2006,200.5
AGO,2007,196.4
AGO,2008,192
AGO,2009,187.3
AGO,2010,182.5
AGO,2011,177.3
AGO,2012,172.2
AGO,2013,167.1
AGO,2014,162.2
AGO,2015,156.9
ATG,1800,473.6
ATG,1801,469.8
ATG,1802,466
ATG,1803,462.2
ATG,1804,458.5
ATG,1805,454.8
ATG,1806,451.1
ATG,1807,447.4
ATG,1808,443.8
ATG,1809,440.2
ATG,1810,436.7
ATG,1811,433.1
ATG,1812,429.6
ATG,1813,426.2
ATG,1814,422.7
ATG,1815,419.3
ATG,1816,415.9
ATG,1817,412.5
ATG,1818,409.2
ATG,1819,405.9
ATG,1820,402.6
ATG,1821,399.4
ATG,1822,396.1
ATG,1823,392.9
ATG,1824,389.8
ATG,1825,386.6
ATG,1826,383.5
ATG,1827,380.4
ATG,1828,377.3
ATG,1829,374.2
ATG,1830,371.2
ATG,1831,368.2
ATG,1832,365.2
ATG,1833,362.3
ATG,1834,359.4
ATG,1835,356.4
ATG,1836,353.6
ATG,1837,350.7
ATG,1838,347.9
ATG,1839,345.1
ATG,1840,342.3
ATG,1841,339.5
ATG,1842,336.8
ATG,1843,334
ATG,1844,331.3
ATG,1845,328.6
ATG,1846,326
ATG,1847,323.4
ATG,1848,320.8
ATG,1849,318.1
ATG,1850,315.6
ATG,1851,313
ATG,1852,310.5
ATG,1853,308
ATG,1854,305.5
ATG,1855,303
ATG,1856,300.6
ATG,1857,298.1
ATG,1858,295.7
ATG,1859,293.3
ATG,1860,291
ATG,1861,288.6
ATG,1862,286.3
ATG,1863,284
ATG,1864,281.7
ATG,1865,279.4
ATG,1866,277.1
ATG,1867,274.9
ATG,1868,272.7
ATG,1869,270.5
ATG,1870,268.3
ATG,1871,266.1
ATG,1872,264
ATG,1873,261.8
ATG,1874,259.7
ATG,1875,257.6
ATG,1876,255.5
ATG,1877,253.5
ATG,1878,251.4
ATG,1879,249.4
ATG,1880,247.4
ATG,1881,245.4
ATG,1882,243.4
ATG,1883,241.4
ATG,1884,239.4
ATG,1885,237.5
ATG,1886,235.6
ATG,1887,233.7
ATG,1888,231.8
ATG,1889,229.9
ATG,1890,228.1
ATG,1891,226.2
ATG,1892,224.4
ATG,1893,222.6
ATG,1894,220.8
ATG,1895,219
ATG,1896,217.2
ATG,1897,215.5
ATG,1898,213.7
ATG,1899,212
ATG,1900,210.3
ATG,1901,208.6
ATG,1902,206.9
ATG,1903,205.2
ATG,1904,203.6
ATG,1905,201.9
ATG,1906,200.3
ATG,1907,198.7
ATG,1908,197.1
ATG,1909,195.5
ATG,1910,193.9
ATG,1911,192.3
ATG,1912,190.8
ATG,1913,189.2
ATG,1914,187.7
ATG,1915,186.2
ATG,1916,184.7
ATG,1917,183.2
ATG,1918,181.7
ATG,1919,180.2
ATG,1920,178.8
ATG,1921,177.3
ATG,1922,175.9
ATG,1923,174.5
ATG,1924,173.1
ATG,1925,171.7
ATG,1926,170.3
ATG,1927,168.9
ATG,1928,167.5
ATG,1929,166.2
ATG,1930,164.8
ATG,1931,163.5
ATG,1932,162.2
ATG,1933,160.9
ATG,1934,159.6
ATG,1935,158.3
ATG,1936,157
ATG,1937,155.7
ATG,1938,154.5
ATG,1939,153.2
ATG,1940,152
ATG,1941,149.7
ATG,1942,147.5
ATG,1943,145.2
ATG,1944,143.1
ATG,1945,140.9
ATG,1946,138.8
ATG,1947,136.7
ATG,1948,134.6
ATG,1949,132.5
ATG,1950,130.5
ATG,1951,127.2
ATG,1952,122.7
ATG,1953,118.2
ATG,1954,113.6
ATG,1955,109
ATG,1956,105
ATG,1957,100.3
ATG,1958,95.72
ATG,1959,91.26
ATG,1960,87.45
ATG,1961,83.25
ATG,1962,79.65
ATG,1963,76.18
ATG,1964,72.78
ATG,1965,69.91
ATG,1966,66.69
ATG,1967,63.53
ATG,1968,60.97
ATG,1969,58.16
ATG,1970,55.87
ATG,1971,53.73
ATG,1972,51.35
ATG,1973,49.44
ATG,1974,47.58
ATG,1975,45.77
ATG,1976,43.98
ATG,1977,42.22
ATG,1978,40.83
ATG,1979,39.16
ATG,1980,37.53
ATG,1981,36.01
ATG,1982,34.55
ATG,1983,33.16
ATG,1984,31.83
ATG,1985,30.54
ATG,1986,29.32
ATG,1987,28.14
ATG,1988,27.01
ATG,1989,25.93
ATG,1990,25.5
ATG,1991,24.2
ATG,1992,23.1
ATG,1993,21.9
ATG,1994,20.8
ATG,1995,19.7
ATG,1996,18.8
ATG,1997,17.9
ATG,1998,17
ATG,1999,16.2
ATG,2000,15.5
ATG,2001,14.8
ATG,2002,14.1
ATG,2003,13.5
ATG,2004,12.9
ATG,2005,12.4
ATG,2006,11.8
ATG,2007,11.3
ATG,2008,10.9
ATG,2009,10.4
ATG,2010,9.9
ATG,2011,9.5
ATG,2012,9.1
ATG,2013,8.7
ATG,2014,8.4
ATG,2015,8.1
ARG,1800,402.2
ARG,1801,402.2
ARG,1802,402.2
ARG,1803,402.2
ARG,1804,402.2
ARG,1805,402.2
ARG,1806,402.2
ARG,1807,402.2
ARG,1808,402.2
ARG,1809,402.2
ARG,1810,402.2
ARG,1811,402.2
ARG,1812,402.2
ARG,1813,402.2
ARG,1814,402.2
ARG,1815,402.2
ARG,1816,402.2
ARG,1817,402.2
ARG,1818,402.2
ARG,1819,402.2
ARG,1820,402.2
ARG,1821,402.2
ARG,1822,402.2
ARG,1823,402.2
ARG,1824,402.2
ARG,1825,402.2
ARG,1826,402.2
ARG,1827,402.2
ARG,1828,402.2
ARG,1829,402.2
ARG,1830,402.2
ARG,1831,402.2
ARG,1832,402.2
ARG,1833,402.2
ARG,1834,402.2
ARG,1835,402.2
ARG,1836,402.2
ARG,1837,402.2
ARG,1838,402.2
ARG,1839,402.2
ARG,1840,402.2
ARG,1841,402.2
ARG,1842,402.2
ARG,1843,402.2
ARG,1844,402.2
ARG,1845,402.2
ARG,1846,402.2
ARG,1847,402.2
ARG,1848,402.2
ARG,1849,402.2
ARG,1850,402.2
ARG,1851,402.2
ARG,1852,402.2
ARG,1853,402.2
ARG,1854,402.2
ARG,1855,402.2
ARG,1856,402.2
ARG,1857,402.2
ARG,1858,402.2
ARG,1859,402.2
ARG,1860,402.2
ARG,1861,402.2
ARG,1862,402.2
ARG,1863,402.2
ARG,1864,402.2
ARG,1865,402.2
ARG,1866,402.2
ARG,1867,402.2
ARG,1868,402.2
ARG,1869,402.2
ARG,1870,402.2
ARG,1871,402.2
ARG,1872,402.2
ARG,1873,402.2
ARG,1874,402.2
ARG,1875,402.2
ARG,1876,402.2
ARG,1877,402.2
ARG,1878,403.4
ARG,1879,403.4
ARG,1880,403.4
ARG,1881,404.7
ARG,1882,406
ARG,1883,407.2
ARG,1884,408.5
ARG,1885,409.8
ARG,1886,406
ARG,1887,402.2
ARG,1888,399.7
ARG,1889,395.9
ARG,1890,392.2
ARG,1891,393.5
ARG,1892,395.9
ARG,1893,397.2
ARG,1894,399.7
ARG,1895,400.9
ARG,1896,392.1
ARG,1897,383.5
ARG,1898,374.9
ARG,1899,366.3
ARG,1900,357.9
ARG,1901,350.6
ARG,1902,337.4
ARG,1903,324.7
ARG,1904,312.5
ARG,1905,300.7
ARG,1906,289.4
ARG,1907,278.5
ARG,1908,268
ARG,1909,257.9
ARG,1910,248.2
ARG,1911,238.8
ARG,1912,229.6
ARG,1913,205.3
ARG,1914,196
ARG,1915,194.1
ARG,1916,194.1
ARG,1917,201.6
ARG,1918,220.3
ARG,1919,212.8
ARG,1920,199.7
ARG,1921,179.1
ARG,1922,171.6
ARG,1923,171.6
ARG,1924,179.1
ARG,1925,188.4
ARG,1926,184.7
ARG,1927,197.8
ARG,1928,173.4
ARG,1929,162.2
ARG,1930,149.3
ARG,1931,149.3
ARG,1932,140.2
ARG,1933,125.9
ARG,1934,143.8
ARG,1935,160.3
ARG,1936,143.8
ARG,1937,140.1
ARG,1938,154.8
ARG,1939,131.2
ARG,1940,131.1
ARG,1941,122.3
ARG,1942,124.1
ARG,1943,113.7
ARG,1944,115.4
ARG,1945,117.1
ARG,1946,103.5
ARG,1947,110.2
ARG,1948,95.18
ARG,1949,91.93
ARG,1950,93.53
ARG,1951,91.92
ARG,1952,88.72
ARG,1953,85.66
ARG,1954,81.15
ARG,1955,84.17
ARG,1956,76.5
ARG,1957,93.51
ARG,1958,82.65
ARG,1959,77.78
ARG,1960,73.2
ARG,1961,68.9
ARG,1962,64.84
ARG,1963,61.02
ARG,1964,57.43
ARG,1965,57.43
ARG,1966,58.63
ARG,1967,58.52
ARG,1968,58.32
ARG,1969,73.2
ARG,1970,72.4
ARG,1971,71.5
ARG,1972,70.4
ARG,1973,68.8
ARG,1974,66.6
ARG,1975,63.8
ARG,1976,60.2
ARG,1977,55.9
ARG,1978,51.4
ARG,1979,47
ARG,1980,43.1
ARG,1981,40
ARG,1982,37.6
ARG,1983,35.8
ARG,1984,34.4
ARG,1985,33.1
ARG,1986,31.9
ARG,1987,30.8
ARG,1988,29.7
ARG,1989,28.6
ARG,1990,27.6
ARG,1991,26.6
ARG,1992,25.7
ARG,1993,24.8
ARG,1994,24.1
ARG,1995,23.4
ARG,1996,22.7
ARG,1997,22
ARG,1998,21.4
ARG,1999,20.8
ARG,2000,20.2
ARG,2001,19.7
ARG,2002,19.2
ARG,2003,18.6
ARG,2004,17.9
ARG,2005,17.1
ARG,2006,16.4
ARG,2007,15.8
ARG,2008,15.4
ARG,2009,15
ARG,2010,14.6
ARG,2011,14.2
ARG,2012,13.8
ARG,2013,13.3
ARG,2014,12.9
ARG,2015,12.5
ARM,1800,371.2
ARM,1801,370.7
ARM,1802,370.2
ARM,1803,369.8
ARM,1804,369.3
ARM,1805,368.8
ARM,1806,368.3
ARM,1807,367.8
ARM,1808,367.3
ARM,1809,366.9
ARM,1810,366.4
ARM,1811,365.9
ARM,1812,365.4
ARM,1813,364.9
ARM,1814,364.5
ARM,1815,364
ARM,1816,363.5
ARM,1817,363
ARM,1818,362.6
ARM,1819,362.1
ARM,1820,361.6
ARM,1821,361.1
ARM,1822,360.7
ARM,1823,360.2
ARM,1824,359.7
ARM,1825,359.3
ARM,1826,358.8
ARM,1827,358.3
ARM,1828,357.9
ARM,1829,357.4
ARM,1830,356.9
ARM,1831,356.4
ARM,1832,356
ARM,1833,355.5
ARM,1834,355.1
ARM,1835,354.6
ARM,1836,354.1
ARM,1837,353.7
ARM,1838,353.2
ARM,1839,352.7
ARM,1840,352.3
ARM,1841,351.8
ARM,1842,351.4
ARM,1843,350.9
ARM,1844,350.4
ARM,1845,350
ARM,1846,349.5
ARM,1847,349.1
ARM,1848,348.6
ARM,1849,348.2
ARM,1850,347.7
ARM,1851,347.2
ARM,1852,346.8
ARM,1853,346.3
ARM,1854,345.9
ARM,1855,345.4
ARM,1856,345
ARM,1857,344.5
ARM,1858,344.1
ARM,1859,343.6
ARM,1860,343.2
ARM,1861,342.7
ARM,1862,342.3
ARM,1863,341.8
ARM,1864,341.4
ARM,1865,340.9
ARM,1866,340.5
ARM,1867,340.1
ARM,1868,339.6
ARM,1869,339.2
ARM,1870,338.7
ARM,1871,338.3
ARM,1872,337.8
ARM,1873,337.4
ARM,1874,337
ARM,1875,336.5
ARM,1876,336.1
ARM,1877,335.6
ARM,1878,335.2
ARM,1879,334.8
ARM,1880,334.3
ARM,1881,333.9
ARM,1882,333.4
ARM,1883,333
ARM,1884,332.6
ARM,1885,332.1
ARM,1886,331.7
ARM,1887,331.3
ARM,1888,330.8
ARM,1889,330.4
ARM,1890,330
ARM,1891,329.6
ARM,1892,329.1
ARM,1893,328.7
ARM,1894,328.3
ARM,1895,327.8
ARM,1896,327.4
ARM,1897,327
ARM,1898,326.5
ARM,1899,326.1
ARM,1900,325.7
ARM,1901,321.8
ARM,1902,318
ARM,1903,314.2
ARM,1904,310.5
ARM,1905,306.8
ARM,1906,303.1
ARM,1907,299.5
ARM,1908,296
ARM,1909,292.4
ARM,1910,289
ARM,1911,285.5
ARM,1912,282.1
ARM,1913,278.8
ARM,1914,275.5
ARM,1915,272.2
ARM,1916,269
ARM,1917,265.8
ARM,1918,262.6
ARM,1919,259.5
ARM,1920,256.4
ARM,1921,253.3
ARM,1922,250.3
ARM,1923,247.4
ARM,1924,244.4
ARM,1925,241.5
ARM,1926,238.7
ARM,1927,235.8
ARM,1928,233
ARM,1929,230.2
ARM,1930,227.5
ARM,1931,219.3
ARM,1932,211.5
ARM,1933,203.9
ARM,1934,196.6
ARM,1935,189.5
ARM,1936,182.7
ARM,1937,176.2
ARM,1938,169.9
ARM,1939,163.8
ARM,1940,157.9
ARM,1941,152.2
ARM,1942,146.8
ARM,1943,141.5
ARM,1944,136.4
ARM,1945,131.6
ARM,1946,126.8
ARM,1947,122.3
ARM,1948,117.9
ARM,1949,113.7
ARM,1950,109.6
ARM,1951,108
ARM,1952,105.2
ARM,1953,102.3
ARM,1954,99.28
ARM,1955,95.57
ARM,1956,92.43
ARM,1957,89.22
ARM,1958,85.95
ARM,1959,82.78
ARM,1960,79.1
ARM,1961,76.08
ARM,1962,73.11
ARM,1963,69.69
ARM,1964,66.85
ARM,1965,63.58
ARM,1966,60.86
ARM,1967,63.13
ARM,1968,65.49
ARM,1969,67.93
ARM,1970,70.47
ARM,1971,73.1
ARM,1972,75.83
ARM,1973,78.66
ARM,1974,81.59
ARM,1975,84.64
ARM,1976,87.8
ARM,1977,84.3
ARM,1978,81
ARM,1979,77.8
ARM,1980,74.8
ARM,1981,71.8
ARM,1982,69.1
ARM,1983,66.4
ARM,1984,63.8
ARM,1985,61.4
ARM,1986,59
ARM,1987,56.6
ARM,1988,81.6
ARM,1989,52
ARM,1990,49.7
ARM,1991,47.4
ARM,1992,45.1
ARM,1993,42.8
ARM,1994,40.6
ARM,1995,38.6
ARM,1996,36.7
ARM,1997,34.9
ARM,1998,33.2
ARM,1999,31.6
ARM,2000,30.1
ARM,2001,28.6
ARM,2002,27.2
ARM,2003,25.9
ARM,2004,24.6
ARM,2005,23.3
ARM,2006,22.2
ARM,2007,21.1
ARM,2008,20
ARM,2009,19
ARM,2010,18
ARM,2011,17.2
ARM,2012,16.3
ARM,2013,15.5
ARM,2014,14.9
ARM,2015,14.2
ABW,1980,26.34
ABW,1981,25.4
ABW,1982,24.6
ABW,1983,23.96
ABW,1984,23.48
ABW,1985,23.14
ABW,1986,22.91
ABW,1987,22.76
ABW,1988,22.62
ABW,1989,22.5
ABW,1990,22.36
ABW,1991,22.23
ABW,1992,22.1
ABW,1993,22
ABW,1994,21.91
ABW,1995,21.83
ABW,1996,21.76
ABW,1997,21.68
ABW,1998,21.6
ABW,1999,21.49
ABW,2000,21.35
ABW,2001,21.15
ABW,2002,20.89
ABW,2003,20.57
ABW,2004,20.2
ABW,2005,19.8
ABW,2006,19.37
ABW,2007,18.95
ABW,2008,18.55
ABW,2009,18.18
ABW,2010,17.84
ABW,2011,17.55
ABW,2012,17.28
ABW,2013,17.03
ABW,2014,16.8
ABW,2015,16.57
AUS,1800,391
AUS,1801,391
AUS,1802,391
AUS,1803,391
AUS,1804,391
AUS,1805,391
AUS,1806,391
AUS,1807,391
AUS,1808,391
AUS,1809,391
AUS,1810,391
AUS,1811,391
AUS,1812,391
AUS,1813,391
AUS,1814,391
AUS,1815,391
AUS,1816,391
AUS,1817,391
AUS,1818,391
AUS,1819,391
AUS,1820,391
AUS,1821,391
AUS,1822,391
AUS,1823,391
AUS,1824,391
AUS,1825,391
AUS,1826,391
AUS,1827,391
AUS,1828,391
AUS,1829,391
AUS,1830,391
AUS,1831,391
AUS,1832,391
AUS,1833,391
AUS,1834,391
AUS,1835,391
AUS,1836,391
AUS,1837,391
AUS,1838,391
AUS,1839,391
AUS,1840,391
AUS,1841,391
AUS,1842,391
AUS,1843,391
AUS,1844,391
AUS,1845,391
AUS,1846,391
AUS,1847,391
AUS,1848,391
AUS,1849,391
AUS,1850,391
AUS,1851,391
AUS,1852,391
AUS,1853,391
AUS,1854,391
AUS,1855,391
AUS,1856,391
AUS,1857,391
AUS,1858,391
AUS,1859,391
AUS,1860,391
AUS,1861,359.7
AUS,1862,330.9
AUS,1863,304.4
AUS,1864,280
AUS,1865,257.6
AUS,1866,236.9
AUS,1867,218
AUS,1868,200.5
AUS,1869,184.4
AUS,1870,169.7
AUS,1871,156.7
AUS,1872,182.8
AUS,1873,175.3
AUS,1874,196
AUS,1875,222.2
AUS,1876,184.7
AUS,1877,199.7
AUS,1878,207.2
AUS,1879,177.2
AUS,1880,180.9
AUS,1881,179.1
AUS,1882,214.7
AUS,1883,188.4
AUS,1884,196
AUS,1885,201.6
AUS,1886,197.8
AUS,1887,179.1
AUS,1888,179.1
AUS,1889,209.1
AUS,1890,162.2
AUS,1891,177.2
AUS,1892,160.4
AUS,1893,179.1
AUS,1894,156.7
AUS,1895,151.1
AUS,1896,175.3
AUS,1897,158.5
AUS,1898,201.6
AUS,1899,179.1
AUS,1900,149.3
AUS,1901,156.7
AUS,1902,162.2
AUS,1903,169.7
AUS,1904,117.2
AUS,1905,117.2
AUS,1906,118.9
AUS,1907,115.4
AUS,1908,110.3
AUS,1909,100.2
AUS,1910,105.3
AUS,1911,93.7
AUS,1912,100.3
AUS,1913,100.4
AUS,1914,98.79
AUS,1915,93.91
AUS,1916,97.25
AUS,1917,75.34
AUS,1918,80.07
AUS,1919,95.76
AUS,1920,95.81
AUS,1921,89.67
AUS,1922,71.5
AUS,1923,80.09
AUS,1924,76.67
AUS,1925,70.37
AUS,1926,70.88
AUS,1927,72.98
AUS,1928,72.31
AUS,1929,68.89
AUS,1930,64.51
AUS,1931,55
AUS,1932,54.32
AUS,1933,54
AUS,1934,58.82
AUS,1935,54.35
AUS,1936,56.63
AUS,1937,51.45
AUS,1938,51.25
AUS,1939,51.3
AUS,1940,51.02
AUS,1941,53.41
AUS,1942,52.42
AUS,1943,51.21
AUS,1944,42.21
AUS,1945,38.68
AUS,1946,39.3
AUS,1947,36.52
AUS,1948,34.65
AUS,1949,32.2
AUS,1950,31.6
AUS,1951,31
AUS,1952,30.3
AUS,1953,29.5
AUS,1954,28.7
AUS,1955,28
AUS,1956,27.3
AUS,1957,26.6
AUS,1958,26
AUS,1959,25.4
AUS,1960,24.8
AUS,1961,24.3
AUS,1962,23.7
AUS,1963,23.2
AUS,1964,22.7
AUS,1965,22.4
AUS,1966,22.1
AUS,1967,22
AUS,1968,21.9
AUS,1969,21.7
AUS,1970,21.4
AUS,1971,20.9
AUS,1972,20.2
AUS,1973,19.4
AUS,1974,18.4
AUS,1975,17.3
AUS,1976,16.2
AUS,1977,15.3
AUS,1978,14.4
AUS,1979,13.6
AUS,1980,13
AUS,1981,12.5
AUS,1982,12.2
AUS,1983,11.9
AUS,1984,11.6
AUS,1985,11.3
AUS,1986,11
AUS,1987,10.6
AUS,1988,10.2
AUS,1989,9.7
AUS,1990,9.2
AUS,1991,8.6
AUS,1992,8.1
AUS,1993,7.7
AUS,1994,7.3
AUS,1995,7
AUS,1996,6.8
AUS,1997,6.6
AUS,1998,6.5
AUS,1999,6.4
AUS,2000,6.2
AUS,2001,6.1
AUS,2002,6
AUS,2003,5.9
AUS,2004,5.9
AUS,2005,5.7
AUS,2006,5.6
AUS,2007,5.4
AUS,2008,5.2
AUS,2009,5
AUS,2010,4.8
AUS,2011,4.5
AUS,2012,4.2
AUS,2013,4
AUS,2014,3.7
AUS,2015,3.5
AUT,1800,387.3
AUT,1801,373
AUT,1802,359.2
AUT,1803,345.9
AUT,1804,333.2
AUT,1805,320.9
AUT,1806,309
AUT,1807,325.3
AUT,1808,315.5
AUT,1809,299.1
AUT,1810,302.4
AUT,1811,307.3
AUT,1812,295.9
AUT,1813,302.4
AUT,1814,326.9
AUT,1815,305.7
AUT,1816,289.3
AUT,1817,292.6
AUT,1818,294.2
AUT,1819,307.3
AUT,1820,299.1
AUT,1821,300.8
AUT,1822,322
AUT,1823,297.5
AUT,1824,312.3
AUT,1825,320.4
AUT,1826,317.1
AUT,1827,294.2
AUT,1828,305.7
AUT,1829,284.4
AUT,1830,385.1
AUT,1831,436.9
AUT,1832,394.8
AUT,1833,422.2
AUT,1834,440.1
AUT,1835,402.9
AUT,1836,383.5
AUT,1837,410.9
AUT,1838,390
AUT,1839,414.1
AUT,1840,396.4
AUT,1841,407.7
AUT,1842,398
AUT,1843,420.6
AUT,1844,373.8
AUT,1845,401.3
AUT,1846,407.7
AUT,1847,403.4
AUT,1848,399.1
AUT,1849,394.8
AUT,1850,407.7
AUT,1851,393.2
AUT,1852,393.2
AUT,1853,368.9
AUT,1854,443.4
AUT,1855,451.5
AUT,1856,391.6
AUT,1857,388.4
AUT,1858,406.1
AUT,1859,412.6
AUT,1860,385.1
AUT,1861,428.7
AUT,1862,406.1
AUT,1863,420.6
AUT,1864,406.1
AUT,1865,438.5
AUT,1866,451.5
AUT,1867,410.9
AUT,1868,402.9
AUT,1869,393.2
AUT,1870,410.9
AUT,1871,414.1
AUT,1872,438.5
AUT,1873,471
AUT,1874,422.2
AUT,1875,394.8
AUT,1876,401.3
AUT,1877,419
AUT,1878,409.3
AUT,1879,390
AUT,1880,406.1
AUT,1881,406.1
AUT,1882,415.7
AUT,1883,410.9
AUT,1884,401.3
AUT,1885,414.1
AUT,1886,406.1
AUT,1887,396.4
AUT,1888,404.5
AUT,1889,383.5
AUT,1890,420.6
AUT,1891,394.8
AUT,1892,420.6
AUT,1893,377
AUT,1894,407.7
AUT,1895,391.6
AUT,1896,373.8
AUT,1897,370.5
AUT,1898,364.1
AUT,1899,356.1
AUT,1900,375.4
AUT,1901,339.9
AUT,1902,351.2
AUT,1903,349.6
AUT,1904,341.5
AUT,1905,375.4
AUT,1906,328.5
AUT,1907,339.9
AUT,1908,323.6
AUT,1909,339.9
AUT,1910,307.3
AUT,1911,336.6
AUT,1912,294.2
AUT,1913,309
AUT,1914,279.4
AUT,1915,354.4
AUT,1916,312.3
AUT,1917,302.4
AUT,1918,313.9
AUT,1919,253.2
AUT,1920,253.2
AUT,1921,253.2
AUT,1922,253.2
AUT,1923,227.8
AUT,1924,201.6
AUT,1925,184.7
AUT,1926,192.2
AUT,1927,196
AUT,1928,186.6
AUT,1929,173.4
AUT,1930,156.7
AUT,1931,154.8
AUT,1932,160.4
AUT,1933,138.4
AUT,1934,134.8
AUT,1935,147.4
AUT,1936,136.6
AUT,1937,134.8
AUT,1938,113.7
AUT,1939,101.8
AUT,1940,103.5
AUT,1941,96.88
AUT,1942,103.5
AUT,1943,112
AUT,1944,127.7
AUT,1945,263.5
AUT,1946,115.4
AUT,1947,104.5
AUT,1948,92.09
AUT,1949,86.87
AUT,1950,75.32
AUT,1951,69.81
AUT,1952,59.54
AUT,1953,56.57
AUT,1954,54.9
AUT,1955,53.3
AUT,1956,51.7
AUT,1957,49.9
AUT,1958,47.8
AUT,1959,45.5
AUT,1960,42.9
AUT,1961,40.2
AUT,1962,37.9
AUT,1963,35.9
AUT,1964,34.2
AUT,1965,32.7
AUT,1966,31.5
AUT,1967,30.5
AUT,1968,29.8
AUT,1969,29.3
AUT,1970,29
AUT,1971,28.7
AUT,1972,28
AUT,1973,26.8
AUT,1974,25.1
AUT,1975,23.1
AUT,1976,21.1
AUT,1977,19.4
AUT,1978,18.1
AUT,1979,17.1
AUT,1980,16.3
AUT,1981,15.5
AUT,1982,14.8
AUT,1983,14.1
AUT,1984,13.3
AUT,1985,12.6
AUT,1986,11.8
AUT,1987,11.1
AUT,1988,10.5
AUT,1989,10
AUT,1990,9.5
AUT,1991,9
AUT,1992,8.5
AUT,1993,8
AUT,1994,7.4
AUT,1995,6.8
AUT,1996,6.4
AUT,1997,6
AUT,1998,5.8
AUT,1999,5.6
AUT,2000,5.5
AUT,2001,5.4
AUT,2002,5.3
AUT,2003,5.2
AUT,2004,5
AUT,2005,4.9
AUT,2006,4.8
AUT,2007,4.6
AUT,2008,4.6
AUT,2009,4.5
AUT,2010,4.4
AUT,2011,4.2
AUT,2012,4
AUT,2013,3.9
AUT,2014,3.7
AUT,2015,3.5
AZE,1800,384
AZE,1801,383.2
AZE,1802,382.4
AZE,1803,381.6
AZE,1804,380.9
AZE,1805,380.1
AZE,1806,379.3
AZE,1807,378.5
AZE,1808,377.8
AZE,1809,377
AZE,1810,376.2
AZE,1811,375.4
AZE,1812,374.7
AZE,1813,373.9
AZE,1814,373.1
AZE,1815,372.4
AZE,1816,371.6
AZE,1817,370.9
AZE,1818,370.1
AZE,1819,369.4
AZE,1820,368.6
AZE,1821,367.8
AZE,1822,367.1
AZE,1823,366.3
AZE,1824,365.6
AZE,1825,364.8
AZE,1826,364.1
AZE,1827,363.4
AZE,1828,362.6
AZE,1829,361.9
AZE,1830,361.1
AZE,1831,360.4
AZE,1832,359.6
AZE,1833,358.9
AZE,1834,358.2
AZE,1835,357.4
AZE,1836,356.7
AZE,1837,356
AZE,1838,355.3
AZE,1839,354.5
AZE,1840,353.8
AZE,1841,353.1
AZE,1842,352.4
AZE,1843,351.6
AZE,1844,350.9
AZE,1845,350.2
AZE,1846,349.5
AZE,1847,348.8
AZE,1848,348.1
AZE,1849,347.4
AZE,1850,346.6
AZE,1851,345.9
AZE,1852,345.2
AZE,1853,344.5
AZE,1854,343.8
AZE,1855,343.1
AZE,1856,342.4
AZE,1857,341.7
AZE,1858,341
AZE,1859,340.3
AZE,1860,339.6
AZE,1861,338.9
AZE,1862,338.2
AZE,1863,337.5
AZE,1864,336.9
AZE,1865,336.2
AZE,1866,335.5
AZE,1867,334.8
AZE,1868,334.1
AZE,1869,333.4
AZE,1870,332.7
AZE,1871,332.1
AZE,1872,331.4
AZE,1873,330.7
AZE,1874,330
AZE,1875,329.4
AZE,1876,328.7
AZE,1877,328
AZE,1878,327.3
AZE,1879,326.7
AZE,1880,326
AZE,1881,325.3
AZE,1882,324.7
AZE,1883,324
AZE,1884,323.3
AZE,1885,322.7
AZE,1886,322
AZE,1887,321.4
AZE,1888,320.7
AZE,1889,320.1
AZE,1890,319.4
AZE,1891,318.7
AZE,1892,318.1
AZE,1893,317.4
AZE,1894,316.8
AZE,1895,316.1
AZE,1896,315.5
AZE,1897,314.9
AZE,1898,314.2
AZE,1899,313.6
AZE,1900,312.9
AZE,1901,309.9
AZE,1902,306.9
AZE,1903,303.9
AZE,1904,300.9
AZE,1905,298
AZE,1906,295.1
AZE,1907,292.2
AZE,1908,289.4
AZE,1909,286.6
AZE,1910,283.8
AZE,1911,281.1
AZE,1912,278.3
AZE,1913,275.6
AZE,1914,272.9
AZE,1915,270.3
AZE,1916,267.7
AZE,1917,265.1
AZE,1918,262.5
AZE,1919,259.9
AZE,1920,257.4
AZE,1921,254.9
AZE,1922,252.4
AZE,1923,250
AZE,1924,247.6
AZE,1925,245.2
AZE,1926,242.8
AZE,1927,240.4
AZE,1928,238.1
AZE,1929,235.8
AZE,1930,233.5
AZE,1931,227.8
AZE,1932,222.3
AZE,1933,216.9
AZE,1934,211.7
AZE,1935,206.5
AZE,1936,201.5
AZE,1937,196.7
AZE,1938,191.9
AZE,1939,187.2
AZE,1940,182.7
AZE,1941,178.3
AZE,1942,173.9
AZE,1943,169.8
AZE,1944,165.7
AZE,1945,161.7
AZE,1946,157.8
AZE,1947,154
AZE,1948,150.3
AZE,1949,146.7
AZE,1950,143.1
AZE,1951,141.3
AZE,1952,137.4
AZE,1953,134.1
AZE,1954,130.7
AZE,1955,127.1
AZE,1956,123.5
AZE,1957,119.7
AZE,1958,115.9
AZE,1959,112.1
AZE,1960,108.4
AZE,1961,104.7
AZE,1962,100.6
AZE,1963,97.06
AZE,1964,93.61
AZE,1965,90.2
AZE,1966,86.86
AZE,1967,83.54
AZE,1968,80.41
AZE,1969,77.44
AZE,1970,75.11
AZE,1971,72.93
AZE,1972,71.36
AZE,1973,74.39
AZE,1974,77.55
AZE,1975,80.85
AZE,1976,84.29
AZE,1977,87.87
AZE,1978,91.6
AZE,1979,95.5
AZE,1980,120.9
AZE,1981,120.5
AZE,1982,108.2
AZE,1983,105.7
AZE,1984,103.3
AZE,1985,101.1
AZE,1986,99
AZE,1987,97.2
AZE,1988,95.8
AZE,1989,94.9
AZE,1990,94.7
AZE,1991,95
AZE,1992,95.4
AZE,1993,95.7
AZE,1994,95.5
AZE,1995,94.3
AZE,1996,92.1
AZE,1997,88.6
AZE,1998,84.2
AZE,1999,79.3
AZE,2000,74
AZE,2001,68.8
AZE,2002,63.8
AZE,2003,59.3
AZE,2004,55.2
AZE,2005,51.7
AZE,2006,48.6
AZE,2007,45.8
AZE,2008,43.3
AZE,2009,41
AZE,2010,39
AZE,2011,37.3
AZE,2012,35.7
AZE,2013,34.2
AZE,2014,32.9
AZE,2015,31.7
BHS,1800,471
BHS,1801,467
BHS,1802,462.9
BHS,1803,458.9
BHS,1804,455
BHS,1805,451.1
BHS,1806,447.1
BHS,1807,443.3
BHS,1808,439.5
BHS,1809,435.7
BHS,1810,431.9
BHS,1811,428.2
BHS,1812,424.5
BHS,1813,420.8
BHS,1814,417.2
BHS,1815,413.6
BHS,1816,410
BHS,1817,406.5
BHS,1818,403
BHS,1819,399.5
BHS,1820,396
BHS,1821,392.6
BHS,1822,389.2
BHS,1823,385.9
BHS,1824,382.5
BHS,1825,379.2
BHS,1826,375.9
BHS,1827,372.7
BHS,1828,369.5
BHS,1829,366.3
BHS,1830,363.1
BHS,1831,360
BHS,1832,356.9
BHS,1833,353.8
BHS,1834,350.7
BHS,1835,347.7
BHS,1836,344.7
BHS,1837,341.7
BHS,1838,338.8
BHS,1839,335.9
BHS,1840,333
BHS,1841,330.1
BHS,1842,327.2
BHS,1843,324.4
BHS,1844,321.6
BHS,1845,318.8
BHS,1846,316.1
BHS,1847,313.4
BHS,1848,310.6
BHS,1849,308
BHS,1850,305.3
BHS,1851,302.7
BHS,1852,300.1
BHS,1853,297.5
BHS,1854,294.9
BHS,1855,292.3
BHS,1856,289.8
BHS,1857,287.3
BHS,1858,284.8
BHS,1859,282.4
BHS,1860,279.9
BHS,1861,277.5
BHS,1862,275.1
BHS,1863,272.8
BHS,1864,270.4
BHS,1865,268.1
BHS,1866,265.7
BHS,1867,263.4
BHS,1868,261.2
BHS,1869,258.9
BHS,1870,256.7
BHS,1871,254.5
BHS,1872,252.3
BHS,1873,250.1
BHS,1874,247.9
BHS,1875,245.8
BHS,1876,243.7
BHS,1877,241.6
BHS,1878,239.5
BHS,1879,237.4
BHS,1880,235.4
BHS,1881,233.3
BHS,1882,231.3
BHS,1883,229.3
BHS,1884,227.3
BHS,1885,225.4
BHS,1886,223.4
BHS,1887,221.5
BHS,1888,219.6
BHS,1889,217.7
BHS,1890,215.8
BHS,1891,213.9
BHS,1892,212.1
BHS,1893,210.3
BHS,1894,208.4
BHS,1895,206.6
BHS,1896,204.9
BHS,1897,203.1
BHS,1898,201.3
BHS,1899,199.6
BHS,1900,197.9
BHS,1901,196.2
BHS,1902,194.5
BHS,1903,192.8
BHS,1904,191.1
BHS,1905,189.5
BHS,1906,187.8
BHS,1907,186.2
BHS,1908,184.6
BHS,1909,183
BHS,1910,181.4
BHS,1911,179.9
BHS,1912,178.3
BHS,1913,176.8
BHS,1914,175.2
BHS,1915,173.7
BHS,1916,172.2
BHS,1917,170.8
BHS,1918,169.3
BHS,1919,167.8
BHS,1920,166.4
BHS,1921,164.9
BHS,1922,163.5
BHS,1923,162.1
BHS,1924,160.7
BHS,1925,159.3
BHS,1926,157.9
BHS,1927,156.6
BHS,1928,155.2
BHS,1929,153.9
BHS,1930,152.5
BHS,1931,151.2
BHS,1932,149.9
BHS,1933,148.6
BHS,1934,147.3
BHS,1935,146.1
BHS,1936,144.8
BHS,1937,143.6
BHS,1938,142.3
BHS,1939,141.1
BHS,1940,139.9
BHS,1941,138.7
BHS,1942,137.5
BHS,1943,136.3
BHS,1944,135.1
BHS,1945,133.9
BHS,1946,132.8
BHS,1947,131.6
BHS,1948,130.5
BHS,1949,129.4
BHS,1950,128.2
BHS,1951,126.6
BHS,1952,123.5
BHS,1953,120.3
BHS,1954,117.1
BHS,1955,113.7
BHS,1956,110.2
BHS,1957,106.7
BHS,1958,103.1
BHS,1959,90.93
BHS,1960,80.21
BHS,1961,70.75
BHS,1962,62.41
BHS,1963,55.05
BHS,1964,48.56
BHS,1965,42.84
BHS,1966,37.79
BHS,1967,33.33
BHS,1968,29.4
BHS,1969,30
BHS,1970,30.6
BHS,1971,31.2
BHS,1972,31.7
BHS,1973,32.1
BHS,1974,32.2
BHS,1975,32.2
BHS,1976,31.9
BHS,1977,31.5
BHS,1978,31
BHS,1979,30.5
BHS,1980,29.9
BHS,1981,29.4
BHS,1982,28.9
BHS,1983,28.6
BHS,1984,28.2
BHS,1985,27.9
BHS,1986,27.3
BHS,1987,26.5
BHS,1988,25.6
BHS,1989,24.6
BHS,1990,23.5
BHS,1991,22.5
BHS,1992,21.6
BHS,1993,20.6
BHS,1994,19.6
BHS,1995,18.7
BHS,1996,17.8
BHS,1997,17
BHS,1998,16.4
BHS,1999,15.9
BHS,2000,15.7
BHS,2001,15.5
BHS,2002,15.5
BHS,2003,15.4
BHS,2004,15.4
BHS,2005,15.3
BHS,2006,15.1
BHS,2007,14.8
BHS,2008,14.5
BHS,2009,14.2
BHS,2010,13.9
BHS,2011,13.5
BHS,2012,13.2
BHS,2013,12.8
BHS,2014,12.4
BHS,2015,12.1
BHR,1800,439.8
BHR,1801,439.8
BHR,1802,439.8
BHR,1803,439.8
BHR,1804,439.8
BHR,1805,439.8
BHR,1806,439.8
BHR,1807,439.8
BHR,1808,439.8
BHR,1809,439.8
BHR,1810,439.8
BHR,1811,439.8
BHR,1812,439.8
BHR,1813,439.8
BHR,1814,439.8
BHR,1815,439.8
BHR,1816,439.8
BHR,1817,439.8
BHR,1818,439.8
BHR,1819,439.8
BHR,1820,439.8
BHR,1821,439.8
BHR,1822,439.8
BHR,1823,439.8
BHR,1824,439.8
BHR,1825,439.8
BHR,1826,439.8
BHR,1827,439.8
BHR,1828,439.8
BHR,1829,439.8
BHR,1830,439.8
BHR,1831,439.8
BHR,1832,439.8
BHR,1833,439.8
BHR,1834,439.8
BHR,1835,439.8
BHR,1836,439.8
BHR,1837,439.8
BHR,1838,439.8
BHR,1839,439.8
BHR,1840,439.8
BHR,1841,439.8
BHR,1842,439.8
BHR,1843,439.8
BHR,1844,439.8
BHR,1845,439.8
BHR,1846,439.8
BHR,1847,439.8
BHR,1848,439.8
BHR,1849,439.8
BHR,1850,439.8
BHR,1851,439.8
BHR,1852,439.8
BHR,1853,439.8
BHR,1854,439.8
BHR,1855,439.8
BHR,1856,439.8
BHR,1857,439.8
BHR,1858,439.8
BHR,1859,439.8
BHR,1860,439.8
BHR,1861,439.8
BHR,1862,439.8
BHR,1863,439.8
BHR,1864,439.8
BHR,1865,439.8
BHR,1866,439.8
BHR,1867,439.8
BHR,1868,439.8
BHR,1869,439.8
BHR,1870,439.8
BHR,1871,439.8
BHR,1872,439.8
BHR,1873,439.8
BHR,1874,439.8
BHR,1875,439.8
BHR,1876,439.8
BHR,1877,439.8
BHR,1878,439.8
BHR,1879,439.8
BHR,1880,439.8
BHR,1881,439.8
BHR,1882,439.8
BHR,1883,439.8
BHR,1884,439.8
BHR,1885,439.8
BHR,1886,439.8
BHR,1887,439.8
BHR,1888,439.8
BHR,1889,439.8
BHR,1890,439.8
BHR,1891,439.8
BHR,1892,439.8
BHR,1893,439.8
BHR,1894,439.8
BHR,1895,439.8
BHR,1896,439.7
BHR,1897,439.6
BHR,1898,439.4
BHR,1899,439.1
BHR,1900,438.8
BHR,1901,438.5
BHR,1902,438
BHR,1903,437.5
BHR,1904,436.9
BHR,1905,436.3
BHR,1906,435.5
BHR,1907,434.8
BHR,1908,433.9
BHR,1909,433
BHR,1910,432
BHR,1911,431
BHR,1912,430
BHR,1913,429
BHR,1914,427.9
BHR,1915,426.9
BHR,1916,425.8
BHR,1917,424.8
BHR,1918,423.7
BHR,1919,422.7
BHR,1920,421.6
BHR,1921,420.6
BHR,1922,419.5
BHR,1923,418.4
BHR,1924,417.4
BHR,1925,416.3
BHR,1926,415.3
BHR,1927,414.2
BHR,1928,413.2
BHR,1929,412.1
BHR,1930,411.1
BHR,1931,410
BHR,1932,408.9
BHR,1933,407.9
BHR,1934,406.8
BHR,1935,405.8
BHR,1936,396.1
BHR,1937,386.7
BHR,1938,376.3
BHR,1939,367.2
BHR,1940,358.3
BHR,1941,349.6
BHR,1942,339.9
BHR,1943,331.4
BHR,1944,323.2
BHR,1945,315
BHR,1946,306
BHR,1947,306
BHR,1948,306
BHR,1949,306
BHR,1950,305.9
BHR,1951,305.9
BHR,1952,305.9
BHR,1953,305.9
BHR,1954,305.9
BHR,1955,305.9
BHR,1956,281.4
BHR,1957,258.6
BHR,1958,237.8
BHR,1959,218.3
BHR,1960,200
BHR,1961,183.1
BHR,1962,167.2
BHR,1963,152.6
BHR,1964,138.9
BHR,1965,126.3
BHR,1966,114.7
BHR,1967,104
BHR,1968,94.1
BHR,1969,85
BHR,1970,76.8
BHR,1971,69.3
BHR,1972,62.7
BHR,1973,56.9
BHR,1974,51.8
BHR,1975,47.4
BHR,1976,43.6
BHR,1977,40.2
BHR,1978,37.2
BHR,1979,34.6
BHR,1980,32.3
BHR,1981,30.3
BHR,1982,28.6
BHR,1983,27.2
BHR,1984,25.9
BHR,1985,24.9
BHR,1986,24.2
BHR,1987,23.6
BHR,1988,23.3
BHR,1989,23.2
BHR,1990,23
BHR,1991,22.7
BHR,1992,22
BHR,1993,21
BHR,1994,19.6
BHR,1995,18.1
BHR,1996,16.6
BHR,1997,15.2
BHR,1998,14.1
BHR,1999,13.2
BHR,2000,12.6
BHR,2001,12.1
BHR,2002,11.8
BHR,2003,11.5
BHR,2004,11.2
BHR,2005,10.9
BHR,2006,10.5
BHR,2007,10
BHR,2008,9.4
BHR,2009,8.8
BHR,2010,8.3
BHR,2011,7.8
BHR,2012,7.3
BHR,2013,6.9
BHR,2014,6.5
BHR,2015,6.2
BGD,1800,507.9
BGD,1801,507.9
BGD,1802,507.9
BGD,1803,507.9
BGD,1804,507.9
BGD,1805,507.9
BGD,1806,507.9
BGD,1807,507.9
BGD,1808,507.9
BGD,1809,507.9
BGD,1810,507.9
BGD,1811,507.9
BGD,1812,507.9
BGD,1813,507.9
BGD,1814,507.9
BGD,1815,507.9
BGD,1816,507.9
BGD,1817,507.9
BGD,1818,507.9
BGD,1819,507.9
BGD,1820,507.9
BGD,1821,507.9
BGD,1822,507.9
BGD,1823,507.9
BGD,1824,507.9
BGD,1825,507.9
BGD,1826,507.9
BGD,1827,507.9
BGD,1828,507.9
BGD,1829,507.9
BGD,1830,507.9
BGD,1831,507.9
BGD,1832,507.9
BGD,1833,507.9
BGD,1834,507.9
BGD,1835,507.9
BGD,1836,507.9
BGD,1837,507.9
BGD,1838,507.9
BGD,1839,507.9
BGD,1840,507.9
BGD,1841,507.9
BGD,1842,507.9
BGD,1843,507.9
BGD,1844,507.9
BGD,1845,507.9
BGD,1846,507.9
BGD,1847,507.9
BGD,1848,507.9
BGD,1849,507.9
BGD,1850,507.9
BGD,1851,507.9
BGD,1852,507.9
BGD,1853,507.9
BGD,1854,507.9
BGD,1855,507.9
BGD,1856,507.9
BGD,1857,507.9
BGD,1858,507.9
BGD,1859,507.9
BGD,1860,507.9
BGD,1861,507.9
BGD,1862,507.9
BGD,1863,507.9
BGD,1864,507.9
BGD,1865,507.9
BGD,1866,507.9
BGD,1867,507.9
BGD,1868,507.9
BGD,1869,507.9
BGD,1870,507.9
BGD,1871,507.9
BGD,1872,507.9
BGD,1873,507.9
BGD,1874,507.9
BGD,1875,507.9
BGD,1876,507.9
BGD,1877,510.9
BGD,1878,515.4
BGD,1879,518.5
BGD,1880,521.6
BGD,1881,524.7
BGD,1882,529.3
BGD,1883,532.5
BGD,1884,535.7
BGD,1885,540.4
BGD,1886,543.6
BGD,1887,545.2
BGD,1888,546.8
BGD,1889,550.1
BGD,1890,551.7
BGD,1891,553.4
BGD,1892,555
BGD,1893,556.6
BGD,1894,559.9
BGD,1895,561.5
BGD,1896,563
BGD,1897,562.9
BGD,1898,564.4
BGD,1899,564.1
BGD,1900,565.4
BGD,1901,564.9
BGD,1902,566
BGD,1903,565.3
BGD,1904,566.2
BGD,1905,565.4
BGD,1906,566.1
BGD,1907,561.8
BGD,1908,559
BGD,1909,554.5
BGD,1910,550
BGD,1911,545.6
BGD,1912,542.7
BGD,1913,538.2
BGD,1914,533.8
BGD,1915,530.9
BGD,1916,526.6
BGD,1917,522.3
BGD,1918,519.5
BGD,1919,515.2
BGD,1920,510.9
BGD,1921,506.7
BGD,1922,504
BGD,1923,499.9
BGD,1924,495.7
BGD,1925,493.1
BGD,1926,489
BGD,1927,477.8
BGD,1928,465.4
BGD,1929,454.7
BGD,1930,442.9
BGD,1931,432.6
BGD,1932,421.3
BGD,1933,411.4
BGD,1934,400.5
BGD,1935,391
BGD,1936,380.6
BGD,1937,371.4
BGD,1938,361.3
BGD,1939,352.6
BGD,1940,342.8
BGD,1941,334.4
BGD,1942,336.4
BGD,1943,338.5
BGD,1944,340.6
BGD,1945,342.6
BGD,1946,344.8
BGD,1947,346.9
BGD,1948,349
BGD,1949,351.1
BGD,1950,353.3
BGD,1951,342.9
BGD,1952,332.7
BGD,1953,322.9
BGD,1954,313.1
BGD,1955,304.1
BGD,1956,295.4
BGD,1957,287.1
BGD,1958,279.1
BGD,1959,271.5
BGD,1960,264.3
BGD,1961,257.5
BGD,1962,251.3
BGD,1963,245.6
BGD,1964,240.4
BGD,1965,236
BGD,1966,232.3
BGD,1967,229.4
BGD,1968,227.1
BGD,1969,225.4
BGD,1970,224.1
BGD,1971,223
BGD,1972,222
BGD,1973,220.7
BGD,1974,219.1
BGD,1975,217.1
BGD,1976,214.5
BGD,1977,211.2
BGD,1978,207.4
BGD,1979,203.3
BGD,1980,198.9
BGD,1981,194.2
BGD,1982,189.4
BGD,1983,184.4
BGD,1984,179.1
BGD,1985,173.5
BGD,1986,167.7
BGD,1987,161.8
BGD,1988,155.8
BGD,1989,149.7
BGD,1990,143.7
BGD,1991,137.7
BGD,1992,131.7
BGD,1993,125.8
BGD,1994,119.9
BGD,1995,114.2
BGD,1996,108.6
BGD,1997,103.2
BGD,1998,97.9
BGD,1999,92.8
BGD,2000,88
BGD,2001,83.5
BGD,2002,79
BGD,2003,74.8
BGD,2004,70.7
BGD,2005,66.8
BGD,2006,63
BGD,2007,59.4
BGD,2008,55.9
BGD,2009,52.6
BGD,2010,49.6
BGD,2011,46.7
BGD,2012,44
BGD,2013,41.6
BGD,2014,39.5
BGD,2015,37.6
BRB,1800,469.8
BRB,1801,471.4
BRB,1802,473.1
BRB,1803,474.7
BRB,1804,476.4
BRB,1805,478.1
BRB,1806,479.8
BRB,1807,481.5
BRB,1808,483.2
BRB,1809,484.9
BRB,1810,486.6
BRB,1811,488.3
BRB,1812,490
BRB,1813,491.7
BRB,1814,493.5
BRB,1815,495.2
BRB,1816,497
BRB,1817,498.7
BRB,1818,500.5
BRB,1819,502.2
BRB,1820,504
BRB,1821,505.8
BRB,1822,507.6
BRB,1823,509.4
BRB,1824,511.1
BRB,1825,513
BRB,1826,514.8
BRB,1827,516.6
BRB,1828,518.4
BRB,1829,520.2
BRB,1830,522
BRB,1831,523.9
BRB,1832,525.7
BRB,1833,527.6
BRB,1834,529.5
BRB,1835,531.3
BRB,1836,533.2
BRB,1837,535.1
BRB,1838,537
BRB,1839,538.9
BRB,1840,540.8
BRB,1841,542.6
BRB,1842,544.6
BRB,1843,546.5
BRB,1844,548.4
BRB,1845,550.3
BRB,1846,552.3
BRB,1847,554.2
BRB,1848,556.2
BRB,1849,558.1
BRB,1850,560.1
BRB,1851,562.1
BRB,1852,564.1
BRB,1853,566
BRB,1854,568
BRB,1855,570
BRB,1856,572.1
BRB,1857,574.1
BRB,1858,576.1
BRB,1859,578.1
BRB,1860,580.2
BRB,1861,582.2
BRB,1862,584.3
BRB,1863,586.3
BRB,1864,588.4
BRB,1865,590.5
BRB,1866,592.5
BRB,1867,594.6
BRB,1868,596.7
BRB,1869,598.8
BRB,1870,600.9
BRB,1871,603.1
BRB,1872,605.2
BRB,1873,607.3
BRB,1874,609.5
BRB,1875,611.6
BRB,1876,613.8
BRB,1877,615.9
BRB,1878,618.1
BRB,1879,620.3
BRB,1880,622.5
BRB,1881,624.6
BRB,1882,626.9
BRB,1883,629.1
BRB,1884,631.3
BRB,1885,633.5
BRB,1886,635.7
BRB,1887,638
BRB,1888,640.2
BRB,1889,642.5
BRB,1890,644.8
BRB,1891,647
BRB,1892,649.3
BRB,1893,651.6
BRB,1894,653.9
BRB,1895,656.2
BRB,1896,658.5
BRB,1897,660.8
BRB,1898,663.1
BRB,1899,665.5
BRB,1900,667.8
BRB,1901,670.2
BRB,1902,672.5
BRB,1903,674.9
BRB,1904,677.3
BRB,1905,679.7
BRB,1906,682.1
BRB,1907,490.4
BRB,1908,518
BRB,1909,409.3
BRB,1910,435.2
BRB,1911,427.1
BRB,1912,675.6
BRB,1913,394.8
BRB,1914,654.5
BRB,1915,313.9
BRB,1916,393.3
BRB,1917,469.6
BRB,1918,333.6
BRB,1919,572.1
BRB,1920,438.9
BRB,1921,652
BRB,1922,304.5
BRB,1923,598.6
BRB,1924,484.8
BRB,1925,507.7
BRB,1926,511
BRB,1927,327.6
BRB,1928,538.9
BRB,1929,389.4
BRB,1930,376.5
BRB,1931,485.4
BRB,1932,323
BRB,1933,383.2
BRB,1934,417.2
BRB,1935,359
BRB,1936,323.3
BRB,1937,354.3
BRB,1938,360.8
BRB,1939,316.9
BRB,1940,294
BRB,1941,365.9
BRB,1942,285.8
BRB,1943,268.2
BRB,1944,279.2
BRB,1945,242
BRB,1946,261.7
BRB,1947,271.6
BRB,1948,251.2
BRB,1949,204.8
BRB,1950,197.2
BRB,1951,218
BRB,1952,234.9
BRB,1953,223.8
BRB,1954,168.8
BRB,1955,145.5
BRB,1956,126.4
BRB,1957,111.2
BRB,1958,99.5
BRB,1959,90.6
BRB,1960,83.6
BRB,1961,78
BRB,1962,73.2
BRB,1963,68.7
BRB,1964,64.7
BRB,1965,61.3
BRB,1966,58.2
BRB,1967,55.5
BRB,1968,53
BRB,1969,50.5
BRB,1970,48.1
BRB,1971,45.8
BRB,1972,43.4
BRB,1973,41.1
BRB,1974,38.9
BRB,1975,36.7
BRB,1976,34.6
BRB,1977,32.6
BRB,1978,30.6
BRB,1979,28.9
BRB,1980,27.2
BRB,1981,25.8
BRB,1982,24.6
BRB,1983,23.6
BRB,1984,22.8
BRB,1985,22
BRB,1986,21.2
BRB,1987,20.4
BRB,1988,19.5
BRB,1989,18.7
BRB,1990,17.9
BRB,1991,17.2
BRB,1992,16.6
BRB,1993,16.1
BRB,1994,15.7
BRB,1995,15.5
BRB,1996,15.4
BRB,1997,15.5
BRB,1998,15.7
BRB,1999,16
BRB,2000,16.3
BRB,2001,16.6
BRB,2002,16.8
BRB,2003,16.8
BRB,2004,16.7
BRB,2005,16.5
BRB,2006,16.2
BRB,2007,15.8
BRB,2008,15.4
BRB,2009,15.1
BRB,2010,14.7
BRB,2011,14.4
BRB,2012,14.1
BRB,2013,13.7
BRB,2014,13.3
BRB,2015,13
BLR,1800,365.7
BLR,1801,365.7
BLR,1802,365.7
BLR,1803,365.7
BLR,1804,365.7
BLR,1805,365.7
BLR,1806,365.7
BLR,1807,365.7
BLR,1808,365.7
BLR,1809,365.7
BLR,1810,365.7
BLR,1811,365.7
BLR,1812,365.7
BLR,1813,365.7
BLR,1814,365.7
BLR,1815,365.7
BLR,1816,365.7
BLR,1817,365.7
BLR,1818,365.7
BLR,1819,365.7
BLR,1820,365.7
BLR,1821,365.7
BLR,1822,365.7
BLR,1823,365.7
BLR,1824,365.7
BLR,1825,365.7
BLR,1826,365.7
BLR,1827,365.7
BLR,1828,365.7
BLR,1829,365.7
BLR,1830,365.7
BLR,1831,365.7
BLR,1832,365.7
BLR,1833,365.7
BLR,1834,365.7
BLR,1835,365.7
BLR,1836,365.7
BLR,1837,365.7
BLR,1838,365.7
BLR,1839,365.7
BLR,1840,365.7
BLR,1841,365.7
BLR,1842,365.7
BLR,1843,365.7
BLR,1844,365.7
BLR,1845,365.7
BLR,1846,365.7
BLR,1847,365.7
BLR,1848,365.7
BLR,1849,365.7
BLR,1850,365.7
BLR,1851,365.7
BLR,1852,365.7
BLR,1853,365.7
BLR,1854,365.7
BLR,1855,365.7
BLR,1856,365.7
BLR,1857,365.7
BLR,1858,365.7
BLR,1859,365.7
BLR,1860,365.7
BLR,1861,365.7
BLR,1862,365.7
BLR,1863,365.7
BLR,1864,365.7
BLR,1865,365.7
BLR,1866,365.7
BLR,1867,365.7
BLR,1868,365.7
BLR,1869,365.7
BLR,1870,365.7
BLR,1871,365.7
BLR,1872,365.7
BLR,1873,365.7
BLR,1874,365.7
BLR,1875,365.7
BLR,1876,365.7
BLR,1877,365.7
BLR,1878,365.7
BLR,1879,365.7
BLR,1880,365.7
BLR,1881,365.7
BLR,1882,365.7
BLR,1883,365.7
BLR,1884,365.7
BLR,1885,365.7
BLR,1886,365.7
BLR,1887,365.7
BLR,1888,365.7
BLR,1889,365.7
BLR,1890,365.7
BLR,1891,365.7
BLR,1892,365.7
BLR,1893,365.7
BLR,1894,365.7
BLR,1895,365.6
BLR,1896,365.6
BLR,1897,365.5
BLR,1898,365.3
BLR,1899,365.1
BLR,1900,364.9
BLR,1901,357.5
BLR,1902,350.2
BLR,1903,344.1
BLR,1904,336.9
BLR,1905,329.7
BLR,1906,322.6
BLR,1907,316.6
BLR,1908,309.5
BLR,1909,302.5
BLR,1910,295.5
BLR,1911,289.7
BLR,1912,282.9
BLR,1913,276.2
BLR,1914,269.6
BLR,1915,264
BLR,1916,257.6
BLR,1917,251.2
BLR,1918,244.9
BLR,1919,238.7
BLR,1920,233.6
BLR,1921,227.5
BLR,1922,221.6
BLR,1923,215.7
BLR,1924,210.8
BLR,1925,205.1
BLR,1926,199.5
BLR,1927,194
BLR,1928,189.3
BLR,1929,183.9
BLR,1930,178.6
BLR,1931,173.3
BLR,1932,168.9
BLR,1933,163.8
BLR,1934,158.8
BLR,1935,153.9
BLR,1936,149
BLR,1937,144.9
BLR,1938,140.2
BLR,1939,135.5
BLR,1940,130.9
BLR,1941,127.1
BLR,1942,122.7
BLR,1943,118.3
BLR,1944,114
BLR,1945,110.4
BLR,1946,106.2
BLR,1947,102.2
BLR,1948,98.13
BLR,1949,94.81
BLR,1950,91.06
BLR,1951,87.46
BLR,1952,84
BLR,1953,80.67
BLR,1954,77.48
BLR,1955,74.42
BLR,1956,71.47
BLR,1957,68.64
BLR,1958,65.93
BLR,1959,63.32
BLR,1960,46.42
BLR,1961,39.53
BLR,1962,40.24
BLR,1963,40.64
BLR,1964,33.42
BLR,1965,29.77
BLR,1966,28.91
BLR,1967,27.28
BLR,1968,26.82
BLR,1969,25.85
BLR,1970,27.88
BLR,1971,23.51
BLR,1972,23.15
BLR,1973,23.06
BLR,1974,22.72
BLR,1975,25.41
BLR,1976,24.64
BLR,1977,23.79
BLR,1978,24.38
BLR,1979,22.73
BLR,1980,23.3
BLR,1981,22.2
BLR,1982,21.3
BLR,1983,20.6
BLR,1984,20
BLR,1985,19.4
BLR,1986,18.8
BLR,1987,18.1
BLR,1988,17.4
BLR,1989,16.9
BLR,1990,16.6
BLR,1991,16.6
BLR,1992,16.8
BLR,1993,17.1
BLR,1994,17.5
BLR,1995,17.9
BLR,1996,18
BLR,1997,17.8
BLR,1998,17
BLR,1999,15.8
BLR,2000,14.4
BLR,2001,13
BLR,2002,11.8
BLR,2003,10.9
BLR,2004,10.1
BLR,2005,9.4
BLR,2006,8.7
BLR,2007,7.9
BLR,2008,7.2
BLR,2009,6.6
BLR,2010,6.1
BLR,2011,5.6
BLR,2012,5.2
BLR,2013,4.9
BLR,2014,4.6
BLR,2015,4.4
BEL,1800,322.4
BEL,1801,322.4
BEL,1802,322.4
BEL,1803,322.4
BEL,1804,322.4
BEL,1805,322.4
BEL,1806,322.4
BEL,1807,321.3
BEL,1808,321.3
BEL,1809,321.3
BEL,1810,321.3
BEL,1811,321.3
BEL,1812,321.3
BEL,1813,321.3
BEL,1814,321.3
BEL,1815,321.3
BEL,1816,321.3
BEL,1817,321.3
BEL,1818,321.3
BEL,1819,320.2
BEL,1820,320.2
BEL,1821,320.2
BEL,1822,320.2
BEL,1823,320.2
BEL,1824,320.2
BEL,1825,319.4
BEL,1826,318.6
BEL,1827,317.8
BEL,1828,317
BEL,1829,316.2
BEL,1830,315.4
BEL,1831,314.6
BEL,1832,313.8
BEL,1833,313.1
BEL,1834,312.3
BEL,1835,271.6
BEL,1836,281.1
BEL,1837,300.8
BEL,1838,309
BEL,1839,300.8
BEL,1840,295.9
BEL,1841,275.4
BEL,1842,293.2
BEL,1843,274.9
BEL,1844,250.2
BEL,1845,261.5
BEL,1846,293.9
BEL,1847,304.5
BEL,1848,270.1
BEL,1849,291.6
BEL,1850,243.7
BEL,1851,258.5
BEL,1852,258.3
BEL,1853,254.1
BEL,1854,280.3
BEL,1855,308
BEL,1856,279
BEL,1857,283.3
BEL,1858,279.4
BEL,1859,292.3
BEL,1860,224
BEL,1861,273.4
BEL,1862,258.9
BEL,1863,280.1
BEL,1864,289.2
BEL,1865,317.5
BEL,1866,319.8
BEL,1867,258.3
BEL,1868,270.4
BEL,1869,264.5
BEL,1870,275
BEL,1871,340.5
BEL,1872,294.3
BEL,1873,252.1
BEL,1874,243.6
BEL,1875,272.8
BEL,1876,250.5
BEL,1877,240.4
BEL,1878,239.6
BEL,1879,246.3
BEL,1880,274.7
BEL,1881,241.8
BEL,1882,233.6
BEL,1883,235.4
BEL,1884,249
BEL,1885,230.3
BEL,1886,265.9
BEL,1887,231.6
BEL,1888,248.3
BEL,1889,251
BEL,1890,256.2
BEL,1891,255.4
BEL,1892,261.8
BEL,1893,255.4
BEL,1894,225.9
BEL,1895,246.8
BEL,1896,217
BEL,1897,210.8
BEL,1898,224
BEL,1899,240.2
BEL,1900,234.5
BEL,1901,204.1
BEL,1902,207.9
BEL,1903,212.8
BEL,1904,212.4
BEL,1905,202
BEL,1906,210.4
BEL,1907,188.6
BEL,1908,207
BEL,1909,195.9
BEL,1910,193.8
BEL,1911,218.2
BEL,1912,176.6
BEL,1913,179.4
BEL,1914,205.3
BEL,1915,196
BEL,1916,179.1
BEL,1917,224.1
BEL,1918,212.8
BEL,1919,183.2
BEL,1920,160.2
BEL,1921,157.5
BEL,1922,146.3
BEL,1923,130.1
BEL,1924,120.2
BEL,1925,129.5
BEL,1926,132
BEL,1927,125.8
BEL,1928,120.8
BEL,1929,140.3
BEL,1930,129.3
BEL,1931,109.9
BEL,1932,115.2
BEL,1933,112
BEL,1934,100.4
BEL,1935,102.5
BEL,1936,105.2
BEL,1937,102.9
BEL,1938,102.2
BEL,1939,100.1
BEL,1940,106.7
BEL,1941,103.6
BEL,1942,103.5
BEL,1943,97.67
BEL,1944,101.9
BEL,1945,118.2
BEL,1946,94.02
BEL,1947,77.85
BEL,1948,67.76
BEL,1949,63.74
BEL,1950,59.32
BEL,1951,55.94
BEL,1952,51.25
BEL,1953,51.2
BEL,1954,48.3
BEL,1955,45.5
BEL,1956,42.8
BEL,1957,40.1
BEL,1958,37.7
BEL,1959,35.6
BEL,1960,33.9
BEL,1961,32.4
BEL,1962,31.1
BEL,1963,30
BEL,1964,28.9
BEL,1965,27.9
BEL,1966,27
BEL,1967,26.2
BEL,1968,25.5
BEL,1969,24.8
BEL,1970,24
BEL,1971,23
BEL,1972,21.9
BEL,1973,20.8
BEL,1974,19.6
BEL,1975,18.6
BEL,1976,17.6
BEL,1977,16.7
BEL,1978,15.9
BEL,1979,15.2
BEL,1980,14.5
BEL,1981,13.9
BEL,1982,13.3
BEL,1983,12.7
BEL,1984,12.2
BEL,1985,11.8
BEL,1986,11.4
BEL,1987,11
BEL,1988,10.7
BEL,1989,10.3
BEL,1990,10
BEL,1991,9.6
BEL,1992,9.2
BEL,1993,8.7
BEL,1994,8.2
BEL,1995,7.6
BEL,1996,7.1
BEL,1997,6.7
BEL,1998,6.3
BEL,1999,6
BEL,2000,5.8
BEL,2001,5.6
BEL,2002,5.4
BEL,2003,5.2
BEL,2004,5.1
BEL,2005,5
BEL,2006,4.9
BEL,2007,4.8
BEL,2008,4.7
BEL,2009,4.6
BEL,2010,4.5
BEL,2011,4.4
BEL,2012,4.4
BEL,2013,4.3
BEL,2014,4.2
BEL,2015,4.1
BLZ,1800,467.2
BLZ,1801,463.9
BLZ,1802,460.6
BLZ,1803,457.3
BLZ,1804,454
BLZ,1805,450.8
BLZ,1806,447.6
BLZ,1807,444.4
BLZ,1808,441.2
BLZ,1809,438.1
BLZ,1810,434.9
BLZ,1811,431.9
BLZ,1812,428.8
BLZ,1813,425.7
BLZ,1814,422.7
BLZ,1815,419.7
BLZ,1816,416.7
BLZ,1817,413.7
BLZ,1818,410.8
BLZ,1819,407.8
BLZ,1820,404.9
BLZ,1821,402
BLZ,1822,399.2
BLZ,1823,396.3
BLZ,1824,393.5
BLZ,1825,390.7
BLZ,1826,387.9
BLZ,1827,385.1
BLZ,1828,382.4
BLZ,1829,379.7
BLZ,1830,377
BLZ,1831,374.3
BLZ,1832,371.6
BLZ,1833,369
BLZ,1834,366.3
BLZ,1835,363.7
BLZ,1836,361.1
BLZ,1837,358.6
BLZ,1838,356
BLZ,1839,353.5
BLZ,1840,350.9
BLZ,1841,348.4
BLZ,1842,346
BLZ,1843,343.5
BLZ,1844,341.1
BLZ,1845,338.6
BLZ,1846,336.2
BLZ,1847,333.8
BLZ,1848,331.4
BLZ,1849,329.1
BLZ,1850,326.7
BLZ,1851,324.4
BLZ,1852,322.1
BLZ,1853,319.8
BLZ,1854,317.5
BLZ,1855,315.2
BLZ,1856,313
BLZ,1857,310.8
BLZ,1858,308.6
BLZ,1859,306.4
BLZ,1860,304.2
BLZ,1861,302
BLZ,1862,299.9
BLZ,1863,297.7
BLZ,1864,295.6
BLZ,1865,293.5
BLZ,1866,291.4
BLZ,1867,289.3
BLZ,1868,287.2
BLZ,1869,285.2
BLZ,1870,283.2
BLZ,1871,281.1
BLZ,1872,279.1
BLZ,1873,277.2
BLZ,1874,275.2
BLZ,1875,273.2
BLZ,1876,271.3
BLZ,1877,269.3
BLZ,1878,267.4
BLZ,1879,265.5
BLZ,1880,263.6
BLZ,1881,261.7
BLZ,1882,259.9
BLZ,1883,258
BLZ,1884,256.2
BLZ,1885,254.4
BLZ,1886,252.6
BLZ,1887,250.8
BLZ,1888,249
BLZ,1889,247.2
BLZ,1890,245.4
BLZ,1891,243.7
BLZ,1892,241.9
BLZ,1893,240.2
BLZ,1894,238.5
BLZ,1895,236.8
BLZ,1896,235.1
BLZ,1897,233.4
BLZ,1898,231.8
BLZ,1899,230.1
BLZ,1900,228.5
BLZ,1901,226.8
BLZ,1902,225.2
BLZ,1903,223.6
BLZ,1904,222
BLZ,1905,220.4
BLZ,1906,218.9
BLZ,1907,217.3
BLZ,1908,215.8
BLZ,1909,214.2
BLZ,1910,212.7
BLZ,1911,211.2
BLZ,1912,209.7
BLZ,1913,208.2
BLZ,1914,206.7
BLZ,1915,205.2
BLZ,1916,203.8
BLZ,1917,202.3
BLZ,1918,200.9
BLZ,1919,199.4
BLZ,1920,198
BLZ,1921,196.6
BLZ,1922,195.2
BLZ,1923,193.8
BLZ,1924,192.4
BLZ,1925,191.1
BLZ,1926,189.7
BLZ,1927,188.3
BLZ,1928,187.1
BLZ,1929,185.8
BLZ,1930,184.5
BLZ,1931,183.3
BLZ,1932,182
BLZ,1933,180.8
BLZ,1934,179.6
BLZ,1935,178.3
BLZ,1936,177.1
BLZ,1937,175.9
BLZ,1938,174.7
BLZ,1939,173.5
BLZ,1940,172.3
BLZ,1941,171.2
BLZ,1942,170
BLZ,1943,168.8
BLZ,1944,167.7
BLZ,1945,166.6
BLZ,1946,165.4
BLZ,1947,164.3
BLZ,1948,163.2
BLZ,1949,162.1
BLZ,1950,161
BLZ,1951,158.3
BLZ,1952,154.3
BLZ,1953,149.3
BLZ,1954,145
BLZ,1955,139.8
BLZ,1956,135.3
BLZ,1957,130
BLZ,1958,125.2
BLZ,1959,120.7
BLZ,1960,115.5
BLZ,1961,114.7
BLZ,1962,113.9
BLZ,1963,113.1
BLZ,1964,112.3
BLZ,1965,111.5
BLZ,1966,110.7
BLZ,1967,109.9
BLZ,1968,105.5
BLZ,1969,101.3
BLZ,1970,97.3
BLZ,1971,93.5
BLZ,1972,89.7
BLZ,1973,86.3
BLZ,1974,83
BLZ,1975,79.9
BLZ,1976,77
BLZ,1977,74.2
BLZ,1978,71.4
BLZ,1979,68.9
BLZ,1980,66.4
BLZ,1981,63.9
BLZ,1982,61.4
BLZ,1983,58.9
BLZ,1984,56.2
BLZ,1985,53.5
BLZ,1986,50.6
BLZ,1987,47.7
BLZ,1988,44.9
BLZ,1989,42.2
BLZ,1990,39.6
BLZ,1991,37.2
BLZ,1992,35
BLZ,1993,33.1
BLZ,1994,31.5
BLZ,1995,30.1
BLZ,1996,28.8
BLZ,1997,27.8
BLZ,1998,26.7
BLZ,1999,25.8
BLZ,2000,25
BLZ,2001,24.2
BLZ,2002,23.5
BLZ,2003,22.8
BLZ,2004,22.2
BLZ,2005,21.7
BLZ,2006,21.2
BLZ,2007,20.6
BLZ,2008,20.1
BLZ,2009,19.5
BLZ,2010,19
BLZ,2011,18.5
BLZ,2012,18
BLZ,2013,17.5
BLZ,2014,17
BLZ,2015,16.5
BEN,1800,430.5
BEN,1801,430.5
BEN,1802,430.5
BEN,1803,430.5
BEN,1804,430.5
BEN,1805,430.5
BEN,1806,430.5
BEN,1807,430.5
BEN,1808,430.5
BEN,1809,430.5
BEN,1810,430.5
BEN,1811,430.5
BEN,1812,430.5
BEN,1813,430.5
BEN,1814,430.5
BEN,1815,430.5
BEN,1816,430.5
BEN,1817,430.5
BEN,1818,430.5
BEN,1819,430.5
BEN,1820,430.5
BEN,1821,430.5
BEN,1822,430.5
BEN,1823,430.5
BEN,1824,430.5
BEN,1825,430.5
BEN,1826,430.5
BEN,1827,430.5
BEN,1828,430.5
BEN,1829,430.5
BEN,1830,430.5
BEN,1831,430.5
BEN,1832,430.5
BEN,1833,430.5
BEN,1834,430.5
BEN,1835,430.5
BEN,1836,430.5
BEN,1837,430.5
BEN,1838,430.5
BEN,1839,430.5
BEN,1840,430.5
BEN,1841,430.5
BEN,1842,430.5
BEN,1843,430.5
BEN,1844,430.5
BEN,1845,430.5
BEN,1846,430.5
BEN,1847,430.5
BEN,1848,430.5
BEN,1849,430.5
BEN,1850,430.5
BEN,1851,430.5
BEN,1852,430.5
BEN,1853,430.5
BEN,1854,430.5
BEN,1855,430.5
BEN,1856,430.5
BEN,1857,430.5
BEN,1858,430.5
BEN,1859,430.5
BEN,1860,430.5
BEN,1861,430.5
BEN,1862,430.5
BEN,1863,430.5
BEN,1864,430.5
BEN,1865,430.5
BEN,1866,430.5
BEN,1867,430.5
BEN,1868,430.5
BEN,1869,430.5
BEN,1870,430.5
BEN,1871,430.5
BEN,1872,430.5
BEN,1873,430.5
BEN,1874,430.5
BEN,1875,430.5
BEN,1876,430.5
BEN,1877,430.5
BEN,1878,430.5
BEN,1879,430.5
BEN,1880,430.5
BEN,1881,430.5
BEN,1882,430.5
BEN,1883,430.5
BEN,1884,430.5
BEN,1885,430.5
BEN,1886,430.5
BEN,1887,430.5
BEN,1888,430.5
BEN,1889,430.5
BEN,1890,430.5
BEN,1891,430.5
BEN,1892,430.5
BEN,1893,430.5
BEN,1894,430.4
BEN,1895,430.4
BEN,1896,430.4
BEN,1897,430.2
BEN,1898,430.1
BEN,1899,429.8
BEN,1900,429.5
BEN,1901,429.2
BEN,1902,428.7
BEN,1903,428.2
BEN,1904,427.6
BEN,1905,427
BEN,1906,426.3
BEN,1907,425.5
BEN,1908,424.7
BEN,1909,423.8
BEN,1910,422.8
BEN,1911,422
BEN,1912,421.2
BEN,1913,420.3
BEN,1914,419.5
BEN,1915,418.6
BEN,1916,417.8
BEN,1917,416.9
BEN,1918,416.1
BEN,1919,415.2
BEN,1920,414.3
BEN,1921,413.5
BEN,1922,412.6
BEN,1923,411.8
BEN,1924,410.9
BEN,1925,410.1
BEN,1926,409.2
BEN,1927,408.3
BEN,1928,407.5
BEN,1929,406.6
BEN,1930,405.7
BEN,1931,404.9
BEN,1932,404
BEN,1933,403.1
BEN,1934,402.3
BEN,1935,401.4
BEN,1936,400.5
BEN,1937,399.7
BEN,1938,398.8
BEN,1939,397.9
BEN,1940,397
BEN,1941,391.9
BEN,1942,386.8
BEN,1943,381.7
BEN,1944,376.7
BEN,1945,365.3
BEN,1946,361.4
BEN,1947,358
BEN,1948,354.5
BEN,1949,351.3
BEN,1950,348.2
BEN,1951,345.1
BEN,1952,342.1
BEN,1953,339
BEN,1954,335.9
BEN,1955,332.7
BEN,1956,329.5
BEN,1957,326.2
BEN,1958,322.5
BEN,1959,318.4
BEN,1960,314
BEN,1961,309.2
BEN,1962,303.9
BEN,1963,298.2
BEN,1964,292.5
BEN,1965,286.9
BEN,1966,281.4
BEN,1967,276.9
BEN,1968,272.8
BEN,1969,269
BEN,1970,265.5
BEN,1971,261.8
BEN,1972,257.8
BEN,1973,253.4
BEN,1974,248.3
BEN,1975,242.7
BEN,1976,237
BEN,1977,231.3
BEN,1978,226.1
BEN,1979,221.5
BEN,1980,217.4
BEN,1981,213.7
BEN,1982,210.2
BEN,1983,206.8
BEN,1984,203.3
BEN,1985,199.7
BEN,1986,196.1
BEN,1987,192.2
BEN,1988,188.1
BEN,1989,183.9
BEN,1990,179.5
BEN,1991,175
BEN,1992,170.4
BEN,1993,166.2
BEN,1994,162.4
BEN,1995,159.1
BEN,1996,156.2
BEN,1997,153.6
BEN,1998,150.9
BEN,1999,147.9
BEN,2000,144.7
BEN,2001,141.1
BEN,2002,137.1
BEN,2003,133.1
BEN,2004,129.2
BEN,2005,125.5
BEN,2006,122.1
BEN,2007,119
BEN,2008,116.3
BEN,2009,113.9
BEN,2010,111.6
BEN,2011,109.3
BEN,2012,107
BEN,2013,104.8
BEN,2014,102.1
BEN,2015,99.5
BTN,1800,463.4
BTN,1801,463
BTN,1802,462.6
BTN,1803,462.2
BTN,1804,461.8
BTN,1805,461.4
BTN,1806,461.1
BTN,1807,460.7
BTN,1808,460.3
BTN,1809,459.9
BTN,1810,459.5
BTN,1811,459.1
BTN,1812,458.8
BTN,1813,458.4
BTN,1814,458
BTN,1815,457.6
BTN,1816,457.2
BTN,1817,456.8
BTN,1818,456.5
BTN,1819,456.1
BTN,1820,455.7
BTN,1821,455.3
BTN,1822,454.9
BTN,1823,454.6
BTN,1824,454.2
BTN,1825,453.8
BTN,1826,453.4
BTN,1827,453.1
BTN,1828,452.7
BTN,1829,452.3
BTN,1830,451.9
BTN,1831,451.5
BTN,1832,451.2
BTN,1833,450.8
BTN,1834,450.4
BTN,1835,450
BTN,1836,449.7
BTN,1837,449.3
BTN,1838,448.9
BTN,1839,448.5
BTN,1840,448.2
BTN,1841,447.8
BTN,1842,447.4
BTN,1843,447.1
BTN,1844,446.7
BTN,1845,446.3
BTN,1846,445.9
BTN,1847,445.6
BTN,1848,445.2
BTN,1849,444.8
BTN,1850,444.4
BTN,1851,444.1
BTN,1852,443.7
BTN,1853,443.3
BTN,1854,443
BTN,1855,442.6
BTN,1856,442.2
BTN,1857,441.9
BTN,1858,441.5
BTN,1859,441.1
BTN,1860,440.8
BTN,1861,440.4
BTN,1862,440
BTN,1863,439.7
BTN,1864,439.3
BTN,1865,438.9
BTN,1866,438.6
BTN,1867,438.2
BTN,1868,437.8
BTN,1869,437.5
BTN,1870,437.1
BTN,1871,436.7
BTN,1872,436.4
BTN,1873,436
BTN,1874,435.6
BTN,1875,435.3
BTN,1876,434.9
BTN,1877,434.6
BTN,1878,434.2
BTN,1879,433.8
BTN,1880,433.5
BTN,1881,433.1
BTN,1882,432.8
BTN,1883,432.4
BTN,1884,432
BTN,1885,431.7
BTN,1886,431.3
BTN,1887,430.9
BTN,1888,430.6
BTN,1889,430.2
BTN,1890,429.9
BTN,1891,429.5
BTN,1892,429.2
BTN,1893,428.8
BTN,1894,428.4
BTN,1895,428.1
BTN,1896,427.7
BTN,1897,427.4
BTN,1898,427
BTN,1899,426.7
BTN,1900,426.3
BTN,1901,425.9
BTN,1902,425.6
BTN,1903,425.2
BTN,1904,424.9
BTN,1905,424.5
BTN,1906,424.2
BTN,1907,423.8
BTN,1908,423.5
BTN,1909,423.1
BTN,1910,422.8
BTN,1911,422.4
BTN,1912,422.1
BTN,1913,421.7
BTN,1914,421.4
BTN,1915,421
BTN,1916,420.7
BTN,1917,420.3
BTN,1918,420
BTN,1919,419.6
BTN,1920,419.3
BTN,1921,418.9
BTN,1922,418.6
BTN,1923,418.2
BTN,1924,417.9
BTN,1925,417.5
BTN,1926,417.2
BTN,1927,416.8
BTN,1928,416.5
BTN,1929,416
BTN,1930,415.6
BTN,1931,415.1
BTN,1932,414.7
BTN,1933,414.3
BTN,1934,413.8
BTN,1935,413.4
BTN,1936,412.9
BTN,1937,412.5
BTN,1938,412.1
BTN,1939,411.6
BTN,1940,411.2
BTN,1941,410.7
BTN,1942,410.3
BTN,1943,409.9
BTN,1944,409.4
BTN,1945,409
BTN,1946,408.6
BTN,1947,408.1
BTN,1948,407.7
BTN,1949,407.2
BTN,1950,406.8
BTN,1951,403.2
BTN,1952,398.4
BTN,1953,392
BTN,1954,385.1
BTN,1955,379
BTN,1956,371.3
BTN,1957,363.3
BTN,1958,354.9
BTN,1959,347.3
BTN,1960,339.9
BTN,1961,332.6
BTN,1962,325.5
BTN,1963,318.6
BTN,1964,311.8
BTN,1965,305.1
BTN,1966,298.6
BTN,1967,292.2
BTN,1968,286
BTN,1969,278.6
BTN,1970,271.5
BTN,1971,264.2
BTN,1972,256.7
BTN,1973,249.5
BTN,1974,242.4
BTN,1975,235.5
BTN,1976,228.4
BTN,1977,221.3
BTN,1978,214.1
BTN,1979,206.9
BTN,1980,199.8
BTN,1981,193
BTN,1982,185.9
BTN,1983,178.9
BTN,1984,172.1
BTN,1985,165.2
BTN,1986,158.8
BTN,1987,152.2
BTN,1988,145.9
BTN,1989,139.8
BTN,1990,133.7
BTN,1991,127.8
BTN,1992,122
BTN,1993,116.4
BTN,1994,110.8
BTN,1995,105.3
BTN,1996,99.8
BTN,1997,94.5
BTN,1998,89.4
BTN,1999,84.4
BTN,2000,79.6
BTN,2001,75
BTN,2002,70.6
BTN,2003,66.4
BTN,2004,62.3
BTN,2005,58.5
BTN,2006,54.8
BTN,2007,51.3
BTN,2008,48.1
BTN,2009,45.1
BTN,2010,42.3
BTN,2011,39.9
BTN,2012,37.8
BTN,2013,36
BTN,2014,34.4
BTN,2015,32.9
BOL,1800,404.7
BOL,1801,404.7
BOL,1802,404.7
BOL,1803,404.7
BOL,1804,404.7
BOL,1805,404.7
BOL,1806,404.7
BOL,1807,404.7
BOL,1808,404.7
BOL,1809,404.7
BOL,1810,404.7
BOL,1811,404.7
BOL,1812,404.7
BOL,1813,404.7
BOL,1814,404.7
BOL,1815,404.7
BOL,1816,404.7
BOL,1817,404.7
BOL,1818,404.7
BOL,1819,404.7
BOL,1820,404.7
BOL,1821,404.7
BOL,1822,404.7
BOL,1823,404.7
BOL,1824,404.7
BOL,1825,404.7
BOL,1826,404.7
BOL,1827,404.7
BOL,1828,404.7
BOL,1829,404.7
BOL,1830,404.7
BOL,1831,404.7
BOL,1832,404.7
BOL,1833,404.7
BOL,1834,404.7
BOL,1835,404.7
BOL,1836,404.7
BOL,1837,404.7
BOL,1838,404.7
BOL,1839,404.7
BOL,1840,404.7
BOL,1841,404.7
BOL,1842,404.7
BOL,1843,404.7
BOL,1844,404.7
BOL,1845,404.7
BOL,1846,404.7
BOL,1847,404.7
BOL,1848,404.7
BOL,1849,404.7
BOL,1850,404.7
BOL,1851,404.7
BOL,1852,404.7
BOL,1853,404.7
BOL,1854,404.7
BOL,1855,404.7
BOL,1856,404.7
BOL,1857,404.7
BOL,1858,404.7
BOL,1859,404.7
BOL,1860,404.7
BOL,1861,404.7
BOL,1862,404.7
BOL,1863,404.7
BOL,1864,404.7
BOL,1865,404.7
BOL,1866,404.7
BOL,1867,404.7
BOL,1868,404.7
BOL,1869,404.7
BOL,1870,404.7
BOL,1871,404.7
BOL,1872,404.7
BOL,1873,404.7
BOL,1874,404.7
BOL,1875,404.7
BOL,1876,404.7
BOL,1877,404.7
BOL,1878,404.7
BOL,1879,404.7
BOL,1880,404.7
BOL,1881,404.7
BOL,1882,404.7
BOL,1883,404.7
BOL,1884,404.7
BOL,1885,404.7
BOL,1886,404.7
BOL,1887,404.7
BOL,1888,404.7
BOL,1889,404.7
BOL,1890,404.7
BOL,1891,404.7
BOL,1892,404.7
BOL,1893,404.7
BOL,1894,404.7
BOL,1895,404.6
BOL,1896,404.6
BOL,1897,404.5
BOL,1898,404.3
BOL,1899,404.1
BOL,1900,403.8
BOL,1901,403.5
BOL,1902,403.1
BOL,1903,402.6
BOL,1904,402
BOL,1905,401.4
BOL,1906,400.8
BOL,1907,400.1
BOL,1908,399.3
BOL,1909,398.4
BOL,1910,397.5
BOL,1911,396.6
BOL,1912,395.7
BOL,1913,394.7
BOL,1914,393.8
BOL,1915,392.8
BOL,1916,391.9
BOL,1917,390.9
BOL,1918,390
BOL,1919,389
BOL,1920,388.1
BOL,1921,386.8
BOL,1922,385.4
BOL,1923,384.1
BOL,1924,382.8
BOL,1925,381.5
BOL,1926,380.2
BOL,1927,378.9
BOL,1928,377.6
BOL,1929,376.3
BOL,1930,375
BOL,1931,373.7
BOL,1932,372.4
BOL,1933,371.1
BOL,1934,369.9
BOL,1935,368.6
BOL,1936,367.3
BOL,1937,366
BOL,1938,364.7
BOL,1939,363.4
BOL,1940,362.1
BOL,1941,353.1
BOL,1942,344.2
BOL,1943,335.4
BOL,1944,327.9
BOL,1945,319.4
BOL,1946,317.1
BOL,1947,314.9
BOL,1948,312.7
BOL,1949,310.5
BOL,1950,308.3
BOL,1951,306.1
BOL,1952,303.9
BOL,1953,301.8
BOL,1954,299.6
BOL,1955,297.5
BOL,1956,295.4
BOL,1957,293.3
BOL,1958,291.2
BOL,1959,289.1
BOL,1960,287.1
BOL,1961,281.4
BOL,1962,276.1
BOL,1963,270.8
BOL,1964,265.4
BOL,1965,260.1
BOL,1966,254.5
BOL,1967,248.8
BOL,1968,243
BOL,1969,237.1
BOL,1970,231.3
BOL,1971,225.3
BOL,1972,219.1
BOL,1973,212.8
BOL,1974,206.4
BOL,1975,200.1
BOL,1976,193.9
BOL,1977,187.9
BOL,1978,182.1
BOL,1979,176.6
BOL,1980,171.6
BOL,1981,166.8
BOL,1982,162.3
BOL,1983,157.8
BOL,1984,153.2
BOL,1985,148.5
BOL,1986,143.8
BOL,1987,138.9
BOL,1988,134
BOL,1989,129.2
BOL,1990,124.4
BOL,1991,119.7
BOL,1992,115.2
BOL,1993,110.7
BOL,1994,106.2
BOL,1995,101.8
BOL,1996,97.5
BOL,1997,93.1
BOL,1998,88.7
BOL,1999,84.4
BOL,2000,80.2
BOL,2001,76.2
BOL,2002,72.2
BOL,2003,68.5
BOL,2004,64.8
BOL,2005,61.4
BOL,2006,58.1
BOL,2007,54.9
BOL,2008,52
BOL,2009,49.3
BOL,2010,47
BOL,2011,44.9
BOL,2012,43.1
BOL,2013,41.3
BOL,2014,39.8
BOL,2015,38.4
BIH,1800,378.8
BIH,1801,378.8
BIH,1802,378.8
BIH,1803,378.8
BIH,1804,378.8
BIH,1805,378.8
BIH,1806,378.8
BIH,1807,378.8
BIH,1808,378.8
BIH,1809,378.8
BIH,1810,378.8
BIH,1811,378.8
BIH,1812,378.8
BIH,1813,378.8
BIH,1814,378.8
BIH,1815,378.8
BIH,1816,378.8
BIH,1817,378.8
BIH,1818,378.8
BIH,1819,378.8
BIH,1820,378.8
BIH,1821,378.8
BIH,1822,378.8
BIH,1823,378.8
BIH,1824,378.8
BIH,1825,378.8
BIH,1826,378.8
BIH,1827,378.8
BIH,1828,378.8
BIH,1829,378.8
BIH,1830,378.8
BIH,1831,378.8
BIH,1832,378.8
BIH,1833,378.8
BIH,1834,378.8
BIH,1835,378.8
BIH,1836,378.8
BIH,1837,378.8
BIH,1838,378.8
BIH,1839,378.8
BIH,1840,378.8
BIH,1841,378.8
BIH,1842,378.8
BIH,1843,378.8
BIH,1844,378.8
BIH,1845,378.8
BIH,1846,378.8
BIH,1847,378.8
BIH,1848,378.8
BIH,1849,378.8
BIH,1850,378.8
BIH,1851,378.8
BIH,1852,378.8
BIH,1853,378.8
BIH,1854,378.8
BIH,1855,378.8
BIH,1856,378.8
BIH,1857,378.8
BIH,1858,378.8
BIH,1859,378.8
BIH,1860,378.8
BIH,1861,378.8
BIH,1862,378.8
BIH,1863,378.8
BIH,1864,378.8
BIH,1865,378.8
BIH,1866,378.8
BIH,1867,378.8
BIH,1868,378.8
BIH,1869,378.8
BIH,1870,378.8
BIH,1871,378.8
BIH,1872,378.8
BIH,1873,378.8
BIH,1874,378.8
BIH,1875,378.8
BIH,1876,378.8
BIH,1877,378.8
BIH,1878,378.8
BIH,1879,378.8
BIH,1880,378.8
BIH,1881,378.8
BIH,1882,378.8
BIH,1883,378.8
BIH,1884,378.8
BIH,1885,378.8
BIH,1886,378.8
BIH,1887,378.8
BIH,1888,378.8
BIH,1889,378.8
BIH,1890,378.8
BIH,1891,378.8
BIH,1892,378.8
BIH,1893,378.8
BIH,1894,378.8
BIH,1895,378.8
BIH,1896,378.7
BIH,1897,378.6
BIH,1898,378.4
BIH,1899,378.2
BIH,1900,378
BIH,1901,377.6
BIH,1902,377.3
BIH,1903,376.8
BIH,1904,376.3
BIH,1905,375.8
BIH,1906,375.1
BIH,1907,374.4
BIH,1908,373.7
BIH,1909,372.9
BIH,1910,372.1
BIH,1911,371.2
BIH,1912,370.4
BIH,1913,369.5
BIH,1914,368.6
BIH,1915,367.7
BIH,1916,366.8
BIH,1917,365.9
BIH,1918,365
BIH,1919,364.1
BIH,1920,363.2
BIH,1921,356.6
BIH,1922,348.9
BIH,1923,342.5
BIH,1924,335
BIH,1925,328.7
BIH,1926,321.5
BIH,1927,315.4
BIH,1928,308.3
BIH,1929,302.4
BIH,1930,296.5
BIH,1931,289.7
BIH,1932,284
BIH,1933,277.4
BIH,1934,271.8
BIH,1935,265.4
BIH,1936,259.9
BIH,1937,254.6
BIH,1938,248.4
BIH,1939,243.2
BIH,1940,237.1
BIH,1941,232.1
BIH,1942,226.2
BIH,1943,221.3
BIH,1944,215.2
BIH,1945,210.1
BIH,1946,205
BIH,1947,199.2
BIH,1948,194.3
BIH,1949,188.7
BIH,1950,183.9
BIH,1951,180.7
BIH,1952,177.5
BIH,1953,174.4
BIH,1954,171.4
BIH,1955,168.4
BIH,1956,165.4
BIH,1957,162.5
BIH,1958,159.7
BIH,1959,156.9
BIH,1960,154.1
BIH,1961,143.9
BIH,1962,134.4
BIH,1963,125.5
BIH,1964,117.2
BIH,1965,109.4
BIH,1966,102.2
BIH,1967,95.38
BIH,1968,89.06
BIH,1969,83.16
BIH,1970,77.65
BIH,1971,71.87
BIH,1972,66.52
BIH,1973,61.58
BIH,1974,56.99
BIH,1975,52.75
BIH,1976,48.83
BIH,1977,45.2
BIH,1978,41.83
BIH,1979,38.72
BIH,1980,34.43
BIH,1981,32.42
BIH,1982,30.42
BIH,1983,28.42
BIH,1984,29.4
BIH,1985,27.1
BIH,1986,24.9
BIH,1987,23
BIH,1988,21.2
BIH,1989,19.7
BIH,1990,18.3
BIH,1991,17.1
BIH,1992,18.4
BIH,1993,18.4
BIH,1994,15.6
BIH,1995,15.2
BIH,1996,12.5
BIH,1997,11.6
BIH,1998,10.7
BIH,1999,9.9
BIH,2000,9.1
BIH,2001,8.6
BIH,2002,8.3
BIH,2003,8.1
BIH,2004,8.1
BIH,2005,8.2
BIH,2006,8.3
BIH,2007,8.2
BIH,2008,8.1
BIH,2009,7.8
BIH,2010,7.5
BIH,2011,7.2
BIH,2012,6.9
BIH,2013,6.6
BIH,2014,6.3
BIH,2015,6
BWA,1800,397.2
BWA,1801,397.2
BWA,1802,397.2
BWA,1803,397.2
BWA,1804,397.2
BWA,1805,397.2
BWA,1806,397.2
BWA,1807,397.2
BWA,1808,397.2
BWA,1809,397.2
BWA,1810,397.2
BWA,1811,397.2
BWA,1812,397.2
BWA,1813,397.2
BWA,1814,397.2
BWA,1815,397.2
BWA,1816,397.2
BWA,1817,397.2
BWA,1818,397.2
BWA,1819,397.2
BWA,1820,397.2
BWA,1821,397.2
BWA,1822,397.2
BWA,1823,397.2
BWA,1824,397.2
BWA,1825,397.2
BWA,1826,397.2
BWA,1827,397.2
BWA,1828,397.2
BWA,1829,397.2
BWA,1830,397.2
BWA,1831,397.2
BWA,1832,397.2
BWA,1833,397.2
BWA,1834,397.2
BWA,1835,397.2
BWA,1836,397.2
BWA,1837,397.2
BWA,1838,397.2
BWA,1839,397.2
BWA,1840,397.2
BWA,1841,397.2
BWA,1842,397.2
BWA,1843,397.2
BWA,1844,397.2
BWA,1845,397.2
BWA,1846,397.2
BWA,1847,397.2
BWA,1848,397.2
BWA,1849,397.2
BWA,1850,397.2
BWA,1851,397.2
BWA,1852,397.2
BWA,1853,397.2
BWA,1854,397.2
BWA,1855,397.2
BWA,1856,397.2
BWA,1857,397.2
BWA,1858,397.2
BWA,1859,397.2
BWA,1860,397.2
BWA,1861,397.2
BWA,1862,397.2
BWA,1863,397.2
BWA,1864,397.2
BWA,1865,397.2
BWA,1866,397.2
BWA,1867,397.2
BWA,1868,397.2
BWA,1869,397.2
BWA,1870,397.2
BWA,1871,397.2
BWA,1872,397.2
BWA,1873,397.2
BWA,1874,397.2
BWA,1875,397.2
BWA,1876,397.2
BWA,1877,397.2
BWA,1878,397.2
BWA,1879,397.2
BWA,1880,397.2
BWA,1881,397.2
BWA,1882,397.2
BWA,1883,397.2
BWA,1884,397.2
BWA,1885,397.2
BWA,1886,397.2
BWA,1887,397.2
BWA,1888,397.2
BWA,1889,397.2
BWA,1890,397.2
BWA,1891,397.2
BWA,1892,397.2
BWA,1893,397.2
BWA,1894,397.2
BWA,1895,397.2
BWA,1896,397.1
BWA,1897,397
BWA,1898,396.8
BWA,1899,396.6
BWA,1900,396.3
BWA,1901,396
BWA,1902,395.6
BWA,1903,395.1
BWA,1904,394.6
BWA,1905,394
BWA,1906,393.4
BWA,1907,392.6
BWA,1908,391.9
BWA,1909,391
BWA,1910,390.2
BWA,1911,389.3
BWA,1912,388.4
BWA,1913,387.4
BWA,1914,386.5
BWA,1915,385.3
BWA,1916,384.1
BWA,1917,382.9
BWA,1918,381.6
BWA,1919,380.4
BWA,1920,379.2
BWA,1921,378
BWA,1922,376.8
BWA,1923,375.6
BWA,1924,374.4
BWA,1925,373.2
BWA,1926,372.1
BWA,1927,370.9
BWA,1928,369.7
BWA,1929,368.5
BWA,1930,367.3
BWA,1931,366.1
BWA,1932,364.9
BWA,1933,363.7
BWA,1934,362.5
BWA,1935,361.4
BWA,1936,360.2
BWA,1937,359
BWA,1938,357.8
BWA,1939,356.6
BWA,1940,355.4
BWA,1941,354.3
BWA,1942,353.1
BWA,1943,351.9
BWA,1944,350.8
BWA,1945,331.9
BWA,1946,314
BWA,1947,297.1
BWA,1948,281.2
BWA,1949,266.1
BWA,1950,251.7
BWA,1951,238.2
BWA,1952,225.4
BWA,1953,213.3
BWA,1954,201.8
BWA,1955,196.1
BWA,1956,190.9
BWA,1957,185.5
BWA,1958,180.6
BWA,1959,175.4
BWA,1960,170.6
BWA,1961,165.7
BWA,1962,161.3
BWA,1963,157
BWA,1964,152.8
BWA,1965,148.7
BWA,1966,144.7
BWA,1967,140.6
BWA,1968,136.5
BWA,1969,132.2
BWA,1970,127.7
BWA,1971,123.1
BWA,1972,118.1
BWA,1973,113.1
BWA,1974,107.8
BWA,1975,102.4
BWA,1976,96.9
BWA,1977,91.2
BWA,1978,85.8
BWA,1979,80.5
BWA,1980,75.5
BWA,1981,70.8
BWA,1982,66.6
BWA,1983,62.8
BWA,1984,59.3
BWA,1985,56.4
BWA,1986,54
BWA,1987,52
BWA,1988,50.8
BWA,1989,50.3
BWA,1990,50.7
BWA,1991,51.8
BWA,1992,53.3
BWA,1993,55.4
BWA,1994,57.9
BWA,1995,60.6
BWA,1996,63.2
BWA,1997,65.5
BWA,1998,67.7
BWA,1999,70.4
BWA,2000,71.5
BWA,2001,71.1
BWA,2002,70.4
BWA,2003,70.3
BWA,2004,69.9
BWA,2005,65.6
BWA,2006,62.7
BWA,2007,64
BWA,2008,63.8
BWA,2009,62.1
BWA,2010,60.3
BWA,2011,59.6
BWA,2012,57.6
BWA,2013,55.5
BWA,2014,54.6
BWA,2015,53.3
BRA,1800,417.4
BRA,1801,417.4
BRA,1802,417.4
BRA,1803,417.4
BRA,1804,417.4
BRA,1805,417.4
BRA,1806,417.4
BRA,1807,417.4
BRA,1808,417.4
BRA,1809,417.4
BRA,1810,417.4
BRA,1811,417.4
BRA,1812,417.4
BRA,1813,417.4
BRA,1814,417.4
BRA,1815,417.4
BRA,1816,417.4
BRA,1817,417.4
BRA,1818,417.4
BRA,1819,417.4
BRA,1820,417.4
BRA,1821,417.4
BRA,1822,417.4
BRA,1823,417.4
BRA,1824,417.4
BRA,1825,417.4
BRA,1826,417.4
BRA,1827,417.4
BRA,1828,417.4
BRA,1829,417.4
BRA,1830,417.4
BRA,1831,417.4
BRA,1832,417.4
BRA,1833,417.4
BRA,1834,417.4
BRA,1835,417.4
BRA,1836,417.4
BRA,1837,417.4
BRA,1838,417.4
BRA,1839,417.4
BRA,1840,417.4
BRA,1841,417.4
BRA,1842,417.4
BRA,1843,417.4
BRA,1844,417.4
BRA,1845,417.4
BRA,1846,417.4
BRA,1847,417.4
BRA,1848,417.4
BRA,1849,417.4
BRA,1850,417.4
BRA,1851,417.4
BRA,1852,417.4
BRA,1853,417.4
BRA,1854,417.4
BRA,1855,417.4
BRA,1856,417.4
BRA,1857,417.4
BRA,1858,417.4
BRA,1859,417.4
BRA,1860,417.4
BRA,1861,417.4
BRA,1862,417.4
BRA,1863,417.4
BRA,1864,417.4
BRA,1865,417.4
BRA,1866,417.4
BRA,1867,417.4
BRA,1868,417.4
BRA,1869,417.4
BRA,1870,417.4
BRA,1871,417.4
BRA,1872,417.4
BRA,1873,417.4
BRA,1874,417.4
BRA,1875,417.4
BRA,1876,417.4
BRA,1877,417.4
BRA,1878,417.4
BRA,1879,417.4
BRA,1880,417.4
BRA,1881,417.4
BRA,1882,417.4
BRA,1883,417.4
BRA,1884,417.4
BRA,1885,417.4
BRA,1886,417.4
BRA,1887,417.4
BRA,1888,417.4
BRA,1889,417.4
BRA,1890,417.4
BRA,1891,417.4
BRA,1892,417.4
BRA,1893,417.4
BRA,1894,417.4
BRA,1895,417.4
BRA,1896,417.3
BRA,1897,417.2
BRA,1898,417.1
BRA,1899,416.8
BRA,1900,416.5
BRA,1901,416.2
BRA,1902,415.8
BRA,1903,415.3
BRA,1904,414.7
BRA,1905,414.1
BRA,1906,413.4
BRA,1907,412.6
BRA,1908,411.8
BRA,1909,411
BRA,1910,410.1
BRA,1911,409.1
BRA,1912,408.1
BRA,1913,407.1
BRA,1914,406.2
BRA,1915,405.2
BRA,1916,404
BRA,1917,402.8
BRA,1918,401.6
BRA,1919,400.4
BRA,1920,399.2
BRA,1921,398
BRA,1922,396.8
BRA,1923,395.6
BRA,1924,394.4
BRA,1925,393.2
BRA,1926,392.1
BRA,1927,390.9
BRA,1928,389.7
BRA,1929,388.5
BRA,1930,387.3
BRA,1931,380.2
BRA,1932,374.4
BRA,1933,367.5
BRA,1934,360.6
BRA,1935,355
BRA,1936,348.4
BRA,1937,342.9
BRA,1938,336.4
BRA,1939,330
BRA,1940,324.7
BRA,1941,311.2
BRA,1942,299.1
BRA,1943,287.3
BRA,1944,274.9
BRA,1945,263.6
BRA,1946,256.2
BRA,1947,249
BRA,1948,242
BRA,1949,235.2
BRA,1950,228.5
BRA,1951,222.1
BRA,1952,215.8
BRA,1953,209.8
BRA,1954,203.8
BRA,1955,198.1
BRA,1956,192.5
BRA,1957,187
BRA,1958,181.7
BRA,1959,176.7
BRA,1960,171.8
BRA,1961,167.1
BRA,1962,162.5
BRA,1963,158.2
BRA,1964,154.2
BRA,1965,150.6
BRA,1966,147.2
BRA,1967,143.9
BRA,1968,140.7
BRA,1969,137.3
BRA,1970,133.7
BRA,1971,130.1
BRA,1972,126.4
BRA,1973,122.7
BRA,1974,119.1
BRA,1975,115.6
BRA,1976,111.9
BRA,1977,108.2
BRA,1978,104.2
BRA,1979,100
BRA,1980,95.6
BRA,1981,91.1
BRA,1982,86.8
BRA,1983,82.6
BRA,1984,78.8
BRA,1985,75.3
BRA,1986,72.1
BRA,1987,69.1
BRA,1988,66.3
BRA,1989,63.7
BRA,1990,61.1
BRA,1991,58.5
BRA,1992,55.7
BRA,1993,52.8
BRA,1994,49.8
BRA,1995,46.7
BRA,1996,43.6
BRA,1997,40.6
BRA,1998,37.7
BRA,1999,35
BRA,2000,32.4
BRA,2001,30.1
BRA,2002,27.9
BRA,2003,25.9
BRA,2004,24.1
BRA,2005,22.5
BRA,2006,21
BRA,2007,19.7
BRA,2008,18.6
BRA,2009,17.6
BRA,2010,16.7
BRA,2011,15.9
BRA,2012,15.1
BRA,2013,14.4
BRA,2014,13.8
BRA,2015,13.3
BRN,1800,454.7
BRN,1801,454.7
BRN,1802,454.7
BRN,1803,454.7
BRN,1804,454.7
BRN,1805,454.7
BRN,1806,454.7
BRN,1807,454.7
BRN,1808,454.7
BRN,1809,454.7
BRN,1810,454.7
BRN,1811,454.7
BRN,1812,454.7
BRN,1813,454.7
BRN,1814,454.7
BRN,1815,454.7
BRN,1816,454.7
BRN,1817,454.7
BRN,1818,454.7
BRN,1819,454.7
BRN,1820,454.7
BRN,1821,454.7
BRN,1822,454.7
BRN,1823,454.7
BRN,1824,454.7
BRN,1825,454.7
BRN,1826,454.7
BRN,1827,454.7
BRN,1828,454.7
BRN,1829,454.7
BRN,1830,454.7
BRN,1831,454.7
BRN,1832,454.7
BRN,1833,454.7
BRN,1834,454.7
BRN,1835,454.7
BRN,1836,454.7
BRN,1837,454.7
BRN,1838,454.7
BRN,1839,454.7
BRN,1840,454.7
BRN,1841,454.7
BRN,1842,454.7
BRN,1843,454.7
BRN,1844,454.7
BRN,1845,454.7
BRN,1846,454.7
BRN,1847,454.7
BRN,1848,454.7
BRN,1849,454.7
BRN,1850,454.7
BRN,1851,454.7
BRN,1852,454.7
BRN,1853,454.7
BRN,1854,454.7
BRN,1855,454.7
BRN,1856,454.7
BRN,1857,454.7
BRN,1858,454.7
BRN,1859,454.7
BRN,1860,454.7
BRN,1861,454.7
BRN,1862,454.7
BRN,1863,454.7
BRN,1864,454.7
BRN,1865,454.7
BRN,1866,454.7
BRN,1867,454.7
BRN,1868,454.7
BRN,1869,454.7
BRN,1870,454.7
BRN,1871,454.7
BRN,1872,454.7
BRN,1873,454.7
BRN,1874,454.7
BRN,1875,454.7
BRN,1876,454.7
BRN,1877,454.7
BRN,1878,454.7
BRN,1879,454.7
BRN,1880,454.7
BRN,1881,454.7
BRN,1882,454.7
BRN,1883,454.7
BRN,1884,454.7
BRN,1885,454.7
BRN,1886,454.7
BRN,1887,454.7
BRN,1888,454.7
BRN,1889,454.7
BRN,1890,454.7
BRN,1891,454.7
BRN,1892,454.7
BRN,1893,454.7
BRN,1894,454.7
BRN,1895,454.6
BRN,1896,454.6
BRN,1897,454.4
BRN,1898,454.3
BRN,1899,454
BRN,1900,453.7
BRN,1901,453.3
BRN,1902,452.9
BRN,1903,452.3
BRN,1904,451.7
BRN,1905,451
BRN,1906,450.3
BRN,1907,449.5
BRN,1908,448.6
BRN,1909,447.6
BRN,1910,446.6
BRN,1911,445.6
BRN,1912,435.2
BRN,1913,425.1
BRN,1914,415
BRN,1915,405.2
BRN,1916,395.6
BRN,1917,386.1
BRN,1918,376.8
BRN,1919,367.6
BRN,1920,358.6
BRN,1921,349.8
BRN,1922,341.1
BRN,1923,332.6
BRN,1924,324.2
BRN,1925,315.9
BRN,1926,306.7
BRN,1927,298.7
BRN,1928,290.9
BRN,1929,283.1
BRN,1930,275.6
BRN,1931,268.1
BRN,1932,260.7
BRN,1933,253.4
BRN,1934,246.3
BRN,1935,239.3
BRN,1936,232.4
BRN,1937,225.6
BRN,1938,218.9
BRN,1939,212.3
BRN,1940,205.8
BRN,1941,199.5
BRN,1942,193.2
BRN,1943,187.1
BRN,1944,181.1
BRN,1945,175.1
BRN,1946,169.2
BRN,1947,163.5
BRN,1948,157.8
BRN,1949,152.2
BRN,1950,146.8
BRN,1951,144.2
BRN,1952,139.6
BRN,1953,134.8
BRN,1954,129.3
BRN,1955,124.5
BRN,1956,119.5
BRN,1957,114.5
BRN,1958,109.5
BRN,1959,104.7
BRN,1960,99.91
BRN,1961,95.25
BRN,1962,90.75
BRN,1963,86.89
BRN,1964,83.12
BRN,1965,79.42
BRN,1966,76.33
BRN,1967,72.75
BRN,1968,69.88
BRN,1969,67.14
BRN,1970,64.55
BRN,1971,62.1
BRN,1972,59.75
BRN,1973,52.13
BRN,1974,45.48
BRN,1975,39.68
BRN,1976,34.62
BRN,1977,30.2
BRN,1978,26.35
BRN,1979,22.99
BRN,1980,28.09
BRN,1981,17.5
BRN,1982,16.8
BRN,1983,16.1
BRN,1984,15.4
BRN,1985,14.8
BRN,1986,14.1
BRN,1987,13.5
BRN,1988,13
BRN,1989,12.6
BRN,1990,12.2
BRN,1991,11.9
BRN,1992,11.6
BRN,1993,11.3
BRN,1994,10.9
BRN,1995,10.6
BRN,1996,10.3
BRN,1997,10
BRN,1998,9.8
BRN,1999,9.6
BRN,2000,9.5
BRN,2001,9.3
BRN,2002,9.3
BRN,2003,9.2
BRN,2004,9.1
BRN,2005,9
BRN,2006,9
BRN,2007,9
BRN,2008,9
BRN,2009,9.1
BRN,2010,9.3
BRN,2011,9.5
BRN,2012,9.8
BRN,2013,10
BRN,2014,10.2
BRN,2015,10.3
BGR,1800,370.4
BGR,1801,370.4
BGR,1802,369.2
BGR,1803,369.2
BGR,1804,368
BGR,1805,368
BGR,1806,366.8
BGR,1807,366.8
BGR,1808,365.7
BGR,1809,365.7
BGR,1810,365.7
BGR,1811,364.5
BGR,1812,364.5
BGR,1813,363.3
BGR,1814,363.3
BGR,1815,362.1
BGR,1816,362.1
BGR,1817,362.1
BGR,1818,361
BGR,1819,361
BGR,1820,359.8
BGR,1821,359.8
BGR,1822,358.6
BGR,1823,358.6
BGR,1824,357.4
BGR,1825,357.4
BGR,1826,357.4
BGR,1827,356.3
BGR,1828,356.3
BGR,1829,355.1
BGR,1830,355.1
BGR,1831,354
BGR,1832,354
BGR,1833,352.8
BGR,1834,352.8
BGR,1835,352.8
BGR,1836,351.7
BGR,1837,351.7
BGR,1838,350.5
BGR,1839,350.5
BGR,1840,349.4
BGR,1841,349.4
BGR,1842,349.4
BGR,1843,348.2
BGR,1844,348.2
BGR,1845,347.1
BGR,1846,347.1
BGR,1847,345.9
BGR,1848,345.9
BGR,1849,344.8
BGR,1850,344.8
BGR,1851,344.8
BGR,1852,343.6
BGR,1853,343.6
BGR,1854,342.5
BGR,1855,342.5
BGR,1856,341.4
BGR,1857,341.4
BGR,1858,340.2
BGR,1859,340.2
BGR,1860,340.2
BGR,1861,339.1
BGR,1862,339.1
BGR,1863,338
BGR,1864,338
BGR,1865,336.9
BGR,1866,336.9
BGR,1867,336.9
BGR,1868,335.7
BGR,1869,335.7
BGR,1870,334.6
BGR,1871,334.6
BGR,1872,333.5
BGR,1873,333.5
BGR,1874,332.4
BGR,1875,332.4
BGR,1876,332.4
BGR,1877,331.3
BGR,1878,331.3
BGR,1879,330.1
BGR,1880,330.1
BGR,1881,329
BGR,1882,329
BGR,1883,327.9
BGR,1884,327.9
BGR,1885,327.9
BGR,1886,326.8
BGR,1887,326.8
BGR,1888,325.7
BGR,1889,325.7
BGR,1890,324.6
BGR,1891,324.6
BGR,1892,324.6
BGR,1893,323.5
BGR,1894,323.5
BGR,1895,322.4
BGR,1896,322.3
BGR,1897,321.1
BGR,1898,321
BGR,1899,319.8
BGR,1900,319.5
BGR,1901,306.3
BGR,1902,294.4
BGR,1903,290.9
BGR,1904,288.5
BGR,1905,285
BGR,1906,283.5
BGR,1907,283
BGR,1908,281.4
BGR,1909,279.8
BGR,1910,278.1
BGR,1911,277.5
BGR,1912,275.8
BGR,1913,274.2
BGR,1914,272.5
BGR,1915,271.9
BGR,1916,270.2
BGR,1917,268.6
BGR,1918,267.9
BGR,1919,266.3
BGR,1920,264.7
BGR,1921,263.1
BGR,1922,262.4
BGR,1923,260.8
BGR,1924,258.3
BGR,1925,254.8
BGR,1926,252.3
BGR,1927,244.2
BGR,1928,237.1
BGR,1929,229.3
BGR,1930,222.5
BGR,1931,217.6
BGR,1932,212.7
BGR,1933,207.8
BGR,1934,203.1
BGR,1935,198.4
BGR,1936,193.7
BGR,1937,189.1
BGR,1938,191.8
BGR,1939,194.4
BGR,1940,197.1
BGR,1941,199.8
BGR,1942,202.5
BGR,1943,205.3
BGR,1944,208.2
BGR,1945,211
BGR,1946,213.9
BGR,1947,216.9
BGR,1948,200.1
BGR,1949,179
BGR,1950,148.2
BGR,1951,155.8
BGR,1952,156.1
BGR,1953,121.1
BGR,1954,125.6
BGR,1955,126.9
BGR,1956,109.2
BGR,1957,100.1
BGR,1958,79.27
BGR,1959,83.17
BGR,1960,66.8
BGR,1961,55.34
BGR,1962,53.12
BGR,1963,46.4
BGR,1964,45.6
BGR,1965,45
BGR,1966,44.5
BGR,1967,43.8
BGR,1968,42.6
BGR,1969,40.9
BGR,1970,38.9
BGR,1971,37.3
BGR,1972,36.2
BGR,1973,35.6
BGR,1974,35
BGR,1975,34.3
BGR,1976,33.5
BGR,1977,32.5
BGR,1978,31.2
BGR,1979,30
BGR,1980,28.7
BGR,1981,27.6
BGR,1982,26.6
BGR,1983,25.7
BGR,1984,24.7
BGR,1985,23.6
BGR,1986,22.5
BGR,1987,21.8
BGR,1988,21.4
BGR,1989,21.5
BGR,1990,22.1
BGR,1991,22.6
BGR,1992,22.9
BGR,1993,23
BGR,1994,23.1
BGR,1995,23.2
BGR,1996,23.2
BGR,1997,23.1
BGR,1998,22.7
BGR,1999,22
BGR,2000,21.1
BGR,2001,20.1
BGR,2002,19.1
BGR,2003,18.1
BGR,2004,17
BGR,2005,15.9
BGR,2006,15
BGR,2007,14.3
BGR,2008,13.7
BGR,2009,13.3
BGR,2010,13
BGR,2011,12.6
BGR,2012,12.1
BGR,2013,11.6
BGR,2014,11.1
BGR,2015,10.7
BFA,1800,454.7
BFA,1801,454.7
BFA,1802,454.7
BFA,1803,454.7
BFA,1804,454.7
BFA,1805,454.7
BFA,1806,454.7
BFA,1807,454.7
BFA,1808,454.7
BFA,1809,454.7
BFA,1810,454.7
BFA,1811,454.7
BFA,1812,454.7
BFA,1813,454.7
BFA,1814,454.7
BFA,1815,454.7
BFA,1816,454.7
BFA,1817,454.7
BFA,1818,454.7
BFA,1819,454.7
BFA,1820,454.7
BFA,1821,454.7
BFA,1822,454.7
BFA,1823,454.7
BFA,1824,454.7
BFA,1825,454.7
BFA,1826,454.7
BFA,1827,454.7
BFA,1828,454.7
BFA,1829,454.7
BFA,1830,454.7
BFA,1831,454.7
BFA,1832,454.7
BFA,1833,454.7
BFA,1834,454.7
BFA,1835,454.7
BFA,1836,454.7
BFA,1837,454.7
BFA,1838,454.7
BFA,1839,454.7
BFA,1840,454.7
BFA,1841,454.7
BFA,1842,454.7
BFA,1843,454.7
BFA,1844,454.7
BFA,1845,454.7
BFA,1846,454.7
BFA,1847,454.7
BFA,1848,454.7
BFA,1849,454.7
BFA,1850,454.7
BFA,1851,454.7
BFA,1852,454.7
BFA,1853,454.7
BFA,1854,454.7
BFA,1855,454.7
BFA,1856,454.7
BFA,1857,454.7
BFA,1858,454.7
BFA,1859,454.7
BFA,1860,454.7
BFA,1861,454.7
BFA,1862,454.7
BFA,1863,454.7
BFA,1864,454.7
BFA,1865,454.7
BFA,1866,454.7
BFA,1867,454.7
BFA,1868,454.7
BFA,1869,454.7
BFA,1870,454.7
BFA,1871,454.7
BFA,1872,454.7
BFA,1873,454.7
BFA,1874,454.7
BFA,1875,454.7
BFA,1876,454.7
BFA,1877,454.7
BFA,1878,454.7
BFA,1879,454.7
BFA,1880,454.7
BFA,1881,454.7
BFA,1882,454.7
BFA,1883,454.7
BFA,1884,454.7
BFA,1885,454.7
BFA,1886,454.7
BFA,1887,454.7
BFA,1888,454.7
BFA,1889,454.7
BFA,1890,454.7
BFA,1891,454.7
BFA,1892,454.7
BFA,1893,454.7
BFA,1894,454.7
BFA,1895,454.6
BFA,1896,454.6
BFA,1897,454.4
BFA,1898,454.3
BFA,1899,454
BFA,1900,453.7
BFA,1901,453.3
BFA,1902,452.9
BFA,1903,452.3
BFA,1904,451.7
BFA,1905,451
BFA,1906,450.3
BFA,1907,449.5
BFA,1908,448.6
BFA,1909,447.6
BFA,1910,446.6
BFA,1911,445.7
BFA,1912,444.6
BFA,1913,443.6
BFA,1914,442.6
BFA,1915,441.6
BFA,1916,440.6
BFA,1917,439.6
BFA,1918,438.6
BFA,1919,437.5
BFA,1920,436.5
BFA,1921,435.5
BFA,1922,434.5
BFA,1923,433.5
BFA,1924,432.4
BFA,1925,431.4
BFA,1926,430.4
BFA,1927,429.4
BFA,1928,428.4
BFA,1929,427.4
BFA,1930,426.3
BFA,1931,425.3
BFA,1932,424.3
BFA,1933,423.3
BFA,1934,422.2
BFA,1935,421.2
BFA,1936,420.2
BFA,1937,419.2
BFA,1938,418.2
BFA,1939,417.1
BFA,1940,416.1
BFA,1941,413.4
BFA,1942,410.7
BFA,1943,408
BFA,1944,399.1
BFA,1945,397.8
BFA,1946,396.5
BFA,1947,395
BFA,1948,393.2
BFA,1949,391.7
BFA,1950,389.7
BFA,1951,387
BFA,1952,384.1
BFA,1953,380.4
BFA,1954,376.5
BFA,1955,372.3
BFA,1956,367.5
BFA,1957,363.1
BFA,1958,358
BFA,1959,352.3
BFA,1960,347.6
BFA,1961,343.1
BFA,1962,338.7
BFA,1963,334.5
BFA,1964,331
BFA,1965,328
BFA,1966,325.2
BFA,1967,322.9
BFA,1968,321.4
BFA,1969,320.1
BFA,1970,319.1
BFA,1971,317.3
BFA,1972,313.9
BFA,1973,307.9
BFA,1974,299.2
BFA,1975,288.5
BFA,1976,277
BFA,1977,265.7
BFA,1978,255.8
BFA,1979,247.8
BFA,1980,241.2
BFA,1981,236.1
BFA,1982,231.8
BFA,1983,227.8
BFA,1984,223.7
BFA,1985,219.2
BFA,1986,214.4
BFA,1987,209.6
BFA,1988,205.8
BFA,1989,203.4
BFA,1990,202.2
BFA,1991,201.8
BFA,1992,202.1
BFA,1993,202
BFA,1994,201.1
BFA,1995,199.4
BFA,1996,197
BFA,1997,194
BFA,1998,191.3
BFA,1999,188.5
BFA,2000,185.7
BFA,2001,182.4
BFA,2002,178.3
BFA,2003,173.1
BFA,2004,166.3
BFA,2005,158.3
BFA,2006,149.4
BFA,2007,139.9
BFA,2008,130.4
BFA,2009,121.4
BFA,2010,113.5
BFA,2011,106.9
BFA,2012,101.4
BFA,2013,96.6
BFA,2014,92.4
BFA,2015,88.6
BDI,1800,423.9
BDI,1801,423.9
BDI,1802,423.9
BDI,1803,423.9
BDI,1804,423.9
BDI,1805,423.9
BDI,1806,423.9
BDI,1807,423.9
BDI,1808,423.9
BDI,1809,423.9
BDI,1810,423.9
BDI,1811,423.9
BDI,1812,423.9
BDI,1813,423.9
BDI,1814,423.9
BDI,1815,423.9
BDI,1816,423.9
BDI,1817,423.9
BDI,1818,423.9
BDI,1819,423.9
BDI,1820,423.9
BDI,1821,423.9
BDI,1822,423.9
BDI,1823,423.9
BDI,1824,423.9
BDI,1825,423.9
BDI,1826,423.9
BDI,1827,423.9
BDI,1828,423.9
BDI,1829,423.9
BDI,1830,423.9
BDI,1831,423.9
BDI,1832,423.9
BDI,1833,423.9
BDI,1834,423.9
BDI,1835,423.9
BDI,1836,423.9
BDI,1837,423.9
BDI,1838,423.9
BDI,1839,423.9
BDI,1840,423.9
BDI,1841,423.9
BDI,1842,423.9
BDI,1843,423.9
BDI,1844,423.9
BDI,1845,423.9
BDI,1846,423.9
BDI,1847,423.9
BDI,1848,423.9
BDI,1849,423.9
BDI,1850,423.9
BDI,1851,423.9
BDI,1852,423.9
BDI,1853,423.9
BDI,1854,423.9
BDI,1855,423.9
BDI,1856,423.9
BDI,1857,423.9
BDI,1858,423.9
BDI,1859,423.9
BDI,1860,423.9
BDI,1861,423.9
BDI,1862,423.9
BDI,1863,423.9
BDI,1864,423.9
BDI,1865,423.9
BDI,1866,423.9
BDI,1867,423.9
BDI,1868,423.9
BDI,1869,423.9
BDI,1870,423.9
BDI,1871,423.9
BDI,1872,423.9
BDI,1873,423.9
BDI,1874,423.9
BDI,1875,423.9
BDI,1876,423.9
BDI,1877,423.9
BDI,1878,423.9
BDI,1879,423.9
BDI,1880,423.9
BDI,1881,423.9
BDI,1882,423.9
BDI,1883,423.9
BDI,1884,423.9
BDI,1885,423.9
BDI,1886,423.9
BDI,1887,423.9
BDI,1888,423.9
BDI,1889,423.9
BDI,1890,423.9
BDI,1891,423.9
BDI,1892,423.9
BDI,1893,423.9
BDI,1894,423.9
BDI,1895,423.9
BDI,1896,423.8
BDI,1897,423.7
BDI,1898,423.6
BDI,1899,423.3
BDI,1900,423
BDI,1901,422.7
BDI,1902,422.2
BDI,1903,421.7
BDI,1904,421.2
BDI,1905,420.5
BDI,1906,419.9
BDI,1907,419.1
BDI,1908,418.3
BDI,1909,417.4
BDI,1910,416.4
BDI,1911,415.5
BDI,1912,414.5
BDI,1913,413.5
BDI,1914,412.5
BDI,1915,411.5
BDI,1916,410.5
BDI,1917,409.5
BDI,1918,408.5
BDI,1919,407.5
BDI,1920,406.5
BDI,1921,405.5
BDI,1922,404.6
BDI,1923,403.6
BDI,1924,402.6
BDI,1925,401.4
BDI,1926,400.1
BDI,1927,398.9
BDI,1928,397.7
BDI,1929,396.5
BDI,1930,395.3
BDI,1931,394.1
BDI,1932,392.9
BDI,1933,391.7
BDI,1934,390.5
BDI,1935,389.4
BDI,1936,388.1
BDI,1937,387
BDI,1938,385.8
BDI,1939,384.6
BDI,1940,383.4
BDI,1941,382.2
BDI,1942,381
BDI,1943,379.8
BDI,1944,378.6
BDI,1945,377.4
BDI,1946,360.3
BDI,1947,343.8
BDI,1948,327.7
BDI,1949,313.2
BDI,1950,305.7
BDI,1951,298.4
BDI,1952,291.2
BDI,1953,284.2
BDI,1954,277.4
BDI,1955,270.8
BDI,1956,264.2
BDI,1957,257.9
BDI,1958,251.7
BDI,1959,245.7
BDI,1960,244.6
BDI,1961,243.6
BDI,1962,242.6
BDI,1963,241.8
BDI,1964,241.6
BDI,1965,243
BDI,1966,244.5
BDI,1967,245.8
BDI,1968,246.7
BDI,1969,247.3
BDI,1970,247.6
BDI,1971,247.5
BDI,1972,247.3
BDI,1973,247.1
BDI,1974,246.9
BDI,1975,246.5
BDI,1976,245
BDI,1977,242
BDI,1978,236.9
BDI,1979,230.2
BDI,1980,221.8
BDI,1981,212.3
BDI,1982,202.3
BDI,1983,192.6
BDI,1984,184.2
BDI,1985,177.5
BDI,1986,172.9
BDI,1987,170.6
BDI,1988,170.1
BDI,1989,170.7
BDI,1990,171.8
BDI,1991,172.9
BDI,1992,173.5
BDI,1993,173.5
BDI,1994,172.5
BDI,1995,170.5
BDI,1996,167.7
BDI,1997,164.4
BDI,1998,160.5
BDI,1999,156.4
BDI,2000,152.2
BDI,2001,147.8
BDI,2002,143.2
BDI,2003,138.3
BDI,2004,133
BDI,2005,127.1
BDI,2006,120.9
BDI,2007,114.5
BDI,2008,108.6
BDI,2009,103.5
BDI,2010,98.8
BDI,2011,94.9
BDI,2012,91.2
BDI,2013,87.8
BDI,2014,84.6
BDI,2015,81.7
KHM,1800,380
KHM,1801,380
KHM,1802,380
KHM,1803,380
KHM,1804,380
KHM,1805,380
KHM,1806,380
KHM,1807,380
KHM,1808,380
KHM,1809,380
KHM,1810,380
KHM,1811,380
KHM,1812,380
KHM,1813,380
KHM,1814,380
KHM,1815,380
KHM,1816,380
KHM,1817,380
KHM,1818,380
KHM,1819,380
KHM,1820,380
KHM,1821,380
KHM,1822,380
KHM,1823,380
KHM,1824,380
KHM,1825,380
KHM,1826,380
KHM,1827,380
KHM,1828,380
KHM,1829,380
KHM,1830,380
KHM,1831,380
KHM,1832,380
KHM,1833,380
KHM,1834,380
KHM,1835,380
KHM,1836,380
KHM,1837,380
KHM,1838,380
KHM,1839,380
KHM,1840,380
KHM,1841,380
KHM,1842,380
KHM,1843,380
KHM,1844,380
KHM,1845,380
KHM,1846,380
KHM,1847,380
KHM,1848,380
KHM,1849,380
KHM,1850,380
KHM,1851,380
KHM,1852,380
KHM,1853,380
KHM,1854,380
KHM,1855,380
KHM,1856,380
KHM,1857,380
KHM,1858,380
KHM,1859,380
KHM,1860,380
KHM,1861,380
KHM,1862,380
KHM,1863,380
KHM,1864,380
KHM,1865,380
KHM,1866,380
KHM,1867,380
KHM,1868,380
KHM,1869,380
KHM,1870,380
KHM,1871,380
KHM,1872,380
KHM,1873,380
KHM,1874,380
KHM,1875,380
KHM,1876,380
KHM,1877,380
KHM,1878,380
KHM,1879,380
KHM,1880,380
KHM,1881,380
KHM,1882,380
KHM,1883,380
KHM,1884,380
KHM,1885,380
KHM,1886,380
KHM,1887,380
KHM,1888,380
KHM,1889,380
KHM,1890,380
KHM,1891,380
KHM,1892,380
KHM,1893,380
KHM,1894,380
KHM,1895,379.9
KHM,1896,379.9
KHM,1897,379.8
KHM,1898,379.6
KHM,1899,379.4
KHM,1900,379.2
KHM,1901,378.8
KHM,1902,378.5
KHM,1903,378
KHM,1904,377.5
KHM,1905,376.9
KHM,1906,376.3
KHM,1907,375.6
KHM,1908,374.9
KHM,1909,374.1
KHM,1910,373.3
KHM,1911,372.4
KHM,1912,371.5
KHM,1913,370.6
KHM,1914,369.7
KHM,1915,368.9
KHM,1916,368
KHM,1917,367.1
KHM,1918,366.2
KHM,1919,365.3
KHM,1920,364.4
KHM,1921,363.5
KHM,1922,362.6
KHM,1923,361.7
KHM,1924,360.8
KHM,1925,359.9
KHM,1926,359
KHM,1927,358.1
KHM,1928,357.2
KHM,1929,356.4
KHM,1930,355.5
KHM,1931,354.6
KHM,1932,353.7
KHM,1933,352.8
KHM,1934,351.9
KHM,1935,351
KHM,1936,350.1
KHM,1937,349.3
KHM,1938,348.4
KHM,1939,347.6
KHM,1940,346.7
KHM,1941,345.8
KHM,1942,345
KHM,1943,344.1
KHM,1944,343.2
KHM,1945,342.4
KHM,1946,330.7
KHM,1947,320.4
KHM,1948,309.3
KHM,1949,299.4
KHM,1950,288.8
KHM,1951,287.1
KHM,1952,283.4
KHM,1953,280.4
KHM,1954,277
KHM,1955,274.3
KHM,1956,271.2
KHM,1957,267.7
KHM,1958,263.9
KHM,1959,260.1
KHM,1960,256.4
KHM,1961,252.6
KHM,1962,248
KHM,1963,243.3
KHM,1964,238.7
KHM,1965,234
KHM,1966,232.3
KHM,1967,230.6
KHM,1968,228.9
KHM,1969,227.3
KHM,1970,225.6
KHM,1971,240.4
KHM,1972,256.2
KHM,1973,273
KHM,1974,290.9
KHM,1975,310
KHM,1976,285.6
KHM,1977,261.9
KHM,1978,235.9
KHM,1979,207.8
KHM,1980,181.4
KHM,1981,159.1
KHM,1982,142
KHM,1983,130.4
KHM,1984,124.1
KHM,1985,121.2
KHM,1986,119.6
KHM,1987,118.4
KHM,1988,117.6
KHM,1989,117.4
KHM,1990,117.3
KHM,1991,117.4
KHM,1992,117.8
KHM,1993,118.6
KHM,1994,120
KHM,1995,121.5
KHM,1996,122.6
KHM,1997,122.5
KHM,1998,120.4
KHM,1999,115.7
KHM,2000,108.3
KHM,2001,98.7
KHM,2002,88.3
KHM,2003,78.8
KHM,2004,71.3
KHM,2005,65.4
KHM,2006,60.4
KHM,2007,55.8
KHM,2008,51.5
KHM,2009,47.3
KHM,2010,43.1
KHM,2011,39.3
KHM,2012,35.8
KHM,2013,32.9
KHM,2014,30.6
KHM,2015,28.7
CMR,1800,460.2
CMR,1801,460.2
CMR,1802,460.2
CMR,1803,460.2
CMR,1804,460.2
CMR,1805,460.2
CMR,1806,460.2
CMR,1807,460.2
CMR,1808,460.2
CMR,1809,460.2
CMR,1810,460.2
CMR,1811,460.2
CMR,1812,460.2
CMR,1813,460.2
CMR,1814,460.2
CMR,1815,460.2
CMR,1816,460.2
CMR,1817,460.2
CMR,1818,460.2
CMR,1819,460.2
CMR,1820,460.2
CMR,1821,460.2
CMR,1822,460.2
CMR,1823,460.2
CMR,1824,460.2
CMR,1825,460.2
CMR,1826,460.2
CMR,1827,460.2
CMR,1828,460.2
CMR,1829,460.2
CMR,1830,460.2
CMR,1831,460.2
CMR,1832,460.2
CMR,1833,460.2
CMR,1834,460.2
CMR,1835,460.2
CMR,1836,460.2
CMR,1837,460.2
CMR,1838,460.2
CMR,1839,460.2
CMR,1840,460.2
CMR,1841,460.2
CMR,1842,460.2
CMR,1843,460.2
CMR,1844,460.2
CMR,1845,460.2
CMR,1846,460.2
CMR,1847,460.2
CMR,1848,460.2
CMR,1849,460.2
CMR,1850,460.2
CMR,1851,460.2
CMR,1852,460.2
CMR,1853,460.2
CMR,1854,460.2
CMR,1855,460.2
CMR,1856,460.2
CMR,1857,460.2
CMR,1858,460.2
CMR,1859,460.2
CMR,1860,460.2
CMR,1861,460.2
CMR,1862,460.2
CMR,1863,460.2
CMR,1864,460.2
CMR,1865,460.2
CMR,1866,460.2
CMR,1867,460.2
CMR,1868,460.2
CMR,1869,460.2
CMR,1870,460.2
CMR,1871,460.2
CMR,1872,460.2
CMR,1873,460.2
CMR,1874,460.2
CMR,1875,460.2
CMR,1876,460.2
CMR,1877,460.2
CMR,1878,460.2
CMR,1879,460.2
CMR,1880,460.2
CMR,1881,460.2
CMR,1882,460.2
CMR,1883,460.2
CMR,1884,460.2
CMR,1885,460.2
CMR,1886,460.2
CMR,1887,460.2
CMR,1888,460.2
CMR,1889,460.2
CMR,1890,460.2
CMR,1891,460.2
CMR,1892,460.2
CMR,1893,460.2
CMR,1894,460.2
CMR,1895,460.2
CMR,1896,460.1
CMR,1897,460
CMR,1898,459.8
CMR,1899,459.5
CMR,1900,459.2
CMR,1901,458.8
CMR,1902,458.4
CMR,1903,457.8
CMR,1904,457.2
CMR,1905,456.5
CMR,1906,455.8
CMR,1907,454.9
CMR,1908,454
CMR,1909,453.1
CMR,1910,452.1
CMR,1911,451
CMR,1912,449.9
CMR,1913,448.9
CMR,1914,447.9
CMR,1915,446.9
CMR,1916,445.9
CMR,1917,444.9
CMR,1918,443.9
CMR,1919,442.9
CMR,1920,441.9
CMR,1921,440.9
CMR,1922,439.9
CMR,1923,438.9
CMR,1924,437.9
CMR,1925,436.9
CMR,1926,435.9
CMR,1927,434.9
CMR,1928,433.9
CMR,1929,432.9
CMR,1930,431.9
CMR,1931,430.9
CMR,1932,429.9
CMR,1933,428.9
CMR,1934,427.9
CMR,1935,426.9
CMR,1936,425.9
CMR,1937,424.9
CMR,1938,423.8
CMR,1939,422.8
CMR,1940,421.8
CMR,1941,420.8
CMR,1942,419.8
CMR,1943,418.8
CMR,1944,417.8
CMR,1945,411.4
CMR,1946,405.2
CMR,1947,399
CMR,1948,393
CMR,1949,387
CMR,1950,381.1
CMR,1951,375.3
CMR,1952,369.6
CMR,1953,364
CMR,1954,349.6
CMR,1955,335.6
CMR,1956,322.8
CMR,1957,310.6
CMR,1958,299.5
CMR,1959,289.8
CMR,1960,281.9
CMR,1961,275.6
CMR,1962,270.7
CMR,1963,267
CMR,1964,262.8
CMR,1965,257.6
CMR,1966,250.7
CMR,1967,242.1
CMR,1968,232.4
CMR,1969,222.4
CMR,1970,212.8
CMR,1971,204.5
CMR,1972,198.2
CMR,1973,194
CMR,1974,191.9
CMR,1975,191
CMR,1976,190.7
CMR,1977,190.1
CMR,1978,188.6
CMR,1979,185.8
CMR,1980,181.9
CMR,1981,176.5
CMR,1982,170.2
CMR,1983,163.4
CMR,1984,156.4
CMR,1985,149.8
CMR,1986,144.2
CMR,1987,139.8
CMR,1988,136.9
CMR,1989,135.8
CMR,1990,136.2
CMR,1991,138.2
CMR,1992,140.9
CMR,1993,144
CMR,1994,147.1
CMR,1995,150
CMR,1996,152.2
CMR,1997,153.5
CMR,1998,153.6
CMR,1999,152.3
CMR,2000,149.2
CMR,2001,144.9
CMR,2002,139.8
CMR,2003,134.7
CMR,2004,129.7
CMR,2005,125.3
CMR,2006,121.2
CMR,2007,117.6
CMR,2008,113.8
CMR,2009,109.9
CMR,2010,106
CMR,2011,102.2
CMR,2012,98.7
CMR,2013,95.2
CMR,2014,91.7
CMR,2015,88.7
CAN,1800,333.5
CAN,1801,333.5
CAN,1802,333.5
CAN,1803,333.5
CAN,1804,333.5
CAN,1805,333.5
CAN,1806,333.5
CAN,1807,333.5
CAN,1808,333.5
CAN,1809,333.5
CAN,1810,333.5
CAN,1811,333.5
CAN,1812,333.5
CAN,1813,333.5
CAN,1814,333.5
CAN,1815,333.5
CAN,1816,333.5
CAN,1817,333.5
CAN,1818,333.5
CAN,1819,333.5
CAN,1820,333.5
CAN,1821,333.5
CAN,1822,333.5
CAN,1823,333.5
CAN,1824,333.5
CAN,1825,333.5
CAN,1826,333.5
CAN,1827,333.5
CAN,1828,333.5
CAN,1829,333.5
CAN,1830,333.5
CAN,1831,333.5
CAN,1832,331.3
CAN,1833,330.1
CAN,1834,329
CAN,1835,326.8
CAN,1836,325.7
CAN,1837,324.6
CAN,1838,323.5
CAN,1839,321.3
CAN,1840,320.2
CAN,1841,319.1
CAN,1842,318
CAN,1843,317
CAN,1844,317
CAN,1845,315.9
CAN,1846,314.8
CAN,1847,313.7
CAN,1848,313.7
CAN,1849,312.6
CAN,1850,311.5
CAN,1851,310.4
CAN,1852,310.4
CAN,1853,309.4
CAN,1854,309.4
CAN,1855,308.3
CAN,1856,308.3
CAN,1857,307.2
CAN,1858,307.2
CAN,1859,306.2
CAN,1860,306.2
CAN,1861,305.1
CAN,1862,304.1
CAN,1863,303
CAN,1864,301.9
CAN,1865,300.8
CAN,1866,299.8
CAN,1867,298.8
CAN,1868,297.7
CAN,1869,296.6
CAN,1870,295.6
CAN,1871,294.6
CAN,1872,292.5
CAN,1873,290.4
CAN,1874,288.3
CAN,1875,286.2
CAN,1876,284.2
CAN,1877,281.1
CAN,1878,279.1
CAN,1879,277
CAN,1880,275
CAN,1881,273
CAN,1882,272
CAN,1883,272
CAN,1884,271
CAN,1885,271
CAN,1886,270
CAN,1887,270
CAN,1888,270
CAN,1889,269
CAN,1890,269
CAN,1891,272.3
CAN,1892,275.6
CAN,1893,279.1
CAN,1894,282.5
CAN,1895,286
CAN,1896,289.5
CAN,1897,293.1
CAN,1898,296.7
CAN,1899,300.4
CAN,1900,304.1
CAN,1901,271.6
CAN,1902,216.6
CAN,1903,212.8
CAN,1904,167.8
CAN,1905,185.6
CAN,1906,205.3
CAN,1907,264.2
CAN,1908,339.9
CAN,1909,222.2
CAN,1910,282.6
CAN,1911,300.6
CAN,1912,261.6
CAN,1913,272.8
CAN,1914,261.4
CAN,1915,247.4
CAN,1916,267.8
CAN,1917,216
CAN,1918,219.7
CAN,1919,227
CAN,1920,264.3
CAN,1921,143.9
CAN,1922,143.3
CAN,1923,140.5
CAN,1924,126.5
CAN,1925,121.8
CAN,1926,131.9
CAN,1927,124.1
CAN,1928,119.9
CAN,1929,126.7
CAN,1930,123.9
CAN,1931,114.8
CAN,1932,98.05
CAN,1933,92.2
CAN,1934,91.14
CAN,1935,90.75
CAN,1936,85.44
CAN,1937,102.4
CAN,1938,85.63
CAN,1939,79.98
CAN,1940,77.01
CAN,1941,79.81
CAN,1942,72.35
CAN,1943,69.4
CAN,1944,67.92
CAN,1945,60.6
CAN,1946,60.52
CAN,1947,59.16
CAN,1948,53.24
CAN,1949,51.3
CAN,1950,48.7
CAN,1951,46.2
CAN,1952,43.9
CAN,1953,41.8
CAN,1954,39.9
CAN,1955,38.3
CAN,1956,37
CAN,1957,35.8
CAN,1958,34.7
CAN,1959,33.7
CAN,1960,32.6
CAN,1961,31.6
CAN,1962,30.5
CAN,1963,29.4
CAN,1964,28.2
CAN,1965,27.1
CAN,1966,26
CAN,1967,25
CAN,1968,23.9
CAN,1969,23
CAN,1970,22
CAN,1971,21
CAN,1972,19.9
CAN,1973,19
CAN,1974,18
CAN,1975,17
CAN,1976,16
CAN,1977,15.1
CAN,1978,14.2
CAN,1979,13.3
CAN,1980,12.5
CAN,1981,11.8
CAN,1982,11.2
CAN,1983,10.6
CAN,1984,10.1
CAN,1985,9.7
CAN,1986,9.4
CAN,1987,9.1
CAN,1988,8.8
CAN,1989,8.6
CAN,1990,8.3
CAN,1991,8
CAN,1992,7.7
CAN,1993,7.4
CAN,1994,7.2
CAN,1995,6.9
CAN,1996,6.7
CAN,1997,6.5
CAN,1998,6.4
CAN,1999,6.3
CAN,2000,6.2
CAN,2001,6.2
CAN,2002,6.2
CAN,2003,6.1
CAN,2004,6.1
CAN,2005,6.1
CAN,2006,6
CAN,2007,5.9
CAN,2008,5.8
CAN,2009,5.7
CAN,2010,5.6
CAN,2011,5.4
CAN,2012,5.3
CAN,2013,5.2
CAN,2014,5
CAN,2015,4.9
CPV,1800,394.7
CPV,1801,394.7
CPV,1802,394.7
CPV,1803,394.7
CPV,1804,394.7
CPV,1805,394.7
CPV,1806,394.7
CPV,1807,394.7
CPV,1808,394.7
CPV,1809,394.7
CPV,1810,394.7
CPV,1811,394.7
CPV,1812,394.7
CPV,1813,394.7
CPV,1814,394.7
CPV,1815,394.7
CPV,1816,394.7
CPV,1817,394.7
CPV,1818,394.7
CPV,1819,394.7
CPV,1820,394.7
CPV,1821,394.7
CPV,1822,394.7
CPV,1823,394.7
CPV,1824,394.7
CPV,1825,394.7
CPV,1826,394.7
CPV,1827,394.7
CPV,1828,394.7
CPV,1829,394.7
CPV,1830,394.7
CPV,1831,394.7
CPV,1832,394.7
CPV,1833,394.7
CPV,1834,394.7
CPV,1835,394.7
CPV,1836,394.7
CPV,1837,394.7
CPV,1838,394.7
CPV,1839,394.7
CPV,1840,394.7
CPV,1841,394.7
CPV,1842,394.7
CPV,1843,394.7
CPV,1844,394.7
CPV,1845,394.7
CPV,1846,394.7
CPV,1847,394.7
CPV,1848,394.7
CPV,1849,394.7
CPV,1850,394.7
CPV,1851,394.7
CPV,1852,394.7
CPV,1853,394.7
CPV,1854,394.7
CPV,1855,394.7
CPV,1856,394.7
CPV,1857,394.7
CPV,1858,394.7
CPV,1859,394.7
CPV,1860,394.7
CPV,1861,394.7
CPV,1862,394.7
CPV,1863,394.7
CPV,1864,394.7
CPV,1865,394.7
CPV,1866,394.7
CPV,1867,394.7
CPV,1868,394.7
CPV,1869,394.7
CPV,1870,394.7
CPV,1871,394.7
CPV,1872,394.7
CPV,1873,394.7
CPV,1874,394.7
CPV,1875,394.7
CPV,1876,394.7
CPV,1877,394.7
CPV,1878,394.7
CPV,1879,394.7
CPV,1880,394.7
CPV,1881,394.7
CPV,1882,394.7
CPV,1883,394.7
CPV,1884,394.7
CPV,1885,394.7
CPV,1886,394.7
CPV,1887,394.7
CPV,1888,394.7
CPV,1889,394.7
CPV,1890,394.7
CPV,1891,394.7
CPV,1892,394.7
CPV,1893,394.7
CPV,1894,394.7
CPV,1895,394.7
CPV,1896,394.6
CPV,1897,394.5
CPV,1898,394.3
CPV,1899,394.1
CPV,1900,393.9
CPV,1901,393.5
CPV,1902,393.1
CPV,1903,392.6
CPV,1904,392.1
CPV,1905,391.5
CPV,1906,390.9
CPV,1907,390.2
CPV,1908,389.4
CPV,1909,388.6
CPV,1910,387.7
CPV,1911,386.8
CPV,1912,385.9
CPV,1913,385
CPV,1914,384.1
CPV,1915,383.1
CPV,1916,382.2
CPV,1917,381.3
CPV,1918,380.4
CPV,1919,379.4
CPV,1920,378.5
CPV,1921,377.6
CPV,1922,376.6
CPV,1923,375.7
CPV,1924,374.8
CPV,1925,373.9
CPV,1926,372.9
CPV,1927,372
CPV,1928,371.1
CPV,1929,370.2
CPV,1930,369.4
CPV,1931,368.7
CPV,1932,368
CPV,1933,367.2
CPV,1934,366.5
CPV,1935,365.8
CPV,1936,354.8
CPV,1937,343
CPV,1938,332.5
CPV,1939,322.2
CPV,1940,311.1
CPV,1941,301.3
CPV,1942,291.6
CPV,1943,281.1
CPV,1944,271.8
CPV,1945,262.7
CPV,1946,252.9
CPV,1947,244.1
CPV,1948,235.6
CPV,1949,226.3
CPV,1950,218
CPV,1951,216.7
CPV,1952,215.4
CPV,1953,213.8
CPV,1954,211.1
CPV,1955,209
CPV,1956,206.6
CPV,1957,203.2
CPV,1958,200.2
CPV,1959,197.3
CPV,1960,195.4
CPV,1961,193.6
CPV,1962,191.7
CPV,1963,189.8
CPV,1964,188
CPV,1965,186.2
CPV,1966,184.4
CPV,1967,182.6
CPV,1968,180.8
CPV,1969,179.1
CPV,1970,164.3
CPV,1971,150.7
CPV,1972,138.5
CPV,1973,127.6
CPV,1974,118
CPV,1975,109.5
CPV,1976,102.3
CPV,1977,96.3
CPV,1978,91.4
CPV,1979,87.7
CPV,1980,85.2
CPV,1981,83.7
CPV,1982,82.6
CPV,1983,81.6
CPV,1984,80.2
CPV,1985,78
CPV,1986,75.1
CPV,1987,71.8
CPV,1988,68.2
CPV,1989,65.1
CPV,1990,62.8
CPV,1991,61.2
CPV,1992,60.3
CPV,1993,59.6
CPV,1994,58.6
CPV,1995,56.6
CPV,1996,53.5
CPV,1997,49.3
CPV,1998,44.3
CPV,1999,39.4
CPV,2000,35.2
CPV,2001,31.8
CPV,2002,29.5
CPV,2003,28.3
CPV,2004,27.7
CPV,2005,27.7
CPV,2006,28
CPV,2007,28.3
CPV,2008,28.4
CPV,2009,28.3
CPV,2010,27.9
CPV,2011,27.3
CPV,2012,26.6
CPV,2013,25.9
CPV,2014,25.1
CPV,2015,24.3
CAF,1800,443.8
CAF,1801,443.8
CAF,1802,443.8
CAF,1803,443.8
CAF,1804,443.8
CAF,1805,443.8
CAF,1806,443.8
CAF,1807,443.8
CAF,1808,443.8
CAF,1809,443.8
CAF,1810,443.8
CAF,1811,443.8
CAF,1812,443.8
CAF,1813,443.8
CAF,1814,443.8
CAF,1815,443.8
CAF,1816,443.8
CAF,1817,443.8
CAF,1818,443.8
CAF,1819,443.8
CAF,1820,443.8
CAF,1821,443.8
CAF,1822,443.8
CAF,1823,443.8
CAF,1824,443.8
CAF,1825,443.8
CAF,1826,443.8
CAF,1827,443.8
CAF,1828,443.8
CAF,1829,443.8
CAF,1830,443.8
CAF,1831,443.8
CAF,1832,443.8
CAF,1833,443.8
CAF,1834,443.8
CAF,1835,443.8
CAF,1836,443.8
CAF,1837,443.8
CAF,1838,443.8
CAF,1839,443.8
CAF,1840,443.8
CAF,1841,443.8
CAF,1842,443.8
CAF,1843,443.8
CAF,1844,443.8
CAF,1845,443.8
CAF,1846,443.8
CAF,1847,443.8
CAF,1848,443.8
CAF,1849,443.8
CAF,1850,443.8
CAF,1851,443.8
CAF,1852,443.8
CAF,1853,443.8
CAF,1854,443.8
CAF,1855,443.8
CAF,1856,443.8
CAF,1857,443.8
CAF,1858,443.8
CAF,1859,443.8
CAF,1860,443.8
CAF,1861,443.8
CAF,1862,443.8
CAF,1863,443.8
CAF,1864,443.8
CAF,1865,443.8
CAF,1866,443.8
CAF,1867,443.8
CAF,1868,443.8
CAF,1869,443.8
CAF,1870,443.8
CAF,1871,443.8
CAF,1872,443.8
CAF,1873,443.8
CAF,1874,443.8
CAF,1875,443.8
CAF,1876,443.8
CAF,1877,443.8
CAF,1878,443.8
CAF,1879,443.8
CAF,1880,443.8
CAF,1881,443.8
CAF,1882,443.8
CAF,1883,443.8
CAF,1884,443.8
CAF,1885,443.8
CAF,1886,443.8
CAF,1887,443.8
CAF,1888,443.8
CAF,1889,443.8
CAF,1890,443.8
CAF,1891,443.8
CAF,1892,443.8
CAF,1893,443.8
CAF,1894,443.8
CAF,1895,443.7
CAF,1896,443.7
CAF,1897,443.6
CAF,1898,443.4
CAF,1899,443.1
CAF,1900,442.8
CAF,1901,442.4
CAF,1902,442
CAF,1903,441.5
CAF,1904,440.9
CAF,1905,440.2
CAF,1906,439.5
CAF,1907,438.7
CAF,1908,437.8
CAF,1909,436.9
CAF,1910,435.9
CAF,1911,434.9
CAF,1912,433.9
CAF,1913,432.9
CAF,1914,431.8
CAF,1915,430.8
CAF,1916,429.7
CAF,1917,428.7
CAF,1918,427.6
CAF,1919,426.6
CAF,1920,426.4
CAF,1921,426.1
CAF,1922,425.9
CAF,1923,425.6
CAF,1924,425.4
CAF,1925,425.1
CAF,1926,424.8
CAF,1927,424.6
CAF,1928,424.3
CAF,1929,424
CAF,1930,423.7
CAF,1931,423.4
CAF,1932,423.1
CAF,1933,422.8
CAF,1934,422.5
CAF,1935,422.2
CAF,1936,421.9
CAF,1937,421.6
CAF,1938,421.3
CAF,1939,421
CAF,1940,420.7
CAF,1941,420.3
CAF,1942,420
CAF,1943,419.7
CAF,1944,419.3
CAF,1945,419
CAF,1946,418.6
CAF,1947,409.5
CAF,1948,401.7
CAF,1949,392.8
CAF,1950,381.2
CAF,1951,370
CAF,1952,359.1
CAF,1953,348.5
CAF,1954,338.3
CAF,1955,328.3
CAF,1956,318.6
CAF,1957,309.2
CAF,1958,300.1
CAF,1959,291.3
CAF,1960,285.8
CAF,1961,280.2
CAF,1962,274.1
CAF,1963,268
CAF,1964,261.6
CAF,1965,254.7
CAF,1966,247.7
CAF,1967,240.8
CAF,1968,234.2
CAF,1969,228.1
CAF,1970,222.3
CAF,1971,216.7
CAF,1972,211.7
CAF,1973,207.1
CAF,1974,203
CAF,1975,199.1
CAF,1976,195.5
CAF,1977,192.1
CAF,1978,188.7
CAF,1979,185.8
CAF,1980,183.3
CAF,1981,181.1
CAF,1982,179.6
CAF,1983,178.5
CAF,1984,177.8
CAF,1985,177.4
CAF,1986,177.2
CAF,1987,176.9
CAF,1988,176.7
CAF,1989,176.5
CAF,1990,176.3
CAF,1991,175.9
CAF,1992,175.8
CAF,1993,175.9
CAF,1994,176.2
CAF,1995,176.6
CAF,1996,177
CAF,1997,176.9
CAF,1998,176.4
CAF,1999,175.7
CAF,2000,174.8
CAF,2001,173.4
CAF,2002,172
CAF,2003,170.5
CAF,2004,168.5
CAF,2005,166.5
CAF,2006,164.2
CAF,2007,161.7
CAF,2008,158.8
CAF,2009,155
CAF,2010,150.9
CAF,2011,146.6
CAF,2012,142.3
CAF,2013,138.6
CAF,2014,134.4
CAF,2015,130.5
TCD,1800,431.8
TCD,1801,431.8
TCD,1802,431.8
TCD,1803,431.8
TCD,1804,431.8
TCD,1805,431.8
TCD,1806,431.8
TCD,1807,431.8
TCD,1808,431.8
TCD,1809,431.8
TCD,1810,431.8
TCD,1811,431.8
TCD,1812,431.8
TCD,1813,431.8
TCD,1814,431.8
TCD,1815,431.8
TCD,1816,431.8
TCD,1817,431.8
TCD,1818,431.8
TCD,1819,431.8
TCD,1820,431.8
TCD,1821,431.8
TCD,1822,431.8
TCD,1823,431.8
TCD,1824,431.8
TCD,1825,431.8
TCD,1826,431.8
TCD,1827,431.8
TCD,1828,431.8
TCD,1829,431.8
TCD,1830,431.8
TCD,1831,431.8
TCD,1832,431.8
TCD,1833,431.8
TCD,1834,431.8
TCD,1835,431.8
TCD,1836,431.8
TCD,1837,431.8
TCD,1838,431.8
TCD,1839,431.8
TCD,1840,431.8
TCD,1841,431.8
TCD,1842,431.8
TCD,1843,431.8
TCD,1844,431.8
TCD,1845,431.8
TCD,1846,431.8
TCD,1847,431.8
TCD,1848,431.8
TCD,1849,431.8
TCD,1850,431.8
TCD,1851,431.8
TCD,1852,431.8
TCD,1853,431.8
TCD,1854,431.8
TCD,1855,431.8
TCD,1856,431.8
TCD,1857,431.8
TCD,1858,431.8
TCD,1859,431.8
TCD,1860,431.8
TCD,1861,431.8
TCD,1862,431.8
TCD,1863,431.8
TCD,1864,431.8
TCD,1865,431.8
TCD,1866,431.8
TCD,1867,431.8
TCD,1868,431.8
TCD,1869,431.8
TCD,1870,431.8
TCD,1871,431.8
TCD,1872,431.8
TCD,1873,431.8
TCD,1874,431.8
TCD,1875,431.8
TCD,1876,431.8
TCD,1877,431.8
TCD,1878,431.8
TCD,1879,431.8
TCD,1880,431.8
TCD,1881,431.8
TCD,1882,431.8
TCD,1883,431.8
TCD,1884,431.8
TCD,1885,431.8
TCD,1886,431.8
TCD,1887,431.8
TCD,1888,431.8
TCD,1889,431.8
TCD,1890,431.8
TCD,1891,431.8
TCD,1892,431.8
TCD,1893,431.8
TCD,1894,431.8
TCD,1895,431.8
TCD,1896,431.7
TCD,1897,431.6
TCD,1898,431.4
TCD,1899,431.2
TCD,1900,430.9
TCD,1901,430.5
TCD,1902,430.1
TCD,1903,429.5
TCD,1904,429
TCD,1905,428.3
TCD,1906,427.6
TCD,1907,426.8
TCD,1908,426
TCD,1909,425.1
TCD,1910,424.1
TCD,1911,423.2
TCD,1912,422.2
TCD,1913,421.1
TCD,1914,420.1
TCD,1915,419.1
TCD,1916,418.1
TCD,1917,417.1
TCD,1918,416.1
TCD,1919,415.1
TCD,1920,414.1
TCD,1921,413.1
TCD,1922,412
TCD,1923,411
TCD,1924,410
TCD,1925,409
TCD,1926,408
TCD,1927,407
TCD,1928,406
TCD,1929,404.9
TCD,1930,403.9
TCD,1931,402.9
TCD,1932,401.9
TCD,1933,400.4
TCD,1934,398.9
TCD,1935,397.4
TCD,1936,395.9
TCD,1937,394.4
TCD,1938,392.9
TCD,1939,391.5
TCD,1940,390
TCD,1941,388.5
TCD,1942,387
TCD,1943,385.6
TCD,1944,384.1
TCD,1945,382.6
TCD,1946,370.8
TCD,1947,358.1
TCD,1948,346.9
TCD,1949,335.8
TCD,1950,324.1
TCD,1951,321.8
TCD,1952,318.4
TCD,1953,313.8
TCD,1954,309.7
TCD,1955,304.3
TCD,1956,298.5
TCD,1957,293.5
TCD,1958,287.1
TCD,1959,280.8
TCD,1960,279
TCD,1961,277.2
TCD,1962,275.5
TCD,1963,273.8
TCD,1964,272
TCD,1965,270.3
TCD,1966,268.6
TCD,1967,266.9
TCD,1968,265.2
TCD,1969,263.5
TCD,1970,259.6
TCD,1971,256
TCD,1972,252.3
TCD,1973,251
TCD,1974,249.5
TCD,1975,248.1
TCD,1976,246.7
TCD,1977,245.3
TCD,1978,243.7
TCD,1979,242
TCD,1980,240.1
TCD,1981,238.1
TCD,1982,236
TCD,1983,233.5
TCD,1984,230.9
TCD,1985,228.2
TCD,1986,225.5
TCD,1987,222.8
TCD,1988,220.1
TCD,1989,217.3
TCD,1990,214.6
TCD,1991,212
TCD,1992,209.4
TCD,1993,207
TCD,1994,204.8
TCD,1995,202.7
TCD,1996,200.6
TCD,1997,198.3
TCD,1998,195.8
TCD,1999,193
TCD,2000,190.2
TCD,2001,187.3
TCD,2002,184.6
TCD,2003,181.9
TCD,2004,179.4
TCD,2005,177
TCD,2006,174.6
TCD,2007,171.5
TCD,2008,168
TCD,2009,164
TCD,2010,160.1
TCD,2011,156
TCD,2012,151.6
TCD,2013,147.1
TCD,2014,142.9
TCD,2015,138.7
CHANISL,1980,23.13
CHANISL,1981,22.39
CHANISL,1982,21.67
CHANISL,1983,21
CHANISL,1984,20.38
CHANISL,1985,19.8
CHANISL,1986,19.26
CHANISL,1987,18.73
CHANISL,1988,18.2
CHANISL,1989,17.67
CHANISL,1990,17.15
CHANISL,1991,16.64
CHANISL,1992,16.16
CHANISL,1993,15.7
CHANISL,1994,15.28
CHANISL,1995,14.89
CHANISL,1996,14.51
CHANISL,1997,14.12
CHANISL,1998,13.74
CHANISL,1999,13.34
CHANISL,2000,12.93
CHANISL,2001,12.51
CHANISL,2002,12.08
CHANISL,2003,11.66
CHANISL,2004,11.26
CHANISL,2005,10.88
CHANISL,2006,10.54
CHANISL,2007,10.24
CHANISL,2008,9.97
CHANISL,2009,9.75
CHANISL,2010,9.57
CHANISL,2011,9.41
CHANISL,2012,9.27
CHANISL,2013,9.13
CHANISL,2014,9
CHANISL,2015,8.87
CHL,1800,417.4
CHL,1801,417.4
CHL,1802,417.4
CHL,1803,417.4
CHL,1804,417.4
CHL,1805,417.4
CHL,1806,417.4
CHL,1807,417.4
CHL,1808,417.4
CHL,1809,417.4
CHL,1810,417.4
CHL,1811,417.4
CHL,1812,417.4
CHL,1813,417.4
CHL,1814,417.4
CHL,1815,417.4
CHL,1816,417.4
CHL,1817,417.4
CHL,1818,417.4
CHL,1819,417.4
CHL,1820,417.4
CHL,1821,417.4
CHL,1822,417.4
CHL,1823,417.4
CHL,1824,417.4
CHL,1825,417.4
CHL,1826,417.4
CHL,1827,417.4
CHL,1828,417.4
CHL,1829,417.4
CHL,1830,417.4
CHL,1831,417.4
CHL,1832,417.4
CHL,1833,417.4
CHL,1834,417.4
CHL,1835,417.4
CHL,1836,417.4
CHL,1837,417.4
CHL,1838,417.4
CHL,1839,417.4
CHL,1840,417.4
CHL,1841,417.4
CHL,1842,417.4
CHL,1843,417.4
CHL,1844,417.4
CHL,1845,417.4
CHL,1846,417.4
CHL,1847,417.4
CHL,1848,417.4
CHL,1849,417.4
CHL,1850,417.4
CHL,1851,417.4
CHL,1852,417.4
CHL,1853,417.4
CHL,1854,417.4
CHL,1855,417.4
CHL,1856,417.4
CHL,1857,417.4
CHL,1858,417.4
CHL,1859,417.4
CHL,1860,417.4
CHL,1861,417.4
CHL,1862,417.4
CHL,1863,417.4
CHL,1864,417.4
CHL,1865,417.4
CHL,1866,417.4
CHL,1867,417.4
CHL,1868,417.4
CHL,1869,417.4
CHL,1870,417.4
CHL,1871,417.4
CHL,1872,417.4
CHL,1873,417.4
CHL,1874,417.4
CHL,1875,417.4
CHL,1876,417.4
CHL,1877,417.4
CHL,1878,417.4
CHL,1879,417.4
CHL,1880,417.4
CHL,1881,417.4
CHL,1882,417.4
CHL,1883,417.4
CHL,1884,417.4
CHL,1885,417.4
CHL,1886,417.4
CHL,1887,417.4
CHL,1888,417.4
CHL,1889,417.4
CHL,1890,417.4
CHL,1891,417.4
CHL,1892,429.3
CHL,1893,441.5
CHL,1894,454
CHL,1895,466.9
CHL,1896,480.1
CHL,1897,493.7
CHL,1898,507.7
CHL,1899,522.1
CHL,1900,536.9
CHL,1901,552.2
CHL,1902,438.5
CHL,1903,428.7
CHL,1904,464.5
CHL,1905,404.5
CHL,1906,531
CHL,1907,483.9
CHL,1908,516.4
CHL,1909,511.6
CHL,1910,433.6
CHL,1911,540.8
CHL,1912,466.1
CHL,1913,464.5
CHL,1914,414.1
CHL,1915,412.6
CHL,1916,391.6
CHL,1917,436.9
CHL,1918,414.1
CHL,1919,496.9
CHL,1920,427.1
CHL,1921,451.5
CHL,1922,390
CHL,1923,459.7
CHL,1924,432.1
CHL,1925,419.1
CHL,1926,407.9
CHL,1927,367.4
CHL,1928,344.9
CHL,1929,364.3
CHL,1930,380.4
CHL,1931,377.2
CHL,1932,382.1
CHL,1933,419.2
CHL,1934,425.8
CHL,1935,408
CHL,1936,409.6
CHL,1937,391.9
CHL,1938,383.8
CHL,1939,366.1
CHL,1940,353.1
CHL,1941,325.6
CHL,1942,317.4
CHL,1943,315.8
CHL,1944,294.6
CHL,1945,299.5
CHL,1946,260.5
CHL,1947,262.2
CHL,1948,237.3
CHL,1949,251.8
CHL,1950,238.7
CHL,1951,229.8
CHL,1952,221
CHL,1953,212.7
CHL,1954,204.7
CHL,1955,197
CHL,1956,189.7
CHL,1957,182.5
CHL,1958,175.7
CHL,1959,169.1
CHL,1960,157.3
CHL,1961,148.5
CHL,1962,142.3
CHL,1963,135.8
CHL,1964,126.8
CHL,1965,115.9
CHL,1966,104.5
CHL,1967,94.1
CHL,1968,86.2
CHL,1969,81.7
CHL,1970,79.6
CHL,1971,78.4
CHL,1972,77
CHL,1973,74.6
CHL,1974,70.6
CHL,1975,64.7
CHL,1976,57.1
CHL,1977,48.8
CHL,1978,41.7
CHL,1979,36.8
CHL,1980,33.2
CHL,1981,30.1
CHL,1982,27
CHL,1983,24.6
CHL,1984,23.1
CHL,1985,22.4
CHL,1986,22.1
CHL,1987,21.9
CHL,1988,21.4
CHL,1989,20.4
CHL,1990,19.1
CHL,1991,17.7
CHL,1992,16.4
CHL,1993,15.1
CHL,1994,14
CHL,1995,13.1
CHL,1996,12.5
CHL,1997,12.2
CHL,1998,12
CHL,1999,11.5
CHL,2000,10.9
CHL,2001,10.3
CHL,2002,9.8
CHL,2003,9.5
CHL,2004,9.3
CHL,2005,9.1
CHL,2006,9
CHL,2007,8.9
CHL,2008,8.9
CHL,2009,8.8
CHL,2010,8.8
CHL,2011,8.7
CHL,2012,8.6
CHL,2013,8.4
CHL,2014,8.3
CHL,2015,8.1
CHN,1800,417.4
CHN,1801,417.4
CHN,1802,417.4
CHN,1803,417.4
CHN,1804,417.4
CHN,1805,417.4
CHN,1806,417.4
CHN,1807,417.4
CHN,1808,417.4
CHN,1809,417.4
CHN,1810,417.4
CHN,1811,417.4
CHN,1812,417.4
CHN,1813,417.4
CHN,1814,417.4
CHN,1815,417.4
CHN,1816,417.4
CHN,1817,417.4
CHN,1818,417.4
CHN,1819,417.4
CHN,1820,417.4
CHN,1821,417.4
CHN,1822,417.4
CHN,1823,417.4
CHN,1824,417.4
CHN,1825,417.4
CHN,1826,417.4
CHN,1827,417.4
CHN,1828,417.4
CHN,1829,417.4
CHN,1830,417.4
CHN,1831,417.4
CHN,1832,417.4
CHN,1833,417.4
CHN,1834,417.4
CHN,1835,417.4
CHN,1836,417.4
CHN,1837,417.4
CHN,1838,417.4
CHN,1839,417.4
CHN,1840,417.4
CHN,1841,417.4
CHN,1842,417.4
CHN,1843,417.4
CHN,1844,417.4
CHN,1845,417.4
CHN,1846,417.4
CHN,1847,417.4
CHN,1848,417.4
CHN,1849,417.4
CHN,1850,417.4
CHN,1851,430.5
CHN,1852,443.8
CHN,1853,457.4
CHN,1854,471.4
CHN,1855,485.7
CHN,1856,500.4
CHN,1857,491.6
CHN,1858,481.4
CHN,1859,472.8
CHN,1860,464.4
CHN,1861,456.1
CHN,1862,446.5
CHN,1863,438.5
CHN,1864,430.5
CHN,1865,429.2
CHN,1866,426.6
CHN,1867,425.2
CHN,1868,422.6
CHN,1869,421.3
CHN,1870,418.7
CHN,1871,417.4
CHN,1872,417.4
CHN,1873,417.4
CHN,1874,417.4
CHN,1875,417.4
CHN,1876,417.4
CHN,1877,417.4
CHN,1878,417.4
CHN,1879,417.4
CHN,1880,417.4
CHN,1881,417.4
CHN,1882,417.4
CHN,1883,417.4
CHN,1884,417.4
CHN,1885,417.4
CHN,1886,417.4
CHN,1887,417.4
CHN,1888,417.4
CHN,1889,417.4
CHN,1890,417.4
CHN,1891,417.4
CHN,1892,417.4
CHN,1893,417.4
CHN,1894,417.4
CHN,1895,417.4
CHN,1896,417.3
CHN,1897,417.2
CHN,1898,417.1
CHN,1899,416.8
CHN,1900,416.5
CHN,1901,416.2
CHN,1902,415.8
CHN,1903,415.3
CHN,1904,414.7
CHN,1905,414.1
CHN,1906,413.4
CHN,1907,412.6
CHN,1908,411.8
CHN,1909,411
CHN,1910,410.1
CHN,1911,409.1
CHN,1912,408.1
CHN,1913,407.1
CHN,1914,406.2
CHN,1915,405.2
CHN,1916,404.2
CHN,1917,403.2
CHN,1918,402.2
CHN,1919,401.3
CHN,1920,400.3
CHN,1921,399.3
CHN,1922,398.3
CHN,1923,397.4
CHN,1924,396.4
CHN,1925,395.4
CHN,1926,394.4
CHN,1927,393.4
CHN,1928,392.5
CHN,1929,391.5
CHN,1930,390.5
CHN,1931,383.6
CHN,1932,376.7
CHN,1933,369.9
CHN,1934,363.2
CHN,1935,356.7
CHN,1936,350.1
CHN,1937,345.9
CHN,1938,340.6
CHN,1939,336.5
CHN,1940,332.4
CHN,1941,330.9
CHN,1942,329.3
CHN,1943,327.8
CHN,1944,326.2
CHN,1945,324.7
CHN,1946,323.2
CHN,1947,321.6
CHN,1948,320.1
CHN,1949,318.6
CHN,1950,317.1
CHN,1951,311.7
CHN,1952,306.4
CHN,1953,301.2
CHN,1954,296
CHN,1955,291
CHN,1956,270.3
CHN,1957,251.1
CHN,1958,233.3
CHN,1959,268.4
CHN,1960,309
CHN,1961,261.9
CHN,1962,167.8
CHN,1963,148.1
CHN,1964,130.8
CHN,1965,115.4
CHN,1966,120.8
CHN,1967,126.4
CHN,1968,132.3
CHN,1969,119.1
CHN,1970,113.3
CHN,1971,107.7
CHN,1972,102.1
CHN,1973,96.5
CHN,1974,90.9
CHN,1975,85.2
CHN,1976,79.8
CHN,1977,74.6
CHN,1978,70
CHN,1979,65.9
CHN,1980,62.4
CHN,1981,59.6
CHN,1982,57.4
CHN,1983,55.7
CHN,1984,54.6
CHN,1985,54
CHN,1986,53.7
CHN,1987,53.7
CHN,1988,53.9
CHN,1989,54
CHN,1990,53.8
CHN,1991,53.3
CHN,1992,52.4
CHN,1993,51
CHN,1994,49.3
CHN,1995,47.5
CHN,1996,45.6
CHN,1997,43.6
CHN,1998,41.5
CHN,1999,39.3
CHN,2000,36.9
CHN,2001,34.3
CHN,2002,31.6
CHN,2003,28.9
CHN,2004,26.3
CHN,2005,24
CHN,2006,21.9
CHN,2007,20.1
CHN,2008,18.5
CHN,2009,17
CHN,2010,15.7
CHN,2011,14.5
CHN,2012,13.4
CHN,2013,12.3
CHN,2014,11.4
CHN,2015,10.7
COL,1800,417.4
COL,1801,417.4
COL,1802,417.4
COL,1803,417.4
COL,1804,417.4
COL,1805,417.4
COL,1806,417.4
COL,1807,417.4
COL,1808,417.4
COL,1809,417.4
COL,1810,417.4
COL,1811,417.4
COL,1812,417.4
COL,1813,417.4
COL,1814,417.4
COL,1815,417.4
COL,1816,417.4
COL,1817,417.4
COL,1818,417.4
COL,1819,417.4
COL,1820,417.4
COL,1821,417.4
COL,1822,417.4
COL,1823,417.4
COL,1824,417.4
COL,1825,417.4
COL,1826,417.4
COL,1827,417.4
COL,1828,417.4
COL,1829,417.4
COL,1830,417.4
COL,1831,417.4
COL,1832,417.4
COL,1833,417.4
COL,1834,417.4
COL,1835,417.4
COL,1836,417.4
COL,1837,417.4
COL,1838,417.4
COL,1839,417.4
COL,1840,417.4
COL,1841,417.4
COL,1842,417.4
COL,1843,417.4
COL,1844,417.4
COL,1845,417.4
COL,1846,417.4
COL,1847,417.4
COL,1848,417.4
COL,1849,417.4
COL,1850,417.4
COL,1851,417.4
COL,1852,417.4
COL,1853,417.4
COL,1854,417.4
COL,1855,417.4
COL,1856,417.4
COL,1857,417.4
COL,1858,417.4
COL,1859,417.4
COL,1860,417.4
COL,1861,417.4
COL,1862,417.4
COL,1863,417.4
COL,1864,417.4
COL,1865,417.4
COL,1866,417.4
COL,1867,417.4
COL,1868,417.4
COL,1869,417.4
COL,1870,417.4
COL,1871,417.4
COL,1872,417.4
COL,1873,417.4
COL,1874,417.4
COL,1875,417.4
COL,1876,417.4
COL,1877,417.4
COL,1878,417.4
COL,1879,417.4
COL,1880,417.4
COL,1881,417.4
COL,1882,417.4
COL,1883,417.4
COL,1884,417.4
COL,1885,417.4
COL,1886,417.4
COL,1887,417.4
COL,1888,417.4
COL,1889,417.4
COL,1890,417.4
COL,1891,417.4
COL,1892,417.4
COL,1893,417.4
COL,1894,417.4
COL,1895,417.4
COL,1896,417.3
COL,1897,417.2
COL,1898,417.1
COL,1899,416.8
COL,1900,416.5
COL,1901,416.2
COL,1902,415.8
COL,1903,415.3
COL,1904,414.7
COL,1905,414.1
COL,1906,413.4
COL,1907,412.6
COL,1908,411.8
COL,1909,411
COL,1910,410.1
COL,1911,409.1
COL,1912,408.1
COL,1913,407.1
COL,1914,406.2
COL,1915,383.3
COL,1916,361.8
COL,1917,341.5
COL,1918,322.3
COL,1919,304.2
COL,1920,287.1
COL,1921,271
COL,1922,255.8
COL,1923,241.4
COL,1924,227.8
COL,1925,190.4
COL,1926,238.9
COL,1927,231.6
COL,1928,203.6
COL,1929,192.3
COL,1930,160.5
COL,1931,196.1
COL,1932,212.3
COL,1933,229.8
COL,1934,181.1
COL,1935,253.5
COL,1936,248.2
COL,1937,242.7
COL,1938,253.5
COL,1939,263.8
COL,1940,228.1
COL,1941,242.8
COL,1942,250
COL,1943,255.3
COL,1944,251.8
COL,1945,244.7
COL,1946,242.9
COL,1947,224.4
COL,1948,216.9
COL,1949,213.2
COL,1950,194.4
COL,1951,186.9
COL,1952,170
COL,1953,186.9
COL,1954,176
COL,1955,165.6
COL,1956,155.9
COL,1957,146.7
COL,1958,138.1
COL,1959,130
COL,1960,127.3
COL,1961,124.6
COL,1962,122
COL,1963,119.4
COL,1964,116.7
COL,1965,114
COL,1966,111.1
COL,1967,108
COL,1968,104.6
COL,1969,101.1
COL,1970,97.6
COL,1971,94
COL,1972,90.4
COL,1973,86.7
COL,1974,82.8
COL,1975,78.7
COL,1976,74.3
COL,1977,69.9
COL,1978,65.5
COL,1979,61.3
COL,1980,57.4
COL,1981,53.7
COL,1982,50.3
COL,1983,47.3
COL,1984,44.6
COL,1985,42.3
COL,1986,40.3
COL,1987,38.7
COL,1988,37.4
COL,1989,36.2
COL,1990,35.1
COL,1991,34.1
COL,1992,33.1
COL,1993,32.1
COL,1994,31
COL,1995,30
COL,1996,28.9
COL,1997,27.9
COL,1998,26.9
COL,1999,26
COL,2000,25.1
COL,2001,24.3
COL,2002,23.6
COL,2003,22.9
COL,2004,22.2
COL,2005,21.5
COL,2006,20.9
COL,2007,20.3
COL,2008,19.7
COL,2009,19.1
COL,2010,18.5
COL,2011,18
COL,2012,17.4
COL,2013,16.9
COL,2014,16.4
COL,2015,15.9
COM,1800,416.2
COM,1801,416.2
COM,1802,416.2
COM,1803,416.2
COM,1804,416.2
COM,1805,416.2
COM,1806,416.2
COM,1807,416.2
COM,1808,416.2
COM,1809,416.2
COM,1810,416.2
COM,1811,416.2
COM,1812,416.2
COM,1813,416.2
COM,1814,416.2
COM,1815,416.2
COM,1816,416.2
COM,1817,416.2
COM,1818,416.2
COM,1819,416.2
COM,1820,416.2
COM,1821,416.2
COM,1822,416.2
COM,1823,416.2
COM,1824,416.2
COM,1825,416.2
COM,1826,416.2
COM,1827,416.2
COM,1828,416.2
COM,1829,416.2
COM,1830,416.2
COM,1831,416.2
COM,1832,416.2
COM,1833,416.2
COM,1834,416.2
COM,1835,416.2
COM,1836,416.2
COM,1837,416.2
COM,1838,416.2
COM,1839,416.2
COM,1840,416.2
COM,1841,416.2
COM,1842,416.2
COM,1843,416.2
COM,1844,416.2
COM,1845,416.2
COM,1846,416.2
COM,1847,416.2
COM,1848,416.2
COM,1849,416.2
COM,1850,416.2
COM,1851,416.2
COM,1852,416.2
COM,1853,416.2
COM,1854,416.2
COM,1855,416.2
COM,1856,416.2
COM,1857,416.2
COM,1858,416.2
COM,1859,416.2
COM,1860,416.2
COM,1861,416.2
COM,1862,416.2
COM,1863,416.2
COM,1864,416.2
COM,1865,416.2
COM,1866,416.2
COM,1867,416.2
COM,1868,416.2
COM,1869,416.2
COM,1870,416.2
COM,1871,416.2
COM,1872,416.2
COM,1873,416.2
COM,1874,416.2
COM,1875,416.2
COM,1876,416.2
COM,1877,416.2
COM,1878,416.2
COM,1879,416.2
COM,1880,416.2
COM,1881,416.2
COM,1882,416.2
COM,1883,416.2
COM,1884,416.2
COM,1885,416.2
COM,1886,416.2
COM,1887,416.2
COM,1888,416.2
COM,1889,416.2
COM,1890,416.2
COM,1891,416.2
COM,1892,416.2
COM,1893,416.2
COM,1894,416.1
COM,1895,416.1
COM,1896,416.1
COM,1897,415.9
COM,1898,415.8
COM,1899,415.6
COM,1900,415.3
COM,1901,414.9
COM,1902,414.5
COM,1903,414
COM,1904,413.4
COM,1905,412.8
COM,1906,412.1
COM,1907,411.4
COM,1908,410.6
COM,1909,409.7
COM,1910,408.8
COM,1911,407.9
COM,1912,406.9
COM,1913,405.9
COM,1914,404.9
COM,1915,403.9
COM,1916,403
COM,1917,402
COM,1918,401
COM,1919,400.1
COM,1920,399.1
COM,1921,398.1
COM,1922,397.1
COM,1923,396.1
COM,1924,395.2
COM,1925,394.2
COM,1926,393.2
COM,1927,392.2
COM,1928,391.3
COM,1929,390.3
COM,1930,389.3
COM,1931,388.4
COM,1932,387.4
COM,1933,386.5
COM,1934,385.6
COM,1935,384.6
COM,1936,383.7
COM,1937,382.7
COM,1938,381.8
COM,1939,380.9
COM,1940,379.9
COM,1941,379
COM,1942,378
COM,1943,377.1
COM,1944,376.1
COM,1945,375.2
COM,1946,356.1
COM,1947,337.7
COM,1948,319.9
COM,1949,302.7
COM,1950,286.1
COM,1951,289.8
COM,1952,293.7
COM,1953,297.6
COM,1954,301.5
COM,1955,305.5
COM,1956,309.5
COM,1957,313.6
COM,1958,317.8
COM,1959,322
COM,1960,326.2
COM,1961,313.2
COM,1962,300.7
COM,1963,288.7
COM,1964,277.2
COM,1965,266.1
COM,1966,255.5
COM,1967,245.3
COM,1968,235.5
COM,1969,226.1
COM,1970,227.1
COM,1971,221.8
COM,1972,217.1
COM,1973,212.4
COM,1974,207.7
COM,1975,202.7
COM,1976,197.7
COM,1977,192.3
COM,1978,186.8
COM,1979,181.1
COM,1980,175.3
COM,1981,169.4
COM,1982,163.6
COM,1983,157.9
COM,1984,152.4
COM,1985,147.2
COM,1986,142.2
COM,1987,137.6
COM,1988,133.2
COM,1989,129.1
COM,1990,125.1
COM,1991,121.2
COM,1992,117.2
COM,1993,113.6
COM,1994,110.5
COM,1995,107.8
COM,1996,105.6
COM,1997,104
COM,1998,102.7
COM,1999,101.8
COM,2000,101.1
COM,2001,100.8
COM,2002,100.8
COM,2003,100.4
COM,2004,99.4
COM,2005,97.8
COM,2006,95.7
COM,2007,93.5
COM,2008,91.2
COM,2009,88.5
COM,2010,86
COM,2011,83.3
COM,2012,80.9
COM,2013,78.3
COM,2014,75.9
COM,2015,73.5
COD,1800,422.6
COD,1801,422.6
COD,1802,422.6
COD,1803,422.6
COD,1804,422.6
COD,1805,422.6
COD,1806,422.6
COD,1807,422.6
COD,1808,422.6
COD,1809,422.6
COD,1810,422.6
COD,1811,422.6
COD,1812,422.6
COD,1813,422.6
COD,1814,422.6
COD,1815,422.6
COD,1816,422.6
COD,1817,422.6
COD,1818,422.6
COD,1819,422.6
COD,1820,422.6
COD,1821,422.6
COD,1822,422.6
COD,1823,422.6
COD,1824,422.6
COD,1825,422.6
COD,1826,422.6
COD,1827,422.6
COD,1828,422.6
COD,1829,422.6
COD,1830,422.6
COD,1831,422.6
COD,1832,422.6
COD,1833,422.6
COD,1834,422.6
COD,1835,422.6
COD,1836,422.6
COD,1837,422.6
COD,1838,422.6
COD,1839,422.6
COD,1840,422.6
COD,1841,422.6
COD,1842,422.6
COD,1843,422.6
COD,1844,422.6
COD,1845,422.6
COD,1846,422.6
COD,1847,422.6
COD,1848,422.6
COD,1849,422.6
COD,1850,422.6
COD,1851,422.6
COD,1852,422.6
COD,1853,422.6
COD,1854,422.6
COD,1855,422.6
COD,1856,422.6
COD,1857,422.6
COD,1858,422.6
COD,1859,422.6
COD,1860,422.6
COD,1861,422.6
COD,1862,422.6
COD,1863,422.6
COD,1864,422.6
COD,1865,422.6
COD,1866,422.6
COD,1867,422.6
COD,1868,422.6
COD,1869,422.6
COD,1870,422.6
COD,1871,422.6
COD,1872,422.6
COD,1873,422.6
COD,1874,422.6
COD,1875,422.6
COD,1876,422.6
COD,1877,422.6
COD,1878,422.6
COD,1879,422.6
COD,1880,422.6
COD,1881,422.6
COD,1882,422.6
COD,1883,422.6
COD,1884,422.6
COD,1885,422.6
COD,1886,422.6
COD,1887,422.6
COD,1888,422.6
COD,1889,422.6
COD,1890,422.6
COD,1891,422.6
COD,1892,422.6
COD,1893,422.6
COD,1894,422.6
COD,1895,422.6
COD,1896,422.5
COD,1897,422.4
COD,1898,422.3
COD,1899,422
COD,1900,421.7
COD,1901,421.4
COD,1902,420.9
COD,1903,420.4
COD,1904,419.9
COD,1905,419.2
COD,1906,418.6
COD,1907,417.8
COD,1908,417
COD,1909,416.1
COD,1910,415.2
COD,1911,414.2
COD,1912,413.2
COD,1913,412.2
COD,1914,411.2
COD,1915,410.2
COD,1916,409.3
COD,1917,408.3
COD,1918,407.3
COD,1919,406.3
COD,1920,405.3
COD,1921,404.3
COD,1922,403.3
COD,1923,402.3
COD,1924,401.3
COD,1925,400.3
COD,1926,399.3
COD,1927,398.4
COD,1928,397.4
COD,1929,396.4
COD,1930,394.6
COD,1931,392.9
COD,1932,391.1
COD,1933,389.4
COD,1934,387.7
COD,1935,385.9
COD,1936,384.2
COD,1937,382.5
COD,1938,380.8
COD,1939,379.1
COD,1940,377.4
COD,1941,367.6
COD,1942,359.2
COD,1943,349.9
COD,1944,340.7
COD,1945,331.6
COD,1946,323.9
COD,1947,315.2
COD,1948,306.7
COD,1949,298.4
COD,1950,291.2
COD,1951,288.6
COD,1952,286
COD,1953,283.4
COD,1954,280.8
COD,1955,278.3
COD,1956,275.8
COD,1957,273.3
COD,1958,270.9
COD,1959,268.4
COD,1960,266
COD,1961,264.4
COD,1962,262.8
COD,1963,261.1
COD,1964,259.6
COD,1965,258
COD,1966,256.4
COD,1967,254.8
COD,1968,253.2
COD,1969,251.7
COD,1970,248.1
COD,1971,244.8
COD,1972,241.4
COD,1973,237.7
COD,1974,234.2
COD,1975,230.3
COD,1976,226.4
COD,1977,222.7
COD,1978,219
COD,1979,215.4
COD,1980,212
COD,1981,208.8
COD,1982,205.7
COD,1983,202.8
COD,1984,200.1
COD,1985,197.7
COD,1986,195.3
COD,1987,193
COD,1988,190.8
COD,1989,188.5
COD,1990,186.5
COD,1991,184.3
COD,1992,182.3
COD,1993,180.3
COD,1994,178.3
COD,1995,176.4
COD,1996,174.1
COD,1997,171.5
COD,1998,168.4
COD,1999,164.9
COD,2000,161
COD,2001,156.8
COD,2002,152.4
COD,2003,147.8
COD,2004,143.2
COD,2005,138.4
COD,2006,133.5
COD,2007,128.9
COD,2008,124.5
COD,2009,120.1
COD,2010,116.1
COD,2011,112.2
COD,2012,108.5
COD,2013,104.8
COD,2014,101.7
COD,2015,98.3
COG,1800,408.5
COG,1801,408.5
COG,1802,408.5
COG,1803,408.5
COG,1804,408.5
COG,1805,408.5
COG,1806,408.5
COG,1807,408.5
COG,1808,408.5
COG,1809,408.5
COG,1810,408.5
COG,1811,408.5
COG,1812,408.5
COG,1813,408.5
COG,1814,408.5
COG,1815,408.5
COG,1816,408.5
COG,1817,408.5
COG,1818,408.5
COG,1819,408.5
COG,1820,408.5
COG,1821,408.5
COG,1822,408.5
COG,1823,408.5
COG,1824,408.5
COG,1825,408.5
COG,1826,408.5
COG,1827,408.5
COG,1828,408.5
COG,1829,408.5
COG,1830,408.5
COG,1831,408.5
COG,1832,408.5
COG,1833,408.5
COG,1834,408.5
COG,1835,408.5
COG,1836,408.5
COG,1837,408.5
COG,1838,408.5
COG,1839,408.5
COG,1840,408.5
COG,1841,408.5
COG,1842,408.5
COG,1843,408.5
COG,1844,408.5
COG,1845,408.5
COG,1846,408.5
COG,1847,408.5
COG,1848,408.5
COG,1849,408.5
COG,1850,408.5
COG,1851,408.5
COG,1852,408.5
COG,1853,408.5
COG,1854,408.5
COG,1855,408.5
COG,1856,408.5
COG,1857,408.5
COG,1858,408.5
COG,1859,408.5
COG,1860,408.5
COG,1861,408.5
COG,1862,408.5
COG,1863,408.5
COG,1864,408.5
COG,1865,408.5
COG,1866,408.5
COG,1867,408.5
COG,1868,408.5
COG,1869,408.5
COG,1870,408.5
COG,1871,408.5
COG,1872,408.5
COG,1873,408.5
COG,1874,408.5
COG,1875,408.5
COG,1876,408.5
COG,1877,408.5
COG,1878,408.5
COG,1879,408.5
COG,1880,408.5
COG,1881,408.5
COG,1882,408.5
COG,1883,408.5
COG,1884,408.5
COG,1885,408.5
COG,1886,408.5
COG,1887,408.5
COG,1888,408.5
COG,1889,408.5
COG,1890,408.5
COG,1891,408.5
COG,1892,408.5
COG,1893,408.5
COG,1894,408.5
COG,1895,408.5
COG,1896,408.4
COG,1897,408.3
COG,1898,408.1
COG,1899,407.9
COG,1900,407.6
COG,1901,407.3
COG,1902,406.9
COG,1903,406.4
COG,1904,405.8
COG,1905,405.2
COG,1906,404.6
COG,1907,403.8
COG,1908,403
COG,1909,402.2
COG,1910,401.3
COG,1911,400.4
COG,1912,399.4
COG,1913,398.4
COG,1914,397.5
COG,1915,396.5
COG,1916,395.6
COG,1917,394.6
COG,1918,393.6
COG,1919,393
COG,1920,392.3
COG,1921,391.6
COG,1922,390.9
COG,1923,390.2
COG,1924,389.5
COG,1925,388.8
COG,1926,388.1
COG,1927,387.4
COG,1928,386.7
COG,1929,386
COG,1930,385.3
COG,1931,384.6
COG,1932,383.9
COG,1933,383.2
COG,1934,382.4
COG,1935,381.7
COG,1936,381
COG,1937,380.3
COG,1938,379.6
COG,1939,378.9
COG,1940,378.2
COG,1941,377.4
COG,1942,376.7
COG,1943,376
COG,1944,375.3
COG,1945,374.6
COG,1946,353.3
COG,1947,332.9
COG,1948,313.2
COG,1949,298.2
COG,1950,284
COG,1951,270.4
COG,1952,257.4
COG,1953,245.1
COG,1954,233.4
COG,1955,222.2
COG,1956,211.6
COG,1957,201.4
COG,1958,191.8
COG,1959,188.3
COG,1960,184.4
COG,1961,180.2
COG,1962,176
COG,1963,172.3
COG,1964,168.3
COG,1965,163.9
COG,1966,159.4
COG,1967,155
COG,1968,150.9
COG,1969,147
COG,1970,143.1
COG,1971,139.5
COG,1972,135.7
COG,1973,132.2
COG,1974,129.3
COG,1975,126.3
COG,1976,123.3
COG,1977,120.5
COG,1978,117.7
COG,1979,114.7
COG,1980,111.9
COG,1981,109.1
COG,1982,106.2
COG,1983,103.2
COG,1984,100.2
COG,1985,97.5
COG,1986,95.3
COG,1987,93.7
COG,1988,92.8
COG,1989,92.8
COG,1990,93.6
COG,1991,95.2
COG,1992,97.4
COG,1993,100.2
COG,1994,103.8
COG,1995,107.7
COG,1996,111.9
COG,1997,116
COG,1998,119.3
COG,1999,121.4
COG,2000,121.6
COG,2001,119.7
COG,2002,115.6
COG,2003,109.8
COG,2004,102.9
COG,2005,95.3
COG,2006,87.4
COG,2007,79.9
COG,2008,72.6
COG,2009,66.1
COG,2010,60.6
COG,2011,56.1
COG,2012,52.6
COG,2013,49.6
COG,2014,47.1
COG,2015,45
COK,1951,193.1
COK,1952,182.8
COK,1953,173
COK,1954,163.7
COK,1955,154.5
COK,1956,145.8
COK,1957,137.1
COK,1958,128.5
COK,1959,120.3
COK,1960,112.2
COK,1961,104.5
COK,1962,96.9
COK,1963,89.8
COK,1964,83.1
COK,1965,76.9
COK,1966,71
COK,1967,65.4
COK,1968,60.4
COK,1969,55.8
COK,1970,51.7
COK,1971,48.1
COK,1972,44.9
COK,1973,42.3
COK,1974,40.1
COK,1975,38.3
COK,1976,36.8
COK,1977,35.5
COK,1978,34.3
COK,1979,33.2
COK,1980,32.1
COK,1981,31.1
COK,1982,30.1
COK,1983,29.1
COK,1984,28.2
COK,1985,27.3
COK,1986,26.5
COK,1987,25.8
COK,1988,25.3
COK,1989,24.8
COK,1990,24.4
COK,1991,24
COK,1992,23.6
COK,1993,23.2
COK,1994,22.6
COK,1995,21.8
COK,1996,20.9
COK,1997,19.8
COK,1998,18.7
COK,1999,17.7
COK,2000,16.8
COK,2001,16
COK,2002,15.2
COK,2003,14.4
COK,2004,13.7
COK,2005,13
COK,2006,12.2
COK,2007,11.6
COK,2008,10.9
COK,2009,10.3
COK,2010,9.9
COK,2011,9.4
COK,2012,9.1
COK,2013,8.7
COK,2014,8.4
COK,2015,8.1
CRI,1800,441.1
CRI,1801,441.1
CRI,1802,441.1
CRI,1803,441.1
CRI,1804,441.1
CRI,1805,441.1
CRI,1806,441.1
CRI,1807,441.1
CRI,1808,441.1
CRI,1809,441.1
CRI,1810,441.1
CRI,1811,441.1
CRI,1812,441.1
CRI,1813,441.1
CRI,1814,441.1
CRI,1815,441.1
CRI,1816,441.1
CRI,1817,441.1
CRI,1818,441.1
CRI,1819,441.1
CRI,1820,441.1
CRI,1821,441.1
CRI,1822,441.1
CRI,1823,441.1
CRI,1824,441.1
CRI,1825,441.1
CRI,1826,441.1
CRI,1827,441.1
CRI,1828,441.1
CRI,1829,441.1
CRI,1830,441.1
CRI,1831,441.1
CRI,1832,441.1
CRI,1833,441.1
CRI,1834,441.1
CRI,1835,441.1
CRI,1836,441.1
CRI,1837,441.1
CRI,1838,441.1
CRI,1839,441.1
CRI,1840,441.1
CRI,1841,441.1
CRI,1842,441.1
CRI,1843,441.1
CRI,1844,441.1
CRI,1845,441.1
CRI,1846,441.1
CRI,1847,441.1
CRI,1848,441.1
CRI,1849,441.1
CRI,1850,441.1
CRI,1851,441.1
CRI,1852,441.1
CRI,1853,441.1
CRI,1854,441.1
CRI,1855,441.1
CRI,1856,441.1
CRI,1857,441.1
CRI,1858,441.1
CRI,1859,441.1
CRI,1860,441.1
CRI,1861,441.1
CRI,1862,441.1
CRI,1863,441.1
CRI,1864,441.1
CRI,1865,441.1
CRI,1866,441.1
CRI,1867,441.1
CRI,1868,441.1
CRI,1869,441.1
CRI,1870,441.1
CRI,1871,441.1
CRI,1872,441.1
CRI,1873,441.1
CRI,1874,441.1
CRI,1875,441.1
CRI,1876,441.1
CRI,1877,441.1
CRI,1878,441.1
CRI,1879,441.1
CRI,1880,441.1
CRI,1881,441.1
CRI,1882,441.1
CRI,1883,441.1
CRI,1884,441.1
CRI,1885,441.1
CRI,1886,441.1
CRI,1887,441.1
CRI,1888,441.1
CRI,1889,441.1
CRI,1890,435.8
CRI,1891,430.5
CRI,1892,425.2
CRI,1893,420
CRI,1894,414.9
CRI,1895,408.5
CRI,1896,403.3
CRI,1897,398.2
CRI,1898,393.1
CRI,1899,388
CRI,1900,382.8
CRI,1901,382.5
CRI,1902,380.9
CRI,1903,380.4
CRI,1904,378.7
CRI,1905,378.1
CRI,1906,377.5
CRI,1907,375.6
CRI,1908,374.9
CRI,1909,372.9
CRI,1910,372.1
CRI,1911,371.2
CRI,1912,370.4
CRI,1913,369.5
CRI,1914,368.6
CRI,1915,367.7
CRI,1916,366.8
CRI,1917,365.9
CRI,1918,365
CRI,1919,364.1
CRI,1920,363.2
CRI,1921,354.3
CRI,1922,345.6
CRI,1923,336.9
CRI,1924,328.5
CRI,1925,319.1
CRI,1926,310.8
CRI,1927,302.6
CRI,1928,294.6
CRI,1929,286.8
CRI,1930,279
CRI,1931,273.3
CRI,1932,268.7
CRI,1933,263.1
CRI,1934,257.6
CRI,1935,252.3
CRI,1936,247.8
CRI,1937,242.6
CRI,1938,237.3
CRI,1939,233.1
CRI,1940,228
CRI,1941,219.5
CRI,1942,211.2
CRI,1943,202.2
CRI,1944,194.2
CRI,1945,186.4
CRI,1946,178.8
CRI,1947,171.2
CRI,1948,163.1
CRI,1949,156
CRI,1950,148.9
CRI,1951,146.3
CRI,1952,141.6
CRI,1953,137.5
CRI,1954,132.6
CRI,1955,127.7
CRI,1956,123.1
CRI,1957,118.7
CRI,1958,114.5
CRI,1959,110.4
CRI,1960,106.5
CRI,1961,102.7
CRI,1962,99.01
CRI,1963,95.49
CRI,1964,92.08
CRI,1965,88.8
CRI,1966,85
CRI,1967,82.3
CRI,1968,80.4
CRI,1969,78.8
CRI,1970,76.4
CRI,1971,71.8
CRI,1972,64.9
CRI,1973,57.8
CRI,1974,51.8
CRI,1975,46.3
CRI,1976,40.3
CRI,1977,34
CRI,1978,28.9
CRI,1979,25.6
CRI,1980,23.8
CRI,1981,23.1
CRI,1982,22.9
CRI,1983,22.8
CRI,1984,22.4
CRI,1985,21.6
CRI,1986,20.5
CRI,1987,19.3
CRI,1988,18.3
CRI,1989,17.5
CRI,1990,16.9
CRI,1991,16.5
CRI,1992,16.1
CRI,1993,15.8
CRI,1994,15.5
CRI,1995,15.2
CRI,1996,15
CRI,1997,14.8
CRI,1998,14.4
CRI,1999,13.8
CRI,2000,13
CRI,2001,12.2
CRI,2002,11.6
CRI,2003,11
CRI,2004,10.7
CRI,2005,10.4
CRI,2006,10.3
CRI,2007,10.3
CRI,2008,10.3
CRI,2009,10.2
CRI,2010,10.2
CRI,2011,10.1
CRI,2012,10.1
CRI,2013,10
CRI,2014,9.9
CRI,2015,9.7
CIV,1800,427.9
CIV,1801,427.9
CIV,1802,427.9
CIV,1803,427.9
CIV,1804,427.9
CIV,1805,427.9
CIV,1806,427.9
CIV,1807,427.9
CIV,1808,427.9
CIV,1809,427.9
CIV,1810,427.9
CIV,1811,427.9
CIV,1812,427.9
CIV,1813,427.9
CIV,1814,427.9
CIV,1815,427.9
CIV,1816,427.9
CIV,1817,427.9
CIV,1818,427.9
CIV,1819,427.9
CIV,1820,427.9
CIV,1821,427.9
CIV,1822,427.9
CIV,1823,427.9
CIV,1824,427.9
CIV,1825,427.9
CIV,1826,427.9
CIV,1827,427.9
CIV,1828,427.9
CIV,1829,427.9
CIV,1830,427.9
CIV,1831,427.9
CIV,1832,427.9
CIV,1833,427.9
CIV,1834,427.9
CIV,1835,427.9
CIV,1836,427.9
CIV,1837,427.9
CIV,1838,427.9
CIV,1839,427.9
CIV,1840,427.9
CIV,1841,427.9
CIV,1842,427.9
CIV,1843,427.9
CIV,1844,427.9
CIV,1845,427.9
CIV,1846,427.9
CIV,1847,427.9
CIV,1848,427.9
CIV,1849,427.9
CIV,1850,427.9
CIV,1851,427.9
CIV,1852,427.9
CIV,1853,427.9
CIV,1854,427.9
CIV,1855,427.9
CIV,1856,427.9
CIV,1857,427.9
CIV,1858,427.9
CIV,1859,427.9
CIV,1860,427.9
CIV,1861,427.9
CIV,1862,427.9
CIV,1863,427.9
CIV,1864,427.9
CIV,1865,427.9
CIV,1866,427.9
CIV,1867,427.9
CIV,1868,427.9
CIV,1869,427.9
CIV,1870,427.9
CIV,1871,427.9
CIV,1872,427.9
CIV,1873,427.9
CIV,1874,427.9
CIV,1875,427.9
CIV,1876,427.9
CIV,1877,427.9
CIV,1878,427.9
CIV,1879,427.9
CIV,1880,427.9
CIV,1881,427.9
CIV,1882,427.9
CIV,1883,427.9
CIV,1884,427.9
CIV,1885,427.9
CIV,1886,427.9
CIV,1887,427.9
CIV,1888,427.9
CIV,1889,427.9
CIV,1890,427.9
CIV,1891,427.9
CIV,1892,427.9
CIV,1893,427.9
CIV,1894,427.8
CIV,1895,427.8
CIV,1896,427.7
CIV,1897,427.6
CIV,1898,427.5
CIV,1899,427.2
CIV,1900,426.9
CIV,1901,426.6
CIV,1902,426.1
CIV,1903,425.6
CIV,1904,425.1
CIV,1905,424.4
CIV,1906,423.7
CIV,1907,422.9
CIV,1908,422.1
CIV,1909,421.2
CIV,1910,420.3
CIV,1911,419.3
CIV,1912,418.3
CIV,1913,417.3
CIV,1914,416.3
CIV,1915,415.3
CIV,1916,414.2
CIV,1917,413.2
CIV,1918,412.1
CIV,1919,411
CIV,1920,410
CIV,1921,408.9
CIV,1922,407.8
CIV,1923,406.8
CIV,1924,405.7
CIV,1925,404.6
CIV,1926,403.6
CIV,1927,402.5
CIV,1928,401.4
CIV,1929,400.4
CIV,1930,399.3
CIV,1931,398.2
CIV,1932,397.2
CIV,1933,396.1
CIV,1934,395.1
CIV,1935,394
CIV,1936,392.9
CIV,1937,391.9
CIV,1938,390.8
CIV,1939,389.8
CIV,1940,388.7
CIV,1941,387.6
CIV,1942,386.6
CIV,1943,385.5
CIV,1944,384.4
CIV,1945,383.4
CIV,1946,382.3
CIV,1947,378.7
CIV,1948,375
CIV,1949,371.4
CIV,1950,367.9
CIV,1951,364.4
CIV,1952,360.9
CIV,1953,357.4
CIV,1954,354
CIV,1955,350.6
CIV,1956,342.4
CIV,1957,334.4
CIV,1958,326.3
CIV,1959,318.5
CIV,1960,310.6
CIV,1961,302.9
CIV,1962,295.4
CIV,1963,288.1
CIV,1964,280.9
CIV,1965,274
CIV,1966,267.3
CIV,1967,260.6
CIV,1968,253.9
CIV,1969,247.3
CIV,1970,240.6
CIV,1971,233.6
CIV,1972,225.9
CIV,1973,217.6
CIV,1974,209.1
CIV,1975,200.3
CIV,1976,191.8
CIV,1977,184
CIV,1978,177
CIV,1979,171
CIV,1980,166.1
CIV,1981,162.2
CIV,1982,158.9
CIV,1983,156.3
CIV,1984,154.3
CIV,1985,152.7
CIV,1986,151.7
CIV,1987,151
CIV,1988,150.5
CIV,1989,150.2
CIV,1990,150
CIV,1991,150
CIV,1992,149.8
CIV,1993,149.6
CIV,1994,149.3
CIV,1995,148.9
CIV,1996,148.3
CIV,1997,147.3
CIV,1998,146
CIV,1999,144.3
CIV,2000,142.3
CIV,2001,139.8
CIV,2002,137.2
CIV,2003,134.4
CIV,2004,131.3
CIV,2005,128
CIV,2006,124.7
CIV,2007,121.3
CIV,2008,116.9
CIV,2009,113.5
CIV,2010,110.1
CIV,2011,107.2
CIV,2012,104.2
CIV,2013,100.7
CIV,2014,97.2
CIV,2015,94.4
HRV,1800,366.8
HRV,1801,366.8
HRV,1802,366.8
HRV,1803,366.8
HRV,1804,366.8
HRV,1805,366.8
HRV,1806,366.8
HRV,1807,366.8
HRV,1808,366.8
HRV,1809,366.8
HRV,1810,366.8
HRV,1811,366.8
HRV,1812,366.8
HRV,1813,366.8
HRV,1814,366.8
HRV,1815,366.8
HRV,1816,366.8
HRV,1817,366.8
HRV,1818,366.8
HRV,1819,366.8
HRV,1820,366.8
HRV,1821,366.8
HRV,1822,366.8
HRV,1823,366.8
HRV,1824,366.8
HRV,1825,366.8
HRV,1826,366.8
HRV,1827,366.8
HRV,1828,366.8
HRV,1829,366.8
HRV,1830,366.8
HRV,1831,366.8
HRV,1832,366.8
HRV,1833,366.8
HRV,1834,366.8
HRV,1835,366.8
HRV,1836,366.8
HRV,1837,366.8
HRV,1838,366.8
HRV,1839,366.8
HRV,1840,366.8
HRV,1841,366.8
HRV,1842,366.8
HRV,1843,366.8
HRV,1844,366.8
HRV,1845,366.8
HRV,1846,366.8
HRV,1847,366.8
HRV,1848,366.8
HRV,1849,366.8
HRV,1850,366.8
HRV,1851,366.8
HRV,1852,366.8
HRV,1853,366.8
HRV,1854,366.8
HRV,1855,366.8
HRV,1856,366.8
HRV,1857,366.8
HRV,1858,366.8
HRV,1859,366.8
HRV,1860,366.8
HRV,1861,366.8
HRV,1862,366.8
HRV,1863,366.8
HRV,1864,366.8
HRV,1865,366.8
HRV,1866,366.8
HRV,1867,366.8
HRV,1868,366.8
HRV,1869,366.8
HRV,1870,366.8
HRV,1871,366.8
HRV,1872,366.8
HRV,1873,366.8
HRV,1874,366.8
HRV,1875,366.8
HRV,1876,366.8
HRV,1877,366.8
HRV,1878,366.8
HRV,1879,366.8
HRV,1880,366.8
HRV,1881,366.8
HRV,1882,366.8
HRV,1883,366.8
HRV,1884,366.8
HRV,1885,366.8
HRV,1886,366.8
HRV,1887,366.8
HRV,1888,366.8
HRV,1889,366.8
HRV,1890,366.8
HRV,1891,366.8
HRV,1892,366.8
HRV,1893,366.8
HRV,1894,366.8
HRV,1895,366.8
HRV,1896,366.7
HRV,1897,366.6
HRV,1898,366.5
HRV,1899,366.3
HRV,1900,366.1
HRV,1901,365.7
HRV,1902,365.4
HRV,1903,364.9
HRV,1904,364.4
HRV,1905,363.9
HRV,1906,363.3
HRV,1907,362.6
HRV,1908,361.9
HRV,1909,361.1
HRV,1910,360.4
HRV,1911,359.5
HRV,1912,358.7
HRV,1913,357.8
HRV,1914,356.9
HRV,1915,356.1
HRV,1916,355.2
HRV,1917,354.4
HRV,1918,353.5
HRV,1919,352.6
HRV,1920,351.8
HRV,1921,341.9
HRV,1922,332.3
HRV,1923,322.8
HRV,1924,313.5
HRV,1925,304.3
HRV,1926,295.4
HRV,1927,286.6
HRV,1928,277.9
HRV,1929,269.4
HRV,1930,260.1
HRV,1931,251.9
HRV,1932,243.9
HRV,1933,236
HRV,1934,228.2
HRV,1935,220.6
HRV,1936,213.1
HRV,1937,205.7
HRV,1938,198.5
HRV,1939,191.4
HRV,1940,184.5
HRV,1941,177.1
HRV,1942,170
HRV,1943,163.1
HRV,1944,156.2
HRV,1945,149.6
HRV,1946,143
HRV,1947,136.7
HRV,1948,130.4
HRV,1949,124.4
HRV,1950,117.8
HRV,1951,114.9
HRV,1952,112.1
HRV,1953,109.4
HRV,1954,106.8
HRV,1955,104.2
HRV,1956,101.6
HRV,1957,99.14
HRV,1958,96.72
HRV,1959,94.36
HRV,1960,92.06
HRV,1961,84.61
HRV,1962,77.76
HRV,1963,71.46
HRV,1964,65.67
HRV,1965,60.35
HRV,1966,55.46
HRV,1967,50.97
HRV,1968,46.84
HRV,1969,43.04
HRV,1970,39.55
HRV,1971,37.43
HRV,1972,35.42
HRV,1973,33.52
HRV,1974,31.73
HRV,1975,30.02
HRV,1976,28.41
HRV,1977,26.89
HRV,1978,25.44
HRV,1979,24.08
HRV,1980,22.78
HRV,1981,21.9
HRV,1982,21
HRV,1983,20
HRV,1984,19.1
HRV,1985,18
HRV,1986,17
HRV,1987,15.8
HRV,1988,14.8
HRV,1989,13.7
HRV,1990,12.9
HRV,1991,12.1
HRV,1992,11.4
HRV,1993,10.9
HRV,1994,10.4
HRV,1995,10
HRV,1996,9.6
HRV,1997,9.3
HRV,1998,8.9
HRV,1999,8.6
HRV,2000,8.3
HRV,2001,8
HRV,2002,7.7
HRV,2003,7.4
HRV,2004,7.1
HRV,2005,6.8
HRV,2006,6.5
HRV,2007,6.2
HRV,2008,5.9
HRV,2009,5.6
HRV,2010,5.4
HRV,2011,5.1
HRV,2012,4.9
HRV,2013,4.7
HRV,2014,4.5
HRV,2015,4.3
CUB,1800,414.9
CUB,1801,413.6
CUB,1802,411.1
CUB,1803,409.8
CUB,1804,408.5
CUB,1805,406
CUB,1806,404.7
CUB,1807,402.2
CUB,1808,400.9
CUB,1809,398.4
CUB,1810,397.2
CUB,1811,394.7
CUB,1812,393.5
CUB,1813,391
CUB,1814,389.8
CUB,1815,388.5
CUB,1816,387.3
CUB,1817,386.1
CUB,1818,384.9
CUB,1819,383.7
CUB,1820,380
CUB,1821,375.2
CUB,1822,371.6
CUB,1823,366.8
CUB,1824,363.3
CUB,1825,365.7
CUB,1826,366.8
CUB,1827,369.2
CUB,1828,370.4
CUB,1829,372.8
CUB,1830,371.6
CUB,1831,369.2
CUB,1832,368
CUB,1833,365.7
CUB,1834,364.5
CUB,1835,363.3
CUB,1836,363.3
CUB,1837,362.1
CUB,1838,362.1
CUB,1839,361
CUB,1840,362.1
CUB,1841,363.3
CUB,1842,365.7
CUB,1843,366.8
CUB,1844,368
CUB,1845,368
CUB,1846,366.8
CUB,1847,366.8
CUB,1848,365.7
CUB,1849,365.7
CUB,1850,364.5
CUB,1851,364.5
CUB,1852,363.3
CUB,1853,363.3
CUB,1854,362.1
CUB,1855,362.1
CUB,1856,362.1
CUB,1857,361
CUB,1858,361
CUB,1859,361
CUB,1860,365.7
CUB,1861,369.2
CUB,1862,374
CUB,1863,377.6
CUB,1864,382.4
CUB,1865,394.7
CUB,1866,408.5
CUB,1867,421.3
CUB,1868,435.8
CUB,1869,449.2
CUB,1870,447.9
CUB,1871,447.9
CUB,1872,446.5
CUB,1873,446.5
CUB,1874,445.1
CUB,1875,429.2
CUB,1876,413.6
CUB,1877,399.7
CUB,1878,384.9
CUB,1879,370.4
CUB,1880,358.6
CUB,1881,345.9
CUB,1882,334.6
CUB,1883,322.4
CUB,1884,311.5
CUB,1885,306.2
CUB,1886,299.8
CUB,1887,294.6
CUB,1888,288.3
CUB,1889,283.2
CUB,1890,327.9
CUB,1891,375.2
CUB,1892,427.9
CUB,1893,484.2
CUB,1894,548.4
CUB,1895,561.5
CUB,1896,574.9
CUB,1897,588.5
CUB,1898,603.7
CUB,1899,621
CUB,1900,402.6
CUB,1901,399.7
CUB,1902,396.8
CUB,1903,393.9
CUB,1904,390.9
CUB,1905,386.6
CUB,1906,383.6
CUB,1907,380.5
CUB,1908,377.3
CUB,1909,374.1
CUB,1910,370.9
CUB,1911,367.7
CUB,1912,364.5
CUB,1913,360.1
CUB,1914,356.9
CUB,1915,353.8
CUB,1916,350.7
CUB,1917,347.6
CUB,1918,344.4
CUB,1919,340.3
CUB,1920,337.2
CUB,1921,333.1
CUB,1922,330.1
CUB,1923,309.5
CUB,1924,290.2
CUB,1925,272.1
CUB,1926,255.2
CUB,1927,239.3
CUB,1928,224.3
CUB,1929,210.4
CUB,1930,197.2
CUB,1931,185
CUB,1932,173.4
CUB,1933,209.1
CUB,1934,149.3
CUB,1935,199.7
CUB,1936,160.4
CUB,1937,125.9
CUB,1938,118.9
CUB,1939,114.5
CUB,1940,110.3
CUB,1941,106.2
CUB,1942,102.3
CUB,1943,98.52
CUB,1944,78.12
CUB,1945,95.24
CUB,1946,52.53
CUB,1947,53.96
CUB,1948,49.67
CUB,1949,48.26
CUB,1950,44.11
CUB,1951,49.67
CUB,1952,48.26
CUB,1953,48.26
CUB,1954,41.39
CUB,1955,45.49
CUB,1956,42.74
CUB,1957,46.87
CUB,1958,47.57
CUB,1959,48.29
CUB,1960,49.02
CUB,1961,49.75
CUB,1962,50.5
CUB,1963,47.3
CUB,1964,45.9
CUB,1965,45
CUB,1966,44.7
CUB,1967,45
CUB,1968,45.3
CUB,1969,44.8
CUB,1970,43.1
CUB,1971,39.9
CUB,1972,35.9
CUB,1973,32.4
CUB,1974,30.4
CUB,1975,29.1
CUB,1976,27.3
CUB,1977,24.7
CUB,1978,22.3
CUB,1979,20.8
CUB,1980,20.1
CUB,1981,19.9
CUB,1982,19.7
CUB,1983,19.6
CUB,1984,19.1
CUB,1985,18.4
CUB,1986,17.4
CUB,1987,16.4
CUB,1988,15.2
CUB,1989,14.2
CUB,1990,13.3
CUB,1991,12.4
CUB,1992,11.7
CUB,1993,11.2
CUB,1994,10.9
CUB,1995,10.8
CUB,1996,10.5
CUB,1997,10
CUB,1998,9.4
CUB,1999,8.9
CUB,2000,8.4
CUB,2001,8
CUB,2002,7.7
CUB,2003,7.4
CUB,2004,7.1
CUB,2005,6.8
CUB,2006,6.5
CUB,2007,6.4
CUB,2008,6.3
CUB,2009,6.4
CUB,2010,6.6
CUB,2011,6.6
CUB,2012,6.4
CUB,2013,6.1
CUB,2014,5.8
CUB,2015,5.6
CYP,1800,339.1
CYP,1801,339.1
CYP,1802,339.1
CYP,1803,339.1
CYP,1804,339.1
CYP,1805,339.1
CYP,1806,339.1
CYP,1807,339.1
CYP,1808,339.1
CYP,1809,339.1
CYP,1810,339.1
CYP,1811,339.1
CYP,1812,339.1
CYP,1813,339.1
CYP,1814,339.1
CYP,1815,339.1
CYP,1816,339.1
CYP,1817,339.1
CYP,1818,339.1
CYP,1819,339.1
CYP,1820,339.1
CYP,1821,339.1
CYP,1822,339.1
CYP,1823,339.1
CYP,1824,339.1
CYP,1825,339.1
CYP,1826,339.1
CYP,1827,339.1
CYP,1828,339.1
CYP,1829,339.1
CYP,1830,339.1
CYP,1831,339.1
CYP,1832,339.1
CYP,1833,339.1
CYP,1834,339.1
CYP,1835,339.1
CYP,1836,339.1
CYP,1837,339.1
CYP,1838,339.1
CYP,1839,339.1
CYP,1840,339.1
CYP,1841,339.1
CYP,1842,339.1
CYP,1843,339.1
CYP,1844,339.1
CYP,1845,339.1
CYP,1846,339.1
CYP,1847,339.1
CYP,1848,339.1
CYP,1849,339.1
CYP,1850,339.1
CYP,1851,339.1
CYP,1852,339.1
CYP,1853,339.1
CYP,1854,339.1
CYP,1855,339.1
CYP,1856,339.1
CYP,1857,339.1
CYP,1858,339.1
CYP,1859,339.1
CYP,1860,339.1
CYP,1861,339.1
CYP,1862,339.1
CYP,1863,339.1
CYP,1864,339.1
CYP,1865,339.1
CYP,1866,339.1
CYP,1867,339.1
CYP,1868,339.1
CYP,1869,339.1
CYP,1870,339.1
CYP,1871,339.1
CYP,1872,339.1
CYP,1873,339.1
CYP,1874,339.1
CYP,1875,339.1
CYP,1876,339.1
CYP,1877,339.1
CYP,1878,339.1
CYP,1879,339.1
CYP,1880,339.1
CYP,1881,339.1
CYP,1882,339.1
CYP,1883,339.1
CYP,1884,339.1
CYP,1885,339.1
CYP,1886,339.1
CYP,1887,339.1
CYP,1888,339.1
CYP,1889,339.1
CYP,1890,339.1
CYP,1891,339.1
CYP,1892,339.1
CYP,1893,339.1
CYP,1894,339.1
CYP,1895,339.1
CYP,1896,331.2
CYP,1897,324.4
CYP,1898,316.7
CYP,1899,310
CYP,1900,302.3
CYP,1901,295.8
CYP,1902,288.2
CYP,1903,281.7
CYP,1904,274.2
CYP,1905,267.8
CYP,1906,265.4
CYP,1907,261.9
CYP,1908,259.5
CYP,1909,256
CYP,1910,253.5
CYP,1911,250.1
CYP,1912,247.6
CYP,1913,244.1
CYP,1914,241.7
CYP,1915,238.3
CYP,1916,236.8
CYP,1917,235.3
CYP,1918,233.8
CYP,1919,232.3
CYP,1920,230.8
CYP,1921,229.3
CYP,1922,227.9
CYP,1923,226.4
CYP,1924,225
CYP,1925,223.5
CYP,1926,223
CYP,1927,222.4
CYP,1928,221.8
CYP,1929,221.3
CYP,1930,220.7
CYP,1931,220.2
CYP,1932,219.6
CYP,1933,219.1
CYP,1934,218.5
CYP,1935,218
CYP,1936,217.4
CYP,1937,216.9
CYP,1938,209.4
CYP,1939,202.2
CYP,1940,194.2
CYP,1941,187.2
CYP,1942,180.3
CYP,1943,172.8
CYP,1944,159.3
CYP,1945,145.6
CYP,1946,132.4
CYP,1947,120.4
CYP,1948,108.3
CYP,1949,96.64
CYP,1950,86.18
CYP,1951,79.26
CYP,1952,72.9
CYP,1953,67.05
CYP,1954,61.66
CYP,1955,56.71
CYP,1956,52.16
CYP,1957,47.97
CYP,1958,44.12
CYP,1959,40.58
CYP,1960,37.32
CYP,1961,37.18
CYP,1962,37.05
CYP,1963,36.91
CYP,1964,36.77
CYP,1965,36.64
CYP,1966,36.5
CYP,1967,36.37
CYP,1968,36.24
CYP,1969,36.1
CYP,1970,35.97
CYP,1971,34.47
CYP,1972,33.04
CYP,1973,31.66
CYP,1974,30.35
CYP,1975,29.08
CYP,1976,27.87
CYP,1977,26.71
CYP,1978,25.6
CYP,1979,22.5
CYP,1980,20.8
CYP,1981,19.2
CYP,1982,17.7
CYP,1983,16.1
CYP,1984,14.7
CYP,1985,13.4
CYP,1986,12.4
CYP,1987,11.8
CYP,1988,11.4
CYP,1989,11.2
CYP,1990,11.1
CYP,1991,10.9
CYP,1992,10.5
CYP,1993,10.1
CYP,1994,9.6
CYP,1995,9
CYP,1996,8.5
CYP,1997,8
CYP,1998,7.5
CYP,1999,7
CYP,2000,6.5
CYP,2001,6.1
CYP,2002,5.7
CYP,2003,5.4
CYP,2004,5.1
CYP,2005,4.8
CYP,2006,4.6
CYP,2007,4.4
CYP,2008,4.2
CYP,2009,4
CYP,2010,3.9
CYP,2011,3.8
CYP,2012,3.7
CYP,2013,3.6
CYP,2014,3.5
CYP,2015,3.4
CZE,1800,380
CZE,1801,380
CZE,1802,380
CZE,1803,380
CZE,1804,380
CZE,1805,380
CZE,1806,380
CZE,1807,380
CZE,1808,380
CZE,1809,380
CZE,1810,380
CZE,1811,380
CZE,1812,380
CZE,1813,380
CZE,1814,380
CZE,1815,380
CZE,1816,380
CZE,1817,380
CZE,1818,380
CZE,1819,380
CZE,1820,380
CZE,1821,380
CZE,1822,380
CZE,1823,380
CZE,1824,380
CZE,1825,380
CZE,1826,380
CZE,1827,380
CZE,1828,380
CZE,1829,380
CZE,1830,380
CZE,1831,380
CZE,1832,380
CZE,1833,380
CZE,1834,380
CZE,1835,380
CZE,1836,380
CZE,1837,380
CZE,1838,380
CZE,1839,380
CZE,1840,380
CZE,1841,380
CZE,1842,380
CZE,1843,380
CZE,1844,380
CZE,1845,380
CZE,1846,380
CZE,1847,380
CZE,1848,380
CZE,1849,380
CZE,1850,380
CZE,1851,380
CZE,1852,380
CZE,1853,380
CZE,1854,380
CZE,1855,380
CZE,1856,380
CZE,1857,380
CZE,1858,380
CZE,1859,380
CZE,1860,380
CZE,1861,380
CZE,1862,380
CZE,1863,380
CZE,1864,380
CZE,1865,380
CZE,1866,380
CZE,1867,380
CZE,1868,380
CZE,1869,380
CZE,1870,380
CZE,1871,380
CZE,1872,380
CZE,1873,380
CZE,1874,380
CZE,1875,380
CZE,1876,380
CZE,1877,380
CZE,1878,380
CZE,1879,380
CZE,1880,380
CZE,1881,380
CZE,1882,380
CZE,1883,380
CZE,1884,380
CZE,1885,380
CZE,1886,380
CZE,1887,380
CZE,1888,380
CZE,1889,380
CZE,1890,380
CZE,1891,380
CZE,1892,380
CZE,1893,380
CZE,1894,380
CZE,1895,369.2
CZE,1896,358.5
CZE,1897,349.2
CZE,1898,338.8
CZE,1899,328.6
CZE,1900,318.4
CZE,1901,313.8
CZE,1902,309.2
CZE,1903,304.6
CZE,1904,299.9
CZE,1905,295.3
CZE,1906,290.7
CZE,1907,286
CZE,1908,281.4
CZE,1909,276.7
CZE,1910,272.1
CZE,1911,265.6
CZE,1912,260.1
CZE,1913,253.6
CZE,1914,247.3
CZE,1915,242
CZE,1916,235.8
CZE,1917,230.7
CZE,1918,224.7
CZE,1919,218.8
CZE,1920,213.8
CZE,1921,208
CZE,1922,202.3
CZE,1923,197.6
CZE,1924,192.1
CZE,1925,187.4
CZE,1926,182
CZE,1927,176.7
CZE,1928,172.2
CZE,1929,167.1
CZE,1930,162
CZE,1931,158.5
CZE,1932,155
CZE,1933,151.6
CZE,1934,148.3
CZE,1935,144.9
CZE,1936,141.6
CZE,1937,137.7
CZE,1938,134.4
CZE,1939,130.6
CZE,1940,127.5
CZE,1941,122.5
CZE,1942,117.7
CZE,1943,113
CZE,1944,108.6
CZE,1945,104.3
CZE,1946,100.2
CZE,1947,96.3
CZE,1948,92.51
CZE,1949,88.87
CZE,1950,85.38
CZE,1951,76.15
CZE,1952,59.2
CZE,1953,47.46
CZE,1954,40.52
CZE,1955,37.16
CZE,1956,34.1
CZE,1957,33.23
CZE,1958,31.06
CZE,1959,27.63
CZE,1960,26.4
CZE,1961,25.75
CZE,1962,27.75
CZE,1963,26.88
CZE,1964,25.24
CZE,1965,29.05
CZE,1966,27
CZE,1967,26.74
CZE,1968,26.28
CZE,1969,27.38
CZE,1970,25.22
CZE,1971,25.31
CZE,1972,24.01
CZE,1973,24.35
CZE,1974,23.5
CZE,1975,22.57
CZE,1976,22.05
CZE,1977,21.56
CZE,1978,19.78
CZE,1979,18.18
CZE,1980,18.55
CZE,1981,18.4
CZE,1982,18
CZE,1983,17.6
CZE,1984,17.3
CZE,1985,17
CZE,1986,16.6
CZE,1987,16.2
CZE,1988,15.6
CZE,1989,15.1
CZE,1990,14.5
CZE,1991,14
CZE,1992,13.2
CZE,1993,12.3
CZE,1994,11.2
CZE,1995,10.2
CZE,1996,9.2
CZE,1997,8.4
CZE,1998,7.6
CZE,1999,7
CZE,2000,6.6
CZE,2001,6.2
CZE,2002,6
CZE,2003,5.7
CZE,2004,5.5
CZE,2005,5.2
CZE,2006,5
CZE,2007,4.7
CZE,2008,4.5
CZE,2009,4.3
CZE,2010,4.1
CZE,2011,3.9
CZE,2012,3.8
CZE,2013,3.6
CZE,2014,3.5
CZE,2015,3.4
DNK,1800,380
DNK,1801,378.8
DNK,1802,377.6
DNK,1803,376.4
DNK,1804,375.2
DNK,1805,374
DNK,1806,372.8
DNK,1807,371.6
DNK,1808,370.4
DNK,1809,369.2
DNK,1810,368
DNK,1811,366.8
DNK,1812,366.8
DNK,1813,365.7
DNK,1814,364.5
DNK,1815,363.3
DNK,1816,362.1
DNK,1817,361
DNK,1818,359.8
DNK,1819,358.6
DNK,1820,357.4
DNK,1821,356.3
DNK,1822,355.1
DNK,1823,354
DNK,1824,352.8
DNK,1825,351.7
DNK,1826,346
DNK,1827,340.5
DNK,1828,335.1
DNK,1829,329.7
DNK,1830,324.4
DNK,1831,319.2
DNK,1832,314.1
DNK,1833,309.1
DNK,1834,304.1
DNK,1835,299.3
DNK,1836,279.6
DNK,1837,252.1
DNK,1838,240.3
DNK,1839,267.1
DNK,1840,270.6
DNK,1841,254.6
DNK,1842,254.2
DNK,1843,232.2
DNK,1844,236
DNK,1845,249.2
DNK,1846,285.3
DNK,1847,280.7
DNK,1848,280.3
DNK,1849,276.9
DNK,1850,242.8
DNK,1851,239.9
DNK,1852,261.8
DNK,1853,278.6
DNK,1854,236.5
DNK,1855,192.7
DNK,1856,199.8
DNK,1857,241
DNK,1858,271.8
DNK,1859,225.7
DNK,1860,217.5
DNK,1861,188.2
DNK,1862,195
DNK,1863,195.5
DNK,1864,260.1
DNK,1865,266.8
DNK,1866,239.5
DNK,1867,221.8
DNK,1868,220.9
DNK,1869,208.1
DNK,1870,212.6
DNK,1871,199.6
DNK,1872,190.6
DNK,1873,188.8
DNK,1874,205.3
DNK,1875,226.4
DNK,1876,211.7
DNK,1877,198
DNK,1878,202.9
DNK,1879,207.3
DNK,1880,231.4
DNK,1881,187
DNK,1882,221.7
DNK,1883,189.7
DNK,1884,195
DNK,1885,176.2
DNK,1886,187.6
DNK,1887,196.3
DNK,1888,211.9
DNK,1889,203.9
DNK,1890,205.7
DNK,1891,206.7
DNK,1892,207
DNK,1893,221.2
DNK,1894,196.2
DNK,1895,183.8
DNK,1896,166.2
DNK,1897,168.5
DNK,1898,164.8
DNK,1899,192.9
DNK,1900,163.4
DNK,1901,170.6
DNK,1902,148.8
DNK,1903,146.7
DNK,1904,139.5
DNK,1905,150.7
DNK,1906,135.5
DNK,1907,136.2
DNK,1908,152.5
DNK,1909,123.6
DNK,1910,122.2
DNK,1911,129.6
DNK,1912,116
DNK,1913,114
DNK,1914,117.7
DNK,1915,112.3
DNK,1916,128.9
DNK,1917,122.7
DNK,1918,99.15
DNK,1919,116.6
DNK,1920,120
DNK,1921,91.35
DNK,1922,98.27
DNK,1923,101.5
DNK,1924,103.2
DNK,1925,94.63
DNK,1926,98.74
DNK,1927,98.95
DNK,1928,97.22
DNK,1929,93.52
DNK,1930,93.95
DNK,1931,94.65
DNK,1932,85.11
DNK,1933,78.34
DNK,1934,75.74
DNK,1935,87.35
DNK,1936,81.05
DNK,1937,77.63
DNK,1938,70.61
DNK,1939,66.94
DNK,1940,58.98
DNK,1941,64.73
DNK,1942,57.58
DNK,1943,54.35
DNK,1944,59.06
DNK,1945,58.34
DNK,1946,54.19
DNK,1947,45.92
DNK,1948,40.57
DNK,1949,38.84
DNK,1950,34.1
DNK,1951,33.4
DNK,1952,32.6
DNK,1953,31.6
DNK,1954,30.5
DNK,1955,29.3
DNK,1956,28.1
DNK,1957,27.1
DNK,1958,26.2
DNK,1959,25.5
DNK,1960,25
DNK,1961,24.5
DNK,1962,23.8
DNK,1963,23
DNK,1964,22.1
DNK,1965,21.1
DNK,1966,20.1
DNK,1967,19.1
DNK,1968,18.1
DNK,1969,17.4
DNK,1970,16.6
DNK,1971,15.8
DNK,1972,14.9
DNK,1973,13.9
DNK,1974,13.1
DNK,1975,12.3
DNK,1976,11.6
DNK,1977,11.1
DNK,1978,10.6
DNK,1979,10.3
DNK,1980,10
DNK,1981,9.7
DNK,1982,9.6
DNK,1983,9.6
DNK,1984,9.6
DNK,1985,9.7
DNK,1986,9.7
DNK,1987,9.7
DNK,1988,9.6
DNK,1989,9.3
DNK,1990,8.9
DNK,1991,8.4
DNK,1992,7.9
DNK,1993,7.4
DNK,1994,6.9
DNK,1995,6.5
DNK,1996,6.2
DNK,1997,6
DNK,1998,5.8
DNK,1999,5.7
DNK,2000,5.6
DNK,2001,5.5
DNK,2002,5.4
DNK,2003,5.3
DNK,2004,5.1
DNK,2005,4.9
DNK,2006,4.7
DNK,2007,4.5
DNK,2008,4.3
DNK,2009,4.2
DNK,2010,4
DNK,2011,3.9
DNK,2012,3.8
DNK,2013,3.7
DNK,2014,3.6
DNK,2015,3.5
DJI,1800,445.1
DJI,1801,445.1
DJI,1802,445.1
DJI,1803,445.1
DJI,1804,445.1
DJI,1805,445.1
DJI,1806,445.1
DJI,1807,445.1
DJI,1808,445.1
DJI,1809,445.1
DJI,1810,445.1
DJI,1811,445.1
DJI,1812,445.1
DJI,1813,445.1
DJI,1814,445.1
DJI,1815,445.1
DJI,1816,445.1
DJI,1817,445.1
DJI,1818,445.1
DJI,1819,445.1
DJI,1820,445.1
DJI,1821,445.1
DJI,1822,445.1
DJI,1823,445.1
DJI,1824,445.1
DJI,1825,445.1
DJI,1826,445.1
DJI,1827,445.1
DJI,1828,445.1
DJI,1829,445.1
DJI,1830,445.1
DJI,1831,445.1
DJI,1832,445.1
DJI,1833,445.1
DJI,1834,445.1
DJI,1835,445.1
DJI,1836,445.1
DJI,1837,445.1
DJI,1838,445.1
DJI,1839,445.1
DJI,1840,445.1
DJI,1841,445.1
DJI,1842,445.1
DJI,1843,445.1
DJI,1844,445.1
DJI,1845,445.1
DJI,1846,445.1
DJI,1847,445.1
DJI,1848,445.1
DJI,1849,445.1
DJI,1850,445.1
DJI,1851,445.1
DJI,1852,445.1
DJI,1853,445.1
DJI,1854,445.1
DJI,1855,445.1
DJI,1856,445.1
DJI,1857,445.1
DJI,1858,445.1
DJI,1859,445.1
DJI,1860,445.1
DJI,1861,445.1
DJI,1862,445.1
DJI,1863,445.1
DJI,1864,445.1
DJI,1865,445.1
DJI,1866,445.1
DJI,1867,445.1
DJI,1868,445.1
DJI,1869,445.1
DJI,1870,445.1
DJI,1871,445.1
DJI,1872,445.1
DJI,1873,445.1
DJI,1874,445.1
DJI,1875,445.1
DJI,1876,445.1
DJI,1877,445.1
DJI,1878,445.1
DJI,1879,445.1
DJI,1880,445.1
DJI,1881,445.1
DJI,1882,445.1
DJI,1883,445.1
DJI,1884,445.1
DJI,1885,445.1
DJI,1886,445.1
DJI,1887,445.1
DJI,1888,445.1
DJI,1889,445.1
DJI,1890,445.1
DJI,1891,445.1
DJI,1892,445.1
DJI,1893,445.1
DJI,1894,445.1
DJI,1895,445.1
DJI,1896,445
DJI,1897,444.9
DJI,1898,444.8
DJI,1899,444.5
DJI,1900,444.2
DJI,1901,443.8
DJI,1902,443.4
DJI,1903,442.8
DJI,1904,442.2
DJI,1905,441.6
DJI,1906,440.9
DJI,1907,440.1
DJI,1908,439.2
DJI,1909,438.2
DJI,1910,437.3
DJI,1911,436.3
DJI,1912,435.2
DJI,1913,434.2
DJI,1914,433.1
DJI,1915,432.1
DJI,1916,431.1
DJI,1917,430
DJI,1918,429
DJI,1919,427.9
DJI,1920,426.9
DJI,1921,425.8
DJI,1922,424.8
DJI,1923,423.7
DJI,1924,422.7
DJI,1925,421.6
DJI,1926,420.6
DJI,1927,419.6
DJI,1928,418.5
DJI,1929,417.5
DJI,1930,416.4
DJI,1931,415.4
DJI,1932,414.3
DJI,1933,413.3
DJI,1934,412.2
DJI,1935,411.2
DJI,1936,410.2
DJI,1937,409.2
DJI,1938,408.3
DJI,1939,407.3
DJI,1940,406.4
DJI,1941,405.4
DJI,1942,404.4
DJI,1943,403.5
DJI,1944,402.5
DJI,1945,401.6
DJI,1946,375.7
DJI,1947,351.1
DJI,1948,327.5
DJI,1949,305.1
DJI,1950,283.5
DJI,1951,281.9
DJI,1952,277.3
DJI,1953,273.4
DJI,1954,268.3
DJI,1955,263.8
DJI,1956,258.1
DJI,1957,252.1
DJI,1958,245
DJI,1959,238.9
DJI,1960,232.9
DJI,1961,226.2
DJI,1962,220.3
DJI,1963,214.5
DJI,1964,208.8
DJI,1965,202.3
DJI,1966,195.9
DJI,1967,193.6
DJI,1968,191.4
DJI,1969,189.2
DJI,1970,186.9
DJI,1971,184.8
DJI,1972,182.6
DJI,1973,180.5
DJI,1974,178.4
DJI,1975,176.3
DJI,1976,174.3
DJI,1977,169.4
DJI,1978,164.7
DJI,1979,160.1
DJI,1980,155.8
DJI,1981,151.7
DJI,1982,147.4
DJI,1983,143.3
DJI,1984,139.3
DJI,1985,135.3
DJI,1986,131.7
DJI,1987,128.3
DJI,1988,125.1
DJI,1989,122
DJI,1990,119.4
DJI,1991,117
DJI,1992,115
DJI,1993,113.2
DJI,1994,111.5
DJI,1995,110.2
DJI,1996,108.5
DJI,1997,106.8
DJI,1998,104.9
DJI,1999,102.9
DJI,2000,100.8
DJI,2001,98.4
DJI,2002,96
DJI,2003,93.5
DJI,2004,91
DJI,2005,88.5
DJI,2006,86
DJI,2007,83.5
DJI,2008,81
DJI,2009,78.5
DJI,2010,76.1
DJI,2011,73.9
DJI,2012,71.7
DJI,2013,69.5
DJI,2014,67.4
DJI,2015,65.3
DMA,1960,139
DMA,1961,127.2
DMA,1962,116.5
DMA,1963,107.2
DMA,1964,98.9
DMA,1965,91.8
DMA,1966,85.5
DMA,1967,79.9
DMA,1968,74.7
DMA,1969,69.5
DMA,1970,63.9
DMA,1971,57.9
DMA,1972,51.7
DMA,1973,45.5
DMA,1974,39.7
DMA,1975,34.5
DMA,1976,30.1
DMA,1977,26.5
DMA,1978,23.6
DMA,1979,21.4
DMA,1980,19.8
DMA,1981,18.6
DMA,1982,17.9
DMA,1983,17.4
DMA,1984,17.2
DMA,1985,17
DMA,1986,17
DMA,1987,17
DMA,1988,17
DMA,1989,17.1
DMA,1990,17.1
DMA,1991,17.1
DMA,1992,17
DMA,1993,16.9
DMA,1994,16.7
DMA,1995,16.5
DMA,1996,16.3
DMA,1997,16
DMA,1998,15.8
DMA,1999,15.5
DMA,2000,15.3
DMA,2001,15.2
DMA,2002,15.1
DMA,2003,15.1
DMA,2004,15.3
DMA,2005,15.6
DMA,2006,16
DMA,2007,16.5
DMA,2008,17.1
DMA,2009,17.9
DMA,2010,18.8
DMA,2011,19.6
DMA,2012,20.4
DMA,2013,21
DMA,2014,21.2
DMA,2015,21.2
DOM,1800,445.1
DOM,1801,445.1
DOM,1802,445.1
DOM,1803,445.1
DOM,1804,445.1
DOM,1805,445.1
DOM,1806,445.1
DOM,1807,445.1
DOM,1808,445.1
DOM,1809,445.1
DOM,1810,445.1
DOM,1811,445.1
DOM,1812,445.1
DOM,1813,445.1
DOM,1814,445.1
DOM,1815,445.1
DOM,1816,445.1
DOM,1817,445.1
DOM,1818,445.1
DOM,1819,445.1
DOM,1820,445.1
DOM,1821,445.1
DOM,1822,445.1
DOM,1823,445.1
DOM,1824,445.1
DOM,1825,445.1
DOM,1826,445.1
DOM,1827,445.1
DOM,1828,445.1
DOM,1829,445.1
DOM,1830,445.1
DOM,1831,445.1
DOM,1832,445.1
DOM,1833,445.1
DOM,1834,445.1
DOM,1835,445.1
DOM,1836,445.1
DOM,1837,445.1
DOM,1838,445.1
DOM,1839,445.1
DOM,1840,445.1
DOM,1841,445.1
DOM,1842,445.1
DOM,1843,445.1
DOM,1844,445.1
DOM,1845,445.1
DOM,1846,445.1
DOM,1847,445.1
DOM,1848,445.1
DOM,1849,445.1
DOM,1850,445.1
DOM,1851,445.1
DOM,1852,445.1
DOM,1853,445.1
DOM,1854,445.1
DOM,1855,445.1
DOM,1856,445.1
DOM,1857,445.1
DOM,1858,445.1
DOM,1859,445.1
DOM,1860,445.1
DOM,1861,445.1
DOM,1862,445.1
DOM,1863,445.1
DOM,1864,445.1
DOM,1865,445.1
DOM,1866,445.1
DOM,1867,445.1
DOM,1868,445.1
DOM,1869,445.1
DOM,1870,445.1
DOM,1871,445.1
DOM,1872,445.1
DOM,1873,445.1
DOM,1874,445.1
DOM,1875,445.1
DOM,1876,445.1
DOM,1877,445.1
DOM,1878,445.1
DOM,1879,445.1
DOM,1880,445.1
DOM,1881,445.1
DOM,1882,445.1
DOM,1883,445.1
DOM,1884,445.1
DOM,1885,445.1
DOM,1886,445.1
DOM,1887,445.1
DOM,1888,445.1
DOM,1889,445.1
DOM,1890,445.1
DOM,1891,445.1
DOM,1892,445.1
DOM,1893,445.1
DOM,1894,445.1
DOM,1895,445.1
DOM,1896,445
DOM,1897,444.9
DOM,1898,444.8
DOM,1899,444.5
DOM,1900,444.2
DOM,1901,443.8
DOM,1902,443.4
DOM,1903,442.8
DOM,1904,442.2
DOM,1905,441.6
DOM,1906,440.9
DOM,1907,440.1
DOM,1908,439.2
DOM,1909,438.2
DOM,1910,437.3
DOM,1911,435.2
DOM,1912,433.1
DOM,1913,431
DOM,1914,428.9
DOM,1915,426.8
DOM,1916,424.7
DOM,1917,422.6
DOM,1918,420.6
DOM,1919,418.5
DOM,1920,416.4
DOM,1921,414.4
DOM,1922,412.3
DOM,1923,410.2
DOM,1924,408.2
DOM,1925,406.1
DOM,1926,404.1
DOM,1927,402.1
DOM,1928,400.1
DOM,1929,398
DOM,1930,396
DOM,1931,394
DOM,1932,392
DOM,1933,390
DOM,1934,388
DOM,1935,386
DOM,1936,372.5
DOM,1937,360.5
DOM,1938,347.7
DOM,1939,336.3
DOM,1940,324.2
DOM,1941,301.2
DOM,1942,279.9
DOM,1943,260.1
DOM,1944,241.7
DOM,1945,224.5
DOM,1946,208.6
DOM,1947,193.9
DOM,1948,180.1
DOM,1949,167.4
DOM,1950,155.5
DOM,1951,155.1
DOM,1952,154.8
DOM,1953,154.2
DOM,1954,153.8
DOM,1955,153.3
DOM,1956,152.6
DOM,1957,151.8
DOM,1958,150.7
DOM,1959,149.5
DOM,1960,147.8
DOM,1961,146
DOM,1962,143.9
DOM,1963,141.4
DOM,1964,138.8
DOM,1965,136
DOM,1966,133.2
DOM,1967,130.3
DOM,1968,127.5
DOM,1969,124.7
DOM,1970,121.8
DOM,1971,118.7
DOM,1972,115.4
DOM,1973,111.8
DOM,1974,108.2
DOM,1975,104.5
DOM,1976,100.9
DOM,1977,97.4
DOM,1978,94
DOM,1979,90.7
DOM,1980,87.5
DOM,1981,84.3
DOM,1982,81.3
DOM,1983,78.3
DOM,1984,75.5
DOM,1985,72.7
DOM,1986,70.1
DOM,1987,67.5
DOM,1988,65
DOM,1989,62.6
DOM,1990,60.2
DOM,1991,57.8
DOM,1992,55.5
DOM,1993,53.3
DOM,1994,51.2
DOM,1995,49.2
DOM,1996,47.3
DOM,1997,45.6
DOM,1998,44
DOM,1999,42.5
DOM,2000,41.3
DOM,2001,40.1
DOM,2002,39.1
DOM,2003,38.3
DOM,2004,37.5
DOM,2005,36.8
DOM,2006,36.1
DOM,2007,35.5
DOM,2008,35
DOM,2009,34.4
DOM,2010,33.9
DOM,2011,33.4
DOM,2012,32.9
DOM,2013,32.3
DOM,2014,31.6
DOM,2015,30.9
ECU,1800,406
ECU,1801,406
ECU,1802,406
ECU,1803,406
ECU,1804,406
ECU,1805,406
ECU,1806,406
ECU,1807,406
ECU,1808,406
ECU,1809,406
ECU,1810,406
ECU,1811,406
ECU,1812,406
ECU,1813,406
ECU,1814,406
ECU,1815,406
ECU,1816,406
ECU,1817,406
ECU,1818,406
ECU,1819,406
ECU,1820,406
ECU,1821,406
ECU,1822,406
ECU,1823,406
ECU,1824,406
ECU,1825,406
ECU,1826,406
ECU,1827,406
ECU,1828,406
ECU,1829,406
ECU,1830,406
ECU,1831,406
ECU,1832,406
ECU,1833,406
ECU,1834,406
ECU,1835,406
ECU,1836,406
ECU,1837,406
ECU,1838,406
ECU,1839,406
ECU,1840,406
ECU,1841,406
ECU,1842,406
ECU,1843,406
ECU,1844,406
ECU,1845,406
ECU,1846,406
ECU,1847,406
ECU,1848,406
ECU,1849,406
ECU,1850,406
ECU,1851,406
ECU,1852,406
ECU,1853,406
ECU,1854,406
ECU,1855,406
ECU,1856,406
ECU,1857,406
ECU,1858,406
ECU,1859,406
ECU,1860,406
ECU,1861,406
ECU,1862,406
ECU,1863,406
ECU,1864,406
ECU,1865,406
ECU,1866,406
ECU,1867,406
ECU,1868,406
ECU,1869,406
ECU,1870,406
ECU,1871,406
ECU,1872,406
ECU,1873,406
ECU,1874,406
ECU,1875,406
ECU,1876,406
ECU,1877,406
ECU,1878,406
ECU,1879,406
ECU,1880,406
ECU,1881,406
ECU,1882,406
ECU,1883,406
ECU,1884,406
ECU,1885,406
ECU,1886,406
ECU,1887,406
ECU,1888,406
ECU,1889,406
ECU,1890,406
ECU,1891,406
ECU,1892,406
ECU,1893,406
ECU,1894,405.9
ECU,1895,405.9
ECU,1896,405.9
ECU,1897,405.8
ECU,1898,405.6
ECU,1899,405.4
ECU,1900,405.1
ECU,1901,404.7
ECU,1902,404.3
ECU,1903,403.9
ECU,1904,403.3
ECU,1905,402.7
ECU,1906,402
ECU,1907,401.3
ECU,1908,400.5
ECU,1909,399.7
ECU,1910,398.8
ECU,1911,397.9
ECU,1912,396.9
ECU,1913,396
ECU,1914,395
ECU,1915,394.1
ECU,1916,393.2
ECU,1917,392.3
ECU,1918,391.5
ECU,1919,390.6
ECU,1920,389.7
ECU,1921,388.9
ECU,1922,388
ECU,1923,387.1
ECU,1924,386.3
ECU,1925,385.4
ECU,1926,384.6
ECU,1927,383.7
ECU,1928,382.8
ECU,1929,381.9
ECU,1930,381.1
ECU,1931,380.2
ECU,1932,379.3
ECU,1933,378.5
ECU,1934,377.6
ECU,1935,376.7
ECU,1936,375.9
ECU,1937,375
ECU,1938,374.1
ECU,1939,373.2
ECU,1940,357.5
ECU,1941,342.2
ECU,1942,327.4
ECU,1943,313
ECU,1944,299
ECU,1945,285.4
ECU,1946,276.4
ECU,1947,267.8
ECU,1948,259.4
ECU,1949,251.3
ECU,1950,243.5
ECU,1951,235.9
ECU,1952,228.5
ECU,1953,221.4
ECU,1954,214.5
ECU,1955,207.8
ECU,1956,201.7
ECU,1957,195.8
ECU,1958,190.1
ECU,1959,184.5
ECU,1960,179.2
ECU,1961,174.1
ECU,1962,169.2
ECU,1963,164.3
ECU,1964,159.9
ECU,1965,155.6
ECU,1966,151.8
ECU,1967,148.2
ECU,1968,144.9
ECU,1969,141.4
ECU,1970,138
ECU,1971,134.3
ECU,1972,130.3
ECU,1973,126
ECU,1974,121.3
ECU,1975,116.6
ECU,1976,111.8
ECU,1977,107.2
ECU,1978,102.6
ECU,1979,98.3
ECU,1980,93.9
ECU,1981,89.5
ECU,1982,85
ECU,1983,80.7
ECU,1984,76.6
ECU,1985,72.7
ECU,1986,69.1
ECU,1987,65.7
ECU,1988,62.6
ECU,1989,59.7
ECU,1990,56.9
ECU,1991,54.1
ECU,1992,51.5
ECU,1993,48.8
ECU,1994,46.3
ECU,1995,43.9
ECU,1996,41.6
ECU,1997,39.6
ECU,1998,37.7
ECU,1999,35.9
ECU,2000,34.4
ECU,2001,33.1
ECU,2002,31.9
ECU,2003,30.9
ECU,2004,30
ECU,2005,29.1
ECU,2006,28.3
ECU,2007,27.5
ECU,2008,26.8
ECU,2009,26
ECU,2010,25.2
ECU,2011,24.5
ECU,2012,23.7
ECU,2013,23
ECU,2014,22.3
ECU,2015,21.6
EGY,1800,404.7
EGY,1801,404.7
EGY,1802,404.7
EGY,1803,404.7
EGY,1804,404.7
EGY,1805,404.7
EGY,1806,404.7
EGY,1807,404.7
EGY,1808,404.7
EGY,1809,404.7
EGY,1810,404.7
EGY,1811,404.7
EGY,1812,404.7
EGY,1813,404.7
EGY,1814,404.7
EGY,1815,404.7
EGY,1816,404.7
EGY,1817,404.7
EGY,1818,404.7
EGY,1819,404.7
EGY,1820,404.7
EGY,1821,404.7
EGY,1822,404.7
EGY,1823,404.7
EGY,1824,404.7
EGY,1825,404.7
EGY,1826,404.7
EGY,1827,404.7
EGY,1828,404.7
EGY,1829,404.7
EGY,1830,404.7
EGY,1831,404.7
EGY,1832,404.7
EGY,1833,404.7
EGY,1834,404.7
EGY,1835,404.7
EGY,1836,404.7
EGY,1837,404.7
EGY,1838,404.7
EGY,1839,404.7
EGY,1840,404.7
EGY,1841,404.7
EGY,1842,404.7
EGY,1843,404.7
EGY,1844,404.7
EGY,1845,404.7
EGY,1846,404.7
EGY,1847,404.7
EGY,1848,404.7
EGY,1849,404.7
EGY,1850,404.7
EGY,1851,404.7
EGY,1852,404.7
EGY,1853,404.7
EGY,1854,404.7
EGY,1855,404.7
EGY,1856,404.7
EGY,1857,404.7
EGY,1858,404.7
EGY,1859,404.7
EGY,1860,404.7
EGY,1861,404.7
EGY,1862,404.7
EGY,1863,404.7
EGY,1864,404.7
EGY,1865,404.7
EGY,1866,404.7
EGY,1867,404.7
EGY,1868,404.7
EGY,1869,404.7
EGY,1870,404.7
EGY,1871,404.7
EGY,1872,404.7
EGY,1873,404.7
EGY,1874,404.7
EGY,1875,404.7
EGY,1876,404.7
EGY,1877,404.7
EGY,1878,404.7
EGY,1879,404.7
EGY,1880,404.7
EGY,1881,404.7
EGY,1882,404.7
EGY,1883,404.7
EGY,1884,404.7
EGY,1885,404.7
EGY,1886,404.7
EGY,1887,404.7
EGY,1888,404.7
EGY,1889,404.7
EGY,1890,404.7
EGY,1891,404.7
EGY,1892,404.7
EGY,1893,404.7
EGY,1894,404.7
EGY,1895,404.6
EGY,1896,404.6
EGY,1897,404.5
EGY,1898,404.3
EGY,1899,404.1
EGY,1900,403.8
EGY,1901,403.5
EGY,1902,403.1
EGY,1903,402.6
EGY,1904,402
EGY,1905,401.4
EGY,1906,400.8
EGY,1907,400.1
EGY,1908,399.3
EGY,1909,398.4
EGY,1910,397.5
EGY,1911,396.6
EGY,1912,395.7
EGY,1913,394.7
EGY,1914,393.8
EGY,1915,392.8
EGY,1916,392.1
EGY,1917,391.4
EGY,1918,390.7
EGY,1919,390
EGY,1920,389.2
EGY,1921,388.5
EGY,1922,387.8
EGY,1923,387.1
EGY,1924,386.4
EGY,1925,385.6
EGY,1926,384.9
EGY,1927,384.2
EGY,1928,411.7
EGY,1929,412.1
EGY,1930,354.2
EGY,1931,387.3
EGY,1932,404.8
EGY,1933,388.2
EGY,1934,397.1
EGY,1935,376
EGY,1936,398
EGY,1937,359.6
EGY,1938,355.4
EGY,1939,341.4
EGY,1940,358.6
EGY,1941,343.4
EGY,1942,403.1
EGY,1943,410.9
EGY,1944,367.1
EGY,1945,379.1
EGY,1946,377.2
EGY,1947,375.3
EGY,1948,373.4
EGY,1949,371.6
EGY,1950,369.7
EGY,1951,367.8
EGY,1952,366
EGY,1953,364.1
EGY,1954,362.3
EGY,1955,360.5
EGY,1956,350.8
EGY,1957,341.3
EGY,1958,331.7
EGY,1959,322.2
EGY,1960,312.8
EGY,1961,302.9
EGY,1962,293.1
EGY,1963,283.5
EGY,1964,274.8
EGY,1965,266.9
EGY,1966,260.3
EGY,1967,254.8
EGY,1968,250.2
EGY,1969,246.4
EGY,1970,242.9
EGY,1971,239.4
EGY,1972,235.2
EGY,1973,229.7
EGY,1974,222.9
EGY,1975,214.7
EGY,1976,205.7
EGY,1977,196.2
EGY,1978,186.6
EGY,1979,177
EGY,1980,167.6
EGY,1981,158.1
EGY,1982,148.4
EGY,1983,138.5
EGY,1984,128.5
EGY,1985,118.8
EGY,1986,110.1
EGY,1987,102.5
EGY,1988,96
EGY,1989,90.6
EGY,1990,85.9
EGY,1991,81.7
EGY,1992,77.5
EGY,1993,73.3
EGY,1994,68.9
EGY,1995,64.6
EGY,1996,60.4
EGY,1997,56.5
EGY,1998,52.8
EGY,1999,49.5
EGY,2000,46.5
EGY,2001,43.8
EGY,2002,41.4
EGY,2003,39.2
EGY,2004,37.3
EGY,2005,35.6
EGY,2006,34.1
EGY,2007,32.7
EGY,2008,31.4
EGY,2009,30.2
EGY,2010,29
EGY,2011,27.9
EGY,2012,26.8
EGY,2013,25.8
EGY,2014,24.8
EGY,2015,24
SLV,1800,461.6
SLV,1801,461.6
SLV,1802,461.6
SLV,1803,461.6
SLV,1804,461.6
SLV,1805,461.6
SLV,1806,461.6
SLV,1807,461.6
SLV,1808,461.6
SLV,1809,461.6
SLV,1810,461.6
SLV,1811,461.6
SLV,1812,461.6
SLV,1813,461.6
SLV,1814,461.6
SLV,1815,461.6
SLV,1816,461.6
SLV,1817,461.6
SLV,1818,461.6
SLV,1819,461.6
SLV,1820,461.6
SLV,1821,461.6
SLV,1822,461.6
SLV,1823,461.6
SLV,1824,461.6
SLV,1825,461.6
SLV,1826,461.6
SLV,1827,461.6
SLV,1828,461.6
SLV,1829,461.6
SLV,1830,461.6
SLV,1831,461.6
SLV,1832,461.6
SLV,1833,461.6
SLV,1834,461.6
SLV,1835,461.6
SLV,1836,461.6
SLV,1837,461.6
SLV,1838,461.6
SLV,1839,461.6
SLV,1840,461.6
SLV,1841,461.6
SLV,1842,461.6
SLV,1843,461.6
SLV,1844,461.6
SLV,1845,461.6
SLV,1846,461.6
SLV,1847,461.6
SLV,1848,461.6
SLV,1849,461.6
SLV,1850,461.6
SLV,1851,461.6
SLV,1852,461.6
SLV,1853,461.6
SLV,1854,461.6
SLV,1855,461.6
SLV,1856,461.6
SLV,1857,461.6
SLV,1858,461.6
SLV,1859,461.6
SLV,1860,461.6
SLV,1861,461.6
SLV,1862,461.6
SLV,1863,461.6
SLV,1864,461.6
SLV,1865,461.6
SLV,1866,461.6
SLV,1867,461.6
SLV,1868,461.6
SLV,1869,461.6
SLV,1870,461.6
SLV,1871,461.6
SLV,1872,461.6
SLV,1873,461.6
SLV,1874,461.6
SLV,1875,461.6
SLV,1876,461.6
SLV,1877,461.6
SLV,1878,461.6
SLV,1879,461.6
SLV,1880,461.6
SLV,1881,461.6
SLV,1882,461.6
SLV,1883,461.6
SLV,1884,461.6
SLV,1885,461.6
SLV,1886,461.6
SLV,1887,461.6
SLV,1888,461.6
SLV,1889,461.6
SLV,1890,461.6
SLV,1891,461.6
SLV,1892,461.6
SLV,1893,461.6
SLV,1894,461.6
SLV,1895,461.6
SLV,1896,461.5
SLV,1897,461.4
SLV,1898,461.2
SLV,1899,460.9
SLV,1900,460.6
SLV,1901,460.2
SLV,1902,459.7
SLV,1903,459.2
SLV,1904,458.6
SLV,1905,457.9
SLV,1906,457.1
SLV,1907,456.3
SLV,1908,455.4
SLV,1909,454.4
SLV,1910,453.4
SLV,1911,452.4
SLV,1912,451.3
SLV,1913,450.2
SLV,1914,449.1
SLV,1915,448.1
SLV,1916,446.9
SLV,1917,445.9
SLV,1918,444.7
SLV,1919,443.6
SLV,1920,442.5
SLV,1921,441.4
SLV,1922,440.3
SLV,1923,439.2
SLV,1924,438.1
SLV,1925,437
SLV,1926,435.9
SLV,1927,434.8
SLV,1928,433.6
SLV,1929,432.5
SLV,1930,431.4
SLV,1931,421.3
SLV,1932,410.2
SLV,1933,400.5
SLV,1934,390.9
SLV,1935,381.6
SLV,1936,371.3
SLV,1937,362.3
SLV,1938,353.4
SLV,1939,343.7
SLV,1940,335.1
SLV,1941,326.8
SLV,1942,318.6
SLV,1943,309.4
SLV,1944,301.5
SLV,1945,293.7
SLV,1946,283.8
SLV,1947,274.2
SLV,1948,264.9
SLV,1949,256
SLV,1950,247.3
SLV,1951,239
SLV,1952,230.9
SLV,1953,223.1
SLV,1954,215.6
SLV,1955,208.3
SLV,1956,204
SLV,1957,199.5
SLV,1958,195.1
SLV,1959,191
SLV,1960,186.9
SLV,1961,183.3
SLV,1962,179.6
SLV,1963,176
SLV,1964,172.7
SLV,1965,169.5
SLV,1966,166.4
SLV,1967,163.5
SLV,1968,160.7
SLV,1969,158
SLV,1970,155.1
SLV,1971,152.1
SLV,1972,148.9
SLV,1973,145.5
SLV,1974,141.7
SLV,1975,137.4
SLV,1976,132.7
SLV,1977,127.8
SLV,1978,122.4
SLV,1979,116.7
SLV,1980,110.7
SLV,1981,104.5
SLV,1982,98.2
SLV,1983,92
SLV,1984,86
SLV,1985,80.4
SLV,1986,75.2
SLV,1987,70.6
SLV,1988,66.5
SLV,1989,62.8
SLV,1990,59.4
SLV,1991,56.3
SLV,1992,53.2
SLV,1993,50.3
SLV,1994,47.4
SLV,1995,44.5
SLV,1996,41.7
SLV,1997,39.1
SLV,1998,36.6
SLV,1999,34.4
SLV,2000,32.4
SLV,2001,30.6
SLV,2002,29
SLV,2003,27.5
SLV,2004,26.1
SLV,2005,24.8
SLV,2006,23.6
SLV,2007,22.6
SLV,2008,21.6
SLV,2009,20.8
SLV,2010,20
SLV,2011,19.3
SLV,2012,18.6
SLV,2013,18
SLV,2014,17.4
SLV,2015,16.8
GNQ,1800,446.5
GNQ,1801,446.5
GNQ,1802,446.5
GNQ,1803,446.5
GNQ,1804,446.5
GNQ,1805,446.5
GNQ,1806,446.5
GNQ,1807,446.5
GNQ,1808,446.5
GNQ,1809,446.5
GNQ,1810,446.5
GNQ,1811,446.5
GNQ,1812,446.5
GNQ,1813,446.5
GNQ,1814,446.5
GNQ,1815,446.5
GNQ,1816,446.5
GNQ,1817,446.5
GNQ,1818,446.5
GNQ,1819,446.5
GNQ,1820,446.5
GNQ,1821,446.5
GNQ,1822,446.5
GNQ,1823,446.5
GNQ,1824,446.5
GNQ,1825,446.5
GNQ,1826,446.5
GNQ,1827,446.5
GNQ,1828,446.5
GNQ,1829,446.5
GNQ,1830,446.5
GNQ,1831,446.5
GNQ,1832,446.5
GNQ,1833,446.5
GNQ,1834,446.5
GNQ,1835,446.5
GNQ,1836,446.5
GNQ,1837,446.5
GNQ,1838,446.5
GNQ,1839,446.5
GNQ,1840,446.5
GNQ,1841,446.5
GNQ,1842,446.5
GNQ,1843,446.5
GNQ,1844,446.5
GNQ,1845,446.5
GNQ,1846,446.5
GNQ,1847,446.5
GNQ,1848,446.5
GNQ,1849,446.5
GNQ,1850,446.5
GNQ,1851,446.5
GNQ,1852,446.5
GNQ,1853,446.5
GNQ,1854,446.5
GNQ,1855,446.5
GNQ,1856,446.5
GNQ,1857,446.5
GNQ,1858,446.5
GNQ,1859,446.5
GNQ,1860,446.5
GNQ,1861,446.5
GNQ,1862,446.5
GNQ,1863,446.5
GNQ,1864,446.5
GNQ,1865,446.5
GNQ,1866,446.5
GNQ,1867,446.5
GNQ,1868,446.5
GNQ,1869,446.5
GNQ,1870,446.5
GNQ,1871,446.5
GNQ,1872,446.5
GNQ,1873,446.5
GNQ,1874,446.5
GNQ,1875,446.5
GNQ,1876,446.5
GNQ,1877,446.5
GNQ,1878,446.5
GNQ,1879,446.5
GNQ,1880,446.5
GNQ,1881,446.5
GNQ,1882,446.5
GNQ,1883,446.5
GNQ,1884,446.5
GNQ,1885,446.5
GNQ,1886,446.5
GNQ,1887,446.5
GNQ,1888,446.5
GNQ,1889,446.5
GNQ,1890,446.5
GNQ,1891,446.5
GNQ,1892,446.5
GNQ,1893,446.5
GNQ,1894,446.5
GNQ,1895,446.5
GNQ,1896,446.4
GNQ,1897,446.3
GNQ,1898,446.1
GNQ,1899,445.9
GNQ,1900,445.6
GNQ,1901,445.2
GNQ,1902,444.7
GNQ,1903,444.2
GNQ,1904,443.6
GNQ,1905,442.9
GNQ,1906,442.2
GNQ,1907,441.4
GNQ,1908,440.5
GNQ,1909,439.6
GNQ,1910,438.6
GNQ,1911,437.6
GNQ,1912,436.6
GNQ,1913,435.5
GNQ,1914,434.5
GNQ,1915,433.4
GNQ,1916,432.4
GNQ,1917,431.3
GNQ,1918,430.3
GNQ,1919,429.2
GNQ,1920,428.2
GNQ,1921,427.1
GNQ,1922,426.1
GNQ,1923,425
GNQ,1924,424
GNQ,1925,422.9
GNQ,1926,421.9
GNQ,1927,420.8
GNQ,1928,419.8
GNQ,1929,418.8
GNQ,1930,417.7
GNQ,1931,416.6
GNQ,1932,415.6
GNQ,1933,414.6
GNQ,1934,413.5
GNQ,1935,412.5
GNQ,1936,411.4
GNQ,1937,410.4
GNQ,1938,409.3
GNQ,1939,408.3
GNQ,1940,407.2
GNQ,1941,406.2
GNQ,1942,405.1
GNQ,1943,404.2
GNQ,1944,403.2
GNQ,1945,402.3
GNQ,1946,391.7
GNQ,1947,381.4
GNQ,1948,371.2
GNQ,1949,360.1
GNQ,1950,350.4
GNQ,1951,348.4
GNQ,1952,344.4
GNQ,1953,339.9
GNQ,1954,334.9
GNQ,1955,329.6
GNQ,1956,324
GNQ,1957,317.9
GNQ,1958,311.6
GNQ,1959,305.3
GNQ,1960,299
GNQ,1961,292.8
GNQ,1962,286.7
GNQ,1963,280.6
GNQ,1964,274.5
GNQ,1965,268.4
GNQ,1966,262.3
GNQ,1967,256.2
GNQ,1968,250.4
GNQ,1969,244.2
GNQ,1970,239.2
GNQ,1971,234.5
GNQ,1972,230.2
GNQ,1973,229.3
GNQ,1974,228.5
GNQ,1975,227.6
GNQ,1976,226.8
GNQ,1977,225.9
GNQ,1978,225.1
GNQ,1979,224.3
GNQ,1980,234.8
GNQ,1981,228.7
GNQ,1982,221.8
GNQ,1983,217.5
GNQ,1984,213.1
GNQ,1985,209.1
GNQ,1986,205.1
GNQ,1987,201.4
GNQ,1988,197.5
GNQ,1989,193.6
GNQ,1990,189.5
GNQ,1991,185.8
GNQ,1992,182
GNQ,1993,178.3
GNQ,1994,174.6
GNQ,1995,171.2
GNQ,1996,167.6
GNQ,1997,163.9
GNQ,1998,160.1
GNQ,1999,156.1
GNQ,2000,152.1
GNQ,2001,147.9
GNQ,2002,143.8
GNQ,2003,139.6
GNQ,2004,135.4
GNQ,2005,131.2
GNQ,2006,126.9
GNQ,2007,122.7
GNQ,2008,118.4
GNQ,2009,114.6
GNQ,2010,110.9
GNQ,2011,107.3
GNQ,2012,103.7
GNQ,2013,100.3
GNQ,2014,97.4
GNQ,2015,94.1
ERI,1800,441.1
ERI,1801,441.1
ERI,1802,441.1
ERI,1803,441.1
ERI,1804,441.1
ERI,1805,441.1
ERI,1806,441.1
ERI,1807,441.1
ERI,1808,441.1
ERI,1809,441.1
ERI,1810,441.1
ERI,1811,441.1
ERI,1812,441.1
ERI,1813,441.1
ERI,1814,441.1
ERI,1815,441.1
ERI,1816,441.1
ERI,1817,441.1
ERI,1818,441.1
ERI,1819,441.1
ERI,1820,441.1
ERI,1821,441.1
ERI,1822,441.1
ERI,1823,441.1
ERI,1824,441.1
ERI,1825,441.1
ERI,1826,441.1
ERI,1827,441.1
ERI,1828,441.1
ERI,1829,441.1
ERI,1830,441.1
ERI,1831,441.1
ERI,1832,441.1
ERI,1833,441.1
ERI,1834,441.1
ERI,1835,441.1
ERI,1836,441.1
ERI,1837,441.1
ERI,1838,441.1
ERI,1839,441.1
ERI,1840,441.1
ERI,1841,441.1
ERI,1842,441.1
ERI,1843,441.1
ERI,1844,441.1
ERI,1845,441.1
ERI,1846,441.1
ERI,1847,441.1
ERI,1848,441.1
ERI,1849,441.1
ERI,1850,441.1
ERI,1851,441.1
ERI,1852,441.1
ERI,1853,441.1
ERI,1854,441.1
ERI,1855,441.1
ERI,1856,441.1
ERI,1857,441.1
ERI,1858,441.1
ERI,1859,441.1
ERI,1860,441.1
ERI,1861,441.1
ERI,1862,441.1
ERI,1863,441.1
ERI,1864,441.1
ERI,1865,441.1
ERI,1866,441.1
ERI,1867,441.1
ERI,1868,441.1
ERI,1869,441.1
ERI,1870,441.1
ERI,1871,441.1
ERI,1872,441.1
ERI,1873,441.1
ERI,1874,441.1
ERI,1875,441.1
ERI,1876,441.1
ERI,1877,441.1
ERI,1878,441.1
ERI,1879,441.1
ERI,1880,441.1
ERI,1881,441.1
ERI,1882,441.1
ERI,1883,441.1
ERI,1884,441.1
ERI,1885,441.1
ERI,1886,441.1
ERI,1887,441.1
ERI,1888,441.1
ERI,1889,441.1
ERI,1890,441.1
ERI,1891,441.1
ERI,1892,441.1
ERI,1893,441.1
ERI,1894,441.1
ERI,1895,441.1
ERI,1896,441
ERI,1897,440.9
ERI,1898,440.7
ERI,1899,440.5
ERI,1900,440.2
ERI,1901,439.8
ERI,1902,439.3
ERI,1903,438.8
ERI,1904,438.2
ERI,1905,437.6
ERI,1906,436.9
ERI,1907,436.1
ERI,1908,435.2
ERI,1909,434.3
ERI,1910,433.3
ERI,1911,432.3
ERI,1912,431.3
ERI,1913,430.3
ERI,1914,429.2
ERI,1915,428.2
ERI,1916,427.1
ERI,1917,426.1
ERI,1918,425.1
ERI,1919,424
ERI,1920,423
ERI,1921,422
ERI,1922,420.9
ERI,1923,419.9
ERI,1924,418.9
ERI,1925,417.8
ERI,1926,416.8
ERI,1927,415.8
ERI,1928,414.7
ERI,1929,413.7
ERI,1930,412.7
ERI,1931,411.6
ERI,1932,410.6
ERI,1933,409.6
ERI,1934,408.5
ERI,1935,407.7
ERI,1936,406.9
ERI,1937,406.1
ERI,1938,405.3
ERI,1939,404.5
ERI,1940,403.7
ERI,1941,402.9
ERI,1942,402.1
ERI,1943,401.3
ERI,1944,400.5
ERI,1945,399.6
ERI,1946,385.7
ERI,1947,373.2
ERI,1948,359.9
ERI,1949,348
ERI,1950,335.4
ERI,1951,333.6
ERI,1952,331.9
ERI,1953,328.6
ERI,1954,324.9
ERI,1955,320.9
ERI,1956,316.5
ERI,1957,311.6
ERI,1958,306.4
ERI,1959,301.3
ERI,1960,292.4
ERI,1961,283.7
ERI,1962,275.3
ERI,1963,267.2
ERI,1964,259.3
ERI,1965,251.6
ERI,1966,244.2
ERI,1967,236.9
ERI,1968,229.9
ERI,1969,223.1
ERI,1970,221.4
ERI,1971,219.5
ERI,1972,217.7
ERI,1973,215.5
ERI,1974,213.1
ERI,1975,208.8
ERI,1976,204.7
ERI,1977,200.8
ERI,1978,197.1
ERI,1979,193.9
ERI,1980,191
ERI,1981,188.2
ERI,1982,185.3
ERI,1983,182.3
ERI,1984,179.1
ERI,1985,175.7
ERI,1986,171.8
ERI,1987,167.5
ERI,1988,162.7
ERI,1989,157.3
ERI,1990,151.4
ERI,1991,145
ERI,1992,138.2
ERI,1993,131.2
ERI,1994,124.1
ERI,1995,117.3
ERI,1996,110.8
ERI,1997,104.8
ERI,1998,99.2
ERI,1999,94
ERI,2000,89.1
ERI,2001,84.6
ERI,2002,80.4
ERI,2003,76.5
ERI,2004,72.9
ERI,2005,69.5
ERI,2006,66.3
ERI,2007,63.2
ERI,2008,60.4
ERI,2009,57.9
ERI,2010,55.6
ERI,2011,53.5
ERI,2012,51.6
ERI,2013,49.7
ERI,2014,48.1
ERI,2015,46.5
EST,1800,362.1
EST,1801,362.1
EST,1802,362.1
EST,1803,362.1
EST,1804,362.1
EST,1805,362.1
EST,1806,362.1
EST,1807,362.1
EST,1808,362.1
EST,1809,362.1
EST,1810,362.1
EST,1811,362.1
EST,1812,362.1
EST,1813,362.1
EST,1814,362.1
EST,1815,362.1
EST,1816,362.1
EST,1817,362.1
EST,1818,362.1
EST,1819,362.1
EST,1820,362.1
EST,1821,362.1
EST,1822,362.1
EST,1823,362.1
EST,1824,362.1
EST,1825,362.1
EST,1826,362.1
EST,1827,362.1
EST,1828,362.1
EST,1829,362.1
EST,1830,362.1
EST,1831,362.1
EST,1832,362.1
EST,1833,362.1
EST,1834,362.1
EST,1835,362.1
EST,1836,362.1
EST,1837,362.1
EST,1838,362.1
EST,1839,362.1
EST,1840,362.1
EST,1841,362.1
EST,1842,362.1
EST,1843,362.1
EST,1844,362.1
EST,1845,362.1
EST,1846,362.1
EST,1847,362.1
EST,1848,362.1
EST,1849,362.1
EST,1850,362.1
EST,1851,362.1
EST,1852,362.1
EST,1853,362.1
EST,1854,362.1
EST,1855,362.1
EST,1856,362.1
EST,1857,362.1
EST,1858,362.1
EST,1859,362.1
EST,1860,362.1
EST,1861,359.8
EST,1862,357.4
EST,1863,356.3
EST,1864,354
EST,1865,351.7
EST,1866,349.4
EST,1867,348.2
EST,1868,345.9
EST,1869,343.6
EST,1870,341.4
EST,1871,340.2
EST,1872,338
EST,1873,335.7
EST,1874,333.5
EST,1875,332.4
EST,1876,330.1
EST,1877,327.9
EST,1878,325.7
EST,1879,324.6
EST,1880,322.4
EST,1881,320.2
EST,1882,318
EST,1883,317
EST,1884,314.8
EST,1885,312.6
EST,1886,310.4
EST,1887,309.4
EST,1888,307.2
EST,1889,305.1
EST,1890,303
EST,1891,301.9
EST,1892,299.8
EST,1893,297.7
EST,1894,295.6
EST,1895,294.5
EST,1896,292.4
EST,1897,290.2
EST,1898,290.1
EST,1899,288.9
EST,1900,288.7
EST,1901,284.4
EST,1902,280
EST,1903,275.6
EST,1904,271.2
EST,1905,266.8
EST,1906,263.4
EST,1907,259
EST,1908,254.6
EST,1909,250.2
EST,1910,245.8
EST,1911,241.5
EST,1912,237.2
EST,1913,232.9
EST,1914,228.7
EST,1915,224.5
EST,1916,220.3
EST,1917,217.1
EST,1918,213.1
EST,1919,209.1
EST,1920,205.1
EST,1921,201.1
EST,1922,197.2
EST,1923,193.4
EST,1924,190.4
EST,1925,186.6
EST,1926,183.6
EST,1927,179.9
EST,1928,177
EST,1929,173.4
EST,1930,170.6
EST,1931,167
EST,1932,164.3
EST,1933,160.8
EST,1934,158.1
EST,1935,154.6
EST,1936,150.5
EST,1937,145.7
EST,1938,141.6
EST,1939,137.7
EST,1940,133
EST,1941,129.2
EST,1942,125.4
EST,1943,121
EST,1944,117.3
EST,1945,113
EST,1946,109.5
EST,1947,106
EST,1948,101.9
EST,1949,98.5
EST,1950,91.06
EST,1951,84.17
EST,1952,77.81
EST,1953,71.93
EST,1954,66.5
EST,1955,61.47
EST,1956,56.82
EST,1957,52.53
EST,1958,48.56
EST,1959,44.89
EST,1960,45.06
EST,1961,39.87
EST,1962,35.88
EST,1963,35.58
EST,1964,36.22
EST,1965,29.98
EST,1966,28.76
EST,1967,27.82
EST,1968,28
EST,1969,25.93
EST,1970,27.16
EST,1971,26.31
EST,1972,24.14
EST,1973,24.33
EST,1974,26.68
EST,1975,26.22
EST,1976,26.44
EST,1977,27.2
EST,1978,25.52
EST,1979,27.69
EST,1980,27.1
EST,1981,26.2
EST,1982,25.3
EST,1983,24.5
EST,1984,23.8
EST,1985,23.1
EST,1986,22.6
EST,1987,22
EST,1988,21.5
EST,1989,20.9
EST,1990,20.2
EST,1991,19.5
EST,1992,18.7
EST,1993,17.8
EST,1994,16.8
EST,1995,15.8
EST,1996,14.8
EST,1997,13.8
EST,1998,12.8
EST,1999,11.9
EST,2000,11
EST,2001,10.2
EST,2002,9.4
EST,2003,8.6
EST,2004,7.9
EST,2005,7.3
EST,2006,6.7
EST,2007,6.1
EST,2008,5.5
EST,2009,5
EST,2010,4.5
EST,2011,4.1
EST,2012,3.7
EST,2013,3.4
EST,2014,3.2
EST,2015,3
ETH,1800,447.9
ETH,1801,447.9
ETH,1802,447.9
ETH,1803,447.9
ETH,1804,447.9
ETH,1805,447.9
ETH,1806,447.9
ETH,1807,447.9
ETH,1808,447.9
ETH,1809,447.9
ETH,1810,447.9
ETH,1811,447.9
ETH,1812,447.9
ETH,1813,447.9
ETH,1814,447.9
ETH,1815,447.9
ETH,1816,447.9
ETH,1817,447.9
ETH,1818,447.9
ETH,1819,447.9
ETH,1820,447.9
ETH,1821,447.9
ETH,1822,447.9
ETH,1823,447.9
ETH,1824,447.9
ETH,1825,447.9
ETH,1826,447.9
ETH,1827,447.9
ETH,1828,447.9
ETH,1829,447.9
ETH,1830,447.9
ETH,1831,447.9
ETH,1832,447.9
ETH,1833,447.9
ETH,1834,447.9
ETH,1835,447.9
ETH,1836,447.9
ETH,1837,447.9
ETH,1838,447.9
ETH,1839,447.9
ETH,1840,447.9
ETH,1841,447.9
ETH,1842,447.9
ETH,1843,447.9
ETH,1844,447.9
ETH,1845,447.9
ETH,1846,447.9
ETH,1847,447.9
ETH,1848,447.9
ETH,1849,447.9
ETH,1850,447.9
ETH,1851,447.9
ETH,1852,447.9
ETH,1853,447.9
ETH,1854,447.9
ETH,1855,447.9
ETH,1856,447.9
ETH,1857,447.9
ETH,1858,447.9
ETH,1859,447.9
ETH,1860,447.9
ETH,1861,447.9
ETH,1862,447.9
ETH,1863,447.9
ETH,1864,447.9
ETH,1865,447.9
ETH,1866,447.9
ETH,1867,447.9
ETH,1868,447.9
ETH,1869,447.9
ETH,1870,447.9
ETH,1871,447.9
ETH,1872,447.9
ETH,1873,447.9
ETH,1874,447.9
ETH,1875,447.9
ETH,1876,447.9
ETH,1877,447.9
ETH,1878,447.9
ETH,1879,447.9
ETH,1880,447.9
ETH,1881,447.9
ETH,1882,447.9
ETH,1883,447.9
ETH,1884,447.9
ETH,1885,447.9
ETH,1886,447.9
ETH,1887,447.9
ETH,1888,447.9
ETH,1889,447.9
ETH,1890,447.9
ETH,1891,447.9
ETH,1892,447.9
ETH,1893,447.9
ETH,1894,447.9
ETH,1895,447.8
ETH,1896,447.8
ETH,1897,447.6
ETH,1898,447.5
ETH,1899,447.2
ETH,1900,446.9
ETH,1901,446.5
ETH,1902,446.1
ETH,1903,445.5
ETH,1904,444.9
ETH,1905,444.3
ETH,1906,443.5
ETH,1907,442.7
ETH,1908,441.9
ETH,1909,440.9
ETH,1910,439.9
ETH,1911,438.9
ETH,1912,437.9
ETH,1913,436.8
ETH,1914,435.8
ETH,1915,434.7
ETH,1916,433.7
ETH,1917,432.6
ETH,1918,431.6
ETH,1919,430.5
ETH,1920,429.5
ETH,1921,428.4
ETH,1922,427.4
ETH,1923,426.3
ETH,1924,425.3
ETH,1925,424.2
ETH,1926,423.2
ETH,1927,422.2
ETH,1928,421.2
ETH,1929,420.1
ETH,1930,419.1
ETH,1931,418.1
ETH,1932,417.1
ETH,1933,416.1
ETH,1934,415.1
ETH,1935,414.1
ETH,1936,413.1
ETH,1937,412
ETH,1938,411
ETH,1939,410
ETH,1940,409
ETH,1941,408
ETH,1942,407
ETH,1943,405.9
ETH,1944,404.9
ETH,1945,403.9
ETH,1946,394.4
ETH,1947,385.1
ETH,1948,374.8
ETH,1949,365.9
ETH,1950,357.1
ETH,1951,353.9
ETH,1952,349.7
ETH,1953,344
ETH,1954,336.9
ETH,1955,329.4
ETH,1956,320.5
ETH,1957,311.6
ETH,1958,303
ETH,1959,294.6
ETH,1960,286.4
ETH,1961,278.5
ETH,1962,270.8
ETH,1963,263.3
ETH,1964,256
ETH,1965,248.9
ETH,1966,242
ETH,1967,241.5
ETH,1968,241
ETH,1969,241.2
ETH,1970,241.1
ETH,1971,241.2
ETH,1972,241.1
ETH,1973,241
ETH,1974,241
ETH,1975,241.5
ETH,1976,242.1
ETH,1977,242.7
ETH,1978,243
ETH,1979,242.8
ETH,1980,241.6
ETH,1981,239.3
ETH,1982,236
ETH,1983,232
ETH,1984,227.6
ETH,1985,223.4
ETH,1986,219.3
ETH,1987,215.5
ETH,1988,212
ETH,1989,208.4
ETH,1990,204.6
ETH,1991,200.2
ETH,1992,195
ETH,1993,188.9
ETH,1994,182
ETH,1995,175
ETH,1996,168.3
ETH,1997,162
ETH,1998,156.2
ETH,1999,150.8
ETH,2000,145.1
ETH,2001,139
ETH,2002,132.2
ETH,2003,124.8
ETH,2004,117
ETH,2005,109.1
ETH,2006,101.3
ETH,2007,93.8
ETH,2008,86.9
ETH,2009,80.8
ETH,2010,75.7
ETH,2011,71.3
ETH,2012,67.7
ETH,2013,64.6
ETH,2014,61.8
ETH,2015,59.2
FJI,1800,498.9
FJI,1801,498.9
FJI,1802,498.9
FJI,1803,498.9
FJI,1804,498.9
FJI,1805,498.9
FJI,1806,498.9
FJI,1807,498.9
FJI,1808,498.9
FJI,1809,498.9
FJI,1810,498.9
FJI,1811,498.9
FJI,1812,498.9
FJI,1813,498.9
FJI,1814,498.9
FJI,1815,498.9
FJI,1816,498.9
FJI,1817,498.9
FJI,1818,498.9
FJI,1819,498.9
FJI,1820,498.9
FJI,1821,498.9
FJI,1822,498.9
FJI,1823,498.9
FJI,1824,498.9
FJI,1825,498.9
FJI,1826,498.9
FJI,1827,498.9
FJI,1828,498.9
FJI,1829,498.9
FJI,1830,498.9
FJI,1831,498.9
FJI,1832,498.9
FJI,1833,498.9
FJI,1834,498.9
FJI,1835,498.9
FJI,1836,498.9
FJI,1837,498.9
FJI,1838,498.9
FJI,1839,498.9
FJI,1840,498.9
FJI,1841,498.9
FJI,1842,498.9
FJI,1843,498.9
FJI,1844,498.9
FJI,1845,498.9
FJI,1846,498.9
FJI,1847,498.9
FJI,1848,498.9
FJI,1849,498.9
FJI,1850,498.9
FJI,1851,498.9
FJI,1852,498.9
FJI,1853,498.9
FJI,1854,498.9
FJI,1855,498.9
FJI,1856,498.9
FJI,1857,498.9
FJI,1858,498.9
FJI,1859,498.9
FJI,1860,498.9
FJI,1861,498.9
FJI,1862,498.9
FJI,1863,498.9
FJI,1864,498.9
FJI,1865,498.9
FJI,1866,498.9
FJI,1867,498.9
FJI,1868,498.9
FJI,1869,498.9
FJI,1870,498.9
FJI,1871,498.9
FJI,1872,498.9
FJI,1873,498.9
FJI,1874,498.9
FJI,1875,498.9
FJI,1876,498.9
FJI,1877,498.9
FJI,1878,498.9
FJI,1879,498.9
FJI,1880,498.9
FJI,1881,498.9
FJI,1882,498.9
FJI,1883,498.9
FJI,1884,498.9
FJI,1885,498.9
FJI,1886,498.9
FJI,1887,498.9
FJI,1888,498.9
FJI,1889,498.9
FJI,1890,498.9
FJI,1891,498.9
FJI,1892,498.9
FJI,1893,498.9
FJI,1894,498.9
FJI,1895,498.8
FJI,1896,498.8
FJI,1897,498.6
FJI,1898,498.4
FJI,1899,498.1
FJI,1900,497.8
FJI,1901,497.4
FJI,1902,496.9
FJI,1903,496.3
FJI,1904,495.6
FJI,1905,494.9
FJI,1906,494.1
FJI,1907,493.2
FJI,1908,492.2
FJI,1909,491.1
FJI,1910,490.1
FJI,1911,490.5
FJI,1912,490.9
FJI,1913,491.4
FJI,1914,491.8
FJI,1915,492.2
FJI,1916,492.6
FJI,1917,492.9
FJI,1918,493.3
FJI,1919,493.7
FJI,1920,494
FJI,1921,494.4
FJI,1922,494.7
FJI,1923,495.1
FJI,1924,495.4
FJI,1925,495.7
FJI,1926,481.5
FJI,1927,467.6
FJI,1928,454
FJI,1929,440.7
FJI,1930,427.7
FJI,1931,415
FJI,1932,402.5
FJI,1933,390.3
FJI,1934,378.3
FJI,1935,366.6
FJI,1936,355
FJI,1937,343.7
FJI,1938,332.6
FJI,1939,321.7
FJI,1940,310.9
FJI,1941,286.2
FJI,1942,263.4
FJI,1943,242.5
FJI,1944,223.2
FJI,1945,205.4
FJI,1946,189.1
FJI,1947,174
FJI,1948,160.2
FJI,1949,147.4
FJI,1950,135.7
FJI,1951,125.9
FJI,1952,116.9
FJI,1953,108.7
FJI,1954,101.3
FJI,1955,94.8
FJI,1956,89
FJI,1957,83.7
FJI,1958,79.2
FJI,1959,75.2
FJI,1960,71.8
FJI,1961,68.7
FJI,1962,66
FJI,1963,63.8
FJI,1964,61.7
FJI,1965,60
FJI,1966,58.5
FJI,1967,57.3
FJI,1968,56.4
FJI,1969,55.8
FJI,1970,55.3
FJI,1971,54.9
FJI,1972,54.6
FJI,1973,54.2
FJI,1974,53.6
FJI,1975,52.8
FJI,1976,51.6
FJI,1977,50
FJI,1978,48.2
FJI,1979,46.1
FJI,1980,44
FJI,1981,42
FJI,1982,40
FJI,1983,38.3
FJI,1984,36.8
FJI,1985,35.4
FJI,1986,34.1
FJI,1987,33
FJI,1988,31.8
FJI,1989,30.8
FJI,1990,29.8
FJI,1991,28.8
FJI,1992,28
FJI,1993,27.2
FJI,1994,26.6
FJI,1995,26.2
FJI,1996,25.8
FJI,1997,25.4
FJI,1998,25.1
FJI,1999,24.8
FJI,2000,24.5
FJI,2001,24.2
FJI,2002,23.9
FJI,2003,23.7
FJI,2004,23.7
FJI,2005,23.7
FJI,2006,23.8
FJI,2007,23.9
FJI,2008,24
FJI,2009,24
FJI,2010,23.9
FJI,2011,23.7
FJI,2012,23.5
FJI,2013,23.2
FJI,2014,22.9
FJI,2015,22.4
FIN,1800,420
FIN,1801,420
FIN,1802,420
FIN,1803,420
FIN,1804,420
FIN,1805,420
FIN,1806,414.9
FIN,1807,409.8
FIN,1808,404.7
FIN,1809,399.7
FIN,1810,394.7
FIN,1811,389.8
FIN,1812,384.9
FIN,1813,380
FIN,1814,375.2
FIN,1815,370.4
FIN,1816,368
FIN,1817,364.5
FIN,1818,362.1
FIN,1819,358.6
FIN,1820,355.1
FIN,1821,352.8
FIN,1822,349.4
FIN,1823,347.1
FIN,1824,343.6
FIN,1825,340.2
FIN,1826,344.8
FIN,1827,349.4
FIN,1828,354
FIN,1829,357.4
FIN,1830,362.1
FIN,1831,366.8
FIN,1832,371.6
FIN,1833,375.2
FIN,1834,380
FIN,1835,384.9
FIN,1836,377.6
FIN,1837,370.4
FIN,1838,364.5
FIN,1839,357.4
FIN,1840,350.5
FIN,1841,343.6
FIN,1842,336.9
FIN,1843,331.3
FIN,1844,324.6
FIN,1845,318
FIN,1846,323.5
FIN,1847,330.1
FIN,1848,335.7
FIN,1849,341.4
FIN,1850,348.2
FIN,1851,354
FIN,1852,359.8
FIN,1853,366.8
FIN,1854,372.8
FIN,1855,378.8
FIN,1856,382.4
FIN,1857,379.5
FIN,1858,376.7
FIN,1859,373.8
FIN,1860,371
FIN,1861,368.2
FIN,1862,365.4
FIN,1863,362.6
FIN,1864,359.9
FIN,1865,357.1
FIN,1866,354.4
FIN,1867,362.5
FIN,1868,636.6
FIN,1869,225.9
FIN,1870,218.5
FIN,1871,225.9
FIN,1872,281.1
FIN,1873,299.1
FIN,1874,294.2
FIN,1875,277.8
FIN,1876,265.2
FIN,1877,261.9
FIN,1878,311.1
FIN,1879,240.9
FIN,1880,288.1
FIN,1881,319.2
FIN,1882,298.7
FIN,1883,263
FIN,1884,264.8
FIN,1885,288.1
FIN,1886,287.7
FIN,1887,225.9
FIN,1888,231.8
FIN,1889,234.5
FIN,1890,238.4
FIN,1891,269.4
FIN,1892,293.8
FIN,1893,241.3
FIN,1894,228.8
FIN,1895,202.5
FIN,1896,216
FIN,1897,199.6
FIN,1898,208
FIN,1899,241
FIN,1900,269.6
FIN,1901,256.3
FIN,1902,214.8
FIN,1903,212.3
FIN,1904,201.3
FIN,1905,216.2
FIN,1906,205
FIN,1907,194.6
FIN,1908,207.3
FIN,1909,185
FIN,1910,191.2
FIN,1911,182.9
FIN,1912,173.5
FIN,1913,175.2
FIN,1914,166.8
FIN,1915,167.9
FIN,1916,176.7
FIN,1917,191.8
FIN,1918,214.5
FIN,1919,225
FIN,1920,180.4
FIN,1921,140.2
FIN,1922,145.4
FIN,1923,144.8
FIN,1924,157.3
FIN,1925,121.7
FIN,1926,120.1
FIN,1927,139.5
FIN,1928,122.2
FIN,1929,138.6
FIN,1930,106.4
FIN,1931,102.8
FIN,1932,100.1
FIN,1933,106.6
FIN,1934,107.7
FIN,1935,94.3
FIN,1936,93.77
FIN,1937,95.45
FIN,1938,93.4
FIN,1939,99.49
FIN,1940,114.5
FIN,1941,91.25
FIN,1942,75.67
FIN,1943,79.01
FIN,1944,103.5
FIN,1945,98.66
FIN,1946,75.67
FIN,1947,75.48
FIN,1948,64.35
FIN,1949,57.57
FIN,1950,50.96
FIN,1951,42
FIN,1952,40.5
FIN,1953,38.9
FIN,1954,37.3
FIN,1955,35.7
FIN,1956,34
FIN,1957,32.3
FIN,1958,30.4
FIN,1959,28.6
FIN,1960,26.8
FIN,1961,25.2
FIN,1962,23.8
FIN,1963,22.5
FIN,1964,21.3
FIN,1965,20.2
FIN,1966,19.3
FIN,1967,18.4
FIN,1968,17.6
FIN,1969,16.9
FIN,1970,16.1
FIN,1971,15.4
FIN,1972,14.6
FIN,1973,13.8
FIN,1974,13.1
FIN,1975,12.2
FIN,1976,11.4
FIN,1977,10.6
FIN,1978,9.9
FIN,1979,9.2
FIN,1980,8.7
FIN,1981,8.2
FIN,1982,7.9
FIN,1983,7.6
FIN,1984,7.4
FIN,1985,7.3
FIN,1986,7.3
FIN,1987,7.2
FIN,1988,7.1
FIN,1989,6.9
FIN,1990,6.7
FIN,1991,6.4
FIN,1992,6.1
FIN,1993,5.8
FIN,1994,5.5
FIN,1995,5.2
FIN,1996,4.9
FIN,1997,4.7
FIN,1998,4.6
FIN,1999,4.4
FIN,2000,4.3
FIN,2001,4.2
FIN,2002,4.1
FIN,2003,4
FIN,2004,3.9
FIN,2005,3.8
FIN,2006,3.6
FIN,2007,3.5
FIN,2008,3.3
FIN,2009,3.2
FIN,2010,3
FIN,2011,2.9
FIN,2012,2.7
FIN,2013,2.6
FIN,2014,2.4
FIN,2015,2.3
FRA,1800,412.3
FRA,1801,407.2
FRA,1802,400.9
FRA,1803,395.9
FRA,1804,391
FRA,1805,384.9
FRA,1806,380
FRA,1807,367.7
FRA,1808,355.7
FRA,1809,344.2
FRA,1810,333
FRA,1811,322.2
FRA,1812,311.8
FRA,1813,301.6
FRA,1814,291.8
FRA,1815,282.4
FRA,1816,273.2
FRA,1817,283.5
FRA,1818,293.7
FRA,1819,312.2
FRA,1820,284.8
FRA,1821,287.3
FRA,1822,309.4
FRA,1823,289.2
FRA,1824,305.6
FRA,1825,305.7
FRA,1826,303.7
FRA,1827,284.5
FRA,1828,312.8
FRA,1829,284.3
FRA,1830,282.9
FRA,1831,283.5
FRA,1832,297.9
FRA,1833,286.5
FRA,1834,338
FRA,1835,277.3
FRA,1836,259.1
FRA,1837,274.1
FRA,1838,286.5
FRA,1839,268
FRA,1840,260.7
FRA,1841,262.5
FRA,1842,270.1
FRA,1843,268.9
FRA,1844,251.9
FRA,1845,236.9
FRA,1846,271.6
FRA,1847,258.1
FRA,1848,264.8
FRA,1849,301.1
FRA,1850,238.1
FRA,1851,262.1
FRA,1852,265.1
FRA,1853,244.4
FRA,1854,298
FRA,1855,278.7
FRA,1856,268.6
FRA,1857,285.4
FRA,1858,282.4
FRA,1859,347.3
FRA,1860,243.3
FRA,1861,291.1
FRA,1862,258.3
FRA,1863,275.2
FRA,1864,264.9
FRA,1865,283.2
FRA,1866,253.3
FRA,1867,263.4
FRA,1868,288.4
FRA,1869,273.6
FRA,1870,300.3
FRA,1871,343.9
FRA,1872,254.9
FRA,1873,267
FRA,1874,241.7
FRA,1875,245.7
FRA,1876,240.4
FRA,1877,237.1
FRA,1878,249.5
FRA,1879,235.4
FRA,1880,257
FRA,1881,244.1
FRA,1882,248.4
FRA,1883,247.9
FRA,1884,260
FRA,1885,240.2
FRA,1886,250
FRA,1887,242.6
FRA,1888,241.8
FRA,1889,229.5
FRA,1890,250.6
FRA,1891,235.5
FRA,1892,250.2
FRA,1893,249
FRA,1894,226.3
FRA,1895,228.2
FRA,1896,203.2
FRA,1897,207
FRA,1898,228.5
FRA,1899,234.2
FRA,1900,224
FRA,1901,206.6
FRA,1902,196.6
FRA,1903,194.4
FRA,1904,201.7
FRA,1905,190.7
FRA,1906,200
FRA,1907,184
FRA,1908,181.6
FRA,1909,167.5
FRA,1910,159.6
FRA,1911,203
FRA,1912,155.4
FRA,1913,160.9
FRA,1914,152.5
FRA,1915,162.7
FRA,1916,160.5
FRA,1917,176.3
FRA,1918,215.1
FRA,1919,172
FRA,1920,161.8
FRA,1921,149.2
FRA,1922,114.1
FRA,1923,127.9
FRA,1924,113
FRA,1925,120.8
FRA,1926,126.8
FRA,1927,111
FRA,1928,118.8
FRA,1929,121.7
FRA,1930,101.9
FRA,1931,97.17
FRA,1932,98.26
FRA,1933,92.51
FRA,1934,89.76
FRA,1935,84.06
FRA,1936,84.24
FRA,1937,81.6
FRA,1938,81.05
FRA,1939,77.27
FRA,1940,103.7
FRA,1941,84.32
FRA,1942,86.15
FRA,1943,89.92
FRA,1944,93
FRA,1945,120.3
FRA,1946,85.57
FRA,1947,72.49
FRA,1948,56.81
FRA,1949,61
FRA,1950,57.1
FRA,1951,53.4
FRA,1952,49.7
FRA,1953,46.3
FRA,1954,43.1
FRA,1955,40.2
FRA,1956,37.4
FRA,1957,34.8
FRA,1958,32.4
FRA,1959,30.3
FRA,1960,28.5
FRA,1961,27
FRA,1962,25.7
FRA,1963,24.5
FRA,1964,23.4
FRA,1965,22.3
FRA,1966,21.4
FRA,1967,20.6
FRA,1968,19.9
FRA,1969,19.1
FRA,1970,18.2
FRA,1971,17.4
FRA,1972,16.6
FRA,1973,15.9
FRA,1974,15.4
FRA,1975,15
FRA,1976,14.5
FRA,1977,13.9
FRA,1978,13.3
FRA,1979,12.8
FRA,1980,12.4
FRA,1981,11.9
FRA,1982,11.5
FRA,1983,11.1
FRA,1984,10.7
FRA,1985,10.3
FRA,1986,10
FRA,1987,9.8
FRA,1988,9.6
FRA,1989,9.3
FRA,1990,9
FRA,1991,8.6
FRA,1992,8.1
FRA,1993,7.6
FRA,1994,7
FRA,1995,6.5
FRA,1996,6.1
FRA,1997,5.8
FRA,1998,5.6
FRA,1999,5.5
FRA,2000,5.4
FRA,2001,5.3
FRA,2002,5.1
FRA,2003,4.9
FRA,2004,4.7
FRA,2005,4.6
FRA,2006,4.5
FRA,2007,4.4
FRA,2008,4.3
FRA,2009,4.3
FRA,2010,4.3
FRA,2011,4.3
FRA,2012,4.3
FRA,2013,4.4
FRA,2014,4.4
FRA,2015,4.3
GUF,1980,46.99
GUF,1981,44.07
GUF,1982,41.21
GUF,1983,38.58
GUF,1984,36.24
GUF,1985,34.25
GUF,1986,32.57
GUF,1987,31.08
GUF,1988,29.71
GUF,1989,28.41
GUF,1990,27.17
GUF,1991,25.99
GUF,1992,24.88
GUF,1993,23.83
GUF,1994,22.85
GUF,1995,21.92
GUF,1996,21.03
GUF,1997,20.17
GUF,1998,19.33
GUF,1999,18.52
GUF,2000,17.71
GUF,2001,16.9
GUF,2002,16.1
GUF,2003,15.31
GUF,2004,14.55
GUF,2005,13.83
GUF,2006,13.17
GUF,2007,12.6
GUF,2008,12.11
GUF,2009,11.72
GUF,2010,11.41
GUF,2011,11.2
GUF,2012,11.05
GUF,2013,10.95
GUF,2014,10.86
GUF,2015,10.78
PYF,1980,49.95
PYF,1981,44.96
PYF,1982,40.04
PYF,1983,35.41
PYF,1984,31.24
PYF,1985,27.71
PYF,1986,24.94
PYF,1987,22.9
PYF,1988,21.47
PYF,1989,20.56
PYF,1990,19.97
PYF,1991,19.47
PYF,1992,18.85
PYF,1993,17.99
PYF,1994,16.83
PYF,1995,15.44
PYF,1996,13.97
PYF,1997,12.61
PYF,1998,11.51
PYF,1999,10.74
PYF,2000,10.27
PYF,2001,10.08
PYF,2002,10.03
PYF,2003,10.03
PYF,2004,10.02
PYF,2005,9.96
PYF,2006,9.82
PYF,2007,9.61
PYF,2008,9.34
PYF,2009,9.01
PYF,2010,8.64
PYF,2011,8.24
PYF,2012,7.84
PYF,2013,7.46
PYF,2014,7.11
PYF,2015,6.8
GAB,1800,435.8
GAB,1801,435.8
GAB,1802,435.8
GAB,1803,435.8
GAB,1804,435.8
GAB,1805,435.8
GAB,1806,435.8
GAB,1807,435.8
GAB,1808,435.8
GAB,1809,435.8
GAB,1810,435.8
GAB,1811,435.8
GAB,1812,435.8
GAB,1813,435.8
GAB,1814,435.8
GAB,1815,435.8
GAB,1816,435.8
GAB,1817,435.8
GAB,1818,435.8
GAB,1819,435.8
GAB,1820,435.8
GAB,1821,435.8
GAB,1822,435.8
GAB,1823,435.8
GAB,1824,435.8
GAB,1825,435.8
GAB,1826,435.8
GAB,1827,435.8
GAB,1828,435.8
GAB,1829,435.8
GAB,1830,435.8
GAB,1831,435.8
GAB,1832,435.8
GAB,1833,435.8
GAB,1834,435.8
GAB,1835,435.8
GAB,1836,435.8
GAB,1837,435.8
GAB,1838,435.8
GAB,1839,435.8
GAB,1840,435.8
GAB,1841,435.8
GAB,1842,435.8
GAB,1843,435.8
GAB,1844,435.8
GAB,1845,435.8
GAB,1846,435.8
GAB,1847,435.8
GAB,1848,435.8
GAB,1849,435.8
GAB,1850,435.8
GAB,1851,435.8
GAB,1852,435.8
GAB,1853,435.8
GAB,1854,435.8
GAB,1855,435.8
GAB,1856,435.8
GAB,1857,435.8
GAB,1858,435.8
GAB,1859,435.8
GAB,1860,435.8
GAB,1861,435.8
GAB,1862,435.8
GAB,1863,435.8
GAB,1864,435.8
GAB,1865,435.8
GAB,1866,435.8
GAB,1867,435.8
GAB,1868,435.8
GAB,1869,435.8
GAB,1870,435.8
GAB,1871,435.8
GAB,1872,435.8
GAB,1873,435.8
GAB,1874,435.8
GAB,1875,435.8
GAB,1876,435.8
GAB,1877,435.8
GAB,1878,435.8
GAB,1879,435.8
GAB,1880,435.8
GAB,1881,435.8
GAB,1882,435.8
GAB,1883,435.8
GAB,1884,435.8
GAB,1885,435.8
GAB,1886,435.8
GAB,1887,435.8
GAB,1888,435.8
GAB,1889,435.8
GAB,1890,435.8
GAB,1891,435.8
GAB,1892,435.8
GAB,1893,435.8
GAB,1894,435.8
GAB,1895,435.8
GAB,1896,435.7
GAB,1897,435.6
GAB,1898,435.4
GAB,1899,435.2
GAB,1900,434.9
GAB,1901,434.5
GAB,1902,434
GAB,1903,433.5
GAB,1904,432.9
GAB,1905,432.3
GAB,1906,431.6
GAB,1907,430.8
GAB,1908,429.9
GAB,1909,429
GAB,1910,428.1
GAB,1911,427.1
GAB,1912,426.1
GAB,1913,425.1
GAB,1914,424
GAB,1915,423
GAB,1916,422
GAB,1917,421
GAB,1918,419.9
GAB,1919,418.9
GAB,1920,417.9
GAB,1921,416.9
GAB,1922,415.9
GAB,1923,414.8
GAB,1924,413.8
GAB,1925,412.8
GAB,1926,411.8
GAB,1927,410.7
GAB,1928,409.7
GAB,1929,408.7
GAB,1930,407.7
GAB,1931,406.6
GAB,1932,405.6
GAB,1933,404.6
GAB,1934,403.6
GAB,1935,402.6
GAB,1936,401.5
GAB,1937,400.5
GAB,1938,399.5
GAB,1939,398.6
GAB,1940,397.6
GAB,1941,396.7
GAB,1942,395.7
GAB,1943,394.8
GAB,1944,393.8
GAB,1945,392.9
GAB,1946,378.9
GAB,1947,366.5
GAB,1948,353.3
GAB,1949,340.4
GAB,1950,327.8
GAB,1951,324.9
GAB,1952,317.9
GAB,1953,311.6
GAB,1954,305.9
GAB,1955,299.9
GAB,1956,294.7
GAB,1957,289.1
GAB,1958,283.1
GAB,1959,277.3
GAB,1960,271.5
GAB,1961,265.7
GAB,1962,258.3
GAB,1963,250.9
GAB,1964,241.9
GAB,1965,233.1
GAB,1966,222.8
GAB,1967,212.7
GAB,1968,203.9
GAB,1969,194.2
GAB,1970,185
GAB,1971,176.2
GAB,1972,167.9
GAB,1973,159.9
GAB,1974,152.3
GAB,1975,145.1
GAB,1976,138.2
GAB,1977,131.7
GAB,1978,125.4
GAB,1979,121.1
GAB,1980,116.8
GAB,1981,112.7
GAB,1982,108.8
GAB,1983,105.4
GAB,1984,102.3
GAB,1985,99.6
GAB,1986,97.4
GAB,1987,95.7
GAB,1988,94.2
GAB,1989,93.1
GAB,1990,92.2
GAB,1991,91.3
GAB,1992,90.4
GAB,1993,89.5
GAB,1994,88.6
GAB,1995,87.8
GAB,1996,87
GAB,1997,86.2
GAB,1998,85.4
GAB,1999,84.6
GAB,2000,83.6
GAB,2001,82.3
GAB,2002,80.8
GAB,2003,79.2
GAB,2004,77.3
GAB,2005,75.3
GAB,2006,73.2
GAB,2007,70.7
GAB,2008,68
GAB,2009,65.5
GAB,2010,63
GAB,2011,60.5
GAB,2012,57.9
GAB,2013,56.1
GAB,2014,53.9
GAB,2015,52.2
GMB,1800,460.2
GMB,1801,460.2
GMB,1802,460.2
GMB,1803,460.2
GMB,1804,460.2
GMB,1805,460.2
GMB,1806,460.2
GMB,1807,460.2
GMB,1808,460.2
GMB,1809,460.2
GMB,1810,460.2
GMB,1811,460.2
GMB,1812,460.2
GMB,1813,460.2
GMB,1814,460.2
GMB,1815,460.2
GMB,1816,460.2
GMB,1817,460.2
GMB,1818,460.2
GMB,1819,460.2
GMB,1820,460.2
GMB,1821,460.2
GMB,1822,460.2
GMB,1823,460.2
GMB,1824,460.2
GMB,1825,460.2
GMB,1826,460.2
GMB,1827,460.2
GMB,1828,460.2
GMB,1829,460.2
GMB,1830,460.2
GMB,1831,460.2
GMB,1832,460.2
GMB,1833,460.2
GMB,1834,460.2
GMB,1835,460.2
GMB,1836,460.2
GMB,1837,460.2
GMB,1838,460.2
GMB,1839,460.2
GMB,1840,460.2
GMB,1841,460.2
GMB,1842,460.2
GMB,1843,460.2
GMB,1844,460.2
GMB,1845,460.2
GMB,1846,460.2
GMB,1847,460.2
GMB,1848,460.2
GMB,1849,460.2
GMB,1850,460.2
GMB,1851,460.2
GMB,1852,460.2
GMB,1853,460.2
GMB,1854,460.2
GMB,1855,460.2
GMB,1856,460.2
GMB,1857,460.2
GMB,1858,460.2
GMB,1859,460.2
GMB,1860,460.2
GMB,1861,460.2
GMB,1862,460.2
GMB,1863,460.2
GMB,1864,460.2
GMB,1865,460.2
GMB,1866,460.2
GMB,1867,460.2
GMB,1868,460.2
GMB,1869,460.2
GMB,1870,460.2
GMB,1871,460.2
GMB,1872,460.2
GMB,1873,460.2
GMB,1874,460.2
GMB,1875,460.2
GMB,1876,460.2
GMB,1877,460.2
GMB,1878,460.2
GMB,1879,460.2
GMB,1880,460.2
GMB,1881,460.2
GMB,1882,460.2
GMB,1883,460.2
GMB,1884,460.2
GMB,1885,460.2
GMB,1886,460.2
GMB,1887,460.2
GMB,1888,460.2
GMB,1889,460.2
GMB,1890,460.2
GMB,1891,460.2
GMB,1892,460.2
GMB,1893,460.2
GMB,1894,460.2
GMB,1895,460.2
GMB,1896,460.1
GMB,1897,460
GMB,1898,459.8
GMB,1899,459.5
GMB,1900,459.2
GMB,1901,458.8
GMB,1902,458.4
GMB,1903,457.8
GMB,1904,457.2
GMB,1905,456.5
GMB,1906,455.8
GMB,1907,454.9
GMB,1908,454
GMB,1909,453.1
GMB,1910,452.1
GMB,1911,451
GMB,1912,449.9
GMB,1913,448.9
GMB,1914,447.8
GMB,1915,446.7
GMB,1916,445.6
GMB,1917,444.5
GMB,1918,443.4
GMB,1919,442.3
GMB,1920,441.2
GMB,1921,440.1
GMB,1922,439
GMB,1923,437.9
GMB,1924,436.7
GMB,1925,435.6
GMB,1926,434.5
GMB,1927,433.4
GMB,1928,432.3
GMB,1929,431.2
GMB,1930,430.1
GMB,1931,429
GMB,1932,427.9
GMB,1933,426.8
GMB,1934,425.6
GMB,1935,424.5
GMB,1936,423.4
GMB,1937,422.3
GMB,1938,421.2
GMB,1939,420.1
GMB,1940,419
GMB,1941,417.9
GMB,1942,416.8
GMB,1943,415.7
GMB,1944,414.6
GMB,1945,413.5
GMB,1946,409.9
GMB,1947,407.7
GMB,1948,405.6
GMB,1949,403.4
GMB,1950,401.3
GMB,1951,399.2
GMB,1952,397.1
GMB,1953,395.1
GMB,1954,393
GMB,1955,390.9
GMB,1956,388.9
GMB,1957,382.1
GMB,1958,375.5
GMB,1959,368.6
GMB,1960,362.4
GMB,1961,356.3
GMB,1962,350.3
GMB,1963,344.1
GMB,1964,338.3
GMB,1965,332.4
GMB,1966,326.5
GMB,1967,320.5
GMB,1968,314.6
GMB,1969,308.8
GMB,1970,302.6
GMB,1971,296.4
GMB,1972,290
GMB,1973,283.5
GMB,1974,276.9
GMB,1975,270.4
GMB,1976,263.9
GMB,1977,257.5
GMB,1978,251.2
GMB,1979,244.9
GMB,1980,238.5
GMB,1981,231.9
GMB,1982,225.3
GMB,1983,218.3
GMB,1984,211.2
GMB,1985,204
GMB,1986,196.8
GMB,1987,189.9
GMB,1988,183.1
GMB,1989,176.6
GMB,1990,170.2
GMB,1991,164.2
GMB,1992,158.5
GMB,1993,152.9
GMB,1994,147.5
GMB,1995,142.4
GMB,1996,137.4
GMB,1997,132.5
GMB,1998,127.9
GMB,1999,123.2
GMB,2000,118.8
GMB,2001,114.5
GMB,2002,110.2
GMB,2003,106
GMB,2004,101.9
GMB,2005,97.9
GMB,2006,94.2
GMB,2007,90.6
GMB,2008,87.4
GMB,2009,84.3
GMB,2010,81.4
GMB,2011,78.6
GMB,2012,76.1
GMB,2013,73.6
GMB,2014,71.1
GMB,2015,68.9
GEO,1800,396.8
GEO,1801,396
GEO,1802,395.1
GEO,1803,394.3
GEO,1804,393.5
GEO,1805,392.7
GEO,1806,391.9
GEO,1807,391
GEO,1808,390.2
GEO,1809,389.4
GEO,1810,388.6
GEO,1811,387.8
GEO,1812,387
GEO,1813,386.1
GEO,1814,385.3
GEO,1815,384.5
GEO,1816,383.7
GEO,1817,382.9
GEO,1818,382.1
GEO,1819,381.3
GEO,1820,380.5
GEO,1821,379.7
GEO,1822,378.9
GEO,1823,378.1
GEO,1824,377.4
GEO,1825,376.6
GEO,1826,375.8
GEO,1827,375
GEO,1828,374.2
GEO,1829,373.4
GEO,1830,372.6
GEO,1831,371.9
GEO,1832,371.1
GEO,1833,370.3
GEO,1834,369.5
GEO,1835,368.8
GEO,1836,368
GEO,1837,367.2
GEO,1838,366.5
GEO,1839,365.7
GEO,1840,364.9
GEO,1841,364.2
GEO,1842,363.4
GEO,1843,362.6
GEO,1844,361.9
GEO,1845,361.1
GEO,1846,360.4
GEO,1847,359.6
GEO,1848,358.9
GEO,1849,358.1
GEO,1850,357.4
GEO,1851,356.6
GEO,1852,355.9
GEO,1853,355.1
GEO,1854,354.4
GEO,1855,353.6
GEO,1856,352.9
GEO,1857,352.2
GEO,1858,351.4
GEO,1859,350.7
GEO,1860,350
GEO,1861,349.2
GEO,1862,348.5
GEO,1863,347.8
GEO,1864,347.1
GEO,1865,346.3
GEO,1866,345.6
GEO,1867,344.9
GEO,1868,344.2
GEO,1869,343.4
GEO,1870,342.7
GEO,1871,342
GEO,1872,341.3
GEO,1873,340.6
GEO,1874,339.9
GEO,1875,339.1
GEO,1876,338.4
GEO,1877,337.7
GEO,1878,337
GEO,1879,336.3
GEO,1880,335.6
GEO,1881,334.9
GEO,1882,334.2
GEO,1883,333.5
GEO,1884,332.8
GEO,1885,332.1
GEO,1886,331.4
GEO,1887,330.7
GEO,1888,330.1
GEO,1889,329.4
GEO,1890,328.7
GEO,1891,328
GEO,1892,327.3
GEO,1893,326.6
GEO,1894,325.9
GEO,1895,325.2
GEO,1896,324.6
GEO,1897,323.9
GEO,1898,323.2
GEO,1899,322.5
GEO,1900,321.9
GEO,1901,318.7
GEO,1902,315.6
GEO,1903,312.5
GEO,1904,309.4
GEO,1905,306.4
GEO,1906,303.4
GEO,1907,300.4
GEO,1908,297.5
GEO,1909,294.5
GEO,1910,291.6
GEO,1911,288.8
GEO,1912,286
GEO,1913,283.2
GEO,1914,280.4
GEO,1915,277.6
GEO,1916,274.9
GEO,1917,272.2
GEO,1918,269.5
GEO,1919,266.9
GEO,1920,264.3
GEO,1921,261.7
GEO,1922,259.1
GEO,1923,256.6
GEO,1924,254.1
GEO,1925,251.6
GEO,1926,249.1
GEO,1927,246.7
GEO,1928,244.2
GEO,1929,241.8
GEO,1930,239.5
GEO,1931,231.7
GEO,1932,224.3
GEO,1933,217
GEO,1934,210
GEO,1935,203.2
GEO,1936,196.7
GEO,1937,190.4
GEO,1938,184.2
GEO,1939,178.3
GEO,1940,172.6
GEO,1941,167.1
GEO,1942,161.7
GEO,1943,156.5
GEO,1944,151.5
GEO,1945,146.6
GEO,1946,141.9
GEO,1947,137.3
GEO,1948,132.9
GEO,1949,128.7
GEO,1950,124.5
GEO,1951,122.8
GEO,1952,119.9
GEO,1953,116.8
GEO,1954,113.6
GEO,1955,110.3
GEO,1956,106.9
GEO,1957,103.4
GEO,1958,99.87
GEO,1959,96.4
GEO,1960,92.43
GEO,1961,90.61
GEO,1962,88.83
GEO,1963,87.08
GEO,1964,85.37
GEO,1965,83.69
GEO,1966,82.04
GEO,1967,80.42
GEO,1968,78.84
GEO,1969,77.29
GEO,1970,75.77
GEO,1971,74.28
GEO,1972,72.82
GEO,1973,71.38
GEO,1974,69.98
GEO,1975,68.6
GEO,1976,66.3
GEO,1977,64.3
GEO,1978,62.3
GEO,1979,60.2
GEO,1980,58.3
GEO,1981,56.5
GEO,1982,54.7
GEO,1983,53.2
GEO,1984,51.8
GEO,1985,50.7
GEO,1986,49.8
GEO,1987,49.1
GEO,1988,48.6
GEO,1989,48.1
GEO,1990,47.7
GEO,1991,47.2
GEO,1992,46.6
GEO,1993,46
GEO,1994,45.2
GEO,1995,44.3
GEO,1996,43
GEO,1997,41.5
GEO,1998,39.8
GEO,1999,37.8
GEO,2000,35.7
GEO,2001,33.4
GEO,2002,31.1
GEO,2003,28.9
GEO,2004,26.7
GEO,2005,24.6
GEO,2006,22.7
GEO,2007,20.9
GEO,2008,19.3
GEO,2009,17.9
GEO,2010,16.6
GEO,2011,15.5
GEO,2012,14.4
GEO,2013,13.4
GEO,2014,12.6
GEO,2015,11.9
DEU,1800,340.2
DEU,1801,340.2
DEU,1802,340.2
DEU,1803,340.2
DEU,1804,340.2
DEU,1805,340.2
DEU,1806,340.2
DEU,1807,340.2
DEU,1808,340.2
DEU,1809,340.2
DEU,1810,340.2
DEU,1811,340.2
DEU,1812,340.2
DEU,1813,340.2
DEU,1814,340.2
DEU,1815,340.2
DEU,1816,340.2
DEU,1817,340.2
DEU,1818,340.2
DEU,1819,340.2
DEU,1820,340.2
DEU,1821,340.2
DEU,1822,340.2
DEU,1823,340.2
DEU,1824,340.2
DEU,1825,340.2
DEU,1826,340.2
DEU,1827,351.7
DEU,1828,363.6
DEU,1829,375.9
DEU,1830,388.6
DEU,1831,401.7
DEU,1832,415.2
DEU,1833,429.2
DEU,1834,443.7
DEU,1835,458.7
DEU,1836,474.2
DEU,1837,490.4
DEU,1838,482.3
DEU,1839,462.8
DEU,1840,485.6
DEU,1841,487.2
DEU,1842,516.4
DEU,1843,466.1
DEU,1844,466.1
DEU,1845,469.3
DEU,1846,516.4
DEU,1847,464.5
DEU,1848,506.7
DEU,1849,462.8
DEU,1850,482.3
DEU,1851,466.1
DEU,1852,483.9
DEU,1853,462.8
DEU,1854,472.6
DEU,1855,462.8
DEU,1856,410.9
DEU,1857,498.6
DEU,1858,469.3
DEU,1859,526.2
DEU,1860,422.2
DEU,1861,441.9
DEU,1862,462.4
DEU,1863,483.9
DEU,1864,482.3
DEU,1865,539.2
DEU,1866,488.8
DEU,1867,506.7
DEU,1868,498.6
DEU,1869,475.8
DEU,1870,483.9
DEU,1871,535.9
DEU,1872,488.8
DEU,1873,498.6
DEU,1874,482.3
DEU,1875,393.2
DEU,1876,370.5
DEU,1877,365.7
DEU,1878,367.3
DEU,1879,354.4
DEU,1880,390
DEU,1881,364.1
DEU,1882,370.5
DEU,1883,377
DEU,1884,381.9
DEU,1885,367.3
DEU,1886,381.9
DEU,1887,352.8
DEU,1888,354.4
DEU,1889,367.3
DEU,1890,367.3
DEU,1891,356.1
DEU,1892,373.8
DEU,1893,364.1
DEU,1894,356.1
DEU,1895,373.8
DEU,1896,338.3
DEU,1897,360.9
DEU,1898,341.5
DEU,1899,351.2
DEU,1900,372.2
DEU,1901,336.6
DEU,1902,297.5
DEU,1903,331.8
DEU,1904,318.8
DEU,1905,333.4
DEU,1906,300.8
DEU,1907,286
DEU,1908,289.3
DEU,1909,276.2
DEU,1910,263.5
DEU,1911,312.3
DEU,1912,237
DEU,1913,244.3
DEU,1914,266.8
DEU,1915,238.8
DEU,1916,224.1
DEU,1917,240.7
DEU,1918,256.7
DEU,1919,233.3
DEU,1920,207.2
DEU,1921,212.8
DEU,1922,205.3
DEU,1923,207.2
DEU,1924,164.1
DEU,1925,158.5
DEU,1926,152.9
DEU,1927,143.8
DEU,1928,129.4
DEU,1929,143.8
DEU,1930,122.4
DEU,1931,118.9
DEU,1932,112
DEU,1933,108.6
DEU,1934,90.45
DEU,1935,147.5
DEU,1936,90.47
DEU,1937,87.26
DEU,1938,81.29
DEU,1939,100.3
DEU,1940,87.29
DEU,1941,84.24
DEU,1942,81.3
DEU,1943,78.46
DEU,1944,75.71
DEU,1945,73.07
DEU,1946,70.52
DEU,1947,68.05
DEU,1948,65.68
DEU,1949,63.38
DEU,1950,61.17
DEU,1951,59.03
DEU,1952,56.97
DEU,1953,54.98
DEU,1954,53.06
DEU,1955,51.21
DEU,1956,49.42
DEU,1957,47.69
DEU,1958,46.03
DEU,1959,44.42
DEU,1960,42.87
DEU,1961,40.6
DEU,1962,38.45
DEU,1963,36.42
DEU,1964,34.49
DEU,1965,32.67
DEU,1966,30.94
DEU,1967,29.31
DEU,1968,27.2
DEU,1969,26.4
DEU,1970,25.7
DEU,1971,24.9
DEU,1972,24
DEU,1973,23.1
DEU,1974,22
DEU,1975,20.8
DEU,1976,19.5
DEU,1977,18.3
DEU,1978,17.1
DEU,1979,16
DEU,1980,15
DEU,1981,14.1
DEU,1982,13.2
DEU,1983,12.5
DEU,1984,11.8
DEU,1985,11.1
DEU,1986,10.6
DEU,1987,10.1
DEU,1988,9.5
DEU,1989,9
DEU,1990,8.5
DEU,1991,8
DEU,1992,7.6
DEU,1993,7.2
DEU,1994,6.8
DEU,1995,6.5
DEU,1996,6.2
DEU,1997,5.9
DEU,1998,5.7
DEU,1999,5.5
DEU,2000,5.4
DEU,2001,5.2
DEU,2002,5.1
DEU,2003,5
DEU,2004,4.9
DEU,2005,4.7
DEU,2006,4.6
DEU,2007,4.5
DEU,2008,4.4
DEU,2009,4.3
DEU,2010,4.2
DEU,2011,4.1
DEU,2012,4
DEU,2013,3.9
DEU,2014,3.8
DEU,2015,3.7
GHA,1800,471.4
GHA,1801,471.4
GHA,1802,471.4
GHA,1803,471.4
GHA,1804,471.4
GHA,1805,471.4
GHA,1806,471.4
GHA,1807,471.4
GHA,1808,471.4
GHA,1809,471.4
GHA,1810,471.4
GHA,1811,471.4
GHA,1812,471.4
GHA,1813,471.4
GHA,1814,471.4
GHA,1815,471.4
GHA,1816,471.4
GHA,1817,471.4
GHA,1818,471.4
GHA,1819,471.4
GHA,1820,471.4
GHA,1821,471.4
GHA,1822,471.4
GHA,1823,471.4
GHA,1824,471.4
GHA,1825,471.4
GHA,1826,471.4
GHA,1827,471.4
GHA,1828,471.4
GHA,1829,471.4
GHA,1830,471.4
GHA,1831,471.4
GHA,1832,471.4
GHA,1833,471.4
GHA,1834,471.4
GHA,1835,471.4
GHA,1836,471.4
GHA,1837,471.4
GHA,1838,471.4
GHA,1839,471.4
GHA,1840,471.4
GHA,1841,471.4
GHA,1842,471.4
GHA,1843,471.4
GHA,1844,471.4
GHA,1845,471.4
GHA,1846,471.4
GHA,1847,471.4
GHA,1848,471.4
GHA,1849,471.4
GHA,1850,471.4
GHA,1851,471.4
GHA,1852,471.4
GHA,1853,471.4
GHA,1854,471.4
GHA,1855,471.4
GHA,1856,471.4
GHA,1857,471.4
GHA,1858,471.4
GHA,1859,471.4
GHA,1860,471.4
GHA,1861,471.4
GHA,1862,471.4
GHA,1863,471.4
GHA,1864,471.4
GHA,1865,471.4
GHA,1866,471.4
GHA,1867,471.4
GHA,1868,471.4
GHA,1869,471.4
GHA,1870,471.4
GHA,1871,471.4
GHA,1872,471.4
GHA,1873,471.4
GHA,1874,471.4
GHA,1875,471.4
GHA,1876,471.4
GHA,1877,471.4
GHA,1878,471.4
GHA,1879,471.4
GHA,1880,471.4
GHA,1881,471.4
GHA,1882,471.4
GHA,1883,471.4
GHA,1884,471.4
GHA,1885,471.4
GHA,1886,471.4
GHA,1887,471.4
GHA,1888,471.4
GHA,1889,471.4
GHA,1890,471.4
GHA,1891,471.4
GHA,1892,471.4
GHA,1893,470.8
GHA,1894,470.1
GHA,1895,469.5
GHA,1896,468.8
GHA,1897,468
GHA,1898,467.2
GHA,1899,466.3
GHA,1900,465.4
GHA,1901,464.4
GHA,1902,463.2
GHA,1903,462.1
GHA,1904,460.9
GHA,1905,459.5
GHA,1906,458.2
GHA,1907,456.7
GHA,1908,455.2
GHA,1909,453.6
GHA,1910,452
GHA,1911,450.3
GHA,1912,448.7
GHA,1913,447
GHA,1914,445.3
GHA,1915,443.6
GHA,1916,441.9
GHA,1917,440.3
GHA,1918,438.6
GHA,1919,436.9
GHA,1920,435.2
GHA,1921,433.6
GHA,1922,431.9
GHA,1923,430.3
GHA,1924,428.6
GHA,1925,427
GHA,1926,419
GHA,1927,411.1
GHA,1928,402.2
GHA,1929,394.6
GHA,1930,387.1
GHA,1931,379.8
GHA,1932,371.4
GHA,1933,364.1
GHA,1934,357.3
GHA,1935,350.4
GHA,1936,344
GHA,1937,337.6
GHA,1938,331.4
GHA,1939,324.7
GHA,1940,318.1
GHA,1941,311.5
GHA,1942,305.1
GHA,1943,298.6
GHA,1944,292.5
GHA,1945,286.5
GHA,1946,280.7
GHA,1947,274.9
GHA,1948,269
GHA,1949,262.9
GHA,1950,256.7
GHA,1951,250.8
GHA,1952,244.9
GHA,1953,239.5
GHA,1954,234.4
GHA,1955,229.5
GHA,1956,225
GHA,1957,220.9
GHA,1958,217.3
GHA,1959,213.9
GHA,1960,210.9
GHA,1961,208.6
GHA,1962,206.7
GHA,1963,205
GHA,1964,203.8
GHA,1965,203.1
GHA,1966,202.9
GHA,1967,202.7
GHA,1968,202.8
GHA,1969,202.5
GHA,1970,201.9
GHA,1971,200.7
GHA,1972,198.5
GHA,1973,195.3
GHA,1974,191
GHA,1975,185.9
GHA,1976,180.7
GHA,1977,175.8
GHA,1978,171.6
GHA,1979,168.4
GHA,1980,166.2
GHA,1981,164.6
GHA,1982,163.1
GHA,1983,161.3
GHA,1984,158.5
GHA,1985,154.6
GHA,1986,149.7
GHA,1987,144.1
GHA,1988,138.2
GHA,1989,132.6
GHA,1990,127.4
GHA,1991,123.1
GHA,1992,119.7
GHA,1993,117.1
GHA,1994,115.1
GHA,1995,113.4
GHA,1996,111.6
GHA,1997,109.5
GHA,1998,106.9
GHA,1999,104
GHA,2000,100.7
GHA,2001,97.3
GHA,2002,94.2
GHA,2003,91.3
GHA,2004,88.7
GHA,2005,86.5
GHA,2006,84.4
GHA,2007,82.2
GHA,2008,79.9
GHA,2009,77.4
GHA,2010,74.7
GHA,2011,71.9
GHA,2012,69.2
GHA,2013,66.5
GHA,2014,64
GHA,2015,61.6
GRC,1800,361
GRC,1801,361
GRC,1802,361
GRC,1803,361
GRC,1804,361
GRC,1805,361
GRC,1806,361
GRC,1807,361
GRC,1808,361
GRC,1809,361
GRC,1810,361
GRC,1811,361
GRC,1812,361
GRC,1813,361
GRC,1814,361
GRC,1815,361
GRC,1816,361
GRC,1817,361
GRC,1818,361
GRC,1819,361
GRC,1820,361
GRC,1821,361
GRC,1822,361
GRC,1823,361
GRC,1824,361
GRC,1825,361
GRC,1826,361
GRC,1827,361
GRC,1828,361
GRC,1829,361
GRC,1830,361
GRC,1831,361
GRC,1832,361
GRC,1833,361
GRC,1834,361
GRC,1835,361
GRC,1836,361
GRC,1837,361
GRC,1838,361
GRC,1839,361
GRC,1840,361
GRC,1841,361
GRC,1842,361
GRC,1843,361
GRC,1844,361
GRC,1845,361
GRC,1846,361
GRC,1847,361
GRC,1848,361
GRC,1849,361
GRC,1850,361
GRC,1851,361
GRC,1852,361
GRC,1853,361
GRC,1854,361
GRC,1855,361
GRC,1856,361
GRC,1857,361
GRC,1858,361
GRC,1859,361
GRC,1860,361
GRC,1861,361
GRC,1862,361
GRC,1863,361
GRC,1864,361
GRC,1865,361
GRC,1866,361
GRC,1867,361
GRC,1868,361
GRC,1869,361
GRC,1870,361
GRC,1871,361
GRC,1872,361
GRC,1873,361
GRC,1874,361
GRC,1875,361
GRC,1876,361
GRC,1877,361
GRC,1878,359.8
GRC,1879,358.6
GRC,1880,357.4
GRC,1881,356.3
GRC,1882,355.1
GRC,1883,354
GRC,1884,352.8
GRC,1885,350.5
GRC,1886,349.4
GRC,1887,348.2
GRC,1888,345.9
GRC,1889,344.8
GRC,1890,342.5
GRC,1891,341.4
GRC,1892,339.1
GRC,1893,336.9
GRC,1894,334.6
GRC,1895,333.4
GRC,1896,331.2
GRC,1897,328.9
GRC,1898,326.5
GRC,1899,324.1
GRC,1900,321.7
GRC,1901,319.2
GRC,1902,316.8
GRC,1903,314.2
GRC,1904,312.7
GRC,1905,310.1
GRC,1906,308.5
GRC,1907,305.8
GRC,1908,302.1
GRC,1909,299.3
GRC,1910,295.5
GRC,1911,291.8
GRC,1912,260.4
GRC,1913,232.4
GRC,1914,207.4
GRC,1915,185.2
GRC,1916,165.2
GRC,1917,147.5
GRC,1918,131.6
GRC,1919,117.5
GRC,1920,104.8
GRC,1921,93.58
GRC,1922,117.1
GRC,1923,134.7
GRC,1924,145.6
GRC,1925,131.1
GRC,1926,105.2
GRC,1927,149.2
GRC,1928,138.3
GRC,1929,169.6
GRC,1930,147.3
GRC,1931,212.7
GRC,1932,192.1
GRC,1933,192.1
GRC,1934,171.4
GRC,1935,173.3
GRC,1936,175.2
GRC,1937,190.2
GRC,1938,147.3
GRC,1939,182.6
GRC,1940,145.4
GRC,1941,130.2
GRC,1942,116.7
GRC,1943,104.5
GRC,1944,93.55
GRC,1945,83.78
GRC,1946,75.03
GRC,1947,67.19
GRC,1948,60.17
GRC,1949,53.88
GRC,1950,44.05
GRC,1951,56.78
GRC,1952,62.68
GRC,1953,58.25
GRC,1954,63.1
GRC,1955,59.8
GRC,1956,59.6
GRC,1957,59.1
GRC,1958,58.3
GRC,1959,57.1
GRC,1960,55.8
GRC,1961,54.3
GRC,1962,52.7
GRC,1963,51.1
GRC,1964,49.4
GRC,1965,47.7
GRC,1966,46.2
GRC,1967,44.6
GRC,1968,42.7
GRC,1969,40.1
GRC,1970,37.5
GRC,1971,35.4
GRC,1972,34.1
GRC,1973,33.2
GRC,1974,32.4
GRC,1975,31.4
GRC,1976,30.1
GRC,1977,28.6
GRC,1978,26.8
GRC,1979,25.1
GRC,1980,23.4
GRC,1981,21.9
GRC,1982,20.6
GRC,1983,19.5
GRC,1984,18.4
GRC,1985,17.4
GRC,1986,16.4
GRC,1987,15.3
GRC,1988,14.3
GRC,1989,13.3
GRC,1990,12.5
GRC,1991,11.9
GRC,1992,11.4
GRC,1993,10.9
GRC,1994,10.5
GRC,1995,10.1
GRC,1996,9.7
GRC,1997,9.3
GRC,1998,8.8
GRC,1999,8.3
GRC,2000,7.8
GRC,2001,7.3
GRC,2002,6.8
GRC,2003,6.3
GRC,2004,5.9
GRC,2005,5.5
GRC,2006,5.2
GRC,2007,5
GRC,2008,4.9
GRC,2009,4.8
GRC,2010,4.7
GRC,2011,4.6
GRC,2012,4.5
GRC,2013,4.3
GRC,2014,4.2
GRC,2015,4.1
GRD,1800,472.3
GRD,1801,468.9
GRD,1802,465.4
GRD,1803,462
GRD,1804,458.6
GRD,1805,455.3
GRD,1806,451.9
GRD,1807,448.6
GRD,1808,445.3
GRD,1809,442.1
GRD,1810,438.8
GRD,1811,435.6
GRD,1812,432.4
GRD,1813,429.3
GRD,1814,426.1
GRD,1815,423
GRD,1816,419.9
GRD,1817,416.8
GRD,1818,413.8
GRD,1819,410.8
GRD,1820,407.7
GRD,1821,404.8
GRD,1822,401.8
GRD,1823,398.9
GRD,1824,395.9
GRD,1825,393
GRD,1826,390.1
GRD,1827,387.3
GRD,1828,384.4
GRD,1829,381.6
GRD,1830,378.8
GRD,1831,376.1
GRD,1832,373.3
GRD,1833,370.6
GRD,1834,367.9
GRD,1835,365.2
GRD,1836,362.5
GRD,1837,359.8
GRD,1838,357.2
GRD,1839,354.6
GRD,1840,352
GRD,1841,349.4
GRD,1842,346.9
GRD,1843,344.3
GRD,1844,341.8
GRD,1845,339.3
GRD,1846,336.8
GRD,1847,334.3
GRD,1848,331.9
GRD,1849,329.5
GRD,1850,327
GRD,1851,324.6
GRD,1852,322.3
GRD,1853,319.9
GRD,1854,317.6
GRD,1855,315.2
GRD,1856,312.9
GRD,1857,310.6
GRD,1858,308.4
GRD,1859,306.1
GRD,1860,303.9
GRD,1861,301.6
GRD,1862,299.4
GRD,1863,297.2
GRD,1864,295.1
GRD,1865,292.9
GRD,1866,290.8
GRD,1867,288.6
GRD,1868,286.5
GRD,1869,284.4
GRD,1870,282.3
GRD,1871,280.3
GRD,1872,278.2
GRD,1873,276.2
GRD,1874,274.1
GRD,1875,272.1
GRD,1876,270.1
GRD,1877,268.2
GRD,1878,266.2
GRD,1879,264.2
GRD,1880,262.3
GRD,1881,260.4
GRD,1882,258.5
GRD,1883,256.6
GRD,1884,254.7
GRD,1885,252.8
GRD,1886,251
GRD,1887,249.2
GRD,1888,247.3
GRD,1889,245.5
GRD,1890,243.7
GRD,1891,241.9
GRD,1892,240.2
GRD,1893,238.4
GRD,1894,236.7
GRD,1895,234.9
GRD,1896,233.2
GRD,1897,231.5
GRD,1898,229.8
GRD,1899,228.1
GRD,1900,226.4
GRD,1901,224.8
GRD,1902,223.2
GRD,1903,221.5
GRD,1904,219.9
GRD,1905,218.3
GRD,1906,216.7
GRD,1907,215.1
GRD,1908,213.5
GRD,1909,211.9
GRD,1910,210.4
GRD,1911,208.9
GRD,1912,207.3
GRD,1913,205.8
GRD,1914,204.3
GRD,1915,202.8
GRD,1916,201.3
GRD,1917,199.8
GRD,1918,198.4
GRD,1919,196.9
GRD,1920,195.5
GRD,1921,194.1
GRD,1922,192.6
GRD,1923,191.2
GRD,1924,189.8
GRD,1925,188.4
GRD,1926,187.1
GRD,1927,185.7
GRD,1928,184.3
GRD,1929,183
GRD,1930,181.6
GRD,1931,180.3
GRD,1932,179
GRD,1933,177.7
GRD,1934,176.4
GRD,1935,175.1
GRD,1936,173.8
GRD,1937,172.5
GRD,1938,171.3
GRD,1939,170
GRD,1940,168.8
GRD,1941,167.5
GRD,1942,166.3
GRD,1943,165.1
GRD,1944,163.9
GRD,1945,162.9
GRD,1946,162
GRD,1947,161.1
GRD,1948,160.2
GRD,1949,159.3
GRD,1950,158.3
GRD,1951,156
GRD,1952,151.3
GRD,1953,147.4
GRD,1954,142.5
GRD,1955,138.2
GRD,1956,133.9
GRD,1957,129.4
GRD,1958,124.9
GRD,1959,121.1
GRD,1960,116.7
GRD,1961,113
GRD,1962,109.4
GRD,1963,105.8
GRD,1964,102.3
GRD,1965,98.79
GRD,1966,95.35
GRD,1967,92.5
GRD,1968,89.25
GRD,1969,86.71
GRD,1970,84.31
GRD,1971,81.52
GRD,1972,79.4
GRD,1973,77.41
GRD,1974,75.9
GRD,1975,68.58
GRD,1976,61.96
GRD,1977,55.98
GRD,1978,50.57
GRD,1979,45.69
GRD,1980,40.19
GRD,1981,38.72
GRD,1982,37.31
GRD,1983,35.95
GRD,1984,27.5
GRD,1985,27
GRD,1986,26.5
GRD,1987,25.9
GRD,1988,25.2
GRD,1989,24.3
GRD,1990,23.3
GRD,1991,22.3
GRD,1992,21.2
GRD,1993,20.2
GRD,1994,19.3
GRD,1995,18.5
GRD,1996,17.9
GRD,1997,17.3
GRD,1998,16.8
GRD,1999,16.4
GRD,2000,16
GRD,2001,15.6
GRD,2002,15.2
GRD,2003,14.9
GRD,2004,14.5
GRD,2005,14.2
GRD,2006,14
GRD,2007,13.7
GRD,2008,13.5
GRD,2009,13.4
GRD,2010,13.2
GRD,2011,13
GRD,2012,12.7
GRD,2013,12.5
GRD,2014,12.2
GRD,2015,11.8
GLP,1980,30.93
GLP,1981,29.38
GLP,1982,27.91
GLP,1983,26.51
GLP,1984,25.19
GLP,1985,23.94
GLP,1986,22.75
GLP,1987,21.62
GLP,1988,20.55
GLP,1989,19.54
GLP,1990,18.58
GLP,1991,17.66
GLP,1992,16.8
GLP,1993,15.98
GLP,1994,15.2
GLP,1995,14.47
GLP,1996,13.76
GLP,1997,13.1
GLP,1998,12.47
GLP,1999,11.87
GLP,2000,11.29
GLP,2001,10.75
GLP,2002,10.23
GLP,2003,9.73
GLP,2004,9.26
GLP,2005,8.82
GLP,2006,8.41
GLP,2007,8.03
GLP,2008,7.68
GLP,2009,7.37
GLP,2010,7.07
GLP,2011,6.79
GLP,2012,6.53
GLP,2013,6.27
GLP,2014,6.02
GLP,2015,5.77
GUM,1980,38.03
GUM,1981,36.58
GUM,1982,35.22
GUM,1983,33.93
GUM,1984,32.72
GUM,1985,31.58
GUM,1986,30.51
GUM,1987,29.49
GUM,1988,28.52
GUM,1989,27.6
GUM,1990,26.69
GUM,1991,25.79
GUM,1992,24.89
GUM,1993,23.99
GUM,1994,23.08
GUM,1995,22.16
GUM,1996,21.22
GUM,1997,20.29
GUM,1998,19.37
GUM,1999,18.47
GUM,2000,17.61
GUM,2001,16.81
GUM,2002,16.08
GUM,2003,15.41
GUM,2004,14.82
GUM,2005,14.28
GUM,2006,13.8
GUM,2007,13.36
GUM,2008,12.94
GUM,2009,12.54
GUM,2010,12.15
GUM,2011,11.76
GUM,2012,11.39
GUM,2013,11.03
GUM,2014,10.69
GUM,2015,10.36
GTM,1800,503.4
GTM,1801,503.4
GTM,1802,503.4
GTM,1803,503.4
GTM,1804,503.4
GTM,1805,503.4
GTM,1806,503.4
GTM,1807,503.4
GTM,1808,503.4
GTM,1809,503.4
GTM,1810,503.4
GTM,1811,503.4
GTM,1812,503.4
GTM,1813,503.4
GTM,1814,503.4
GTM,1815,503.4
GTM,1816,503.4
GTM,1817,503.4
GTM,1818,503.4
GTM,1819,503.4
GTM,1820,503.4
GTM,1821,503.4
GTM,1822,503.4
GTM,1823,503.4
GTM,1824,503.4
GTM,1825,503.4
GTM,1826,503.4
GTM,1827,503.4
GTM,1828,503.4
GTM,1829,503.4
GTM,1830,503.4
GTM,1831,503.4
GTM,1832,503.4
GTM,1833,503.4
GTM,1834,503.4
GTM,1835,503.4
GTM,1836,503.4
GTM,1837,503.4
GTM,1838,503.4
GTM,1839,503.4
GTM,1840,503.4
GTM,1841,503.4
GTM,1842,503.4
GTM,1843,503.4
GTM,1844,503.4
GTM,1845,503.4
GTM,1846,503.4
GTM,1847,503.4
GTM,1848,503.4
GTM,1849,503.4
GTM,1850,503.4
GTM,1851,503.4
GTM,1852,503.4
GTM,1853,503.4
GTM,1854,503.4
GTM,1855,503.4
GTM,1856,503.4
GTM,1857,503.4
GTM,1858,503.4
GTM,1859,503.4
GTM,1860,503.4
GTM,1861,503.4
GTM,1862,503.4
GTM,1863,503.4
GTM,1864,503.4
GTM,1865,503.4
GTM,1866,503.4
GTM,1867,503.4
GTM,1868,503.4
GTM,1869,503.4
GTM,1870,503.4
GTM,1871,503.4
GTM,1872,503.4
GTM,1873,503.4
GTM,1874,503.4
GTM,1875,503.4
GTM,1876,503.4
GTM,1877,503.4
GTM,1878,503.4
GTM,1879,503.4
GTM,1880,503.4
GTM,1881,503.4
GTM,1882,503.4
GTM,1883,503.4
GTM,1884,503.4
GTM,1885,503.4
GTM,1886,503.4
GTM,1887,503.4
GTM,1888,503.4
GTM,1889,503.4
GTM,1890,503.4
GTM,1891,503.4
GTM,1892,503.4
GTM,1893,503.4
GTM,1894,503.4
GTM,1895,503.3
GTM,1896,503.2
GTM,1897,503.1
GTM,1898,502.9
GTM,1899,502.6
GTM,1900,502.3
GTM,1901,501.8
GTM,1902,501.3
GTM,1903,500.7
GTM,1904,500.1
GTM,1905,499.3
GTM,1906,498.5
GTM,1907,497.6
GTM,1908,496.6
GTM,1909,495.6
GTM,1910,494.4
GTM,1911,493.3
GTM,1912,492.1
GTM,1913,491
GTM,1914,489.8
GTM,1915,488.6
GTM,1916,487.4
GTM,1917,486.2
GTM,1918,484.8
GTM,1919,483.4
GTM,1920,482
GTM,1921,480.6
GTM,1922,479.1
GTM,1923,477.7
GTM,1924,476.3
GTM,1925,474.9
GTM,1926,473.5
GTM,1927,472.1
GTM,1928,470.7
GTM,1929,469.2
GTM,1930,467.9
GTM,1931,466.4
GTM,1932,465
GTM,1933,463.6
GTM,1934,462.2
GTM,1935,450
GTM,1936,439.4
GTM,1937,427.6
GTM,1938,417.5
GTM,1939,406.3
GTM,1940,395.3
GTM,1941,381.1
GTM,1942,367.2
GTM,1943,353.7
GTM,1944,340.6
GTM,1945,327.8
GTM,1946,315.3
GTM,1947,303.2
GTM,1948,295.2
GTM,1949,287.4
GTM,1950,279.9
GTM,1951,272.5
GTM,1952,265.4
GTM,1953,258.4
GTM,1954,251.6
GTM,1955,245
GTM,1956,238.6
GTM,1957,232.3
GTM,1958,227.6
GTM,1959,223
GTM,1960,218.5
GTM,1961,214.1
GTM,1962,209.9
GTM,1963,205.7
GTM,1964,201.5
GTM,1965,197.1
GTM,1966,192.8
GTM,1967,188.3
GTM,1968,183.8
GTM,1969,179
GTM,1970,174.1
GTM,1971,169
GTM,1972,164
GTM,1973,159
GTM,1974,154
GTM,1975,149
GTM,1976,144.1
GTM,1977,139.2
GTM,1978,134.4
GTM,1979,129.6
GTM,1980,124.8
GTM,1981,120.1
GTM,1982,115.5
GTM,1983,110.9
GTM,1984,106.5
GTM,1985,102
GTM,1986,97.6
GTM,1987,93.3
GTM,1988,89
GTM,1989,84.9
GTM,1990,80.9
GTM,1991,77
GTM,1992,73.3
GTM,1993,69.7
GTM,1994,66.4
GTM,1995,63.3
GTM,1996,60.4
GTM,1997,57.7
GTM,1998,55.1
GTM,1999,52.8
GTM,2000,50.6
GTM,2001,48.6
GTM,2002,46.6
GTM,2003,44.8
GTM,2004,43.1
GTM,2005,41.4
GTM,2006,39.9
GTM,2007,38.4
GTM,2008,36.9
GTM,2009,35.7
GTM,2010,34.5
GTM,2011,33.3
GTM,2012,32.1
GTM,2013,31.1
GTM,2014,30.1
GTM,2015,29.1
GIN,1800,450.6
GIN,1801,450.6
GIN,1802,450.6
GIN,1803,450.6
GIN,1804,450.6
GIN,1805,449.2
GIN,1806,449.2
GIN,1807,449.2
GIN,1808,449.2
GIN,1809,449.2
GIN,1810,449.2
GIN,1811,449.2
GIN,1812,449.2
GIN,1813,449.2
GIN,1814,449.2
GIN,1815,447.9
GIN,1816,447.9
GIN,1817,447.9
GIN,1818,447.9
GIN,1819,447.9
GIN,1820,447.9
GIN,1821,447.9
GIN,1822,447.9
GIN,1823,447.9
GIN,1824,447.9
GIN,1825,446.5
GIN,1826,446.5
GIN,1827,446.5
GIN,1828,446.5
GIN,1829,446.5
GIN,1830,446.5
GIN,1831,446.5
GIN,1832,446.5
GIN,1833,446.5
GIN,1834,445.1
GIN,1835,445.1
GIN,1836,445.1
GIN,1837,445.1
GIN,1838,445.1
GIN,1839,445.1
GIN,1840,445.1
GIN,1841,445.1
GIN,1842,445.1
GIN,1843,445.1
GIN,1844,443.8
GIN,1845,443.8
GIN,1846,443.8
GIN,1847,443.8
GIN,1848,443.8
GIN,1849,443.8
GIN,1850,443.8
GIN,1851,443.8
GIN,1852,443.8
GIN,1853,443.8
GIN,1854,442.5
GIN,1855,442.5
GIN,1856,442.5
GIN,1857,442.5
GIN,1858,442.5
GIN,1859,442.5
GIN,1860,442.5
GIN,1861,442.5
GIN,1862,442.5
GIN,1863,441.1
GIN,1864,441.1
GIN,1865,441.1
GIN,1866,441.1
GIN,1867,441.1
GIN,1868,441.1
GIN,1869,441.1
GIN,1870,441.1
GIN,1871,441.1
GIN,1872,441.1
GIN,1873,439.8
GIN,1874,439.8
GIN,1875,439.8
GIN,1876,439.8
GIN,1877,439.8
GIN,1878,439.8
GIN,1879,439.8
GIN,1880,439.8
GIN,1881,439.8
GIN,1882,439.8
GIN,1883,438.5
GIN,1884,438.5
GIN,1885,438.5
GIN,1886,438.5
GIN,1887,438.5
GIN,1888,438.5
GIN,1889,438.5
GIN,1890,438.5
GIN,1891,438.5
GIN,1892,437.1
GIN,1893,437.1
GIN,1894,437.1
GIN,1895,437.1
GIN,1896,437
GIN,1897,436.9
GIN,1898,435.6
GIN,1899,434.3
GIN,1900,432.9
GIN,1901,431.4
GIN,1902,428.6
GIN,1903,427
GIN,1904,425.4
GIN,1905,423.6
GIN,1906,421.9
GIN,1907,420
GIN,1908,418.1
GIN,1909,416.2
GIN,1910,414.2
GIN,1911,412.2
GIN,1912,408.9
GIN,1913,406.8
GIN,1914,404.8
GIN,1915,402.8
GIN,1916,400.7
GIN,1917,398.7
GIN,1918,396.7
GIN,1919,394.7
GIN,1920,392.7
GIN,1921,389.5
GIN,1922,387.5
GIN,1923,385.5
GIN,1924,383.5
GIN,1925,381.6
GIN,1926,379.6
GIN,1927,377.6
GIN,1928,375.7
GIN,1929,373.7
GIN,1930,371.8
GIN,1931,368.7
GIN,1932,366.8
GIN,1933,364.9
GIN,1934,362.9
GIN,1935,361
GIN,1936,359.1
GIN,1937,357.2
GIN,1938,358.1
GIN,1939,358.5
GIN,1940,359.1
GIN,1941,359.6
GIN,1942,360.1
GIN,1943,360.6
GIN,1944,360.9
GIN,1945,361.6
GIN,1946,362
GIN,1947,362.6
GIN,1948,362.7
GIN,1949,363
GIN,1950,363.1
GIN,1951,362.8
GIN,1952,362.8
GIN,1953,362.7
GIN,1954,362.1
GIN,1955,361.2
GIN,1956,360
GIN,1957,358.9
GIN,1958,357.1
GIN,1959,355.3
GIN,1960,353.3
GIN,1961,351.3
GIN,1962,349
GIN,1963,346.8
GIN,1964,344.3
GIN,1965,341.9
GIN,1966,339
GIN,1967,336.2
GIN,1968,333.3
GIN,1969,330.2
GIN,1970,327.2
GIN,1971,324.1
GIN,1972,320.8
GIN,1973,317.5
GIN,1974,313.9
GIN,1975,310.1
GIN,1976,305.9
GIN,1977,301.4
GIN,1978,296.7
GIN,1979,291.9
GIN,1980,286.9
GIN,1981,282.2
GIN,1982,277.4
GIN,1983,272.6
GIN,1984,267.8
GIN,1985,263.1
GIN,1986,258.4
GIN,1987,253.6
GIN,1988,248.8
GIN,1989,243.7
GIN,1990,238.2
GIN,1991,232.4
GIN,1992,226.2
GIN,1993,219.7
GIN,1994,212.9
GIN,1995,205.9
GIN,1996,199
GIN,1997,192
GIN,1998,184.8
GIN,1999,177.5
GIN,2000,170.2
GIN,2001,162.9
GIN,2002,155.8
GIN,2003,149
GIN,2004,142.7
GIN,2005,136.7
GIN,2006,131.2
GIN,2007,125.9
GIN,2008,121
GIN,2009,116.3
GIN,2010,111.9
GIN,2011,107.7
GIN,2012,104
GIN,2013,100.4
GIN,2014,97
GIN,2015,93.7
GNB,1800,417.4
GNB,1801,417.4
GNB,1802,417.4
GNB,1803,417.4
GNB,1804,417.4
GNB,1805,417.4
GNB,1806,417.4
GNB,1807,417.4
GNB,1808,417.4
GNB,1809,417.4
GNB,1810,417.4
GNB,1811,417.4
GNB,1812,417.4
GNB,1813,417.4
GNB,1814,417.4
GNB,1815,417.4
GNB,1816,417.4
GNB,1817,417.4
GNB,1818,417.4
GNB,1819,417.4
GNB,1820,417.4
GNB,1821,417.4
GNB,1822,417.4
GNB,1823,417.4
GNB,1824,417.4
GNB,1825,417.4
GNB,1826,417.4
GNB,1827,417.4
GNB,1828,417.4
GNB,1829,417.4
GNB,1830,417.4
GNB,1831,417.4
GNB,1832,417.4
GNB,1833,417.4
GNB,1834,417.4
GNB,1835,417.4
GNB,1836,417.4
GNB,1837,417.4
GNB,1838,417.4
GNB,1839,417.4
GNB,1840,417.4
GNB,1841,417.4
GNB,1842,417.4
GNB,1843,417.4
GNB,1844,417.4
GNB,1845,417.4
GNB,1846,417.4
GNB,1847,417.4
GNB,1848,417.4
GNB,1849,417.4
GNB,1850,417.4
GNB,1851,417.4
GNB,1852,417.4
GNB,1853,417.4
GNB,1854,417.4
GNB,1855,417.4
GNB,1856,417.4
GNB,1857,417.4
GNB,1858,417.4
GNB,1859,417.4
GNB,1860,417.4
GNB,1861,417.4
GNB,1862,417.4
GNB,1863,417.4
GNB,1864,417.4
GNB,1865,417.4
GNB,1866,417.4
GNB,1867,417.4
GNB,1868,417.4
GNB,1869,417.4
GNB,1870,417.4
GNB,1871,417.4
GNB,1872,417.4
GNB,1873,417.4
GNB,1874,417.4
GNB,1875,417.4
GNB,1876,417.4
GNB,1877,417.4
GNB,1878,417.4
GNB,1879,417.4
GNB,1880,417.4
GNB,1881,417.4
GNB,1882,417.4
GNB,1883,417.4
GNB,1884,417.4
GNB,1885,417.4
GNB,1886,417.4
GNB,1887,417.4
GNB,1888,417.4
GNB,1889,417.4
GNB,1890,417.4
GNB,1891,417.4
GNB,1892,417.4
GNB,1893,417.4
GNB,1894,417.4
GNB,1895,417.4
GNB,1896,417.3
GNB,1897,417.2
GNB,1898,417.1
GNB,1899,416.8
GNB,1900,416.5
GNB,1901,416.2
GNB,1902,415.8
GNB,1903,415.3
GNB,1904,414.7
GNB,1905,414.1
GNB,1906,413.4
GNB,1907,412.6
GNB,1908,411.8
GNB,1909,411
GNB,1910,410.1
GNB,1911,409.1
GNB,1912,408.1
GNB,1913,407.1
GNB,1914,406.2
GNB,1915,405.2
GNB,1916,404.2
GNB,1917,403.2
GNB,1918,402.2
GNB,1919,401.3
GNB,1920,400.3
GNB,1921,399.3
GNB,1922,398.3
GNB,1923,397.4
GNB,1924,396.4
GNB,1925,395.4
GNB,1926,394.4
GNB,1927,393.4
GNB,1928,392.5
GNB,1929,391.5
GNB,1930,390.5
GNB,1931,385.9
GNB,1932,380.2
GNB,1933,375.7
GNB,1934,370.1
GNB,1935,365.8
GNB,1936,361.4
GNB,1937,356
GNB,1938,351.7
GNB,1939,347.4
GNB,1940,342.2
GNB,1941,335.6
GNB,1942,329.2
GNB,1943,323
GNB,1944,316.8
GNB,1945,310.8
GNB,1946,304.8
GNB,1947,299
GNB,1948,293.3
GNB,1949,287.7
GNB,1950,282.2
GNB,1951,281.9
GNB,1952,281.7
GNB,1953,281.5
GNB,1954,281.4
GNB,1955,281.4
GNB,1956,280.9
GNB,1957,280.5
GNB,1958,279.9
GNB,1959,279.3
GNB,1960,278.7
GNB,1961,277.9
GNB,1962,277
GNB,1963,275.9
GNB,1964,274.3
GNB,1965,273.1
GNB,1966,271.9
GNB,1967,270.7
GNB,1968,269.1
GNB,1969,267.4
GNB,1970,265.5
GNB,1971,263.5
GNB,1972,261.3
GNB,1973,259.3
GNB,1974,257.2
GNB,1975,254.9
GNB,1976,252.6
GNB,1977,250.3
GNB,1978,247.8
GNB,1979,244.9
GNB,1980,241.9
GNB,1981,237.8
GNB,1982,233.9
GNB,1983,230.3
GNB,1984,226.8
GNB,1985,223.5
GNB,1986,246.7
GNB,1987,242.2
GNB,1988,237.5
GNB,1989,233.3
GNB,1990,229.3
GNB,1991,224.9
GNB,1992,220.3
GNB,1993,215.5
GNB,1994,210.4
GNB,1995,205.5
GNB,1996,200.1
GNB,1997,194.6
GNB,1998,188.9
GNB,1999,183.3
GNB,2000,177.5
GNB,2001,171.5
GNB,2002,165.3
GNB,2003,159
GNB,2004,152.6
GNB,2005,146.2
GNB,2006,139.9
GNB,2007,133.6
GNB,2008,127.6
GNB,2009,121.6
GNB,2010,115.9
GNB,2011,110.4
GNB,2012,105.2
GNB,2013,100.5
GNB,2014,96.2
GNB,2015,92.5
GUY,1800,429.2
GUY,1801,429.2
GUY,1802,429.2
GUY,1803,429.2
GUY,1804,429.2
GUY,1805,429.2
GUY,1806,429.2
GUY,1807,429.2
GUY,1808,429.2
GUY,1809,429.2
GUY,1810,429.2
GUY,1811,429.2
GUY,1812,429.2
GUY,1813,429.2
GUY,1814,429.2
GUY,1815,429.2
GUY,1816,429.2
GUY,1817,429.2
GUY,1818,429.2
GUY,1819,429.2
GUY,1820,429.2
GUY,1821,429.2
GUY,1822,429.2
GUY,1823,429.2
GUY,1824,429.2
GUY,1825,429.2
GUY,1826,429.2
GUY,1827,429.2
GUY,1828,429.2
GUY,1829,429.2
GUY,1830,429.2
GUY,1831,429.2
GUY,1832,429.2
GUY,1833,429.2
GUY,1834,429.2
GUY,1835,429.2
GUY,1836,429.2
GUY,1837,429.2
GUY,1838,429.2
GUY,1839,429.2
GUY,1840,429.2
GUY,1841,429.2
GUY,1842,429.2
GUY,1843,429.2
GUY,1844,429.2
GUY,1845,429.2
GUY,1846,429.2
GUY,1847,429.2
GUY,1848,429.2
GUY,1849,429.2
GUY,1850,429.2
GUY,1851,429.2
GUY,1852,429.2
GUY,1853,429.2
GUY,1854,429.2
GUY,1855,429.2
GUY,1856,429.2
GUY,1857,429.2
GUY,1858,429.2
GUY,1859,429.2
GUY,1860,429.2
GUY,1861,429.2
GUY,1862,429.2
GUY,1863,429.2
GUY,1864,429.2
GUY,1865,429.2
GUY,1866,429.2
GUY,1867,429.2
GUY,1868,429.2
GUY,1869,429.2
GUY,1870,429.2
GUY,1871,429.2
GUY,1872,429.2
GUY,1873,429.2
GUY,1874,429.2
GUY,1875,429.2
GUY,1876,429.2
GUY,1877,429.2
GUY,1878,429.2
GUY,1879,429.2
GUY,1880,429.2
GUY,1881,429.2
GUY,1882,429.2
GUY,1883,429.2
GUY,1884,429.2
GUY,1885,429.2
GUY,1886,429.2
GUY,1887,429.2
GUY,1888,429.2
GUY,1889,429.2
GUY,1890,429.2
GUY,1891,429.2
GUY,1892,429.2
GUY,1893,429.2
GUY,1894,418.5
GUY,1895,408
GUY,1896,397.9
GUY,1897,387.9
GUY,1898,378.3
GUY,1899,368.8
GUY,1900,359.6
GUY,1901,350.7
GUY,1902,341.9
GUY,1903,333.4
GUY,1904,326.9
GUY,1905,304.1
GUY,1906,326.9
GUY,1907,415.7
GUY,1908,322
GUY,1909,339.9
GUY,1910,385.7
GUY,1911,379.5
GUY,1912,318.2
GUY,1913,302.5
GUY,1914,289.9
GUY,1915,316.9
GUY,1916,330.4
GUY,1917,349.3
GUY,1918,394.8
GUY,1919,330.6
GUY,1920,264.8
GUY,1921,354.8
GUY,1922,341.4
GUY,1923,327.6
GUY,1924,308.3
GUY,1925,291.3
GUY,1926,302
GUY,1927,302.5
GUY,1928,357.4
GUY,1929,281.7
GUY,1930,284.1
GUY,1931,270.6
GUY,1932,272.8
GUY,1933,309.1
GUY,1934,340.8
GUY,1935,239.3
GUY,1936,236.4
GUY,1937,240.7
GUY,1938,347.6
GUY,1939,242
GUY,1940,204.7
GUY,1941,158.9
GUY,1942,190.8
GUY,1943,302
GUY,1944,291.7
GUY,1945,205
GUY,1946,172
GUY,1947,168.4
GUY,1948,168.6
GUY,1949,165.3
GUY,1950,157.7
GUY,1951,150.2
GUY,1952,143
GUY,1953,135.9
GUY,1954,128.8
GUY,1955,121.8
GUY,1956,115.2
GUY,1957,108.9
GUY,1958,103.2
GUY,1959,98
GUY,1960,93.3
GUY,1961,89.2
GUY,1962,85.7
GUY,1963,82.8
GUY,1964,80.4
GUY,1965,78.5
GUY,1966,77
GUY,1967,75.9
GUY,1968,74.9
GUY,1969,74.3
GUY,1970,73.9
GUY,1971,73.6
GUY,1972,73.4
GUY,1973,73.2
GUY,1974,73
GUY,1975,72.7
GUY,1976,72.4
GUY,1977,72
GUY,1978,71.5
GUY,1979,71
GUY,1980,70.4
GUY,1981,69.8
GUY,1982,69.2
GUY,1983,68.5
GUY,1984,67.7
GUY,1985,66.8
GUY,1986,65.8
GUY,1987,64.7
GUY,1988,63.3
GUY,1989,61.9
GUY,1990,60.4
GUY,1991,58.8
GUY,1992,57.2
GUY,1993,55.6
GUY,1994,54.1
GUY,1995,52.7
GUY,1996,51.4
GUY,1997,50.2
GUY,1998,49
GUY,1999,47.8
GUY,2000,46.7
GUY,2001,45.6
GUY,2002,44.8
GUY,2003,44
GUY,2004,43.4
GUY,2005,42.8
GUY,2006,42.4
GUY,2007,42.1
GUY,2008,41.9
GUY,2009,41.7
GUY,2010,41.5
GUY,2011,41.4
GUY,2012,41.2
GUY,2013,40.8
GUY,2014,40.2
GUY,2015,39.4
HTI,1800,486.4
HTI,1801,486.4
HTI,1802,486.4
HTI,1803,486.4
HTI,1804,486.4
HTI,1805,486.4
HTI,1806,486.3
HTI,1807,486.3
HTI,1808,486.3
HTI,1809,486.3
HTI,1810,486.3
HTI,1811,486.3
HTI,1812,486.3
HTI,1813,486.3
HTI,1814,486.2
HTI,1815,486.2
HTI,1816,486.2
HTI,1817,486.2
HTI,1818,486.2
HTI,1819,486.2
HTI,1820,486.2
HTI,1821,486.2
HTI,1822,486.2
HTI,1823,486.2
HTI,1824,486.1
HTI,1825,486.1
HTI,1826,486.1
HTI,1827,486.1
HTI,1828,486.1
HTI,1829,486.1
HTI,1830,486.1
HTI,1831,486.1
HTI,1832,486.1
HTI,1833,486.1
HTI,1834,486
HTI,1835,486
HTI,1836,486
HTI,1837,486
HTI,1838,486
HTI,1839,486
HTI,1840,486
HTI,1841,486
HTI,1842,485.9
HTI,1843,485.9
HTI,1844,485.9
HTI,1845,485.9
HTI,1846,485.9
HTI,1847,485.9
HTI,1848,485.9
HTI,1849,485.9
HTI,1850,485.9
HTI,1851,485.9
HTI,1852,485.9
HTI,1853,485.8
HTI,1854,485.8
HTI,1855,485.8
HTI,1856,485.8
HTI,1857,485.8
HTI,1858,485.8
HTI,1859,485.8
HTI,1860,485.8
HTI,1861,485.8
HTI,1862,485.7
HTI,1863,485.7
HTI,1864,485.7
HTI,1865,485.7
HTI,1866,485.7
HTI,1867,485.7
HTI,1868,485.7
HTI,1869,485.7
HTI,1870,485.7
HTI,1871,485.6
HTI,1872,485.6
HTI,1873,485.6
HTI,1874,485.6
HTI,1875,485.6
HTI,1876,485.6
HTI,1877,485.6
HTI,1878,485.6
HTI,1879,485.6
HTI,1880,485.6
HTI,1881,485.5
HTI,1882,485.5
HTI,1883,485.5
HTI,1884,485.5
HTI,1885,485.5
HTI,1886,485.5
HTI,1887,485.5
HTI,1888,485.5
HTI,1889,485.5
HTI,1890,485.4
HTI,1891,485.4
HTI,1892,485.4
HTI,1893,485.4
HTI,1894,485.4
HTI,1895,485.4
HTI,1896,485.4
HTI,1897,485.4
HTI,1898,485.4
HTI,1899,485.4
HTI,1900,485.3
HTI,1901,484.3
HTI,1902,483.3
HTI,1903,482.2
HTI,1904,481.2
HTI,1905,480.1
HTI,1906,479.1
HTI,1907,478.1
HTI,1908,477.1
HTI,1909,476
HTI,1910,475
HTI,1911,474
HTI,1912,473
HTI,1913,472
HTI,1914,470.9
HTI,1915,469.9
HTI,1916,468.9
HTI,1917,467.5
HTI,1918,466
HTI,1919,464.6
HTI,1920,463.1
HTI,1921,461.6
HTI,1922,460.2
HTI,1923,458.8
HTI,1924,457.3
HTI,1925,455.9
HTI,1926,454.5
HTI,1927,453.1
HTI,1928,451.6
HTI,1929,450.2
HTI,1930,448.8
HTI,1931,442.6
HTI,1932,436.4
HTI,1933,430.4
HTI,1934,424.4
HTI,1935,418.5
HTI,1936,412.7
HTI,1937,407
HTI,1938,401.3
HTI,1939,395.7
HTI,1940,390.2
HTI,1941,384.8
HTI,1942,379.5
HTI,1943,374.2
HTI,1944,369
HTI,1945,363.9
HTI,1946,358.8
HTI,1947,353.8
HTI,1948,348.9
HTI,1949,344
HTI,1950,339.2
HTI,1951,334.5
HTI,1952,329.9
HTI,1953,325.3
HTI,1954,320.8
HTI,1955,316.3
HTI,1956,311.9
HTI,1957,306.7
HTI,1958,301.4
HTI,1959,296.3
HTI,1960,291.4
HTI,1961,286.6
HTI,1962,281.9
HTI,1963,277.3
HTI,1964,273
HTI,1965,268.5
HTI,1966,263.9
HTI,1967,259.2
HTI,1968,254.6
HTI,1969,249.9
HTI,1970,245.1
HTI,1971,240.1
HTI,1972,234.8
HTI,1973,229.4
HTI,1974,224
HTI,1975,218.4
HTI,1976,213
HTI,1977,207.5
HTI,1978,202.2
HTI,1979,196.9
HTI,1980,191.9
HTI,1981,186.9
HTI,1982,181.9
HTI,1983,177
HTI,1984,172.2
HTI,1985,167.6
HTI,1986,163
HTI,1987,158.5
HTI,1988,154.2
HTI,1989,150
HTI,1990,145.8
HTI,1991,141.7
HTI,1992,137.6
HTI,1993,133.3
HTI,1994,129.1
HTI,1995,124.9
HTI,1996,120.7
HTI,1997,116.5
HTI,1998,112.4
HTI,1999,108.5
HTI,2000,104.8
HTI,2001,101.3
HTI,2002,98.1
HTI,2003,95.1
HTI,2004,92.4
HTI,2005,90
HTI,2006,87.7
HTI,2007,85.5
HTI,2008,83.3
HTI,2009,81.2
HTI,2010,208.8
HTI,2011,77.2
HTI,2012,75.2
HTI,2013,73.1
HTI,2014,71
HTI,2015,69
HND,1800,393.5
HND,1801,393.5
HND,1802,393.5
HND,1803,393.5
HND,1804,393.5
HND,1805,393.5
HND,1806,393.5
HND,1807,393.5
HND,1808,393.5
HND,1809,393.5
HND,1810,393.5
HND,1811,393.5
HND,1812,393.5
HND,1813,393.5
HND,1814,393.5
HND,1815,393.5
HND,1816,393.5
HND,1817,393.5
HND,1818,393.5
HND,1819,393.5
HND,1820,393.5
HND,1821,393.5
HND,1822,393.5
HND,1823,393.5
HND,1824,393.5
HND,1825,393.5
HND,1826,393.5
HND,1827,393.5
HND,1828,393.5
HND,1829,393.5
HND,1830,393.5
HND,1831,393.5
HND,1832,393.5
HND,1833,393.5
HND,1834,393.5
HND,1835,393.5
HND,1836,393.5
HND,1837,393.5
HND,1838,393.5
HND,1839,393.5
HND,1840,393.5
HND,1841,393.5
HND,1842,393.5
HND,1843,393.5
HND,1844,393.5
HND,1845,393.5
HND,1846,393.5
HND,1847,393.5
HND,1848,393.5
HND,1849,393.5
HND,1850,393.5
HND,1851,393.5
HND,1852,393.5
HND,1853,393.5
HND,1854,393.5
HND,1855,393.5
HND,1856,393.5
HND,1857,393.5
HND,1858,393.5
HND,1859,393.5
HND,1860,393.5
HND,1861,393.5
HND,1862,393.5
HND,1863,393.5
HND,1864,393.5
HND,1865,393.5
HND,1866,393.5
HND,1867,393.5
HND,1868,393.5
HND,1869,393.5
HND,1870,393.5
HND,1871,393.5
HND,1872,393.5
HND,1873,393.5
HND,1874,393.5
HND,1875,393.5
HND,1876,393.5
HND,1877,393.5
HND,1878,393.5
HND,1879,393.5
HND,1880,393.5
HND,1881,393.5
HND,1882,393.5
HND,1883,393.5
HND,1884,393.5
HND,1885,393.5
HND,1886,393.5
HND,1887,393.5
HND,1888,393.5
HND,1889,393.5
HND,1890,393.5
HND,1891,393.5
HND,1892,393.5
HND,1893,393.5
HND,1894,393.4
HND,1895,393.4
HND,1896,393.4
HND,1897,393.2
HND,1898,393.1
HND,1899,392.9
HND,1900,392.6
HND,1901,392.3
HND,1902,391.9
HND,1903,391.4
HND,1904,390.9
HND,1905,390.3
HND,1906,389.6
HND,1907,388.9
HND,1908,388.2
HND,1909,387.4
HND,1910,386.5
HND,1911,385.6
HND,1912,384.7
HND,1913,383.8
HND,1914,382.8
HND,1915,381.9
HND,1916,381
HND,1917,380
HND,1918,378.9
HND,1919,377.9
HND,1920,376.9
HND,1921,375.8
HND,1922,374.8
HND,1923,373.8
HND,1924,372.7
HND,1925,371.7
HND,1926,370.6
HND,1927,369.6
HND,1928,368.6
HND,1929,367.6
HND,1930,366.5
HND,1931,362.1
HND,1932,356.5
HND,1933,352.1
HND,1934,346.7
HND,1935,342.4
HND,1936,337.1
HND,1937,332.9
HND,1938,327.7
HND,1939,323.5
HND,1940,318.4
HND,1941,314.4
HND,1942,309.4
HND,1943,305.4
HND,1944,300.5
HND,1945,296.6
HND,1946,291.8
HND,1947,286.2
HND,1948,280.7
HND,1949,275.3
HND,1950,270
HND,1951,264.8
HND,1952,259.6
HND,1953,254.7
HND,1954,249.7
HND,1955,244.9
HND,1956,240.2
HND,1957,232.3
HND,1958,224.6
HND,1959,217.2
HND,1960,210.2
HND,1961,203.4
HND,1962,196.8
HND,1963,190.3
HND,1964,184.2
HND,1965,177.8
HND,1966,171.6
HND,1967,165.6
HND,1968,159.6
HND,1969,153.7
HND,1970,147.9
HND,1971,142.2
HND,1972,136.6
HND,1973,131.2
HND,1974,125.7
HND,1975,120.5
HND,1976,115.3
HND,1977,110.3
HND,1978,105.3
HND,1979,100.4
HND,1980,95.7
HND,1981,91.1
HND,1982,86.7
HND,1983,82.5
HND,1984,78.4
HND,1985,74.6
HND,1986,70.9
HND,1987,67.4
HND,1988,64.2
HND,1989,61.1
HND,1990,58.2
HND,1991,55.5
HND,1992,52.9
HND,1993,50.6
HND,1994,48.4
HND,1995,46.4
HND,1996,44.4
HND,1997,42.6
HND,1998,60
HND,1999,39.1
HND,2000,37.4
HND,2001,35.8
HND,2002,34.2
HND,2003,32.7
HND,2004,31.3
HND,2005,30
HND,2006,28.8
HND,2007,27.6
HND,2008,26.5
HND,2009,25.4
HND,2010,24.4
HND,2011,23.5
HND,2012,22.6
HND,2013,21.8
HND,2014,21.1
HND,2015,20.4
HKG,1980,14.81
HKG,1981,13.93
HKG,1982,13.11
HKG,1983,12.34
HKG,1984,11.61
HKG,1985,10.92
HKG,1986,10.27
HKG,1987,9.66
HKG,1988,9.09
HKG,1989,8.55
HKG,1990,8.05
HKG,1991,7.57
HKG,1992,7.12
HKG,1993,6.69
HKG,1994,6.29
HKG,1995,5.92
HKG,1996,5.57
HKG,1997,5.25
HKG,1998,4.95
HKG,1999,4.67
HKG,2000,4.42
HKG,2001,4.2
HKG,2002,3.99
HKG,2003,3.8
HKG,2004,3.62
HKG,2005,3.46
HKG,2006,3.32
HKG,2007,3.19
HKG,2008,3.06
HKG,2009,2.95
HKG,2010,2.85
HKG,2011,2.75
HKG,2012,2.67
HKG,2013,2.58
HKG,2014,2.5
HKG,2015,2.42
HUN,1800,368
HUN,1801,368
HUN,1802,368
HUN,1803,368
HUN,1804,368
HUN,1805,368
HUN,1806,368
HUN,1807,368
HUN,1808,368
HUN,1809,368
HUN,1810,368
HUN,1811,368
HUN,1812,368
HUN,1813,368
HUN,1814,368
HUN,1815,368
HUN,1816,368
HUN,1817,368
HUN,1818,368
HUN,1819,368
HUN,1820,368
HUN,1821,368
HUN,1822,368
HUN,1823,368
HUN,1824,368
HUN,1825,368
HUN,1826,368
HUN,1827,368
HUN,1828,368
HUN,1829,368
HUN,1830,368
HUN,1831,368
HUN,1832,368
HUN,1833,368
HUN,1834,368
HUN,1835,368
HUN,1836,368
HUN,1837,368
HUN,1838,368
HUN,1839,368
HUN,1840,368
HUN,1841,368
HUN,1842,368
HUN,1843,368.4
HUN,1844,368.8
HUN,1845,369.2
HUN,1846,369.7
HUN,1847,370.1
HUN,1848,370.5
HUN,1849,370.9
HUN,1850,371.3
HUN,1851,371.8
HUN,1852,372.2
HUN,1853,427.1
HUN,1854,428.7
HUN,1855,435.2
HUN,1856,398
HUN,1857,414.1
HUN,1858,399.7
HUN,1859,404.5
HUN,1860,406.7
HUN,1861,409
HUN,1862,411.2
HUN,1863,413.5
HUN,1864,415.7
HUN,1865,364.1
HUN,1866,366.1
HUN,1867,368.2
HUN,1868,370.2
HUN,1869,372.3
HUN,1870,374.3
HUN,1871,376.4
HUN,1872,378.5
HUN,1873,380.6
HUN,1874,382.8
HUN,1875,384.9
HUN,1876,387
HUN,1877,389.2
HUN,1878,391.3
HUN,1879,393.5
HUN,1880,395.7
HUN,1881,397.9
HUN,1882,400.1
HUN,1883,402.4
HUN,1884,404.6
HUN,1885,406.8
HUN,1886,409.1
HUN,1887,411.4
HUN,1888,413.7
HUN,1889,416
HUN,1890,418.3
HUN,1891,420.6
HUN,1892,446.6
HUN,1893,390
HUN,1894,401.3
HUN,1895,393.2
HUN,1896,367.3
HUN,1897,362.5
HUN,1898,367.3
HUN,1899,339.9
HUN,1900,362.5
HUN,1901,336.6
HUN,1902,356.1
HUN,1903,331.8
HUN,1904,320.4
HUN,1905,377
HUN,1906,336.6
HUN,1907,344.7
HUN,1908,326.9
HUN,1909,348
HUN,1910,317.1
HUN,1911,338.3
HUN,1912,464.5
HUN,1913,326.9
HUN,1914,320.4
HUN,1915,428.6
HUN,1916,355.8
HUN,1917,350.8
HUN,1918,352.3
HUN,1919,266.4
HUN,1920,318.1
HUN,1921,313.1
HUN,1922,321.1
HUN,1923,298.2
HUN,1924,312.8
HUN,1925,272.1
HUN,1926,270.5
HUN,1927,299.5
HUN,1928,286.3
HUN,1929,289.5
HUN,1930,246.6
HUN,1931,262
HUN,1932,297.3
HUN,1933,215.2
HUN,1934,237.2
HUN,1935,244.3
HUN,1936,220.5
HUN,1937,209.3
HUN,1938,205.5
HUN,1939,186.8
HUN,1940,203.5
HUN,1941,177.4
HUN,1942,209
HUN,1943,177.3
HUN,1944,219.5
HUN,1945,271.8
HUN,1946,178.9
HUN,1947,153.1
HUN,1948,136.8
HUN,1949,131.4
HUN,1950,116.3
HUN,1951,102.9
HUN,1952,91.08
HUN,1953,80.61
HUN,1954,72.2
HUN,1955,72.5
HUN,1956,72.3
HUN,1957,70.5
HUN,1958,66.9
HUN,1959,62.9
HUN,1960,59.4
HUN,1961,56.6
HUN,1962,54.3
HUN,1963,52.3
HUN,1964,50.6
HUN,1965,49
HUN,1966,47.6
HUN,1967,46.2
HUN,1968,45
HUN,1969,43.8
HUN,1970,42.7
HUN,1971,42.1
HUN,1972,42
HUN,1973,42.2
HUN,1974,41.6
HUN,1975,39.1
HUN,1976,35.5
HUN,1977,32.1
HUN,1978,29.7
HUN,1979,27.7
HUN,1980,26.1
HUN,1981,24.8
HUN,1982,24.2
HUN,1983,24.2
HUN,1984,24.2
HUN,1985,23.7
HUN,1986,22.8
HUN,1987,21.6
HUN,1988,20.5
HUN,1989,19.6
HUN,1990,18.9
HUN,1991,18.2
HUN,1992,17.3
HUN,1993,16
HUN,1994,14.7
HUN,1995,13.8
HUN,1996,13.1
HUN,1997,12.7
HUN,1998,12.2
HUN,1999,11.7
HUN,2000,11.2
HUN,2001,10.5
HUN,2002,9.9
HUN,2003,9.3
HUN,2004,8.7
HUN,2005,8.3
HUN,2006,7.9
HUN,2007,7.5
HUN,2008,7.2
HUN,2009,6.8
HUN,2010,6.6
HUN,2011,6.4
HUN,2012,6.3
HUN,2013,6.3
HUN,2014,6.2
HUN,2015,6.2
ISL,1800,412.3
ISL,1801,412.3
ISL,1802,412.3
ISL,1803,412.3
ISL,1804,412.3
ISL,1805,412.3
ISL,1806,412.3
ISL,1807,412.3
ISL,1808,412.3
ISL,1809,412.3
ISL,1810,412.3
ISL,1811,412.3
ISL,1812,412.3
ISL,1813,412.3
ISL,1814,412.3
ISL,1815,412.3
ISL,1816,412.3
ISL,1817,412.3
ISL,1818,412.3
ISL,1819,412.3
ISL,1820,412.3
ISL,1821,412.3
ISL,1822,412.3
ISL,1823,412.3
ISL,1824,412.3
ISL,1825,412.3
ISL,1826,412.3
ISL,1827,412.3
ISL,1828,412.3
ISL,1829,409.3
ISL,1830,406.3
ISL,1831,403.4
ISL,1832,400.4
ISL,1833,397.5
ISL,1834,394.6
ISL,1835,391.7
ISL,1836,388.9
ISL,1837,386
ISL,1838,383.2
ISL,1839,438.6
ISL,1840,414.5
ISL,1841,323.8
ISL,1842,270
ISL,1843,421.1
ISL,1844,257.7
ISL,1845,279.3
ISL,1846,608.3
ISL,1847,416
ISL,1848,303.5
ISL,1849,392.4
ISL,1850,404.9
ISL,1851,439.2
ISL,1852,279.4
ISL,1853,227.7
ISL,1854,264
ISL,1855,289.4
ISL,1856,289.8
ISL,1857,324.7
ISL,1858,350.6
ISL,1859,388.4
ISL,1860,530.4
ISL,1861,438.2
ISL,1862,420.7
ISL,1863,292
ISL,1864,326.7
ISL,1865,329.9
ISL,1866,383.6
ISL,1867,330.3
ISL,1868,341.3
ISL,1869,427
ISL,1870,287.6
ISL,1871,340.7
ISL,1872,490.5
ISL,1873,290.5
ISL,1874,299
ISL,1875,339.8
ISL,1876,302.4
ISL,1877,244.1
ISL,1878,277.4
ISL,1879,230.3
ISL,1880,268.6
ISL,1881,364.7
ISL,1882,587.5
ISL,1883,405.4
ISL,1884,248.3
ISL,1885,228.6
ISL,1886,217.6
ISL,1887,238.8
ISL,1888,182.7
ISL,1889,130.3
ISL,1890,340.7
ISL,1891,216.8
ISL,1892,135.4
ISL,1893,118.4
ISL,1894,161.3
ISL,1895,167.9
ISL,1896,150.8
ISL,1897,183.1
ISL,1898,212.3
ISL,1899,136.6
ISL,1900,168.2
ISL,1901,121.1
ISL,1902,184.7
ISL,1903,208
ISL,1904,125.8
ISL,1905,148
ISL,1906,113.7
ISL,1907,164.2
ISL,1908,228.5
ISL,1909,174.2
ISL,1910,141.6
ISL,1911,117.7
ISL,1912,94.85
ISL,1913,85.79
ISL,1914,142.2
ISL,1915,100.1
ISL,1916,124.1
ISL,1917,81.74
ISL,1918,79.06
ISL,1919,91.58
ISL,1920,135.6
ISL,1921,93.18
ISL,1922,87.8
ISL,1923,80.69
ISL,1924,99.2
ISL,1925,67.41
ISL,1926,67.03
ISL,1927,116.8
ISL,1928,62.08
ISL,1929,63.37
ISL,1930,64.05
ISL,1931,69.6
ISL,1932,60.34
ISL,1933,54.85
ISL,1934,70.38
ISL,1935,99.18
ISL,1936,67.82
ISL,1937,45.58
ISL,1938,40.95
ISL,1939,49.34
ISL,1940,50.27
ISL,1941,48.28
ISL,1942,67.8
ISL,1943,42.97
ISL,1944,49.76
ISL,1945,44.69
ISL,1946,39.18
ISL,1947,32.31
ISL,1948,34.1
ISL,1949,29.45
ISL,1950,30.7
ISL,1951,29.2
ISL,1952,27.8
ISL,1953,26.5
ISL,1954,25.3
ISL,1955,24.4
ISL,1956,23.6
ISL,1957,22.9
ISL,1958,22.3
ISL,1959,21.8
ISL,1960,21.4
ISL,1961,21.1
ISL,1962,20.7
ISL,1963,20.2
ISL,1964,19.7
ISL,1965,19.1
ISL,1966,18.5
ISL,1967,17.8
ISL,1968,17.1
ISL,1969,16.5
ISL,1970,15.8
ISL,1971,15.2
ISL,1972,14.6
ISL,1973,14
ISL,1974,13.4
ISL,1975,12.8
ISL,1976,12.2
ISL,1977,11.5
ISL,1978,10.9
ISL,1979,10.3
ISL,1980,9.8
ISL,1981,9.2
ISL,1982,8.8
ISL,1983,8.4
ISL,1984,8
ISL,1985,7.7
ISL,1986,7.4
ISL,1987,7.1
ISL,1988,6.9
ISL,1989,6.6
ISL,1990,6.4
ISL,1991,6.2
ISL,1992,5.9
ISL,1993,5.7
ISL,1994,5.5
ISL,1995,5.2
ISL,1996,5
ISL,1997,4.7
ISL,1998,4.5
ISL,1999,4.2
ISL,2000,4
ISL,2001,3.8
ISL,2002,3.6
ISL,2003,3.4
ISL,2004,3.3
ISL,2005,3.1
ISL,2006,2.9
ISL,2007,2.8
ISL,2008,2.7
ISL,2009,2.5
ISL,2010,2.4
ISL,2011,2.3
ISL,2012,2.2
ISL,2013,2.1
ISL,2014,2.1
ISL,2015,2
IND,1800,509.4
IND,1801,509.4
IND,1802,509.4
IND,1803,509.4
IND,1804,509.4
IND,1805,509.4
IND,1806,509.4
IND,1807,509.4
IND,1808,509.4
IND,1809,509.4
IND,1810,509.4
IND,1811,509.4
IND,1812,509.4
IND,1813,509.4
IND,1814,509.4
IND,1815,509.4
IND,1816,509.4
IND,1817,509.4
IND,1818,509.4
IND,1819,509.4
IND,1820,509.4
IND,1821,509.4
IND,1822,509.4
IND,1823,509.4
IND,1824,509.4
IND,1825,509.4
IND,1826,509.4
IND,1827,509.4
IND,1828,509.4
IND,1829,509.4
IND,1830,509.4
IND,1831,509.4
IND,1832,509.4
IND,1833,509.4
IND,1834,509.4
IND,1835,509.4
IND,1836,509.4
IND,1837,509.4
IND,1838,509.4
IND,1839,509.4
IND,1840,509.4
IND,1841,509.4
IND,1842,509.4
IND,1843,509.4
IND,1844,509.4
IND,1845,509.4
IND,1846,509.4
IND,1847,509.4
IND,1848,509.4
IND,1849,509.4
IND,1850,509.4
IND,1851,509.4
IND,1852,509.4
IND,1853,509.4
IND,1854,509.4
IND,1855,509.4
IND,1856,509.4
IND,1857,509.4
IND,1858,509.4
IND,1859,509.4
IND,1860,509.4
IND,1861,509.4
IND,1862,509.4
IND,1863,509.4
IND,1864,509.4
IND,1865,509.4
IND,1866,509.4
IND,1867,509.4
IND,1868,509.4
IND,1869,509.4
IND,1870,509.4
IND,1871,509.4
IND,1872,509.4
IND,1873,509.4
IND,1874,509.4
IND,1875,509.4
IND,1876,509.4
IND,1877,509.4
IND,1878,509.4
IND,1879,509.4
IND,1880,509.4
IND,1881,509.4
IND,1882,510.9
IND,1883,512.4
IND,1884,513.9
IND,1885,515.4
IND,1886,517
IND,1887,520.1
IND,1888,521.6
IND,1889,523.1
IND,1890,524.7
IND,1891,526.2
IND,1892,527.8
IND,1893,529.3
IND,1894,530.9
IND,1895,530.8
IND,1896,532.3
IND,1897,533.8
IND,1898,535.2
IND,1899,536.5
IND,1900,536.1
IND,1901,537.2
IND,1902,512.2
IND,1903,488.3
IND,1904,465.6
IND,1905,443.9
IND,1906,423.2
IND,1907,403.5
IND,1908,384.7
IND,1909,366.8
IND,1910,349.7
IND,1911,333.4
IND,1912,338.3
IND,1913,317.1
IND,1914,344.8
IND,1915,328.6
IND,1916,328.6
IND,1917,333.5
IND,1918,433.8
IND,1919,364.3
IND,1920,317.3
IND,1921,322.2
IND,1922,284.6
IND,1923,286.3
IND,1924,307.6
IND,1925,283
IND,1926,307.7
IND,1927,272
IND,1928,281.4
IND,1929,289.7
IND,1930,294.7
IND,1931,291.4
IND,1932,275.2
IND,1933,278.3
IND,1934,304.6
IND,1935,267.4
IND,1936,264.1
IND,1937,264.1
IND,1938,272.2
IND,1939,253.8
IND,1940,260.8
IND,1941,257.4
IND,1942,265.9
IND,1943,269.2
IND,1944,275.5
IND,1945,245
IND,1946,249.4
IND,1947,253.8
IND,1948,258.4
IND,1949,263
IND,1950,267.7
IND,1951,271.6
IND,1952,275.5
IND,1953,279.5
IND,1954,274.5
IND,1955,269.5
IND,1956,264.9
IND,1957,260.4
IND,1958,256
IND,1959,251.8
IND,1960,247.7
IND,1961,243.7
IND,1962,240
IND,1963,236.3
IND,1964,232.9
IND,1965,229.6
IND,1966,226.3
IND,1967,223.1
IND,1968,219.8
IND,1969,216.6
IND,1970,213.3
IND,1971,209.9
IND,1972,206.1
IND,1973,202.2
IND,1974,197.9
IND,1975,193.4
IND,1976,188.6
IND,1977,183.4
IND,1978,178.2
IND,1979,172.8
IND,1980,167.6
IND,1981,162.6
IND,1982,157.9
IND,1983,153.5
IND,1984,149.2
IND,1985,145.2
IND,1986,141.2
IND,1987,137.3
IND,1988,133.4
IND,1989,129.5
IND,1990,125.8
IND,1991,122.2
IND,1992,118.8
IND,1993,115.4
IND,1994,112.1
IND,1995,108.7
IND,1996,105.3
IND,1997,101.9
IND,1998,98.3
IND,1999,94.8
IND,2000,91.2
IND,2001,87.7
IND,2002,84.3
IND,2003,81
IND,2004,77.7
IND,2005,74.6
IND,2006,71.5
IND,2007,68.5
IND,2008,65.6
IND,2009,62.7
IND,2010,59.9
IND,2011,57.2
IND,2012,54.5
IND,2013,52.1
IND,2014,49.8
IND,2015,47.7
IDN,1800,443.8
IDN,1801,443.8
IDN,1802,443.8
IDN,1803,443.8
IDN,1804,443.8
IDN,1805,443.8
IDN,1806,443.8
IDN,1807,443.8
IDN,1808,443.8
IDN,1809,443.8
IDN,1810,443.8
IDN,1811,443.8
IDN,1812,443.8
IDN,1813,443.8
IDN,1814,443.8
IDN,1815,443.8
IDN,1816,443.8
IDN,1817,443.8
IDN,1818,443.8
IDN,1819,443.8
IDN,1820,443.8
IDN,1821,443.8
IDN,1822,443.8
IDN,1823,443.8
IDN,1824,443.8
IDN,1825,443.8
IDN,1826,443.8
IDN,1827,443.8
IDN,1828,443.8
IDN,1829,443.8
IDN,1830,443.8
IDN,1831,443.8
IDN,1832,443.8
IDN,1833,443.8
IDN,1834,443.8
IDN,1835,443.8
IDN,1836,443.8
IDN,1837,443.8
IDN,1838,443.8
IDN,1839,443.8
IDN,1840,443.8
IDN,1841,443.8
IDN,1842,443.8
IDN,1843,443.8
IDN,1844,443.8
IDN,1845,443.8
IDN,1846,443.8
IDN,1847,443.8
IDN,1848,443.8
IDN,1849,443.8
IDN,1850,443.8
IDN,1851,443.8
IDN,1852,443.8
IDN,1853,443.8
IDN,1854,443.8
IDN,1855,443.8
IDN,1856,443.8
IDN,1857,443.8
IDN,1858,443.8
IDN,1859,443.8
IDN,1860,443.8
IDN,1861,443.8
IDN,1862,443.8
IDN,1863,443.8
IDN,1864,443.8
IDN,1865,443.8
IDN,1866,443.8
IDN,1867,443.8
IDN,1868,443.8
IDN,1869,443.8
IDN,1870,443.8
IDN,1871,443.8
IDN,1872,443.8
IDN,1873,443.8
IDN,1874,443.8
IDN,1875,443.8
IDN,1876,443.8
IDN,1877,443.8
IDN,1878,443.8
IDN,1879,443.8
IDN,1880,443.8
IDN,1881,443.8
IDN,1882,443.8
IDN,1883,443.8
IDN,1884,443.8
IDN,1885,443.8
IDN,1886,443.8
IDN,1887,443.8
IDN,1888,443.8
IDN,1889,443.8
IDN,1890,443.8
IDN,1891,443.8
IDN,1892,443.8
IDN,1893,443.8
IDN,1894,443.8
IDN,1895,443.7
IDN,1896,443.7
IDN,1897,443.6
IDN,1898,443.4
IDN,1899,443.1
IDN,1900,442.8
IDN,1901,442.4
IDN,1902,442
IDN,1903,441.5
IDN,1904,440.9
IDN,1905,440.2
IDN,1906,439.5
IDN,1907,438.7
IDN,1908,437.8
IDN,1909,436.9
IDN,1910,435.9
IDN,1911,434.9
IDN,1912,433.8
IDN,1913,432.6
IDN,1914,431.4
IDN,1915,430.2
IDN,1916,429
IDN,1917,427.8
IDN,1918,426.6
IDN,1919,425.4
IDN,1920,424.3
IDN,1921,423.1
IDN,1922,421.9
IDN,1923,420.7
IDN,1924,419.5
IDN,1925,418.3
IDN,1926,417.2
IDN,1927,416
IDN,1928,408.6
IDN,1929,401.2
IDN,1930,394
IDN,1931,386.9
IDN,1932,379.9
IDN,1933,372.9
IDN,1934,366.1
IDN,1935,359.3
IDN,1936,352.7
IDN,1937,346.1
IDN,1938,361.9
IDN,1939,378
IDN,1940,394.7
IDN,1941,411.8
IDN,1942,397.3
IDN,1943,383.3
IDN,1944,369.8
IDN,1945,356.7
IDN,1946,344.1
IDN,1947,332
IDN,1948,320.3
IDN,1949,309
IDN,1950,298.1
IDN,1951,287.6
IDN,1952,279.4
IDN,1953,271.5
IDN,1954,263.7
IDN,1955,256.1
IDN,1956,248.8
IDN,1957,241.7
IDN,1958,234.9
IDN,1959,228.5
IDN,1960,222.4
IDN,1961,216.5
IDN,1962,210.7
IDN,1963,205.1
IDN,1964,199.5
IDN,1965,193.9
IDN,1966,188.2
IDN,1967,182.5
IDN,1968,176.8
IDN,1969,171.1
IDN,1970,165.6
IDN,1971,160.3
IDN,1972,155.1
IDN,1973,150.1
IDN,1974,145.3
IDN,1975,140.8
IDN,1976,136.5
IDN,1977,132.4
IDN,1978,128.5
IDN,1979,124.8
IDN,1980,121.1
IDN,1981,117.5
IDN,1982,113.9
IDN,1983,110.3
IDN,1984,106.7
IDN,1985,103.1
IDN,1986,99.5
IDN,1987,95.9
IDN,1988,92.2
IDN,1989,88.4
IDN,1990,84.7
IDN,1991,80.9
IDN,1992,77.1
IDN,1993,73.6
IDN,1994,70.1
IDN,1995,66.7
IDN,1996,63.6
IDN,1997,60.5
IDN,1998,57.6
IDN,1999,54.9
IDN,2000,52.3
IDN,2001,49.8
IDN,2002,47.6
IDN,2003,45.4
IDN,2004,49.3
IDN,2005,41.4
IDN,2006,39.6
IDN,2007,37.9
IDN,2008,36.2
IDN,2009,34.7
IDN,2010,33.1
IDN,2011,31.7
IDN,2012,30.4
IDN,2013,29.3
IDN,2014,28.2
IDN,2015,27.2
IRN,1800,506.4
IRN,1801,506.4
IRN,1802,506.4
IRN,1803,506.4
IRN,1804,506.4
IRN,1805,506.4
IRN,1806,506.4
IRN,1807,506.4
IRN,1808,506.4
IRN,1809,506.4
IRN,1810,506.4
IRN,1811,506.4
IRN,1812,506.4
IRN,1813,506.4
IRN,1814,506.4
IRN,1815,506.4
IRN,1816,506.4
IRN,1817,506.4
IRN,1818,506.4
IRN,1819,506.4
IRN,1820,506.4
IRN,1821,506.4
IRN,1822,506.4
IRN,1823,506.4
IRN,1824,506.4
IRN,1825,506.4
IRN,1826,506.4
IRN,1827,506.4
IRN,1828,506.4
IRN,1829,506.4
IRN,1830,506.4
IRN,1831,506.4
IRN,1832,506.4
IRN,1833,506.4
IRN,1834,506.4
IRN,1835,506.4
IRN,1836,506.4
IRN,1837,506.4
IRN,1838,506.4
IRN,1839,506.4
IRN,1840,506.4
IRN,1841,506.4
IRN,1842,506.4
IRN,1843,506.4
IRN,1844,506.4
IRN,1845,506.4
IRN,1846,506.4
IRN,1847,506.4
IRN,1848,506.4
IRN,1849,506.4
IRN,1850,506.4
IRN,1851,506.4
IRN,1852,506.4
IRN,1853,506.4
IRN,1854,506.4
IRN,1855,506.4
IRN,1856,506.4
IRN,1857,506.4
IRN,1858,506.4
IRN,1859,506.4
IRN,1860,506.4
IRN,1861,506.4
IRN,1862,506.4
IRN,1863,506.4
IRN,1864,506.4
IRN,1865,506.4
IRN,1866,506.4
IRN,1867,506.4
IRN,1868,506.4
IRN,1869,506.4
IRN,1870,506.4
IRN,1871,506.4
IRN,1872,506.4
IRN,1873,506.4
IRN,1874,506.4
IRN,1875,506.4
IRN,1876,506.4
IRN,1877,506.4
IRN,1878,506.4
IRN,1879,506.4
IRN,1880,506.4
IRN,1881,506.4
IRN,1882,506.4
IRN,1883,506.4
IRN,1884,506.4
IRN,1885,506.4
IRN,1886,506.4
IRN,1887,506.4
IRN,1888,506.4
IRN,1889,506.4
IRN,1890,506.4
IRN,1891,506.4
IRN,1892,506.4
IRN,1893,506.4
IRN,1894,506.4
IRN,1895,506.3
IRN,1896,506.2
IRN,1897,506.1
IRN,1898,505.9
IRN,1899,505.6
IRN,1900,505.3
IRN,1901,504.8
IRN,1902,504.3
IRN,1903,503.7
IRN,1904,503.1
IRN,1905,502.3
IRN,1906,501.5
IRN,1907,500.6
IRN,1908,499.6
IRN,1909,498.5
IRN,1910,497.4
IRN,1911,496.3
IRN,1912,495.1
IRN,1913,493.9
IRN,1914,492.7
IRN,1915,491.5
IRN,1916,490.3
IRN,1917,489.1
IRN,1918,488
IRN,1919,486.8
IRN,1920,485.6
IRN,1921,484.4
IRN,1922,483.2
IRN,1923,482
IRN,1924,480.8
IRN,1925,479.6
IRN,1926,478.4
IRN,1927,477.3
IRN,1928,476.1
IRN,1929,474.9
IRN,1930,473.7
IRN,1931,472.5
IRN,1932,470
IRN,1933,467.5
IRN,1934,465
IRN,1935,462.5
IRN,1936,460
IRN,1937,457.5
IRN,1938,455
IRN,1939,452.5
IRN,1940,450.1
IRN,1941,429.3
IRN,1942,409.5
IRN,1943,391.6
IRN,1944,373.1
IRN,1945,355.4
IRN,1946,338.3
IRN,1947,321.8
IRN,1948,305.9
IRN,1949,306.7
IRN,1950,307.4
IRN,1951,308.1
IRN,1952,308.8
IRN,1953,309.6
IRN,1954,310.3
IRN,1955,311
IRN,1956,311.7
IRN,1957,312.4
IRN,1958,313.1
IRN,1959,306.6
IRN,1960,300.1
IRN,1961,293.8
IRN,1962,287.6
IRN,1963,281.6
IRN,1964,275.6
IRN,1965,269.9
IRN,1966,264.2
IRN,1967,258.6
IRN,1968,238.3
IRN,1969,219.5
IRN,1970,202.2
IRN,1971,186.6
IRN,1972,178.2
IRN,1973,170.2
IRN,1974,162
IRN,1975,153.7
IRN,1976,145.2
IRN,1977,136.4
IRN,1978,127.4
IRN,1979,118.5
IRN,1980,109.9
IRN,1981,101.9
IRN,1982,94.6
IRN,1983,88.2
IRN,1984,82.5
IRN,1985,77.4
IRN,1986,72.8
IRN,1987,68.5
IRN,1988,64.5
IRN,1989,60.8
IRN,1990,57.5
IRN,1991,54.5
IRN,1992,51.9
IRN,1993,49.6
IRN,1994,47.4
IRN,1995,45.3
IRN,1996,43.2
IRN,1997,41.1
IRN,1998,38.9
IRN,1999,36.8
IRN,2000,34.7
IRN,2001,32.7
IRN,2002,30.8
IRN,2003,29
IRN,2004,27.3
IRN,2005,25.7
IRN,2006,24.2
IRN,2007,22.8
IRN,2008,21.4
IRN,2009,20.2
IRN,2010,19.2
IRN,2011,18.3
IRN,2012,17.5
IRN,2013,16.8
IRN,2014,16.1
IRN,2015,15.5
IRQ,1800,427.9
IRQ,1801,427.9
IRQ,1802,427.9
IRQ,1803,427.9
IRQ,1804,427.9
IRQ,1805,427.9
IRQ,1806,427.9
IRQ,1807,427.9
IRQ,1808,427.9
IRQ,1809,427.9
IRQ,1810,427.9
IRQ,1811,427.9
IRQ,1812,427.9
IRQ,1813,427.9
IRQ,1814,427.9
IRQ,1815,427.9
IRQ,1816,427.9
IRQ,1817,427.9
IRQ,1818,427.9
IRQ,1819,427.9
IRQ,1820,427.9
IRQ,1821,427.9
IRQ,1822,427.9
IRQ,1823,427.9
IRQ,1824,427.9
IRQ,1825,427.9
IRQ,1826,427.9
IRQ,1827,427.9
IRQ,1828,427.9
IRQ,1829,427.9
IRQ,1830,427.9
IRQ,1831,427.9
IRQ,1832,427.9
IRQ,1833,427.9
IRQ,1834,427.9
IRQ,1835,427.9
IRQ,1836,427.9
IRQ,1837,427.9
IRQ,1838,427.9
IRQ,1839,427.9
IRQ,1840,427.9
IRQ,1841,427.9
IRQ,1842,427.9
IRQ,1843,427.9
IRQ,1844,427.9
IRQ,1845,427.9
IRQ,1846,427.9
IRQ,1847,427.9
IRQ,1848,427.9
IRQ,1849,427.9
IRQ,1850,427.9
IRQ,1851,427.9
IRQ,1852,427.9
IRQ,1853,427.9
IRQ,1854,427.9
IRQ,1855,427.9
IRQ,1856,427.9
IRQ,1857,427.9
IRQ,1858,427.9
IRQ,1859,427.9
IRQ,1860,427.9
IRQ,1861,427.9
IRQ,1862,427.9
IRQ,1863,427.9
IRQ,1864,427.9
IRQ,1865,427.9
IRQ,1866,427.9
IRQ,1867,427.9
IRQ,1868,427.9
IRQ,1869,427.9
IRQ,1870,427.9
IRQ,1871,427.9
IRQ,1872,427.9
IRQ,1873,427.9
IRQ,1874,427.9
IRQ,1875,427.9
IRQ,1876,427.9
IRQ,1877,427.9
IRQ,1878,427.9
IRQ,1879,427.9
IRQ,1880,427.9
IRQ,1881,427.9
IRQ,1882,427.9
IRQ,1883,427.9
IRQ,1884,427.9
IRQ,1885,427.9
IRQ,1886,427.9
IRQ,1887,427.9
IRQ,1888,427.9
IRQ,1889,427.9
IRQ,1890,427.9
IRQ,1891,427.9
IRQ,1892,427.9
IRQ,1893,427.9
IRQ,1894,427.8
IRQ,1895,427.8
IRQ,1896,427.7
IRQ,1897,427.6
IRQ,1898,427.5
IRQ,1899,427.2
IRQ,1900,426.9
IRQ,1901,426.6
IRQ,1902,426.1
IRQ,1903,425.6
IRQ,1904,425.1
IRQ,1905,424.4
IRQ,1906,423.7
IRQ,1907,422.9
IRQ,1908,422.1
IRQ,1909,421.2
IRQ,1910,420.3
IRQ,1911,419.3
IRQ,1912,418.3
IRQ,1913,417.3
IRQ,1914,416.3
IRQ,1915,415.3
IRQ,1916,414.2
IRQ,1917,413.2
IRQ,1918,412.2
IRQ,1919,411.2
IRQ,1920,410.2
IRQ,1921,409.2
IRQ,1922,408.2
IRQ,1923,407.2
IRQ,1924,406.1
IRQ,1925,405.1
IRQ,1926,404.1
IRQ,1927,403.1
IRQ,1928,402.1
IRQ,1929,401.1
IRQ,1930,400.1
IRQ,1931,399.1
IRQ,1932,398.1
IRQ,1933,397
IRQ,1934,396
IRQ,1935,395
IRQ,1936,394
IRQ,1937,393
IRQ,1938,392
IRQ,1939,391
IRQ,1940,390
IRQ,1941,387.3
IRQ,1942,577.9
IRQ,1943,545.3
IRQ,1944,515.2
IRQ,1945,486.5
IRQ,1946,459.8
IRQ,1947,434.4
IRQ,1948,410.2
IRQ,1949,386.8
IRQ,1950,364.3
IRQ,1951,343.1
IRQ,1952,322.4
IRQ,1953,303.1
IRQ,1954,284.5
IRQ,1955,267
IRQ,1956,250.6
IRQ,1957,235.3
IRQ,1958,221.1
IRQ,1959,207.9
IRQ,1960,195.7
IRQ,1961,184.5
IRQ,1962,174.2
IRQ,1963,164.6
IRQ,1964,155.8
IRQ,1965,147.7
IRQ,1966,140.1
IRQ,1967,133.2
IRQ,1968,126.7
IRQ,1969,120.6
IRQ,1970,115
IRQ,1971,109.7
IRQ,1972,104.7
IRQ,1973,99.8
IRQ,1974,95.2
IRQ,1975,90.8
IRQ,1976,86.8
IRQ,1977,83
IRQ,1978,79.5
IRQ,1979,76.3
IRQ,1980,73.3
IRQ,1981,70.6
IRQ,1982,68
IRQ,1983,65.7
IRQ,1984,63.6
IRQ,1985,61.6
IRQ,1986,59.7
IRQ,1987,58.1
IRQ,1988,56.6
IRQ,1989,55.3
IRQ,1990,54.1
IRQ,1991,53
IRQ,1992,51.9
IRQ,1993,51
IRQ,1994,50
IRQ,1995,49.1
IRQ,1996,48.2
IRQ,1997,47.4
IRQ,1998,46.5
IRQ,1999,45.6
IRQ,2000,44.7
IRQ,2001,43.8
IRQ,2002,43
IRQ,2003,42.3
IRQ,2004,41.5
IRQ,2005,40.7
IRQ,2006,39.9
IRQ,2007,39.1
IRQ,2008,38.3
IRQ,2009,37.5
IRQ,2010,36.6
IRQ,2011,35.7
IRQ,2012,34.8
IRQ,2013,33.9
IRQ,2014,32.9
IRQ,2015,32
IRL,1800,348.2
IRL,1801,348.2
IRL,1802,348.2
IRL,1803,348.2
IRL,1804,348.2
IRL,1805,348.2
IRL,1806,348.2
IRL,1807,348.2
IRL,1808,348.2
IRL,1809,348.2
IRL,1810,348.2
IRL,1811,348.2
IRL,1812,348.2
IRL,1813,348.2
IRL,1814,348.2
IRL,1815,348.2
IRL,1816,348.2
IRL,1817,348.2
IRL,1818,348.2
IRL,1819,348.2
IRL,1820,348.2
IRL,1821,348.2
IRL,1822,348.2
IRL,1823,348.2
IRL,1824,348.2
IRL,1825,348.2
IRL,1826,348.2
IRL,1827,348.2
IRL,1828,348.2
IRL,1829,348.2
IRL,1830,348.2
IRL,1831,348.2
IRL,1832,348.2
IRL,1833,348.2
IRL,1834,348.2
IRL,1835,348.2
IRL,1836,348.2
IRL,1837,348.2
IRL,1838,348.2
IRL,1839,348.2
IRL,1840,348.2
IRL,1841,348.2
IRL,1842,348.2
IRL,1843,348.2
IRL,1844,348.2
IRL,1845,348.2
IRL,1846,515.4
IRL,1847,443.8
IRL,1848,587.1
IRL,1849,597.6
IRL,1850,380
IRL,1851,348.2
IRL,1852,348.2
IRL,1853,348.2
IRL,1854,348.2
IRL,1855,319.1
IRL,1856,292.5
IRL,1857,268.1
IRL,1858,245.7
IRL,1859,225.2
IRL,1860,206.4
IRL,1861,189.1
IRL,1862,173.3
IRL,1863,158.9
IRL,1864,145.6
IRL,1865,145.6
IRL,1866,138.4
IRL,1867,143.8
IRL,1868,140.2
IRL,1869,136.6
IRL,1870,140.2
IRL,1871,133
IRL,1872,143.8
IRL,1873,142
IRL,1874,138.4
IRL,1875,140.2
IRL,1876,138.4
IRL,1877,134.8
IRL,1878,143.8
IRL,1879,151.1
IRL,1880,171.6
IRL,1881,133
IRL,1882,140.2
IRL,1883,145.6
IRL,1884,134.8
IRL,1885,140.2
IRL,1886,138.4
IRL,1887,140.2
IRL,1888,143.8
IRL,1889,138.4
IRL,1890,140.2
IRL,1891,140.2
IRL,1892,158.5
IRL,1893,152.9
IRL,1894,152.9
IRL,1895,156.7
IRL,1896,140.2
IRL,1897,165.9
IRL,1898,167.8
IRL,1899,164.1
IRL,1900,165.9
IRL,1901,151.1
IRL,1902,149.3
IRL,1903,142
IRL,1904,149.3
IRL,1905,140.2
IRL,1906,136.6
IRL,1907,134.8
IRL,1908,143.8
IRL,1909,134.8
IRL,1910,140.2
IRL,1911,138.3
IRL,1912,124.1
IRL,1913,143.8
IRL,1914,125.9
IRL,1915,134.7
IRL,1916,118.9
IRL,1917,127.6
IRL,1918,124.1
IRL,1919,127.6
IRL,1920,118.8
IRL,1921,106.4
IRL,1922,95.19
IRL,1923,90.34
IRL,1924,100.1
IRL,1925,93.53
IRL,1926,103.5
IRL,1927,98.44
IRL,1928,93.52
IRL,1929,96.79
IRL,1930,93.51
IRL,1931,95.15
IRL,1932,100.1
IRL,1933,88.7
IRL,1934,85.64
IRL,1935,93.49
IRL,1936,103.4
IRL,1937,101.7
IRL,1938,91.87
IRL,1939,90.28
IRL,1940,90.28
IRL,1941,103.4
IRL,1942,95.1
IRL,1943,118.7
IRL,1944,111.8
IRL,1945,98.36
IRL,1946,88.64
IRL,1947,93.44
IRL,1948,59.2
IRL,1949,56.5
IRL,1950,54.2
IRL,1951,51.9
IRL,1952,49.5
IRL,1953,47.1
IRL,1954,44.9
IRL,1955,43
IRL,1956,41.3
IRL,1957,39.7
IRL,1958,38.2
IRL,1959,36.8
IRL,1960,35.3
IRL,1961,33.9
IRL,1962,32.5
IRL,1963,31.3
IRL,1964,30.1
IRL,1965,28.6
IRL,1966,27
IRL,1967,25.5
IRL,1968,24.1
IRL,1969,23
IRL,1970,22.2
IRL,1971,21.7
IRL,1972,21.4
IRL,1973,21.1
IRL,1974,20.6
IRL,1975,20
IRL,1976,19.1
IRL,1977,18
IRL,1978,16.8
IRL,1979,15.5
IRL,1980,14.3
IRL,1981,13.3
IRL,1982,12.4
IRL,1983,11.7
IRL,1984,11.1
IRL,1985,10.7
IRL,1986,10.4
IRL,1987,10.1
IRL,1988,9.9
IRL,1989,9.6
IRL,1990,9.2
IRL,1991,8.6
IRL,1992,8.1
IRL,1993,7.7
IRL,1994,7.4
IRL,1995,7.3
IRL,1996,7.3
IRL,1997,7.3
IRL,1998,7.3
IRL,1999,7.3
IRL,2000,7.1
IRL,2001,6.9
IRL,2002,6.5
IRL,2003,6.1
IRL,2004,5.6
IRL,2005,5.2
IRL,2006,4.9
IRL,2007,4.6
IRL,2008,4.5
IRL,2009,4.3
IRL,2010,4.2
IRL,2011,4.1
IRL,2012,4
IRL,2013,3.8
IRL,2014,3.7
IRL,2015,3.6
ISR,1800,448
ISR,1801,448
ISR,1802,448
ISR,1803,448
ISR,1804,448
ISR,1805,447.9
ISR,1806,447.9
ISR,1807,447.9
ISR,1808,447.9
ISR,1809,447.9
ISR,1810,447.9
ISR,1811,447.9
ISR,1812,447.9
ISR,1813,447.9
ISR,1814,447.9
ISR,1815,447.9
ISR,1816,447.8
ISR,1817,447.8
ISR,1818,447.8
ISR,1819,447.8
ISR,1820,447.8
ISR,1821,447.8
ISR,1822,447.8
ISR,1823,447.8
ISR,1824,447.8
ISR,1825,447.8
ISR,1826,447.8
ISR,1827,447.7
ISR,1828,447.7
ISR,1829,447.7
ISR,1830,447.7
ISR,1831,447.7
ISR,1832,447.7
ISR,1833,447.7
ISR,1834,447.7
ISR,1835,447.7
ISR,1836,447.6
ISR,1837,447.6
ISR,1838,447.6
ISR,1839,447.6
ISR,1840,447.6
ISR,1841,447.6
ISR,1842,447.6
ISR,1843,447.6
ISR,1844,447.6
ISR,1845,447.6
ISR,1846,447.6
ISR,1847,447.5
ISR,1848,447.5
ISR,1849,447.5
ISR,1850,447.5
ISR,1851,447.5
ISR,1852,447.5
ISR,1853,447.5
ISR,1854,447.5
ISR,1855,447.5
ISR,1856,447.5
ISR,1857,447.4
ISR,1858,447.4
ISR,1859,447.4
ISR,1860,447.4
ISR,1861,447.4
ISR,1862,447.4
ISR,1863,447.4
ISR,1864,447.4
ISR,1865,447.4
ISR,1866,447.4
ISR,1867,447.4
ISR,1868,447.3
ISR,1869,447.3
ISR,1870,447.3
ISR,1871,447.3
ISR,1872,447.3
ISR,1873,447.3
ISR,1874,447.3
ISR,1875,447.3
ISR,1876,447.3
ISR,1877,447.2
ISR,1878,447.2
ISR,1879,447.2
ISR,1880,447.2
ISR,1881,447.2
ISR,1882,447.2
ISR,1883,447.2
ISR,1884,447.2
ISR,1885,447.2
ISR,1886,447.2
ISR,1887,447.2
ISR,1888,447.1
ISR,1889,447.1
ISR,1890,447.1
ISR,1891,447.1
ISR,1892,447.1
ISR,1893,447.1
ISR,1894,447.1
ISR,1895,447.1
ISR,1896,447.1
ISR,1897,447.1
ISR,1898,447.1
ISR,1899,447
ISR,1900,447
ISR,1901,433.9
ISR,1902,421.1
ISR,1903,408.7
ISR,1904,396.6
ISR,1905,384.9
ISR,1906,373.6
ISR,1907,362.6
ISR,1908,351.9
ISR,1909,341.5
ISR,1910,331.4
ISR,1911,321.7
ISR,1912,312.2
ISR,1913,303
ISR,1914,294.1
ISR,1915,285.4
ISR,1916,277
ISR,1917,268.8
ISR,1918,260.9
ISR,1919,253.2
ISR,1920,245.7
ISR,1921,238.5
ISR,1922,231.5
ISR,1923,197.8
ISR,1924,160.4
ISR,1925,209.1
ISR,1926,164.1
ISR,1927,177.2
ISR,1928,142
ISR,1929,131.2
ISR,1930,95.24
ISR,1931,117.2
ISR,1932,124.1
ISR,1933,115.4
ISR,1934,110.3
ISR,1935,87.2
ISR,1936,95.26
ISR,1937,76.59
ISR,1938,79.71
ISR,1939,71.93
ISR,1940,79.72
ISR,1941,75.06
ISR,1942,78.17
ISR,1943,56.91
ISR,1944,45.53
ISR,1945,45.53
ISR,1946,40.1
ISR,1947,37.36
ISR,1948,45.54
ISR,1949,68.92
ISR,1950,61.37
ISR,1951,52.61
ISR,1952,55.51
ISR,1953,51.17
ISR,1954,49.76
ISR,1955,46.95
ISR,1956,51.19
ISR,1957,49.77
ISR,1958,44.2
ISR,1959,40.15
ISR,1960,40.15
ISR,1961,38.92
ISR,1962,37.73
ISR,1963,36.58
ISR,1964,35.46
ISR,1965,34.37
ISR,1966,33.32
ISR,1967,32.3
ISR,1968,31.32
ISR,1969,30.36
ISR,1970,29.43
ISR,1971,29.32
ISR,1972,29.21
ISR,1973,29.1
ISR,1974,29.2
ISR,1975,26.2
ISR,1976,23.8
ISR,1977,21.8
ISR,1978,20.2
ISR,1979,19
ISR,1980,18
ISR,1981,17.3
ISR,1982,16.6
ISR,1983,16
ISR,1984,15.2
ISR,1985,14.4
ISR,1986,13.7
ISR,1987,13.1
ISR,1988,12.5
ISR,1989,12.1
ISR,1990,11.6
ISR,1991,11.1
ISR,1992,10.5
ISR,1993,9.9
ISR,1994,9.2
ISR,1995,8.7
ISR,1996,8.2
ISR,1997,7.8
ISR,1998,7.5
ISR,1999,7.2
ISR,2000,6.9
ISR,2001,6.6
ISR,2002,6.4
ISR,2003,6.1
ISR,2004,5.8
ISR,2005,5.6
ISR,2006,5.3
ISR,2007,5.1
ISR,2008,4.9
ISR,2009,4.7
ISR,2010,4.6
ISR,2011,4.4
ISR,2012,4.3
ISR,2013,4.2
ISR,2014,4.1
ISR,2015,4
ITA,1800,457.4
ITA,1801,457.4
ITA,1802,457.4
ITA,1803,457.4
ITA,1804,457.4
ITA,1805,456.1
ITA,1806,456.1
ITA,1807,456.1
ITA,1808,456.1
ITA,1809,456.1
ITA,1810,456.1
ITA,1811,456.1
ITA,1812,456.1
ITA,1813,456.1
ITA,1814,456.1
ITA,1815,454.7
ITA,1816,454.7
ITA,1817,454.7
ITA,1818,454.7
ITA,1819,454.7
ITA,1820,454.7
ITA,1821,454.7
ITA,1822,454.7
ITA,1823,454.7
ITA,1824,454.7
ITA,1825,454.7
ITA,1826,453.3
ITA,1827,453.3
ITA,1828,453.3
ITA,1829,453.3
ITA,1830,453.3
ITA,1831,453.3
ITA,1832,453.3
ITA,1833,453.3
ITA,1834,453.3
ITA,1835,453.3
ITA,1836,452
ITA,1837,452
ITA,1838,452
ITA,1839,452
ITA,1840,452
ITA,1841,452
ITA,1842,452
ITA,1843,452
ITA,1844,452
ITA,1845,452
ITA,1846,452
ITA,1847,450.6
ITA,1848,450.6
ITA,1849,450.6
ITA,1850,450.6
ITA,1851,450.6
ITA,1852,450.6
ITA,1853,450.6
ITA,1854,450.6
ITA,1855,450.6
ITA,1856,450.6
ITA,1857,450.6
ITA,1858,449.2
ITA,1859,449.2
ITA,1860,449.2
ITA,1861,449.2
ITA,1862,449.2
ITA,1863,448.8
ITA,1864,448.4
ITA,1865,448
ITA,1866,447.6
ITA,1867,447.1
ITA,1868,446.7
ITA,1869,446.3
ITA,1870,445.9
ITA,1871,445.4
ITA,1872,445
ITA,1873,409.9
ITA,1874,405.4
ITA,1875,404.2
ITA,1876,377.6
ITA,1877,366.6
ITA,1878,370.9
ITA,1879,373.2
ITA,1880,386.5
ITA,1881,385.8
ITA,1882,391.1
ITA,1883,374.9
ITA,1884,351.3
ITA,1885,356.5
ITA,1886,365.4
ITA,1887,358.6
ITA,1888,348.4
ITA,1889,329.1
ITA,1890,332.9
ITA,1891,336.4
ITA,1892,323.9
ITA,1893,316.5
ITA,1894,316.2
ITA,1895,322.3
ITA,1896,308.5
ITA,1897,282.4
ITA,1898,290.6
ITA,1899,272.9
ITA,1900,296.6
ITA,1901,277
ITA,1902,292
ITA,1903,280
ITA,1904,268.4
ITA,1905,273
ITA,1906,266
ITA,1907,254.7
ITA,1908,275.9
ITA,1909,261.5
ITA,1910,243.4
ITA,1911,260.1
ITA,1912,221.5
ITA,1913,228.9
ITA,1914,209.5
ITA,1915,245.7
ITA,1916,255.2
ITA,1917,233.5
ITA,1918,355
ITA,1919,242.9
ITA,1920,243.5
ITA,1921,219.9
ITA,1922,205.5
ITA,1923,198.2
ITA,1924,190
ITA,1925,192.1
ITA,1926,200.9
ITA,1927,185.7
ITA,1928,185.2
ITA,1929,185.9
ITA,1930,165.9
ITA,1931,164.8
ITA,1932,163.4
ITA,1933,149.9
ITA,1934,148.3
ITA,1935,150.6
ITA,1936,145.3
ITA,1937,161.6
ITA,1938,157.2
ITA,1939,140.4
ITA,1940,142.1
ITA,1941,153.1
ITA,1942,153.8
ITA,1943,157.2
ITA,1944,137.1
ITA,1945,141.5
ITA,1946,138.1
ITA,1947,112.4
ITA,1948,94.75
ITA,1949,93.54
ITA,1950,89.1
ITA,1951,81.8
ITA,1952,75.4
ITA,1953,69.8
ITA,1954,65.2
ITA,1955,61.7
ITA,1956,59.3
ITA,1957,57.5
ITA,1958,55.8
ITA,1959,53.9
ITA,1960,52
ITA,1961,49.9
ITA,1962,47.7
ITA,1963,45.4
ITA,1964,43.1
ITA,1965,41
ITA,1966,39.3
ITA,1967,37.8
ITA,1968,36.4
ITA,1969,35.1
ITA,1970,33.6
ITA,1971,31.9
ITA,1972,29.9
ITA,1973,27.6
ITA,1974,25.3
ITA,1975,23.1
ITA,1976,21.1
ITA,1977,19.5
ITA,1978,18.1
ITA,1979,17
ITA,1980,16.1
ITA,1981,15.2
ITA,1982,14.3
ITA,1983,13.5
ITA,1984,12.7
ITA,1985,12
ITA,1986,11.3
ITA,1987,10.8
ITA,1988,10.4
ITA,1989,10
ITA,1990,9.6
ITA,1991,9.3
ITA,1992,8.9
ITA,1993,8.5
ITA,1994,8
ITA,1995,7.5
ITA,1996,7
ITA,1997,6.6
ITA,1998,6.2
ITA,1999,5.9
ITA,2000,5.5
ITA,2001,5.2
ITA,2002,5
ITA,2003,4.7
ITA,2004,4.5
ITA,2005,4.4
ITA,2006,4.3
ITA,2007,4.2
ITA,2008,4.1
ITA,2009,4.1
ITA,2010,4
ITA,2011,3.9
ITA,2012,3.7
ITA,2013,3.6
ITA,2014,3.5
ITA,2015,3.4
JAM,1800,389.8
JAM,1801,389.8
JAM,1802,389.8
JAM,1803,389.8
JAM,1804,389.8
JAM,1805,389.8
JAM,1806,389.8
JAM,1807,389.8
JAM,1808,389.8
JAM,1809,389.8
JAM,1810,389.8
JAM,1811,389.8
JAM,1812,389.8
JAM,1813,389.8
JAM,1814,389.8
JAM,1815,389.8
JAM,1816,389.8
JAM,1817,389.8
JAM,1818,389.8
JAM,1819,389.8
JAM,1820,389.8
JAM,1821,389.8
JAM,1822,389.8
JAM,1823,389.8
JAM,1824,389.8
JAM,1825,389.8
JAM,1826,389.8
JAM,1827,389.8
JAM,1828,389.8
JAM,1829,389.8
JAM,1830,389.8
JAM,1831,389.8
JAM,1832,389.8
JAM,1833,389.8
JAM,1834,389.8
JAM,1835,389.8
JAM,1836,389.8
JAM,1837,389.8
JAM,1838,389.8
JAM,1839,389.8
JAM,1840,389.8
JAM,1841,389.8
JAM,1842,389.8
JAM,1843,389.8
JAM,1844,389.8
JAM,1845,389.8
JAM,1846,389.8
JAM,1847,389.8
JAM,1848,389.8
JAM,1849,389.8
JAM,1850,389.8
JAM,1851,389.8
JAM,1852,389.8
JAM,1853,389.8
JAM,1854,389.8
JAM,1855,389.8
JAM,1856,389.8
JAM,1857,389.8
JAM,1858,389.8
JAM,1859,389.8
JAM,1860,389.8
JAM,1861,389.8
JAM,1862,389.8
JAM,1863,389.8
JAM,1864,389.8
JAM,1865,389.8
JAM,1866,389.8
JAM,1867,389.8
JAM,1868,389.8
JAM,1869,389.8
JAM,1870,375.1
JAM,1871,360.9
JAM,1872,347.2
JAM,1873,334.1
JAM,1874,321.5
JAM,1875,309.4
JAM,1876,297.7
JAM,1877,286.4
JAM,1878,275.6
JAM,1879,265.2
JAM,1880,320.4
JAM,1881,281.1
JAM,1882,225.9
JAM,1883,247.9
JAM,1884,270.1
JAM,1885,258.5
JAM,1886,249.7
JAM,1887,276.2
JAM,1888,263.5
JAM,1889,284.4
JAM,1890,305.7
JAM,1891,284.4
JAM,1892,266.8
JAM,1893,274.7
JAM,1894,273.2
JAM,1895,289.3
JAM,1896,286
JAM,1897,287.7
JAM,1898,284.4
JAM,1899,276.2
JAM,1900,282.7
JAM,1901,265.2
JAM,1902,263.5
JAM,1903,304.1
JAM,1904,313.9
JAM,1905,268.4
JAM,1906,322
JAM,1907,364.1
JAM,1908,279.4
JAM,1909,284.4
JAM,1910,289.3
JAM,1911,305.7
JAM,1912,315.5
JAM,1913,279.2
JAM,1914,271.2
JAM,1915,285.4
JAM,1916,285.2
JAM,1917,299.8
JAM,1918,284.9
JAM,1919,262.3
JAM,1920,279.6
JAM,1921,318.4
JAM,1922,285.7
JAM,1923,275.7
JAM,1924,259.8
JAM,1925,278.6
JAM,1926,270.6
JAM,1927,278.2
JAM,1928,252.2
JAM,1929,257.2
JAM,1930,223.2
JAM,1931,246.5
JAM,1932,222.9
JAM,1933,239.1
JAM,1934,206
JAM,1935,216.9
JAM,1936,203.9
JAM,1937,179.7
JAM,1938,199.9
JAM,1939,185
JAM,1940,168.3
JAM,1941,153.6
JAM,1942,142.7
JAM,1943,133.7
JAM,1944,144.3
JAM,1945,149.6
JAM,1946,141.8
JAM,1947,136.3
JAM,1948,131.1
JAM,1949,126.8
JAM,1950,136.9
JAM,1951,129.7
JAM,1952,123
JAM,1953,117.4
JAM,1954,112.1
JAM,1955,106.8
JAM,1956,101.8
JAM,1957,97.1
JAM,1958,92.6
JAM,1959,88.3
JAM,1960,84.4
JAM,1961,80.8
JAM,1962,77.5
JAM,1963,74.5
JAM,1964,71.8
JAM,1965,69.2
JAM,1966,66.8
JAM,1967,64.5
JAM,1968,62.3
JAM,1969,60
JAM,1970,57.8
JAM,1971,55.5
JAM,1972,53.3
JAM,1973,51.2
JAM,1974,49.3
JAM,1975,47.6
JAM,1976,46
JAM,1977,44.5
JAM,1978,43.1
JAM,1979,41.9
JAM,1980,40.7
JAM,1981,39.5
JAM,1982,38.4
JAM,1983,37.3
JAM,1984,36.3
JAM,1985,35.3
JAM,1986,34.3
JAM,1987,33.3
JAM,1988,32.4
JAM,1989,31.5
JAM,1990,30.6
JAM,1991,29.6
JAM,1992,28.7
JAM,1993,27.8
JAM,1994,26.9
JAM,1995,26
JAM,1996,25.1
JAM,1997,24.3
JAM,1998,23.4
JAM,1999,22.7
JAM,2000,22
JAM,2001,21.4
JAM,2002,20.9
JAM,2003,20.4
JAM,2004,20
JAM,2005,19.7
JAM,2006,19.5
JAM,2007,19.2
JAM,2008,18.9
JAM,2009,18.5
JAM,2010,18.1
JAM,2011,17.6
JAM,2012,17.2
JAM,2013,16.7
JAM,2014,16.2
JAM,2015,15.7
JPN,1800,363.3
JPN,1801,363.3
JPN,1802,363.3
JPN,1803,363.3
JPN,1804,363.3
JPN,1805,363.3
JPN,1806,363.3
JPN,1807,363.3
JPN,1808,363.3
JPN,1809,363.3
JPN,1810,363.3
JPN,1811,363.3
JPN,1812,363.3
JPN,1813,363.3
JPN,1814,363.3
JPN,1815,363.3
JPN,1816,363.3
JPN,1817,363.3
JPN,1818,363.3
JPN,1819,363.3
JPN,1820,363.3
JPN,1821,363.3
JPN,1822,363.3
JPN,1823,363.3
JPN,1824,363.3
JPN,1825,363.3
JPN,1826,363.3
JPN,1827,363.3
JPN,1828,363.3
JPN,1829,363.3
JPN,1830,363.3
JPN,1831,363.3
JPN,1832,363.3
JPN,1833,363.3
JPN,1834,363.3
JPN,1835,363.3
JPN,1836,363.3
JPN,1837,363.3
JPN,1838,363.3
JPN,1839,363.3
JPN,1840,363.3
JPN,1841,363.3
JPN,1842,363.3
JPN,1843,363.3
JPN,1844,363.3
JPN,1845,363.3
JPN,1846,363.3
JPN,1847,363.3
JPN,1848,363.3
JPN,1849,363.3
JPN,1850,363.3
JPN,1851,363.3
JPN,1852,363.3
JPN,1853,363.3
JPN,1854,363.3
JPN,1855,363.3
JPN,1856,363.3
JPN,1857,363.3
JPN,1858,363.3
JPN,1859,363.3
JPN,1860,363.3
JPN,1861,363.3
JPN,1862,363.3
JPN,1863,363.3
JPN,1864,363.3
JPN,1865,363.3
JPN,1866,362.1
JPN,1867,362.1
JPN,1868,362.1
JPN,1869,361
JPN,1870,361
JPN,1871,361
JPN,1872,359.8
JPN,1873,359.8
JPN,1874,358.6
JPN,1875,358.6
JPN,1876,358.6
JPN,1877,357.4
JPN,1878,357.4
JPN,1879,356.3
JPN,1880,356.3
JPN,1881,355.1
JPN,1882,354
JPN,1883,354
JPN,1884,352.8
JPN,1885,352.8
JPN,1886,351.7
JPN,1887,350.5
JPN,1888,350.5
JPN,1889,349.4
JPN,1890,348.2
JPN,1891,347.1
JPN,1892,347.1
JPN,1893,345.9
JPN,1894,344.8
JPN,1895,343.6
JPN,1896,342.4
JPN,1897,341.2
JPN,1898,339.9
JPN,1899,338.6
JPN,1900,337.3
JPN,1901,335.8
JPN,1902,334.4
JPN,1903,331.7
JPN,1904,330.2
JPN,1905,328.6
JPN,1906,325.9
JPN,1907,324.2
JPN,1908,321.4
JPN,1909,319.6
JPN,1910,316.8
JPN,1911,311.8
JPN,1912,306.9
JPN,1913,302.1
JPN,1914,297.4
JPN,1915,292.8
JPN,1916,288.2
JPN,1917,283.7
JPN,1918,279.3
JPN,1919,274.9
JPN,1920,270.6
JPN,1921,286.7
JPN,1922,270.7
JPN,1923,265.9
JPN,1924,253.9
JPN,1925,228.4
JPN,1926,219.2
JPN,1927,228.5
JPN,1928,221.1
JPN,1929,228.6
JPN,1930,196.7
JPN,1931,210
JPN,1932,183.6
JPN,1933,191.2
JPN,1934,196.9
JPN,1935,163
JPN,1936,181.8
JPN,1937,161.2
JPN,1938,178.1
JPN,1939,163.1
JPN,1940,131.9
JPN,1941,121.4
JPN,1942,124.9
JPN,1943,126.7
JPN,1944,131.9
JPN,1945,137.2
JPN,1946,142.8
JPN,1947,148.7
JPN,1948,99.93
JPN,1949,101.2
JPN,1950,91.4
JPN,1951,82.6
JPN,1952,74.9
JPN,1953,68.3
JPN,1954,62.7
JPN,1955,58.1
JPN,1956,54
JPN,1957,50.3
JPN,1958,46.8
JPN,1959,43.3
JPN,1960,39.7
JPN,1961,36.2
JPN,1962,32.9
JPN,1963,29.8
JPN,1964,27
JPN,1965,24.6
JPN,1966,22.6
JPN,1967,21
JPN,1968,19.6
JPN,1969,18.5
JPN,1970,17.5
JPN,1971,16.5
JPN,1972,15.7
JPN,1973,14.9
JPN,1974,14.1
JPN,1975,13.3
JPN,1976,12.5
JPN,1977,11.8
JPN,1978,11.1
JPN,1979,10.5
JPN,1980,9.9
JPN,1981,9.3
JPN,1982,8.8
JPN,1983,8.3
JPN,1984,7.9
JPN,1985,7.5
JPN,1986,7.1
JPN,1987,6.8
JPN,1988,6.6
JPN,1989,6.4
JPN,1990,6.3
JPN,1991,6.2
JPN,1992,6.1
JPN,1993,6
JPN,1994,5.9
JPN,1995,5.7
JPN,1996,5.5
JPN,1997,5.2
JPN,1998,5
JPN,1999,4.7
JPN,2000,4.5
JPN,2001,4.3
JPN,2002,4.1
JPN,2003,4
JPN,2004,3.9
JPN,2005,3.7
JPN,2006,3.6
JPN,2007,3.5
JPN,2008,3.4
JPN,2009,3.3
JPN,2010,3.2
JPN,2011,3.4
JPN,2012,3
JPN,2013,2.9
JPN,2014,2.8
JPN,2015,2.7
JOR,1800,421.3
JOR,1801,421.3
JOR,1802,421.3
JOR,1803,421.3
JOR,1804,421.3
JOR,1805,421.3
JOR,1806,421.3
JOR,1807,421.3
JOR,1808,421.3
JOR,1809,421.3
JOR,1810,421.3
JOR,1811,421.3
JOR,1812,421.3
JOR,1813,421.3
JOR,1814,421.3
JOR,1815,421.3
JOR,1816,421.3
JOR,1817,421.3
JOR,1818,421.3
JOR,1819,421.3
JOR,1820,421.3
JOR,1821,421.3
JOR,1822,421.3
JOR,1823,421.3
JOR,1824,421.3
JOR,1825,421.3
JOR,1826,421.3
JOR,1827,421.3
JOR,1828,421.3
JOR,1829,421.3
JOR,1830,421.3
JOR,1831,421.3
JOR,1832,421.3
JOR,1833,421.3
JOR,1834,421.3
JOR,1835,421.3
JOR,1836,421.3
JOR,1837,421.3
JOR,1838,421.3
JOR,1839,421.3
JOR,1840,421.3
JOR,1841,421.3
JOR,1842,421.3
JOR,1843,421.3
JOR,1844,421.3
JOR,1845,421.3
JOR,1846,421.3
JOR,1847,421.3
JOR,1848,421.3
JOR,1849,421.3
JOR,1850,421.3
JOR,1851,421.3
JOR,1852,421.3
JOR,1853,421.3
JOR,1854,421.3
JOR,1855,421.3
JOR,1856,421.3
JOR,1857,421.3
JOR,1858,421.3
JOR,1859,421.3
JOR,1860,421.3
JOR,1861,421.3
JOR,1862,421.3
JOR,1863,421.3
JOR,1864,421.3
JOR,1865,421.3
JOR,1866,421.3
JOR,1867,421.3
JOR,1868,421.3
JOR,1869,421.3
JOR,1870,421.3
JOR,1871,421.3
JOR,1872,421.3
JOR,1873,421.3
JOR,1874,421.3
JOR,1875,421.3
JOR,1876,421.3
JOR,1877,421.3
JOR,1878,421.3
JOR,1879,421.3
JOR,1880,421.3
JOR,1881,421.3
JOR,1882,421.3
JOR,1883,421.3
JOR,1884,421.3
JOR,1885,421.3
JOR,1886,421.3
JOR,1887,421.3
JOR,1888,421.3
JOR,1889,421.3
JOR,1890,421.3
JOR,1891,421.3
JOR,1892,421.3
JOR,1893,421.3
JOR,1894,421.3
JOR,1895,421.3
JOR,1896,421.2
JOR,1897,421.1
JOR,1898,421
JOR,1899,420.7
JOR,1900,420.4
JOR,1901,420.1
JOR,1902,419.6
JOR,1903,419.1
JOR,1904,418.6
JOR,1905,418
JOR,1906,417.3
JOR,1907,416.5
JOR,1908,415.7
JOR,1909,414.8
JOR,1910,413.9
JOR,1911,412.9
JOR,1912,411.8
JOR,1913,410.8
JOR,1914,409.8
JOR,1915,408.7
JOR,1916,407.7
JOR,1917,406.6
JOR,1918,405.6
JOR,1919,404.5
JOR,1920,403.5
JOR,1921,402.4
JOR,1922,401.4
JOR,1923,400.4
JOR,1924,399.3
JOR,1925,398.3
JOR,1926,397.2
JOR,1927,396.2
JOR,1928,395.2
JOR,1929,394.1
JOR,1930,393.1
JOR,1931,392
JOR,1932,391
JOR,1933,390
JOR,1934,388.9
JOR,1935,387.9
JOR,1936,376.2
JOR,1937,366
JOR,1938,354.8
JOR,1939,343.9
JOR,1940,333.2
JOR,1941,326.9
JOR,1942,320.7
JOR,1943,314.6
JOR,1944,308.6
JOR,1945,357.4
JOR,1946,338.9
JOR,1947,321.7
JOR,1948,305.5
JOR,1949,289.8
JOR,1950,275.1
JOR,1951,260.9
JOR,1952,247.3
JOR,1953,234.3
JOR,1954,221.7
JOR,1955,209.7
JOR,1956,198
JOR,1957,186.6
JOR,1958,176
JOR,1959,165.9
JOR,1960,156.4
JOR,1961,147.3
JOR,1962,138.8
JOR,1963,131
JOR,1964,123.8
JOR,1965,117.1
JOR,1966,110.9
JOR,1967,105.1
JOR,1968,99.7
JOR,1969,94.7
JOR,1970,90.1
JOR,1971,85.7
JOR,1972,81.6
JOR,1973,77.7
JOR,1974,74.1
JOR,1975,70.6
JOR,1976,67.3
JOR,1977,64.2
JOR,1978,61.3
JOR,1979,58.5
JOR,1980,55.9
JOR,1981,53.4
JOR,1982,51
JOR,1983,48.7
JOR,1984,46.6
JOR,1985,44.6
JOR,1986,42.7
JOR,1987,40.9
JOR,1988,39.3
JOR,1989,37.9
JOR,1990,36.6
JOR,1991,35.4
JOR,1992,34.3
JOR,1993,33.3
JOR,1994,32.4
JOR,1995,31.5
JOR,1996,30.7
JOR,1997,29.9
JOR,1998,29.1
JOR,1999,28.4
JOR,2000,27.7
JOR,2001,26.9
JOR,2002,26.2
JOR,2003,25.5
JOR,2004,24.8
JOR,2005,24.1
JOR,2006,23.4
JOR,2007,22.7
JOR,2008,22.1
JOR,2009,21.5
JOR,2010,20.8
JOR,2011,20.2
JOR,2012,19.6
JOR,2013,19
JOR,2014,18.5
JOR,2015,17.9
KAZ,1800,497.4
KAZ,1801,497.4
KAZ,1802,497.4
KAZ,1803,497.4
KAZ,1804,497.4
KAZ,1805,497.4
KAZ,1806,497.4
KAZ,1807,497.4
KAZ,1808,497.4
KAZ,1809,497.4
KAZ,1810,497.4
KAZ,1811,497.4
KAZ,1812,497.4
KAZ,1813,497.4
KAZ,1814,497.4
KAZ,1815,497.4
KAZ,1816,497.4
KAZ,1817,497.4
KAZ,1818,497.4
KAZ,1819,497.4
KAZ,1820,497.4
KAZ,1821,497.4
KAZ,1822,497.4
KAZ,1823,497.4
KAZ,1824,497.4
KAZ,1825,497.4
KAZ,1826,497.4
KAZ,1827,497.4
KAZ,1828,497.4
KAZ,1829,497.4
KAZ,1830,497.4
KAZ,1831,497.4
KAZ,1832,497.4
KAZ,1833,497.4
KAZ,1834,497.4
KAZ,1835,497.4
KAZ,1836,497.4
KAZ,1837,497.4
KAZ,1838,497.4
KAZ,1839,497.4
KAZ,1840,497.4
KAZ,1841,497.4
KAZ,1842,497.4
KAZ,1843,497.4
KAZ,1844,497.4
KAZ,1845,497.4
KAZ,1846,497.4
KAZ,1847,497.4
KAZ,1848,497.4
KAZ,1849,497.4
KAZ,1850,497.4
KAZ,1851,497.4
KAZ,1852,497.4
KAZ,1853,497.4
KAZ,1854,497.4
KAZ,1855,497.4
KAZ,1856,497.4
KAZ,1857,497.4
KAZ,1858,497.4
KAZ,1859,497.4
KAZ,1860,497.4
KAZ,1861,497.4
KAZ,1862,497.4
KAZ,1863,497.4
KAZ,1864,504.9
KAZ,1865,512.4
KAZ,1866,521.6
KAZ,1867,529.3
KAZ,1868,537.2
KAZ,1869,537.2
KAZ,1870,535.7
KAZ,1871,535.7
KAZ,1872,534.1
KAZ,1873,534.1
KAZ,1874,530.9
KAZ,1875,527.8
KAZ,1876,524.7
KAZ,1877,521.6
KAZ,1878,518.5
KAZ,1879,515.4
KAZ,1880,512.4
KAZ,1881,509.4
KAZ,1882,506.4
KAZ,1883,503.4
KAZ,1884,500.4
KAZ,1885,497.4
KAZ,1886,494.5
KAZ,1887,491.6
KAZ,1888,488.6
KAZ,1889,485.7
KAZ,1890,482.8
KAZ,1891,480
KAZ,1892,477.1
KAZ,1893,474.2
KAZ,1894,471.4
KAZ,1895,468.5
KAZ,1896,465.7
KAZ,1897,462.8
KAZ,1898,465.4
KAZ,1899,466.5
KAZ,1900,469
KAZ,1901,464.4
KAZ,1902,461.1
KAZ,1903,456.4
KAZ,1904,453.1
KAZ,1905,448.3
KAZ,1906,444.9
KAZ,1907,440.1
KAZ,1908,436.5
KAZ,1909,431.7
KAZ,1910,428.1
KAZ,1911,421.9
KAZ,1912,415.8
KAZ,1913,409.7
KAZ,1914,403.7
KAZ,1915,397.8
KAZ,1916,391.9
KAZ,1917,387.3
KAZ,1918,381.6
KAZ,1919,375.9
KAZ,1920,370.2
KAZ,1921,364.7
KAZ,1922,359.2
KAZ,1923,353.7
KAZ,1924,348.3
KAZ,1925,343
KAZ,1926,337.7
KAZ,1927,330.4
KAZ,1928,324.1
KAZ,1929,317
KAZ,1930,309.9
KAZ,1931,302.9
KAZ,1932,296
KAZ,1933,289.2
KAZ,1934,283.6
KAZ,1935,277
KAZ,1936,270.5
KAZ,1937,264.1
KAZ,1938,257.7
KAZ,1939,251.5
KAZ,1940,242.6
KAZ,1941,234.8
KAZ,1942,226.3
KAZ,1943,217.9
KAZ,1944,209.7
KAZ,1945,201.6
KAZ,1946,194.6
KAZ,1947,186.8
KAZ,1948,179.2
KAZ,1949,171.7
KAZ,1950,164.4
KAZ,1951,162.5
KAZ,1952,158.3
KAZ,1953,154.7
KAZ,1954,150.3
KAZ,1955,146.4
KAZ,1956,141.7
KAZ,1957,137.7
KAZ,1958,133.5
KAZ,1959,128.7
KAZ,1960,124.6
KAZ,1961,120
KAZ,1962,115.9
KAZ,1963,111.9
KAZ,1964,108
KAZ,1965,104.3
KAZ,1966,100.7
KAZ,1967,97.23
KAZ,1968,93.88
KAZ,1969,90.64
KAZ,1970,87.52
KAZ,1971,84.5
KAZ,1972,82.6
KAZ,1973,80.8
KAZ,1974,79.3
KAZ,1975,77.8
KAZ,1976,76.4
KAZ,1977,75
KAZ,1978,73.6
KAZ,1979,72
KAZ,1980,70.2
KAZ,1981,68.1
KAZ,1982,65.9
KAZ,1983,63.6
KAZ,1984,61.5
KAZ,1985,59.4
KAZ,1986,57.5
KAZ,1987,55.8
KAZ,1988,54.4
KAZ,1989,53.3
KAZ,1990,52.6
KAZ,1991,52.4
KAZ,1992,52.7
KAZ,1993,52.9
KAZ,1994,53.1
KAZ,1995,52.7
KAZ,1996,51.8
KAZ,1997,50.1
KAZ,1998,48.1
KAZ,1999,45.9
KAZ,2000,43.6
KAZ,2001,41.2
KAZ,2002,39
KAZ,2003,36.8
KAZ,2004,34.7
KAZ,2005,32.5
KAZ,2006,30.3
KAZ,2007,28.1
KAZ,2008,25.9
KAZ,2009,23.7
KAZ,2010,21.6
KAZ,2011,19.6
KAZ,2012,17.9
KAZ,2013,16.4
KAZ,2014,15.1
KAZ,2015,14.1
KEN,1800,507.9
KEN,1801,507.9
KEN,1802,507.9
KEN,1803,507.9
KEN,1804,507.9
KEN,1805,507.9
KEN,1806,507.9
KEN,1807,507.9
KEN,1808,507.9
KEN,1809,507.9
KEN,1810,507.9
KEN,1811,507.9
KEN,1812,507.9
KEN,1813,507.9
KEN,1814,507.9
KEN,1815,507.9
KEN,1816,507.9
KEN,1817,507.9
KEN,1818,507.9
KEN,1819,507.9
KEN,1820,507.9
KEN,1821,507.9
KEN,1822,507.9
KEN,1823,507.9
KEN,1824,507.9
KEN,1825,507.9
KEN,1826,507.9
KEN,1827,507.9
KEN,1828,507.9
KEN,1829,507.9
KEN,1830,507.9
KEN,1831,507.9
KEN,1832,507.9
KEN,1833,507.9
KEN,1834,507.9
KEN,1835,507.9
KEN,1836,507.9
KEN,1837,507.9
KEN,1838,507.9
KEN,1839,507.9
KEN,1840,507.9
KEN,1841,507.9
KEN,1842,507.9
KEN,1843,507.9
KEN,1844,507.9
KEN,1845,507.9
KEN,1846,507.9
KEN,1847,507.9
KEN,1848,507.9
KEN,1849,507.9
KEN,1850,507.9
KEN,1851,507.9
KEN,1852,507.9
KEN,1853,507.9
KEN,1854,507.9
KEN,1855,507.9
KEN,1856,507.9
KEN,1857,507.9
KEN,1858,507.9
KEN,1859,507.9
KEN,1860,507.9
KEN,1861,507.9
KEN,1862,507.9
KEN,1863,507.9
KEN,1864,507.9
KEN,1865,507.9
KEN,1866,507.9
KEN,1867,507.9
KEN,1868,507.9
KEN,1869,507.9
KEN,1870,507.9
KEN,1871,507.9
KEN,1872,507.9
KEN,1873,507.9
KEN,1874,507.9
KEN,1875,507.9
KEN,1876,507.9
KEN,1877,507.9
KEN,1878,507.9
KEN,1879,507.9
KEN,1880,507.9
KEN,1881,507.9
KEN,1882,507.9
KEN,1883,507.9
KEN,1884,507.9
KEN,1885,507.9
KEN,1886,507.9
KEN,1887,507.9
KEN,1888,507.9
KEN,1889,507.9
KEN,1890,507.9
KEN,1891,507.9
KEN,1892,507.9
KEN,1893,507.9
KEN,1894,507.9
KEN,1895,507.8
KEN,1896,507.8
KEN,1897,507.6
KEN,1898,507.4
KEN,1899,507.1
KEN,1900,506.8
KEN,1901,506.4
KEN,1902,505.8
KEN,1903,505.2
KEN,1904,504.6
KEN,1905,503.8
KEN,1906,503
KEN,1907,502.1
KEN,1908,501.1
KEN,1909,500
KEN,1910,498.9
KEN,1911,497.7
KEN,1912,496.6
KEN,1913,495.9
KEN,1914,495.2
KEN,1915,494.5
KEN,1916,493.8
KEN,1917,493.1
KEN,1918,492.4
KEN,1919,491.7
KEN,1920,491
KEN,1921,490.3
KEN,1922,489.6
KEN,1923,493.2
KEN,1924,496.9
KEN,1925,500.6
KEN,1926,505.8
KEN,1927,509.5
KEN,1928,504.3
KEN,1929,500.6
KEN,1930,495.4
KEN,1931,491.7
KEN,1932,488.1
KEN,1933,483.1
KEN,1934,479.5
KEN,1935,474.5
KEN,1936,470.9
KEN,1937,466
KEN,1938,461.2
KEN,1939,456.3
KEN,1940,451.6
KEN,1941,437.9
KEN,1942,424.7
KEN,1943,411.8
KEN,1944,399.4
KEN,1945,387.3
KEN,1946,375.6
KEN,1947,364.2
KEN,1948,353.2
KEN,1949,342.6
KEN,1950,332.2
KEN,1951,317.6
KEN,1952,303.5
KEN,1953,286.9
KEN,1954,270.8
KEN,1955,256.1
KEN,1956,242.3
KEN,1957,229.9
KEN,1958,218.3
KEN,1959,208
KEN,1960,198.6
KEN,1961,190.1
KEN,1962,182.5
KEN,1963,176.1
KEN,1964,170.6
KEN,1965,165.8
KEN,1966,161.8
KEN,1967,158.3
KEN,1968,154.7
KEN,1969,151.1
KEN,1970,147.4
KEN,1971,143.8
KEN,1972,140.1
KEN,1973,136.3
KEN,1974,132.3
KEN,1975,128.1
KEN,1976,123.8
KEN,1977,119.6
KEN,1978,115.2
KEN,1979,110.9
KEN,1980,107.3
KEN,1981,103.7
KEN,1982,100.4
KEN,1983,97.5
KEN,1984,95.4
KEN,1985,94.1
KEN,1986,93.4
KEN,1987,93.5
KEN,1988,94.4
KEN,1989,95.8
KEN,1990,97.7
KEN,1991,99.8
KEN,1992,102.1
KEN,1993,104.1
KEN,1994,105.8
KEN,1995,106.9
KEN,1996,107.4
KEN,1997,107.1
KEN,1998,106.2
KEN,1999,104.7
KEN,2000,102.5
KEN,2001,99.7
KEN,2002,96.4
KEN,2003,92.7
KEN,2004,88.8
KEN,2005,84.5
KEN,2006,80.4
KEN,2007,76.4
KEN,2008,71
KEN,2009,67.2
KEN,2010,63.6
KEN,2011,59.8
KEN,2012,57.1
KEN,2013,54.5
KEN,2014,52.3
KEN,2015,50.6
KIR,1800,453.1
KIR,1801,451.5
KIR,1802,449.8
KIR,1803,448.2
KIR,1804,446.5
KIR,1805,444.9
KIR,1806,443.3
KIR,1807,441.7
KIR,1808,440.1
KIR,1809,438.4
KIR,1810,436.8
KIR,1811,435.2
KIR,1812,433.6
KIR,1813,432.1
KIR,1814,430.5
KIR,1815,428.9
KIR,1816,427.4
KIR,1817,425.8
KIR,1818,424.2
KIR,1819,422.7
KIR,1820,421.1
KIR,1821,419.6
KIR,1822,418.1
KIR,1823,416.6
KIR,1824,415
KIR,1825,413.5
KIR,1826,412
KIR,1827,410.5
KIR,1828,409
KIR,1829,407.5
KIR,1830,406
KIR,1831,404.5
KIR,1832,403.1
KIR,1833,401.6
KIR,1834,400.1
KIR,1835,398.6
KIR,1836,397.2
KIR,1837,395.7
KIR,1838,394.3
KIR,1839,392.9
KIR,1840,391.4
KIR,1841,390
KIR,1842,388.6
KIR,1843,387.1
KIR,1844,385.7
KIR,1845,384.3
KIR,1846,382.9
KIR,1847,381.5
KIR,1848,380.1
KIR,1849,378.7
KIR,1850,377.4
KIR,1851,376
KIR,1852,374.6
KIR,1853,373.2
KIR,1854,371.9
KIR,1855,370.5
KIR,1856,369.2
KIR,1857,367.8
KIR,1858,366.5
KIR,1859,365.1
KIR,1860,363.8
KIR,1861,362.5
KIR,1862,361.1
KIR,1863,359.8
KIR,1864,358.5
KIR,1865,357.2
KIR,1866,355.9
KIR,1867,354.6
KIR,1868,353.3
KIR,1869,352
KIR,1870,350.7
KIR,1871,349.4
KIR,1872,348.2
KIR,1873,346.9
KIR,1874,345.6
KIR,1875,344.4
KIR,1876,343.1
KIR,1877,341.9
KIR,1878,340.6
KIR,1879,339.4
KIR,1880,338.1
KIR,1881,336.9
KIR,1882,335.7
KIR,1883,334.4
KIR,1884,333.2
KIR,1885,332
KIR,1886,330.8
KIR,1887,329.6
KIR,1888,328.4
KIR,1889,327.2
KIR,1890,326
KIR,1891,324.8
KIR,1892,323.6
KIR,1893,322.4
KIR,1894,321.2
KIR,1895,320.1
KIR,1896,318.9
KIR,1897,317.7
KIR,1898,316.6
KIR,1899,315.4
KIR,1900,314.3
KIR,1901,313.1
KIR,1902,312
KIR,1903,310.8
KIR,1904,309.7
KIR,1905,308.6
KIR,1906,307.4
KIR,1907,306.3
KIR,1908,305.2
KIR,1909,304.1
KIR,1910,303
KIR,1911,301.9
KIR,1912,300.8
KIR,1913,299.7
KIR,1914,298.6
KIR,1915,297.5
KIR,1916,296.4
KIR,1917,295.3
KIR,1918,294.2
KIR,1919,293.2
KIR,1920,292.1
KIR,1921,291
KIR,1922,290
KIR,1923,288.9
KIR,1924,287.8
KIR,1925,286.8
KIR,1926,285.7
KIR,1927,284.6
KIR,1928,283.6
KIR,1929,282.5
KIR,1930,281.5
KIR,1931,280.4
KIR,1932,279.4
KIR,1933,278.4
KIR,1934,277.3
KIR,1935,276.3
KIR,1936,275.3
KIR,1937,274.3
KIR,1938,273.2
KIR,1939,272.2
KIR,1940,271.2
KIR,1941,270.2
KIR,1942,269.2
KIR,1943,268.2
KIR,1944,267.2
KIR,1945,266.2
KIR,1946,265.2
KIR,1947,264.3
KIR,1948,263.3
KIR,1949,262.3
KIR,1950,261.3
KIR,1951,258.8
KIR,1952,253.5
KIR,1953,248.9
KIR,1954,241
KIR,1955,233.4
KIR,1956,226
KIR,1957,218.9
KIR,1958,211.9
KIR,1959,205.2
KIR,1960,198.8
KIR,1961,192.5
KIR,1962,186.4
KIR,1963,180.5
KIR,1964,173.5
KIR,1965,167
KIR,1966,160.7
KIR,1967,154.8
KIR,1968,149.5
KIR,1969,144.4
KIR,1970,140
KIR,1971,136
KIR,1972,132.5
KIR,1973,129.8
KIR,1974,127.7
KIR,1975,126
KIR,1976,124.8
KIR,1977,124
KIR,1978,123.3
KIR,1979,122.9
KIR,1980,122.3
KIR,1981,121.7
KIR,1982,120.7
KIR,1983,119.3
KIR,1984,117.4
KIR,1985,114.9
KIR,1986,111.9
KIR,1987,108.3
KIR,1988,104.3
KIR,1989,100.1
KIR,1990,96
KIR,1991,92.2
KIR,1992,89
KIR,1993,86.2
KIR,1994,83.8
KIR,1995,81.6
KIR,1996,79.4
KIR,1997,77.3
KIR,1998,75.1
KIR,1999,72.8
KIR,2000,70.6
KIR,2001,68.5
KIR,2002,66.9
KIR,2003,65.7
KIR,2004,65.1
KIR,2005,64.8
KIR,2006,64.8
KIR,2007,64.8
KIR,2008,64.5
KIR,2009,63.9
KIR,2010,62.9
KIR,2011,61.7
KIR,2012,60.4
KIR,2013,58.9
KIR,2014,57.4
KIR,2015,55.9
PRK,1800,500.4
PRK,1801,500.4
PRK,1802,500.4
PRK,1803,500.4
PRK,1804,500.4
PRK,1805,500.4
PRK,1806,500.4
PRK,1807,500.4
PRK,1808,500.4
PRK,1809,500.4
PRK,1810,500.4
PRK,1811,500.4
PRK,1812,500.4
PRK,1813,500.4
PRK,1814,500.4
PRK,1815,500.4
PRK,1816,500.4
PRK,1817,500.4
PRK,1818,500.4
PRK,1819,500.4
PRK,1820,500.4
PRK,1821,500.4
PRK,1822,500.4
PRK,1823,500.4
PRK,1824,500.4
PRK,1825,500.4
PRK,1826,500.4
PRK,1827,500.4
PRK,1828,500.4
PRK,1829,500.4
PRK,1830,500.4
PRK,1831,500.4
PRK,1832,500.4
PRK,1833,500.4
PRK,1834,500.4
PRK,1835,500.4
PRK,1836,500.4
PRK,1837,500.4
PRK,1838,500.4
PRK,1839,500.4
PRK,1840,500.4
PRK,1841,500.4
PRK,1842,500.4
PRK,1843,500.4
PRK,1844,500.4
PRK,1845,500.4
PRK,1846,500.4
PRK,1847,500.4
PRK,1848,500.4
PRK,1849,500.4
PRK,1850,500.4
PRK,1851,500.4
PRK,1852,500.4
PRK,1853,500.4
PRK,1854,500.4
PRK,1855,500.4
PRK,1856,500.4
PRK,1857,500.4
PRK,1858,500.4
PRK,1859,500.4
PRK,1860,500.4
PRK,1861,500.4
PRK,1862,500.4
PRK,1863,500.4
PRK,1864,500.4
PRK,1865,500.4
PRK,1866,500.4
PRK,1867,500.4
PRK,1868,500.4
PRK,1869,500.4
PRK,1870,500.4
PRK,1871,500.4
PRK,1872,500.4
PRK,1873,500.4
PRK,1874,500.4
PRK,1875,500.4
PRK,1876,500.4
PRK,1877,500.4
PRK,1878,500.4
PRK,1879,500.4
PRK,1880,500.4
PRK,1881,500.4
PRK,1882,500.4
PRK,1883,500.4
PRK,1884,500.4
PRK,1885,500.4
PRK,1886,500.4
PRK,1887,500.4
PRK,1888,500.4
PRK,1889,500.4
PRK,1890,500.4
PRK,1891,500.4
PRK,1892,500.4
PRK,1893,500.4
PRK,1894,500.3
PRK,1895,500.3
PRK,1896,500.2
PRK,1897,500.1
PRK,1898,499.9
PRK,1899,499.6
PRK,1900,499.3
PRK,1901,498.8
PRK,1902,498.3
PRK,1903,497.7
PRK,1904,504.6
PRK,1905,511.3
PRK,1906,518.1
PRK,1907,524.8
PRK,1908,531.6
PRK,1909,525.8
PRK,1910,520
PRK,1911,514.2
PRK,1912,508.5
PRK,1913,502.7
PRK,1914,495.6
PRK,1915,488.6
PRK,1916,481.7
PRK,1917,474.8
PRK,1918,468
PRK,1919,460
PRK,1920,452
PRK,1921,444.2
PRK,1922,436.5
PRK,1923,428.9
PRK,1924,417.6
PRK,1925,405.3
PRK,1926,394.4
PRK,1927,383.8
PRK,1928,373.4
PRK,1929,363.2
PRK,1930,354.4
PRK,1931,344.5
PRK,1932,336
PRK,1933,326.5
PRK,1934,315.1
PRK,1935,302.9
PRK,1936,292
PRK,1937,281.4
PRK,1938,270
PRK,1939,263.6
PRK,1940,258.2
PRK,1941,252.5
PRK,1942,246.8
PRK,1943,264.4
PRK,1944,282.5
PRK,1945,301.2
PRK,1946,320.6
PRK,1947,340.8
PRK,1948,361.6
PRK,1949,383.3
PRK,1950,406
PRK,1951,361.5
PRK,1952,321.9
PRK,1953,286.7
PRK,1954,255.3
PRK,1955,227.3
PRK,1956,202.4
PRK,1957,180.3
PRK,1958,160.5
PRK,1959,142.9
PRK,1960,127.3
PRK,1961,121.7
PRK,1962,115.8
PRK,1963,110.2
PRK,1964,104.7
PRK,1965,99.3
PRK,1966,93.72
PRK,1967,88.67
PRK,1968,83.6
PRK,1969,78.16
PRK,1970,72.98
PRK,1971,69.89
PRK,1972,66.82
PRK,1973,63.78
PRK,1974,60.76
PRK,1975,57.76
PRK,1976,54.79
PRK,1977,51.85
PRK,1978,48.97
PRK,1979,46.09
PRK,1980,43.28
PRK,1981,41.55
PRK,1982,39.78
PRK,1983,38.02
PRK,1984,36.41
PRK,1985,35.1
PRK,1986,34.7
PRK,1987,35.2
PRK,1988,36.8
PRK,1989,39.5
PRK,1990,43.4
PRK,1991,48.6
PRK,1992,54.8
PRK,1993,61.3
PRK,1994,67.7
PRK,1995,72.8
PRK,1996,75.7
PRK,1997,75.7
PRK,1998,72.9
PRK,1999,67.4
PRK,2000,60
PRK,2001,52
PRK,2002,44.6
PRK,2003,38.7
PRK,2004,34.7
PRK,2005,32.7
PRK,2006,32.2
PRK,2007,32.4
PRK,2008,32.4
PRK,2009,32.1
PRK,2010,31.3
PRK,2011,30.1
PRK,2012,28.7
PRK,2013,27.4
PRK,2014,26.1
PRK,2015,24.9
KOR,1800,503.4
KOR,1801,503.4
KOR,1802,503.4
KOR,1803,503.4
KOR,1804,503.4
KOR,1805,503.4
KOR,1806,503.4
KOR,1807,503.4
KOR,1808,503.4
KOR,1809,503.4
KOR,1810,503.4
KOR,1811,503.4
KOR,1812,503.4
KOR,1813,503.4
KOR,1814,503.4
KOR,1815,503.4
KOR,1816,503.4
KOR,1817,503.4
KOR,1818,503.4
KOR,1819,503.4
KOR,1820,503.4
KOR,1821,503.4
KOR,1822,503.4
KOR,1823,503.4
KOR,1824,503.4
KOR,1825,503.4
KOR,1826,503.4
KOR,1827,503.4
KOR,1828,503.4
KOR,1829,503.4
KOR,1830,503.4
KOR,1831,503.4
KOR,1832,503.4
KOR,1833,503.4
KOR,1834,503.4
KOR,1835,503.4
KOR,1836,503.4
KOR,1837,503.4
KOR,1838,503.4
KOR,1839,503.4
KOR,1840,503.4
KOR,1841,503.4
KOR,1842,503.4
KOR,1843,503.4
KOR,1844,503.4
KOR,1845,503.4
KOR,1846,503.4
KOR,1847,503.4
KOR,1848,503.4
KOR,1849,503.4
KOR,1850,503.4
KOR,1851,503.4
KOR,1852,503.4
KOR,1853,503.4
KOR,1854,503.4
KOR,1855,503.4
KOR,1856,503.4
KOR,1857,503.4
KOR,1858,503.4
KOR,1859,503.4
KOR,1860,503.4
KOR,1861,503.4
KOR,1862,503.4
KOR,1863,503.4
KOR,1864,503.4
KOR,1865,503.4
KOR,1866,503.4
KOR,1867,503.4
KOR,1868,503.4
KOR,1869,503.4
KOR,1870,503.4
KOR,1871,503.4
KOR,1872,503.4
KOR,1873,503.4
KOR,1874,503.4
KOR,1875,503.4
KOR,1876,503.4
KOR,1877,503.4
KOR,1878,503.4
KOR,1879,503.4
KOR,1880,503.4
KOR,1881,503.4
KOR,1882,503.4
KOR,1883,503.4
KOR,1884,503.4
KOR,1885,503.4
KOR,1886,503.4
KOR,1887,503.4
KOR,1888,503.4
KOR,1889,503.4
KOR,1890,503.4
KOR,1891,503.4
KOR,1892,503.4
KOR,1893,503.4
KOR,1894,503.4
KOR,1895,503.3
KOR,1896,503.2
KOR,1897,503.1
KOR,1898,502.9
KOR,1899,502.6
KOR,1900,502.3
KOR,1901,501.8
KOR,1902,501.3
KOR,1903,500.7
KOR,1904,507.6
KOR,1905,512.8
KOR,1906,519.6
KOR,1907,524.8
KOR,1908,531.6
KOR,1909,525.8
KOR,1910,520
KOR,1911,515.8
KOR,1912,511.5
KOR,1913,507.3
KOR,1914,501.6
KOR,1915,496
KOR,1916,490.4
KOR,1917,484.9
KOR,1918,479.3
KOR,1919,472.5
KOR,1920,465.7
KOR,1921,459
KOR,1922,452.3
KOR,1923,445.8
KOR,1924,435.2
KOR,1925,423.6
KOR,1926,413.5
KOR,1927,403.5
KOR,1928,393.7
KOR,1929,384.1
KOR,1930,375.8
KOR,1931,366.4
KOR,1932,358.3
KOR,1933,349.2
KOR,1934,337.9
KOR,1935,325.8
KOR,1936,315
KOR,1937,304.3
KOR,1938,292.9
KOR,1939,286.7
KOR,1940,281.6
KOR,1941,291
KOR,1942,300.7
KOR,1943,310.7
KOR,1944,321.1
KOR,1945,331.7
KOR,1946,342.8
KOR,1947,354.2
KOR,1948,366
KOR,1949,378.1
KOR,1950,390.7
KOR,1951,330
KOR,1952,279.5
KOR,1953,238.3
KOR,1954,205.2
KOR,1955,179
KOR,1956,158.5
KOR,1957,142.7
KOR,1958,130.4
KOR,1959,120.8
KOR,1960,113
KOR,1961,106.5
KOR,1962,100.6
KOR,1963,95.1
KOR,1964,89.5
KOR,1965,83.7
KOR,1966,77.7
KOR,1967,71.6
KOR,1968,65.3
KOR,1969,59
KOR,1970,52.8
KOR,1971,46.7
KOR,1972,41
KOR,1973,35.8
KOR,1974,31.1
KOR,1975,27
KOR,1976,23.5
KOR,1977,20.4
KOR,1978,17.9
KOR,1979,15.9
KOR,1980,14.3
KOR,1981,13.1
KOR,1982,12.2
KOR,1983,11.4
KOR,1984,10.6
KOR,1985,9.9
KOR,1986,9.3
KOR,1987,8.6
KOR,1988,8
KOR,1989,7.5
KOR,1990,7.1
KOR,1991,6.8
KOR,1992,6.4
KOR,1993,6.1
KOR,1994,5.8
KOR,1995,5.5
KOR,1996,5.3
KOR,1997,5.3
KOR,1998,5.4
KOR,1999,5.7
KOR,2000,6.1
KOR,2001,6.4
KOR,2002,6.5
KOR,2003,6.4
KOR,2004,6
KOR,2005,5.6
KOR,2006,5.2
KOR,2007,4.8
KOR,2008,4.5
KOR,2009,4.3
KOR,2010,4.1
KOR,2011,4
KOR,2012,3.9
KOR,2013,3.7
KOR,2014,3.6
KOR,2015,3.5
KWT,1800,500.4
KWT,1801,500.4
KWT,1802,500.4
KWT,1803,500.4
KWT,1804,500.4
KWT,1805,500.4
KWT,1806,500.4
KWT,1807,500.4
KWT,1808,500.4
KWT,1809,500.4
KWT,1810,500.4
KWT,1811,500.4
KWT,1812,500.4
KWT,1813,500.4
KWT,1814,500.4
KWT,1815,500.4
KWT,1816,500.4
KWT,1817,500.4
KWT,1818,500.4
KWT,1819,500.4
KWT,1820,500.4
KWT,1821,500.4
KWT,1822,500.4
KWT,1823,500.4
KWT,1824,500.4
KWT,1825,500.4
KWT,1826,500.4
KWT,1827,500.4
KWT,1828,500.4
KWT,1829,500.4
KWT,1830,500.4
KWT,1831,500.4
KWT,1832,500.4
KWT,1833,500.4
KWT,1834,500.4
KWT,1835,500.4
KWT,1836,500.4
KWT,1837,500.4
KWT,1838,500.4
KWT,1839,500.4
KWT,1840,500.4
KWT,1841,500.4
KWT,1842,500.4
KWT,1843,500.4
KWT,1844,500.4
KWT,1845,500.4
KWT,1846,500.4
KWT,1847,500.4
KWT,1848,500.4
KWT,1849,500.4
KWT,1850,500.4
KWT,1851,500.4
KWT,1852,500.4
KWT,1853,500.4
KWT,1854,500.4
KWT,1855,500.4
KWT,1856,500.4
KWT,1857,500.4
KWT,1858,500.4
KWT,1859,500.4
KWT,1860,500.4
KWT,1861,500.4
KWT,1862,500.4
KWT,1863,500.4
KWT,1864,500.4
KWT,1865,500.4
KWT,1866,500.4
KWT,1867,500.4
KWT,1868,500.4
KWT,1869,500.4
KWT,1870,500.4
KWT,1871,500.4
KWT,1872,500.4
KWT,1873,500.4
KWT,1874,500.4
KWT,1875,500.4
KWT,1876,500.4
KWT,1877,500.4
KWT,1878,500.4
KWT,1879,500.4
KWT,1880,500.4
KWT,1881,500.4
KWT,1882,500.4
KWT,1883,500.4
KWT,1884,500.4
KWT,1885,500.4
KWT,1886,500.4
KWT,1887,500.4
KWT,1888,500.4
KWT,1889,500.4
KWT,1890,500.4
KWT,1891,500.4
KWT,1892,500.4
KWT,1893,500.4
KWT,1894,500.3
KWT,1895,500.3
KWT,1896,500.2
KWT,1897,500.1
KWT,1898,499.9
KWT,1899,499.6
KWT,1900,499.3
KWT,1901,498.8
KWT,1902,498.3
KWT,1903,497.7
KWT,1904,497.1
KWT,1905,496.3
KWT,1906,495.5
KWT,1907,494.6
KWT,1908,493.6
KWT,1909,492.6
KWT,1910,491.5
KWT,1911,490.4
KWT,1912,489.2
KWT,1913,488
KWT,1914,486.9
KWT,1915,485.7
KWT,1916,484.5
KWT,1917,483.3
KWT,1918,482.1
KWT,1919,481
KWT,1920,480
KWT,1921,479
KWT,1922,478.1
KWT,1923,477.1
KWT,1924,476.1
KWT,1925,475.1
KWT,1926,474.1
KWT,1927,473.2
KWT,1928,472.2
KWT,1929,471.2
KWT,1930,470.2
KWT,1931,469.2
KWT,1932,468.2
KWT,1933,467.3
KWT,1934,466.3
KWT,1935,465.3
KWT,1936,464.3
KWT,1937,463.3
KWT,1938,462.3
KWT,1939,461.3
KWT,1940,429.8
KWT,1941,400.1
KWT,1942,371.9
KWT,1943,345.1
KWT,1944,319.7
KWT,1945,295.4
KWT,1946,272.2
KWT,1947,250.1
KWT,1948,228.9
KWT,1949,208.6
KWT,1950,202.9
KWT,1951,197.3
KWT,1952,191.9
KWT,1953,186.6
KWT,1954,181.4
KWT,1955,176.4
KWT,1956,171.6
KWT,1957,166.9
KWT,1958,162.3
KWT,1959,157.8
KWT,1960,146.9
KWT,1961,136.6
KWT,1962,126.9
KWT,1963,117.9
KWT,1964,109.1
KWT,1965,101.1
KWT,1966,93.7
KWT,1967,87
KWT,1968,81.1
KWT,1969,75.8
KWT,1970,70.9
KWT,1971,66.5
KWT,1972,62.3
KWT,1973,58.4
KWT,1974,54.8
KWT,1975,51.4
KWT,1976,48.2
KWT,1977,45.1
KWT,1978,42.1
KWT,1979,39.1
KWT,1980,36.1
KWT,1981,33.2
KWT,1982,30.2
KWT,1983,27.4
KWT,1984,25
KWT,1985,23.1
KWT,1986,21.7
KWT,1987,20.6
KWT,1988,19.6
KWT,1989,18.8
KWT,1990,17.9
KWT,1991,19.9
KWT,1992,16.3
KWT,1993,15.7
KWT,1994,15.2
KWT,1995,14.7
KWT,1996,14.2
KWT,1997,13.8
KWT,1998,13.3
KWT,1999,12.9
KWT,2000,12.7
KWT,2001,12.5
KWT,2002,12.3
KWT,2003,12.1
KWT,2004,11.9
KWT,2005,11.7
KWT,2006,11.6
KWT,2007,11.5
KWT,2008,11.3
KWT,2009,11.1
KWT,2010,10.8
KWT,2011,10.3
KWT,2012,9.9
KWT,2013,9.4
KWT,2014,9
KWT,2015,8.6
KGZ,1800,382.7
KGZ,1801,382.6
KGZ,1802,382.6
KGZ,1803,382.5
KGZ,1804,382.4
KGZ,1805,382.4
KGZ,1806,382.3
KGZ,1807,382.2
KGZ,1808,382.1
KGZ,1809,382.1
KGZ,1810,382
KGZ,1811,381.9
KGZ,1812,381.9
KGZ,1813,381.8
KGZ,1814,381.7
KGZ,1815,381.6
KGZ,1816,381.6
KGZ,1817,381.5
KGZ,1818,381.4
KGZ,1819,381.3
KGZ,1820,381.3
KGZ,1821,381.2
KGZ,1822,381.1
KGZ,1823,381.1
KGZ,1824,381
KGZ,1825,380.9
KGZ,1826,380.8
KGZ,1827,380.8
KGZ,1828,380.7
KGZ,1829,380.6
KGZ,1830,380.5
KGZ,1831,380.5
KGZ,1832,380.4
KGZ,1833,380.3
KGZ,1834,380.2
KGZ,1835,380.2
KGZ,1836,380.1
KGZ,1837,380
KGZ,1838,380
KGZ,1839,379.9
KGZ,1840,379.8
KGZ,1841,379.7
KGZ,1842,379.7
KGZ,1843,379.6
KGZ,1844,379.5
KGZ,1845,379.4
KGZ,1846,379.4
KGZ,1847,379.3
KGZ,1848,379.2
KGZ,1849,379.2
KGZ,1850,379.1
KGZ,1851,379
KGZ,1852,378.9
KGZ,1853,378.9
KGZ,1854,378.8
KGZ,1855,378.7
KGZ,1856,378.7
KGZ,1857,378.6
KGZ,1858,378.5
KGZ,1859,378.4
KGZ,1860,378.4
KGZ,1861,378.3
KGZ,1862,378.2
KGZ,1863,378.2
KGZ,1864,378.1
KGZ,1865,378
KGZ,1866,377.9
KGZ,1867,377.9
KGZ,1868,377.8
KGZ,1869,377.7
KGZ,1870,377.6
KGZ,1871,377.6
KGZ,1872,377.5
KGZ,1873,377.4
KGZ,1874,377.4
KGZ,1875,377.3
KGZ,1876,377.2
KGZ,1877,377.1
KGZ,1878,377.1
KGZ,1879,377
KGZ,1880,376.9
KGZ,1881,376.9
KGZ,1882,376.8
KGZ,1883,376.7
KGZ,1884,376.6
KGZ,1885,376.6
KGZ,1886,376.5
KGZ,1887,376.4
KGZ,1888,376.4
KGZ,1889,376.3
KGZ,1890,376.2
KGZ,1891,376.1
KGZ,1892,376.1
KGZ,1893,376
KGZ,1894,375.9
KGZ,1895,375.9
KGZ,1896,375.8
KGZ,1897,375.7
KGZ,1898,375.6
KGZ,1899,375.6
KGZ,1900,375.5
KGZ,1901,372.2
KGZ,1902,369
KGZ,1903,365.8
KGZ,1904,362.6
KGZ,1905,359.5
KGZ,1906,356.4
KGZ,1907,353.3
KGZ,1908,350.2
KGZ,1909,347.2
KGZ,1910,344.2
KGZ,1911,341.2
KGZ,1912,338.2
KGZ,1913,335.3
KGZ,1914,332.4
KGZ,1915,329.5
KGZ,1916,326.7
KGZ,1917,323.8
KGZ,1918,321
KGZ,1919,318.2
KGZ,1920,315.5
KGZ,1921,312.7
KGZ,1922,310
KGZ,1923,307.3
KGZ,1924,304.7
KGZ,1925,302
KGZ,1926,299.4
KGZ,1927,296.8
KGZ,1928,294.2
KGZ,1929,291.7
KGZ,1930,289.2
KGZ,1931,286.6
KGZ,1932,279.9
KGZ,1933,273.3
KGZ,1934,266.8
KGZ,1935,260.5
KGZ,1936,254.5
KGZ,1937,248.7
KGZ,1938,242.9
KGZ,1939,237.3
KGZ,1940,231.8
KGZ,1941,226.5
KGZ,1942,221.3
KGZ,1943,216.2
KGZ,1944,211.2
KGZ,1945,206.3
KGZ,1946,201.6
KGZ,1947,196.9
KGZ,1948,192.4
KGZ,1949,187.9
KGZ,1950,183.6
KGZ,1951,181.7
KGZ,1952,177.3
KGZ,1953,172.8
KGZ,1954,169
KGZ,1955,164.2
KGZ,1956,160
KGZ,1957,154.9
KGZ,1958,150.5
KGZ,1959,145.4
KGZ,1960,141.1
KGZ,1961,139.1
KGZ,1962,137.2
KGZ,1963,135.3
KGZ,1964,133.4
KGZ,1965,131.6
KGZ,1966,129.7
KGZ,1967,127.9
KGZ,1968,126.2
KGZ,1969,124.4
KGZ,1970,122.7
KGZ,1971,120.3
KGZ,1972,118.1
KGZ,1973,116.2
KGZ,1974,114.5
KGZ,1975,112.6
KGZ,1976,110
KGZ,1977,107.6
KGZ,1978,105.2
KGZ,1979,102.4
KGZ,1980,99.5
KGZ,1981,96
KGZ,1982,92.2
KGZ,1983,87.9
KGZ,1984,83.5
KGZ,1985,79.1
KGZ,1986,75
KGZ,1987,71.4
KGZ,1988,68.4
KGZ,1989,66.2
KGZ,1990,65
KGZ,1991,64.7
KGZ,1992,64.5
KGZ,1993,64.1
KGZ,1994,63
KGZ,1995,61.3
KGZ,1996,58.9
KGZ,1997,56.3
KGZ,1998,53.7
KGZ,1999,51.1
KGZ,2000,48.7
KGZ,2001,46.4
KGZ,2002,44.4
KGZ,2003,42.5
KGZ,2004,40.8
KGZ,2005,39.3
KGZ,2006,37.9
KGZ,2007,36.3
KGZ,2008,34.4
KGZ,2009,32.3
KGZ,2010,30
KGZ,2011,27.8
KGZ,2012,25.7
KGZ,2013,24
KGZ,2014,22.6
KGZ,2015,21.3
LAO,1800,418.7
LAO,1801,418.7
LAO,1802,418.7
LAO,1803,418.7
LAO,1804,418.7
LAO,1805,418.7
LAO,1806,418.7
LAO,1807,418.7
LAO,1808,418.7
LAO,1809,418.7
LAO,1810,418.7
LAO,1811,418.7
LAO,1812,418.7
LAO,1813,418.7
LAO,1814,418.7
LAO,1815,418.7
LAO,1816,418.7
LAO,1817,418.7
LAO,1818,418.7
LAO,1819,418.7
LAO,1820,418.7
LAO,1821,418.7
LAO,1822,418.7
LAO,1823,418.7
LAO,1824,418.7
LAO,1825,418.7
LAO,1826,418.7
LAO,1827,418.7
LAO,1828,418.7
LAO,1829,418.7
LAO,1830,418.7
LAO,1831,418.7
LAO,1832,418.7
LAO,1833,418.7
LAO,1834,418.7
LAO,1835,418.7
LAO,1836,418.7
LAO,1837,418.7
LAO,1838,418.7
LAO,1839,418.7
LAO,1840,418.7
LAO,1841,418.7
LAO,1842,418.7
LAO,1843,418.7
LAO,1844,418.7
LAO,1845,418.7
LAO,1846,418.7
LAO,1847,418.7
LAO,1848,418.7
LAO,1849,418.7
LAO,1850,418.7
LAO,1851,418.7
LAO,1852,418.7
LAO,1853,418.7
LAO,1854,418.7
LAO,1855,418.7
LAO,1856,418.7
LAO,1857,418.7
LAO,1858,418.7
LAO,1859,418.7
LAO,1860,418.7
LAO,1861,418.7
LAO,1862,418.7
LAO,1863,418.7
LAO,1864,418.7
LAO,1865,418.7
LAO,1866,418.7
LAO,1867,418.7
LAO,1868,418.7
LAO,1869,418.7
LAO,1870,418.7
LAO,1871,418.7
LAO,1872,418.7
LAO,1873,418.7
LAO,1874,418.7
LAO,1875,418.7
LAO,1876,418.7
LAO,1877,418.7
LAO,1878,418.7
LAO,1879,418.7
LAO,1880,418.7
LAO,1881,418.7
LAO,1882,418.7
LAO,1883,418.7
LAO,1884,418.7
LAO,1885,418.7
LAO,1886,418.7
LAO,1887,418.7
LAO,1888,418.7
LAO,1889,418.7
LAO,1890,418.7
LAO,1891,418.7
LAO,1892,418.7
LAO,1893,418.7
LAO,1894,418.7
LAO,1895,418.7
LAO,1896,418.6
LAO,1897,418.5
LAO,1898,418.4
LAO,1899,418.1
LAO,1900,417.8
LAO,1901,417.5
LAO,1902,417.1
LAO,1903,416.6
LAO,1904,416
LAO,1905,415.4
LAO,1906,414.7
LAO,1907,413.9
LAO,1908,413.1
LAO,1909,412.2
LAO,1910,411.3
LAO,1911,410.4
LAO,1912,409.4
LAO,1913,408.4
LAO,1914,407.4
LAO,1915,406.5
LAO,1916,405.5
LAO,1917,404.5
LAO,1918,403.5
LAO,1919,402.5
LAO,1920,401.5
LAO,1921,400.6
LAO,1922,399.6
LAO,1923,398.6
LAO,1924,397.6
LAO,1925,396.6
LAO,1926,395.6
LAO,1927,394.7
LAO,1928,393.7
LAO,1929,392.7
LAO,1930,391.7
LAO,1931,390.7
LAO,1932,389.8
LAO,1933,388.8
LAO,1934,387.8
LAO,1935,386.8
LAO,1936,385.8
LAO,1937,384.8
LAO,1938,383.9
LAO,1939,382.8
LAO,1940,381.8
LAO,1941,371.5
LAO,1942,360.2
LAO,1943,350.3
LAO,1944,339.5
LAO,1945,330
LAO,1946,319.6
LAO,1947,310.5
LAO,1948,301.5
LAO,1949,291.7
LAO,1950,283.1
LAO,1951,279.7
LAO,1952,276.3
LAO,1953,273
LAO,1954,269.7
LAO,1955,266.4
LAO,1956,263.2
LAO,1957,260.1
LAO,1958,256.9
LAO,1959,253.8
LAO,1960,250.7
LAO,1961,248.2
LAO,1962,245.6
LAO,1963,243.1
LAO,1964,240.6
LAO,1965,238.2
LAO,1966,235.7
LAO,1967,233.3
LAO,1968,230.9
LAO,1969,228.5
LAO,1970,226.2
LAO,1971,223.9
LAO,1972,221.6
LAO,1973,219.3
LAO,1974,217.1
LAO,1975,214.8
LAO,1976,212.6
LAO,1977,210.5
LAO,1978,208.3
LAO,1979,204.2
LAO,1980,200.3
LAO,1981,196.6
LAO,1982,192.9
LAO,1983,189.2
LAO,1984,185.5
LAO,1985,181.8
LAO,1986,178.1
LAO,1987,174.3
LAO,1988,170.5
LAO,1989,166.4
LAO,1990,162.4
LAO,1991,158.2
LAO,1992,153.8
LAO,1993,149.3
LAO,1994,144.7
LAO,1995,140.1
LAO,1996,135.5
LAO,1997,130.9
LAO,1998,126.4
LAO,1999,122
LAO,2000,117.7
LAO,2001,113.4
LAO,2002,109.2
LAO,2003,105.1
LAO,2004,101.1
LAO,2005,97.2
LAO,2006,93.5
LAO,2007,89.8
LAO,2008,86.2
LAO,2009,82.8
LAO,2010,79.7
LAO,2011,76.7
LAO,2012,74
LAO,2013,71.3
LAO,2014,69.1
LAO,2015,66.7
LVA,1800,404.7
LVA,1801,404.7
LVA,1802,404.7
LVA,1803,404.7
LVA,1804,404.7
LVA,1805,404.7
LVA,1806,404.7
LVA,1807,404.7
LVA,1808,404.7
LVA,1809,404.7
LVA,1810,404.7
LVA,1811,404.7
LVA,1812,404.7
LVA,1813,404.7
LVA,1814,404.7
LVA,1815,404.7
LVA,1816,404.7
LVA,1817,404.7
LVA,1818,404.7
LVA,1819,404.7
LVA,1820,404.7
LVA,1821,404.7
LVA,1822,404.7
LVA,1823,404.7
LVA,1824,404.7
LVA,1825,404.7
LVA,1826,404.7
LVA,1827,404.7
LVA,1828,404.7
LVA,1829,404.7
LVA,1830,404.7
LVA,1831,404.7
LVA,1832,404.7
LVA,1833,404.7
LVA,1834,404.7
LVA,1835,404.7
LVA,1836,404.7
LVA,1837,404.7
LVA,1838,404.7
LVA,1839,404.7
LVA,1840,404.7
LVA,1841,404.7
LVA,1842,404.7
LVA,1843,404.7
LVA,1844,404.7
LVA,1845,404.7
LVA,1846,404.7
LVA,1847,404.7
LVA,1848,404.7
LVA,1849,404.7
LVA,1850,404.7
LVA,1851,404.7
LVA,1852,404.7
LVA,1853,404.7
LVA,1854,404.7
LVA,1855,404.7
LVA,1856,404.7
LVA,1857,404.7
LVA,1858,404.7
LVA,1859,404.7
LVA,1860,404.7
LVA,1861,400.9
LVA,1862,395.9
LVA,1863,392.2
LVA,1864,388.5
LVA,1865,383.7
LVA,1866,380
LVA,1867,376.4
LVA,1868,371.6
LVA,1869,368
LVA,1870,364.5
LVA,1871,359.8
LVA,1872,356.3
LVA,1873,352.8
LVA,1874,349.4
LVA,1875,344.8
LVA,1876,341.4
LVA,1877,338
LVA,1878,333.5
LVA,1879,330.1
LVA,1880,326.8
LVA,1881,322.4
LVA,1882,319.1
LVA,1883,315.9
LVA,1884,311.5
LVA,1885,308.3
LVA,1886,305.1
LVA,1887,300.8
LVA,1888,297.7
LVA,1889,294.6
LVA,1890,290.4
LVA,1891,287.3
LVA,1892,284.2
LVA,1893,280.1
LVA,1894,277
LVA,1895,274
LVA,1896,269.9
LVA,1897,266.8
LVA,1898,263.8
LVA,1899,260.6
LVA,1900,257.5
LVA,1901,254.4
LVA,1902,251.2
LVA,1903,248
LVA,1904,243.9
LVA,1905,240.7
LVA,1906,237.4
LVA,1907,234.2
LVA,1908,230.9
LVA,1909,227.7
LVA,1910,224.4
LVA,1911,221.2
LVA,1912,217.1
LVA,1913,213.9
LVA,1914,210.7
LVA,1915,207.6
LVA,1916,204.5
LVA,1917,201.4
LVA,1918,198.3
LVA,1919,195.3
LVA,1920,191.4
LVA,1921,188.4
LVA,1922,185.4
LVA,1923,182.5
LVA,1924,179.6
LVA,1925,175.9
LVA,1926,172.3
LVA,1927,168.7
LVA,1928,165.1
LVA,1929,161.6
LVA,1930,158.1
LVA,1931,154.7
LVA,1932,151.2
LVA,1933,147.9
LVA,1934,144.6
LVA,1935,141.3
LVA,1936,140.2
LVA,1937,139.1
LVA,1938,138
LVA,1939,137
LVA,1940,135.9
LVA,1941,134.8
LVA,1942,133.8
LVA,1943,132
LVA,1944,131
LVA,1945,129.9
LVA,1946,128.9
LVA,1947,127.9
LVA,1948,126.9
LVA,1949,125.9
LVA,1950,113.6
LVA,1951,102.6
LVA,1952,92.58
LVA,1953,83.57
LVA,1954,75.44
LVA,1955,68.1
LVA,1956,61.47
LVA,1957,55.49
LVA,1958,50.09
LVA,1959,45.22
LVA,1960,39.03
LVA,1961,34.65
LVA,1962,36.5
LVA,1963,36.97
LVA,1964,32.12
LVA,1965,28.18
LVA,1966,26.62
LVA,1967,27.4
LVA,1968,28.63
LVA,1969,26.95
LVA,1970,27.14
LVA,1971,23.8
LVA,1972,23.4
LVA,1973,23.3
LVA,1974,27.15
LVA,1975,29.35
LVA,1976,29.1
LVA,1977,26.02
LVA,1978,26.89
LVA,1979,25
LVA,1980,24.9
LVA,1981,24.7
LVA,1982,24.3
LVA,1983,23.6
LVA,1984,22.4
LVA,1985,21
LVA,1986,19.6
LVA,1987,18.6
LVA,1988,18.3
LVA,1989,19
LVA,1990,20.4
LVA,1991,22
LVA,1992,23.2
LVA,1993,23.8
LVA,1994,24
LVA,1995,23.7
LVA,1996,22.9
LVA,1997,21.6
LVA,1998,20.1
LVA,1999,18.6
LVA,2000,17.2
LVA,2001,16
LVA,2002,15.1
LVA,2003,14.3
LVA,2004,13.4
LVA,2005,12.5
LVA,2006,11.8
LVA,2007,11.1
LVA,2008,10.5
LVA,2009,9.9
LVA,2010,9.4
LVA,2011,9
LVA,2012,8.7
LVA,2013,8.4
LVA,2014,8.2
LVA,2015,7.9
LBN,1800,447.9
LBN,1801,447.9
LBN,1802,447.9
LBN,1803,447.9
LBN,1804,447.9
LBN,1805,447.9
LBN,1806,447.9
LBN,1807,447.9
LBN,1808,447.9
LBN,1809,447.9
LBN,1810,447.9
LBN,1811,447.9
LBN,1812,447.9
LBN,1813,447.9
LBN,1814,447.9
LBN,1815,447.9
LBN,1816,447.9
LBN,1817,447.9
LBN,1818,447.9
LBN,1819,447.9
LBN,1820,447.9
LBN,1821,447.9
LBN,1822,447.9
LBN,1823,447.9
LBN,1824,447.9
LBN,1825,447.9
LBN,1826,447.9
LBN,1827,447.9
LBN,1828,447.9
LBN,1829,447.9
LBN,1830,447.9
LBN,1831,447.9
LBN,1832,447.9
LBN,1833,447.9
LBN,1834,447.9
LBN,1835,447.9
LBN,1836,447.9
LBN,1837,447.9
LBN,1838,447.9
LBN,1839,447.9
LBN,1840,447.9
LBN,1841,447.9
LBN,1842,447.9
LBN,1843,447.9
LBN,1844,447.9
LBN,1845,447.9
LBN,1846,447.9
LBN,1847,447.9
LBN,1848,447.9
LBN,1849,447.9
LBN,1850,447.9
LBN,1851,447.9
LBN,1852,447.9
LBN,1853,447.9
LBN,1854,447.9
LBN,1855,447.9
LBN,1856,447.9
LBN,1857,447.9
LBN,1858,447.9
LBN,1859,447.9
LBN,1860,447.9
LBN,1861,447.9
LBN,1862,447.9
LBN,1863,447.9
LBN,1864,447.9
LBN,1865,447.9
LBN,1866,447.9
LBN,1867,447.9
LBN,1868,447.9
LBN,1869,447.9
LBN,1870,447.9
LBN,1871,447.9
LBN,1872,447.9
LBN,1873,447.9
LBN,1874,447.9
LBN,1875,447.9
LBN,1876,447.9
LBN,1877,447.9
LBN,1878,447.9
LBN,1879,447.9
LBN,1880,447.9
LBN,1881,447.9
LBN,1882,447.9
LBN,1883,447.9
LBN,1884,447.9
LBN,1885,447.9
LBN,1886,447.9
LBN,1887,447.9
LBN,1888,447.9
LBN,1889,447.9
LBN,1890,447.9
LBN,1891,447.9
LBN,1892,447.9
LBN,1893,447.9
LBN,1894,447.9
LBN,1895,447.8
LBN,1896,447.8
LBN,1897,447.6
LBN,1898,447.5
LBN,1899,447.2
LBN,1900,446.9
LBN,1901,446.5
LBN,1902,446.1
LBN,1903,445.5
LBN,1904,444.9
LBN,1905,444.3
LBN,1906,443.5
LBN,1907,442.7
LBN,1908,441.9
LBN,1909,440.9
LBN,1910,439.9
LBN,1911,438.9
LBN,1912,437.9
LBN,1913,436.8
LBN,1914,435.8
LBN,1915,434.7
LBN,1916,433.7
LBN,1917,432.6
LBN,1918,431.6
LBN,1919,430.5
LBN,1920,429.4
LBN,1921,428.4
LBN,1922,427.3
LBN,1923,426.2
LBN,1924,425.2
LBN,1925,424.1
LBN,1926,423.1
LBN,1927,422
LBN,1928,420.9
LBN,1929,419.9
LBN,1930,418.8
LBN,1931,417.7
LBN,1932,416.7
LBN,1933,415.6
LBN,1934,414.6
LBN,1935,413.5
LBN,1936,412.4
LBN,1937,411.4
LBN,1938,410.3
LBN,1939,409.2
LBN,1940,408.2
LBN,1941,371.4
LBN,1942,336.9
LBN,1943,304.6
LBN,1944,274.2
LBN,1945,246.5
LBN,1946,219.4
LBN,1947,200.2
LBN,1948,182.7
LBN,1949,166.8
LBN,1950,152.2
LBN,1951,138.9
LBN,1952,126.8
LBN,1953,115.7
LBN,1954,105.6
LBN,1955,96.42
LBN,1956,88
LBN,1957,85.4
LBN,1958,82.7
LBN,1959,80
LBN,1960,77.4
LBN,1961,75.1
LBN,1962,72.9
LBN,1963,70.9
LBN,1964,69.1
LBN,1965,67.6
LBN,1966,66.3
LBN,1967,65.2
LBN,1968,64.2
LBN,1969,63.4
LBN,1970,62.7
LBN,1971,61.9
LBN,1972,61.2
LBN,1973,60.5
LBN,1974,59.6
LBN,1975,58.6
LBN,1976,57.4
LBN,1977,56
LBN,1978,54.5
LBN,1979,52.9
LBN,1980,51.2
LBN,1981,49.4
LBN,1982,47.5
LBN,1983,45.6
LBN,1984,43.6
LBN,1985,41.6
LBN,1986,39.6
LBN,1987,37.7
LBN,1988,35.9
LBN,1989,34.1
LBN,1990,32.5
LBN,1991,31
LBN,1992,29.6
LBN,1993,28.3
LBN,1994,27
LBN,1995,25.8
LBN,1996,24.6
LBN,1997,23.5
LBN,1998,22.3
LBN,1999,21.2
LBN,2000,20
LBN,2001,18.8
LBN,2002,17.6
LBN,2003,16.4
LBN,2004,15.2
LBN,2005,14.1
LBN,2006,13
LBN,2007,12.1
LBN,2008,11.3
LBN,2009,10.7
LBN,2010,10.1
LBN,2011,9.7
LBN,2012,9.3
LBN,2013,8.9
LBN,2014,8.6
LBN,2015,8.3
LSO,1800,407.2
LSO,1801,407.2
LSO,1802,407.2
LSO,1803,407.2
LSO,1804,407.2
LSO,1805,407.2
LSO,1806,407.2
LSO,1807,407.2
LSO,1808,407.2
LSO,1809,407.2
LSO,1810,407.2
LSO,1811,407.2
LSO,1812,407.2
LSO,1813,407.2
LSO,1814,407.2
LSO,1815,407.2
LSO,1816,407.2
LSO,1817,407.2
LSO,1818,407.2
LSO,1819,407.2
LSO,1820,407.2
LSO,1821,407.2
LSO,1822,407.2
LSO,1823,407.2
LSO,1824,407.2
LSO,1825,407.2
LSO,1826,407.2
LSO,1827,407.2
LSO,1828,407.2
LSO,1829,407.2
LSO,1830,407.2
LSO,1831,407.2
LSO,1832,407.2
LSO,1833,407.2
LSO,1834,407.2
LSO,1835,407.2
LSO,1836,407.2
LSO,1837,407.2
LSO,1838,407.2
LSO,1839,407.2
LSO,1840,407.2
LSO,1841,407.2
LSO,1842,407.2
LSO,1843,407.2
LSO,1844,407.2
LSO,1845,407.2
LSO,1846,407.2
LSO,1847,407.2
LSO,1848,407.2
LSO,1849,407.2
LSO,1850,407.2
LSO,1851,407.2
LSO,1852,407.2
LSO,1853,407.2
LSO,1854,407.2
LSO,1855,407.2
LSO,1856,407.2
LSO,1857,407.2
LSO,1858,407.2
LSO,1859,407.2
LSO,1860,407.2
LSO,1861,407.2
LSO,1862,407.2
LSO,1863,407.2
LSO,1864,407.2
LSO,1865,407.2
LSO,1866,407.2
LSO,1867,407.2
LSO,1868,407.2
LSO,1869,407.2
LSO,1870,407.2
LSO,1871,407.2
LSO,1872,407.2
LSO,1873,407.2
LSO,1874,407.2
LSO,1875,407.2
LSO,1876,407.2
LSO,1877,407.2
LSO,1878,407.2
LSO,1879,407.2
LSO,1880,407.2
LSO,1881,407.2
LSO,1882,407.2
LSO,1883,407.2
LSO,1884,407.2
LSO,1885,407.2
LSO,1886,407.2
LSO,1887,407.2
LSO,1888,407.2
LSO,1889,407.2
LSO,1890,407.2
LSO,1891,407.2
LSO,1892,407.2
LSO,1893,407.2
LSO,1894,407.2
LSO,1895,407.2
LSO,1896,407.1
LSO,1897,407
LSO,1898,406.9
LSO,1899,406.6
LSO,1900,406.4
LSO,1901,406
LSO,1902,405.6
LSO,1903,405.1
LSO,1904,404.6
LSO,1905,404
LSO,1906,403.3
LSO,1907,402.6
LSO,1908,401.8
LSO,1909,400.9
LSO,1910,400
LSO,1911,399.1
LSO,1912,398.2
LSO,1913,396.7
LSO,1914,395.2
LSO,1915,393.8
LSO,1916,392.3
LSO,1917,390.8
LSO,1918,389.4
LSO,1919,387.9
LSO,1920,386.5
LSO,1921,385
LSO,1922,383.6
LSO,1923,382.1
LSO,1924,380.7
LSO,1925,379.2
LSO,1926,377.8
LSO,1927,376.3
LSO,1928,374.9
LSO,1929,373.5
LSO,1930,372
LSO,1931,370.6
LSO,1932,369.2
LSO,1933,367.8
LSO,1934,366.4
LSO,1935,364.9
LSO,1936,363.5
LSO,1937,362.1
LSO,1938,360.7
LSO,1939,359.3
LSO,1940,357.9
LSO,1941,346.1
LSO,1942,334.7
LSO,1943,323.6
LSO,1944,312.9
LSO,1945,302.6
LSO,1946,292.6
LSO,1947,283
LSO,1948,273.7
LSO,1949,264.6
LSO,1950,255.9
LSO,1951,244.3
LSO,1952,233.3
LSO,1953,226.2
LSO,1954,219.4
LSO,1955,212.9
LSO,1956,206.9
LSO,1957,201.5
LSO,1958,197.2
LSO,1959,193.8
LSO,1960,191.5
LSO,1961,190.2
LSO,1962,189.7
LSO,1963,189.7
LSO,1964,189.7
LSO,1965,189.5
LSO,1966,188.8
LSO,1967,187.1
LSO,1968,184.5
LSO,1969,181
LSO,1970,177
LSO,1971,172.9
LSO,1972,168.5
LSO,1973,163.9
LSO,1974,158.8
LSO,1975,153.3
LSO,1976,147.4
LSO,1977,141.2
LSO,1978,135
LSO,1979,128.7
LSO,1980,122.6
LSO,1981,116.7
LSO,1982,111.1
LSO,1983,105.9
LSO,1984,101.3
LSO,1985,97.2
LSO,1986,93.6
LSO,1987,90.4
LSO,1988,87.7
LSO,1989,85.4
LSO,1990,83.7
LSO,1991,82.8
LSO,1992,82.9
LSO,1993,84
LSO,1994,86.4
LSO,1995,89.6
LSO,1996,93
LSO,1997,96.4
LSO,1998,99.8
LSO,1999,102.9
LSO,2000,106
LSO,2001,108.6
LSO,2002,111.2
LSO,2003,113.8
LSO,2004,115.8
LSO,2005,117.3
LSO,2006,118.3
LSO,2007,115.6
LSO,2008,114.2
LSO,2009,105.7
LSO,2010,101.5
LSO,2011,98.5
LSO,2012,97.5
LSO,2013,98.9
LSO,2014,98.4
LSO,2015,97.1
LBR,1800,429.2
LBR,1801,429.2
LBR,1802,429.2
LBR,1803,429.2
LBR,1804,429.2
LBR,1805,429.2
LBR,1806,429.2
LBR,1807,429.2
LBR,1808,429.2
LBR,1809,429.2
LBR,1810,429.2
LBR,1811,429.2
LBR,1812,429.2
LBR,1813,429.2
LBR,1814,429.2
LBR,1815,429.2
LBR,1816,429.2
LBR,1817,429.2
LBR,1818,429.2
LBR,1819,429.2
LBR,1820,429.2
LBR,1821,429.2
LBR,1822,429.2
LBR,1823,429.2
LBR,1824,429.2
LBR,1825,429.2
LBR,1826,429.2
LBR,1827,429.2
LBR,1828,429.2
LBR,1829,429.2
LBR,1830,429.2
LBR,1831,429.2
LBR,1832,429.2
LBR,1833,429.2
LBR,1834,429.2
LBR,1835,429.2
LBR,1836,429.2
LBR,1837,429.2
LBR,1838,429.2
LBR,1839,429.2
LBR,1840,429.2
LBR,1841,429.2
LBR,1842,429.2
LBR,1843,429.2
LBR,1844,429.2
LBR,1845,429.2
LBR,1846,429.2
LBR,1847,429.2
LBR,1848,429.2
LBR,1849,429.2
LBR,1850,429.2
LBR,1851,429.2
LBR,1852,429.2
LBR,1853,429.2
LBR,1854,429.2
LBR,1855,429.2
LBR,1856,429.2
LBR,1857,429.2
LBR,1858,429.2
LBR,1859,429.2
LBR,1860,429.2
LBR,1861,429.2
LBR,1862,429.2
LBR,1863,429.2
LBR,1864,429.2
LBR,1865,429.2
LBR,1866,429.2
LBR,1867,429.2
LBR,1868,429.2
LBR,1869,429.2
LBR,1870,429.2
LBR,1871,429.2
LBR,1872,429.2
LBR,1873,429.2
LBR,1874,429.2
LBR,1875,429.2
LBR,1876,429.2
LBR,1877,429.2
LBR,1878,429.2
LBR,1879,429.2
LBR,1880,429.2
LBR,1881,429.2
LBR,1882,429.2
LBR,1883,429.2
LBR,1884,429.2
LBR,1885,429.2
LBR,1886,429.2
LBR,1887,429.2
LBR,1888,429.2
LBR,1889,429.2
LBR,1890,429.2
LBR,1891,429.2
LBR,1892,429.2
LBR,1893,429.2
LBR,1894,429.1
LBR,1895,429.1
LBR,1896,429.1
LBR,1897,428.9
LBR,1898,428.8
LBR,1899,428.5
LBR,1900,428.2
LBR,1901,427.9
LBR,1902,427.4
LBR,1903,426.9
LBR,1904,426.4
LBR,1905,425.7
LBR,1906,425
LBR,1907,424.2
LBR,1908,423.4
LBR,1909,422.5
LBR,1910,421.6
LBR,1911,420.6
LBR,1912,419.6
LBR,1913,418.6
LBR,1914,417.6
LBR,1915,415.6
LBR,1916,413.6
LBR,1917,411.6
LBR,1918,409.7
LBR,1919,407.7
LBR,1920,405.7
LBR,1921,403.8
LBR,1922,401.8
LBR,1923,399.9
LBR,1924,397.9
LBR,1925,396
LBR,1926,394.1
LBR,1927,392.1
LBR,1928,390.2
LBR,1929,388.3
LBR,1930,386.4
LBR,1931,384.5
LBR,1932,382.6
LBR,1933,380.7
LBR,1934,378.8
LBR,1935,376.9
LBR,1936,375
LBR,1937,373.1
LBR,1938,371.2
LBR,1939,369.4
LBR,1940,367.5
LBR,1941,365.6
LBR,1942,363.8
LBR,1943,361.9
LBR,1944,360.1
LBR,1945,358.2
LBR,1946,353.2
LBR,1947,347.6
LBR,1948,342.1
LBR,1949,336.7
LBR,1950,331.3
LBR,1951,326.1
LBR,1952,320.9
LBR,1953,315.8
LBR,1954,310.8
LBR,1955,311.4
LBR,1956,313.2
LBR,1957,314.1
LBR,1958,315
LBR,1959,315.7
LBR,1960,316.3
LBR,1961,316.4
LBR,1962,315.4
LBR,1963,314
LBR,1964,311.7
LBR,1965,308.8
LBR,1966,305.6
LBR,1967,301.4
LBR,1968,296.8
LBR,1969,291.6
LBR,1970,286.3
LBR,1971,281.2
LBR,1972,276.2
LBR,1973,271.3
LBR,1974,266.1
LBR,1975,261.2
LBR,1976,256.8
LBR,1977,252.3
LBR,1978,248.4
LBR,1979,244.6
LBR,1980,241.1
LBR,1981,238
LBR,1982,235.6
LBR,1983,234
LBR,1984,233.7
LBR,1985,235
LBR,1986,237.8
LBR,1987,242.1
LBR,1988,246.9
LBR,1989,251.5
LBR,1990,255
LBR,1991,256.7
LBR,1992,255.4
LBR,1993,251.6
LBR,1994,245.5
LBR,1995,237.4
LBR,1996,227.7
LBR,1997,217.1
LBR,1998,205.8
LBR,1999,193.9
LBR,2000,181.8
LBR,2001,169.7
LBR,2002,157.6
LBR,2003,145.9
LBR,2004,134.8
LBR,2005,124.7
LBR,2006,115.7
LBR,2007,107.8
LBR,2008,100.9
LBR,2009,94.7
LBR,2010,89.3
LBR,2011,84.5
LBR,2012,80.3
LBR,2013,76.3
LBR,2014,72.9
LBR,2015,69.9
LBY,1800,404.7
LBY,1801,404.7
LBY,1802,404.7
LBY,1803,404.7
LBY,1804,404.7
LBY,1805,404.7
LBY,1806,404.7
LBY,1807,404.7
LBY,1808,404.7
LBY,1809,404.7
LBY,1810,404.7
LBY,1811,404.7
LBY,1812,404.7
LBY,1813,404.7
LBY,1814,404.7
LBY,1815,404.7
LBY,1816,404.7
LBY,1817,404.7
LBY,1818,404.7
LBY,1819,404.7
LBY,1820,404.7
LBY,1821,404.7
LBY,1822,404.7
LBY,1823,404.7
LBY,1824,404.7
LBY,1825,404.7
LBY,1826,404.7
LBY,1827,404.7
LBY,1828,404.7
LBY,1829,404.7
LBY,1830,404.7
LBY,1831,404.7
LBY,1832,404.7
LBY,1833,404.7
LBY,1834,404.7
LBY,1835,404.7
LBY,1836,404.7
LBY,1837,404.7
LBY,1838,404.7
LBY,1839,404.7
LBY,1840,404.7
LBY,1841,404.7
LBY,1842,404.7
LBY,1843,404.7
LBY,1844,404.7
LBY,1845,404.7
LBY,1846,404.7
LBY,1847,404.7
LBY,1848,404.7
LBY,1849,404.7
LBY,1850,404.7
LBY,1851,404.7
LBY,1852,404.7
LBY,1853,404.7
LBY,1854,404.7
LBY,1855,404.7
LBY,1856,404.7
LBY,1857,404.7
LBY,1858,404.7
LBY,1859,404.7
LBY,1860,404.7
LBY,1861,404.7
LBY,1862,404.7
LBY,1863,404.7
LBY,1864,404.7
LBY,1865,404.7
LBY,1866,404.7
LBY,1867,404.7
LBY,1868,404.7
LBY,1869,404.7
LBY,1870,404.7
LBY,1871,404.7
LBY,1872,404.7
LBY,1873,404.7
LBY,1874,404.7
LBY,1875,404.7
LBY,1876,404.7
LBY,1877,404.7
LBY,1878,404.7
LBY,1879,404.7
LBY,1880,404.7
LBY,1881,404.7
LBY,1882,404.7
LBY,1883,404.7
LBY,1884,404.7
LBY,1885,404.7
LBY,1886,404.7
LBY,1887,404.7
LBY,1888,404.7
LBY,1889,404.7
LBY,1890,404.7
LBY,1891,404.7
LBY,1892,404.7
LBY,1893,404.7
LBY,1894,404.7
LBY,1895,404.6
LBY,1896,404.6
LBY,1897,404.5
LBY,1898,404.3
LBY,1899,404.1
LBY,1900,403.8
LBY,1901,403.5
LBY,1902,403.1
LBY,1903,402.6
LBY,1904,402
LBY,1905,401.4
LBY,1906,400.8
LBY,1907,400.1
LBY,1908,399.3
LBY,1909,398.4
LBY,1910,397.5
LBY,1911,396.6
LBY,1912,395.7
LBY,1913,394.7
LBY,1914,393.8
LBY,1915,392.8
LBY,1916,391.9
LBY,1917,390.9
LBY,1918,389.8
LBY,1919,388.8
LBY,1920,387.8
LBY,1921,386.8
LBY,1922,385.8
LBY,1923,384.8
LBY,1924,383.8
LBY,1925,382.7
LBY,1926,381.7
LBY,1927,380.7
LBY,1928,379.7
LBY,1929,378.7
LBY,1930,377.7
LBY,1931,376.6
LBY,1932,375.6
LBY,1933,374.6
LBY,1934,373.6
LBY,1935,372.6
LBY,1936,371.6
LBY,1937,370.6
LBY,1938,369.6
LBY,1939,368.6
LBY,1940,367.6
LBY,1941,367.4
LBY,1942,367.2
LBY,1943,367
LBY,1944,366.8
LBY,1945,366.6
LBY,1946,366.3
LBY,1947,366.1
LBY,1948,365.9
LBY,1949,365.7
LBY,1950,365.5
LBY,1951,365.3
LBY,1952,365.1
LBY,1953,364.9
LBY,1954,364.7
LBY,1955,364.5
LBY,1956,364.3
LBY,1957,341.7
LBY,1958,320.3
LBY,1959,300.3
LBY,1960,281.5
LBY,1961,263.4
LBY,1962,246.7
LBY,1963,230.7
LBY,1964,215.2
LBY,1965,200.6
LBY,1966,186.6
LBY,1967,173.2
LBY,1968,160.5
LBY,1969,148.7
LBY,1970,137.8
LBY,1971,127.6
LBY,1972,118.3
LBY,1973,109.9
LBY,1974,102.3
LBY,1975,95.5
LBY,1976,89.4
LBY,1977,84
LBY,1978,79.1
LBY,1979,74.8
LBY,1980,70.8
LBY,1981,67.2
LBY,1982,63.7
LBY,1983,60.5
LBY,1984,57.3
LBY,1985,54.4
LBY,1986,51.6
LBY,1987,48.9
LBY,1988,46.3
LBY,1989,43.9
LBY,1990,41.6
LBY,1991,39.5
LBY,1992,37.6
LBY,1993,35.9
LBY,1994,34.4
LBY,1995,33.1
LBY,1996,31.9
LBY,1997,30.8
LBY,1998,29.9
LBY,1999,29
LBY,2000,28.1
LBY,2001,27.3
LBY,2002,26.5
LBY,2003,25.5
LBY,2004,24.4
LBY,2005,23.1
LBY,2006,21.7
LBY,2007,20.2
LBY,2008,18.8
LBY,2009,17.6
LBY,2010,16.6
LBY,2011,17.6
LBY,2012,15.1
LBY,2013,14.5
LBY,2014,13.9
LBY,2015,13.4
LTU,1800,458.8
LTU,1801,458.8
LTU,1802,458.8
LTU,1803,458.8
LTU,1804,458.8
LTU,1805,458.8
LTU,1806,458.8
LTU,1807,458.8
LTU,1808,458.8
LTU,1809,458.8
LTU,1810,458.8
LTU,1811,458.8
LTU,1812,458.8
LTU,1813,458.8
LTU,1814,458.8
LTU,1815,458.8
LTU,1816,458.8
LTU,1817,458.8
LTU,1818,458.8
LTU,1819,458.8
LTU,1820,458.8
LTU,1821,458.8
LTU,1822,458.8
LTU,1823,458.8
LTU,1824,458.8
LTU,1825,458.8
LTU,1826,458.8
LTU,1827,458.8
LTU,1828,458.8
LTU,1829,458.8
LTU,1830,458.8
LTU,1831,458.8
LTU,1832,458.8
LTU,1833,458.8
LTU,1834,458.8
LTU,1835,458.8
LTU,1836,458.8
LTU,1837,458.8
LTU,1838,458.8
LTU,1839,458.8
LTU,1840,458.8
LTU,1841,458.8
LTU,1842,458.8
LTU,1843,458.8
LTU,1844,458.8
LTU,1845,458.8
LTU,1846,458.8
LTU,1847,458.8
LTU,1848,458.8
LTU,1849,458.8
LTU,1850,458.8
LTU,1851,458.8
LTU,1852,458.8
LTU,1853,458.8
LTU,1854,458.8
LTU,1855,458.8
LTU,1856,458.8
LTU,1857,458.8
LTU,1858,458.8
LTU,1859,458.8
LTU,1860,458.8
LTU,1861,458.8
LTU,1862,458.8
LTU,1863,458.8
LTU,1864,458.8
LTU,1865,458.8
LTU,1866,458.8
LTU,1867,458.8
LTU,1868,458.8
LTU,1869,458.8
LTU,1870,458.8
LTU,1871,453.3
LTU,1872,446.5
LTU,1873,441.1
LTU,1874,435.8
LTU,1875,430.5
LTU,1876,423.9
LTU,1877,418.7
LTU,1878,413.6
LTU,1879,408.5
LTU,1880,402.2
LTU,1881,397.2
LTU,1882,392.2
LTU,1883,387.3
LTU,1884,381.2
LTU,1885,376.4
LTU,1886,371.6
LTU,1887,365.7
LTU,1888,361
LTU,1889,356.3
LTU,1890,351.7
LTU,1891,345.9
LTU,1892,341.4
LTU,1893,336.9
LTU,1894,332.4
LTU,1895,326.8
LTU,1896,322.3
LTU,1897,317.9
LTU,1898,313.4
LTU,1899,307.9
LTU,1900,303.4
LTU,1901,298.9
LTU,1902,295.4
LTU,1903,290.9
LTU,1904,287.4
LTU,1905,282.9
LTU,1906,279.4
LTU,1907,274.9
LTU,1908,271.3
LTU,1909,266.8
LTU,1910,263.2
LTU,1911,258.7
LTU,1912,255.2
LTU,1913,250.8
LTU,1914,247.3
LTU,1915,242.9
LTU,1916,239.6
LTU,1917,235.3
LTU,1918,231.9
LTU,1919,227.7
LTU,1920,224.5
LTU,1921,220.3
LTU,1922,217.2
LTU,1923,213.1
LTU,1924,209.9
LTU,1925,206
LTU,1926,201.2
LTU,1927,196.5
LTU,1928,191
LTU,1929,186.4
LTU,1930,181.8
LTU,1931,177.3
LTU,1932,172.1
LTU,1933,167.7
LTU,1934,163.4
LTU,1935,159.2
LTU,1936,155
LTU,1937,150.1
LTU,1938,146
LTU,1939,142
LTU,1940,138
LTU,1941,133.4
LTU,1942,129.6
LTU,1943,125.8
LTU,1944,122
LTU,1945,118.3
LTU,1946,114.1
LTU,1947,110.5
LTU,1948,107
LTU,1949,103.5
LTU,1950,99.07
LTU,1951,94.83
LTU,1952,90.77
LTU,1953,86.89
LTU,1954,83.17
LTU,1955,79.61
LTU,1956,76.2
LTU,1957,72.94
LTU,1958,69.82
LTU,1959,66.83
LTU,1960,48.54
LTU,1961,45.3
LTU,1962,45.25
LTU,1963,43.42
LTU,1964,37.22
LTU,1965,32.28
LTU,1966,30.33
LTU,1967,29.9
LTU,1968,28.9
LTU,1969,27.4
LTU,1970,25.4
LTU,1971,23.5
LTU,1972,22.8
LTU,1973,23.5
LTU,1974,24.6
LTU,1975,25.1
LTU,1976,24.9
LTU,1977,24.4
LTU,1978,23.9
LTU,1979,23.3
LTU,1980,22.5
LTU,1981,21.8
LTU,1982,21.2
LTU,1983,20.6
LTU,1984,20
LTU,1985,19.1
LTU,1986,18
LTU,1987,16.8
LTU,1988,15.8
LTU,1989,15.5
LTU,1990,16.5
LTU,1991,18.4
LTU,1992,19.8
LTU,1993,19.7
LTU,1994,18.4
LTU,1995,16.6
LTU,1996,14.8
LTU,1997,13.5
LTU,1998,12.8
LTU,1999,12.3
LTU,2000,11.8
LTU,2001,11.3
LTU,2002,10.9
LTU,2003,10.6
LTU,2004,10.3
LTU,2005,9.9
LTU,2006,9.4
LTU,2007,8.8
LTU,2008,8.2
LTU,2009,7.4
LTU,2010,6.8
LTU,2011,6.1
LTU,2012,5.5
LTU,2013,4.9
LTU,2014,4.4
LTU,2015,4
LUX,1800,357.4
LUX,1801,357.4
LUX,1802,357.4
LUX,1803,357.4
LUX,1804,357.4
LUX,1805,357.4
LUX,1806,357.4
LUX,1807,357.4
LUX,1808,357.4
LUX,1809,357.4
LUX,1810,357.4
LUX,1811,357.4
LUX,1812,357.4
LUX,1813,357.4
LUX,1814,357.4
LUX,1815,357.4
LUX,1816,357.4
LUX,1817,357.4
LUX,1818,357.4
LUX,1819,357.4
LUX,1820,357.4
LUX,1821,357.4
LUX,1822,357.4
LUX,1823,357.4
LUX,1824,357.4
LUX,1825,357.4
LUX,1826,357.4
LUX,1827,357.4
LUX,1828,357.4
LUX,1829,357.4
LUX,1830,357.4
LUX,1831,357.4
LUX,1832,357.4
LUX,1833,357.4
LUX,1834,357.4
LUX,1835,357.4
LUX,1836,357.4
LUX,1837,357.4
LUX,1838,357.4
LUX,1839,357.4
LUX,1840,357.4
LUX,1841,357.4
LUX,1842,357.4
LUX,1843,357.4
LUX,1844,357.4
LUX,1845,357.4
LUX,1846,357.4
LUX,1847,357.4
LUX,1848,357.4
LUX,1849,357.4
LUX,1850,357.4
LUX,1851,357.4
LUX,1852,357.4
LUX,1853,357.4
LUX,1854,357.4
LUX,1855,357.4
LUX,1856,357.4
LUX,1857,357.4
LUX,1858,357.4
LUX,1859,357.4
LUX,1860,357.4
LUX,1861,357.4
LUX,1862,357.4
LUX,1863,357.4
LUX,1864,357.4
LUX,1865,357.4
LUX,1866,357.4
LUX,1867,357.4
LUX,1868,357.4
LUX,1869,357.4
LUX,1870,357.4
LUX,1871,357.4
LUX,1872,357.4
LUX,1873,357.4
LUX,1874,357.4
LUX,1875,357.4
LUX,1876,357.4
LUX,1877,357.4
LUX,1878,357.4
LUX,1879,357.4
LUX,1880,351.7
LUX,1881,345.9
LUX,1882,340.2
LUX,1883,334.6
LUX,1884,329
LUX,1885,323.5
LUX,1886,318
LUX,1887,312.6
LUX,1888,307.2
LUX,1889,301.9
LUX,1890,296.6
LUX,1891,291.4
LUX,1892,286.2
LUX,1893,281.1
LUX,1894,275
LUX,1895,269.9
LUX,1896,264.9
LUX,1897,259.9
LUX,1898,254.9
LUX,1899,249.9
LUX,1900,244.9
LUX,1901,239.9
LUX,1902,238.8
LUX,1903,249.9
LUX,1904,270.2
LUX,1905,256
LUX,1906,251.7
LUX,1907,228.6
LUX,1908,251.7
LUX,1909,238.8
LUX,1910,220.8
LUX,1911,251
LUX,1912,227
LUX,1913,214.8
LUX,1914,215.1
LUX,1915,202.4
LUX,1916,214.1
LUX,1917,232.5
LUX,1918,286.9
LUX,1919,262.4
LUX,1920,174.1
LUX,1921,160.9
LUX,1922,167.6
LUX,1923,172
LUX,1924,155.1
LUX,1925,170.3
LUX,1926,181.2
LUX,1927,160.8
LUX,1928,164.3
LUX,1929,185.5
LUX,1930,152.7
LUX,1931,146.3
LUX,1932,152.7
LUX,1933,140.4
LUX,1934,128.6
LUX,1935,133.9
LUX,1936,119
LUX,1937,119.3
LUX,1938,132.2
LUX,1939,123.5
LUX,1940,113
LUX,1941,125.5
LUX,1942,137.1
LUX,1943,166.3
LUX,1944,218.6
LUX,1945,204.5
LUX,1946,113.2
LUX,1947,103.2
LUX,1948,94.26
LUX,1949,92.17
LUX,1950,89.53
LUX,1951,82.04
LUX,1952,75.17
LUX,1953,68.88
LUX,1954,63.12
LUX,1955,57.84
LUX,1956,53
LUX,1957,48.56
LUX,1958,44.5
LUX,1959,40.78
LUX,1960,37.36
LUX,1961,32.13
LUX,1962,35.82
LUX,1963,33.43
LUX,1964,29.2
LUX,1965,28.1
LUX,1966,27
LUX,1967,25.9
LUX,1968,24.7
LUX,1969,23.6
LUX,1970,22.4
LUX,1971,21.1
LUX,1972,20
LUX,1973,18.8
LUX,1974,17.7
LUX,1975,16.7
LUX,1976,15.8
LUX,1977,15.1
LUX,1978,14.4
LUX,1979,13.8
LUX,1980,13.3
LUX,1981,12.9
LUX,1982,12.5
LUX,1983,12
LUX,1984,11.6
LUX,1985,11.2
LUX,1986,10.7
LUX,1987,10.2
LUX,1988,9.8
LUX,1989,9.3
LUX,1990,8.8
LUX,1991,8.3
LUX,1992,7.7
LUX,1993,7.3
LUX,1994,6.8
LUX,1995,6.4
LUX,1996,6
LUX,1997,5.7
LUX,1998,5.4
LUX,1999,5.1
LUX,2000,4.8
LUX,2001,4.6
LUX,2002,4.3
LUX,2003,4.1
LUX,2004,3.8
LUX,2005,3.5
LUX,2006,3.3
LUX,2007,3
LUX,2008,2.8
LUX,2009,2.6
LUX,2010,2.4
LUX,2011,2.3
LUX,2012,2.1
LUX,2013,2
LUX,2014,2
LUX,2015,1.9
MAC,1980,25.41
MAC,1981,24.24
MAC,1982,23.12
MAC,1983,22.05
MAC,1984,21.03
MAC,1985,20.05
MAC,1986,19.12
MAC,1987,18.23
MAC,1988,17.39
MAC,1989,16.58
MAC,1990,15.81
MAC,1991,15.08
MAC,1992,14.37
MAC,1993,13.71
MAC,1994,13.07
MAC,1995,12.46
MAC,1996,11.88
MAC,1997,11.33
MAC,1998,10.8
MAC,1999,10.3
MAC,2000,9.82
MAC,2001,9.36
MAC,2002,8.92
MAC,2003,8.51
MAC,2004,8.11
MAC,2005,7.73
MAC,2006,7.37
MAC,2007,7.04
MAC,2008,6.72
MAC,2009,6.42
MAC,2010,6.14
MAC,2011,5.86
MAC,2012,5.59
MAC,2013,5.33
MAC,2014,5.07
MAC,2015,4.81
MKD,1800,396.8
MKD,1801,396.6
MKD,1802,396.5
MKD,1803,396.3
MKD,1804,396.2
MKD,1805,396
MKD,1806,395.9
MKD,1807,395.7
MKD,1808,395.6
MKD,1809,395.4
MKD,1810,395.3
MKD,1811,395.1
MKD,1812,395
MKD,1813,394.8
MKD,1814,394.7
MKD,1815,394.5
MKD,1816,394.4
MKD,1817,394.2
MKD,1818,394.1
MKD,1819,393.9
MKD,1820,393.8
MKD,1821,393.6
MKD,1822,393.5
MKD,1823,393.3
MKD,1824,393.2
MKD,1825,393
MKD,1826,392.9
MKD,1827,392.7
MKD,1828,392.6
MKD,1829,392.4
MKD,1830,392.3
MKD,1831,392.1
MKD,1832,392
MKD,1833,391.8
MKD,1834,391.7
MKD,1835,391.5
MKD,1836,391.4
MKD,1837,391.2
MKD,1838,391.1
MKD,1839,390.9
MKD,1840,390.8
MKD,1841,390.6
MKD,1842,390.5
MKD,1843,390.3
MKD,1844,390.2
MKD,1845,390
MKD,1846,389.9
MKD,1847,389.7
MKD,1848,389.6
MKD,1849,389.4
MKD,1850,389.3
MKD,1851,389.1
MKD,1852,389
MKD,1853,388.8
MKD,1854,388.7
MKD,1855,388.5
MKD,1856,388.4
MKD,1857,388.2
MKD,1858,388.1
MKD,1859,387.9
MKD,1860,387.8
MKD,1861,387.6
MKD,1862,387.5
MKD,1863,387.3
MKD,1864,387.2
MKD,1865,387
MKD,1866,386.9
MKD,1867,386.8
MKD,1868,386.6
MKD,1869,386.4
MKD,1870,386.3
MKD,1871,386.2
MKD,1872,386
MKD,1873,385.9
MKD,1874,385.7
MKD,1875,385.6
MKD,1876,385.4
MKD,1877,385.3
MKD,1878,385.1
MKD,1879,385
MKD,1880,384.8
MKD,1881,384.7
MKD,1882,384.5
MKD,1883,384.4
MKD,1884,384.2
MKD,1885,384.1
MKD,1886,383.9
MKD,1887,383.8
MKD,1888,383.6
MKD,1889,383.5
MKD,1890,383.4
MKD,1891,383.2
MKD,1892,383.1
MKD,1893,382.9
MKD,1894,382.8
MKD,1895,382.6
MKD,1896,382.5
MKD,1897,382.3
MKD,1898,382.2
MKD,1899,382
MKD,1900,381.9
MKD,1901,378.6
MKD,1902,375.3
MKD,1903,372
MKD,1904,368.8
MKD,1905,365.6
MKD,1906,362.4
MKD,1907,359.3
MKD,1908,356.2
MKD,1909,353.1
MKD,1910,350
MKD,1911,347
MKD,1912,343.9
MKD,1913,341
MKD,1914,338
MKD,1915,335.1
MKD,1916,332.2
MKD,1917,329.3
MKD,1918,326.4
MKD,1919,323.6
MKD,1920,320.8
MKD,1921,318
MKD,1922,315.2
MKD,1923,312.5
MKD,1924,309.8
MKD,1925,307.1
MKD,1926,304.4
MKD,1927,301.8
MKD,1928,299.1
MKD,1929,296.6
MKD,1930,294
MKD,1931,291.4
MKD,1932,283.6
MKD,1933,275.9
MKD,1934,268.5
MKD,1935,261.3
MKD,1936,254.2
MKD,1937,247.4
MKD,1938,240.7
MKD,1939,234.2
MKD,1940,227.9
MKD,1941,221.8
MKD,1942,215.8
MKD,1943,210
MKD,1944,204.3
MKD,1945,198.8
MKD,1946,193.4
MKD,1947,188.2
MKD,1948,183.1
MKD,1949,178.2
MKD,1950,173.4
MKD,1951,174.6
MKD,1952,175.9
MKD,1953,177.2
MKD,1954,178.5
MKD,1955,179.8
MKD,1956,181.1
MKD,1957,182.4
MKD,1958,183.7
MKD,1959,185.1
MKD,1960,186.4
MKD,1961,178.7
MKD,1962,171.3
MKD,1963,164.2
MKD,1964,157.4
MKD,1965,150.9
MKD,1966,144.7
MKD,1967,138.7
MKD,1968,133
MKD,1969,127.5
MKD,1970,122.2
MKD,1971,113.9
MKD,1972,106.2
MKD,1973,99.02
MKD,1974,92.32
MKD,1975,86.06
MKD,1976,80.23
MKD,1977,74.8
MKD,1978,69.73
MKD,1979,65.01
MKD,1980,61.99
MKD,1981,56.5
MKD,1982,55
MKD,1983,53
MKD,1984,50.8
MKD,1985,49.5
MKD,1986,48.8
MKD,1987,47.3
MKD,1988,43.9
MKD,1989,39.7
MKD,1990,36.6
MKD,1991,35
MKD,1992,33.5
MKD,1993,31.1
MKD,1994,27.8
MKD,1995,24.6
MKD,1996,21.8
MKD,1997,19.6
MKD,1998,18.1
MKD,1999,16.9
MKD,2000,16
MKD,2001,15.2
MKD,2002,14.5
MKD,2003,14.2
MKD,2004,14
MKD,2005,13.7
MKD,2006,13.2
MKD,2007,12.5
MKD,2008,11.8
MKD,2009,11
MKD,2010,9.9
MKD,2011,8.6
MKD,2012,7.4
MKD,2013,6.6
MKD,2014,6
MKD,2015,5.5
MDG,1800,437.1
MDG,1801,437.1
MDG,1802,437.1
MDG,1803,437.1
MDG,1804,437.1
MDG,1805,437.1
MDG,1806,437.1
MDG,1807,437.1
MDG,1808,437.1
MDG,1809,437.1
MDG,1810,437.1
MDG,1811,437.1
MDG,1812,437.1
MDG,1813,437.1
MDG,1814,437.1
MDG,1815,437.1
MDG,1816,437.1
MDG,1817,437.1
MDG,1818,437.1
MDG,1819,437.1
MDG,1820,437.1
MDG,1821,437.1
MDG,1822,437.1
MDG,1823,437.1
MDG,1824,437.1
MDG,1825,437.1
MDG,1826,437.1
MDG,1827,437.1
MDG,1828,437.1
MDG,1829,437.1
MDG,1830,437.1
MDG,1831,437.1
MDG,1832,437.1
MDG,1833,437.1
MDG,1834,437.1
MDG,1835,437.1
MDG,1836,437.1
MDG,1837,437.1
MDG,1838,437.1
MDG,1839,437.1
MDG,1840,437.1
MDG,1841,437.1
MDG,1842,437.1
MDG,1843,437.1
MDG,1844,437.1
MDG,1845,437.1
MDG,1846,437.1
MDG,1847,437.1
MDG,1848,437.1
MDG,1849,437.1
MDG,1850,437.1
MDG,1851,437.1
MDG,1852,437.1
MDG,1853,437.1
MDG,1854,437.1
MDG,1855,437.1
MDG,1856,437.1
MDG,1857,437.1
MDG,1858,437.1
MDG,1859,437.1
MDG,1860,437.1
MDG,1861,437.1
MDG,1862,437.1
MDG,1863,437.1
MDG,1864,437.1
MDG,1865,437.1
MDG,1866,437.1
MDG,1867,437.1
MDG,1868,437.1
MDG,1869,437.1
MDG,1870,437.1
MDG,1871,437.1
MDG,1872,437.1
MDG,1873,437.1
MDG,1874,437.1
MDG,1875,437.1
MDG,1876,437.1
MDG,1877,437.1
MDG,1878,437.1
MDG,1879,437.1
MDG,1880,437.1
MDG,1881,437.1
MDG,1882,437.1
MDG,1883,437.1
MDG,1884,437.1
MDG,1885,437.1
MDG,1886,437.1
MDG,1887,437.1
MDG,1888,437.1
MDG,1889,437.1
MDG,1890,437.1
MDG,1891,437.1
MDG,1892,437.1
MDG,1893,437.1
MDG,1894,437.1
MDG,1895,437.1
MDG,1896,437
MDG,1897,436.9
MDG,1898,436.7
MDG,1899,436.5
MDG,1900,436.2
MDG,1901,435.8
MDG,1902,435.4
MDG,1903,434.9
MDG,1904,434.3
MDG,1905,433.6
MDG,1906,432.9
MDG,1907,432.1
MDG,1908,431.3
MDG,1909,430.3
MDG,1910,429.4
MDG,1911,428.4
MDG,1912,427.4
MDG,1913,426.4
MDG,1914,425.3
MDG,1915,424.3
MDG,1916,423.3
MDG,1917,422.2
MDG,1918,421.2
MDG,1919,420.2
MDG,1920,419.2
MDG,1921,418.1
MDG,1922,417.1
MDG,1923,416.1
MDG,1924,415.1
MDG,1925,414.1
MDG,1926,413
MDG,1927,412
MDG,1928,411
MDG,1929,408.4
MDG,1930,405.9
MDG,1931,403.3
MDG,1932,400.8
MDG,1933,398.2
MDG,1934,395.7
MDG,1935,393.2
MDG,1936,390.7
MDG,1937,388.2
MDG,1938,385.7
MDG,1939,383.2
MDG,1940,380.7
MDG,1941,378.3
MDG,1942,375.8
MDG,1943,373.4
MDG,1944,370.9
MDG,1945,368.5
MDG,1946,355
MDG,1947,343
MDG,1948,330.3
MDG,1949,317.9
MDG,1950,306.9
MDG,1951,301.9
MDG,1952,295.1
MDG,1953,288
MDG,1954,281.6
MDG,1955,274.1
MDG,1956,260.6
MDG,1957,247.8
MDG,1958,235.6
MDG,1959,224
MDG,1960,213
MDG,1961,202.5
MDG,1962,192.6
MDG,1963,183.1
MDG,1964,174
MDG,1965,165.5
MDG,1966,159.8
MDG,1967,153.9
MDG,1968,148.6
MDG,1969,150.2
MDG,1970,151.9
MDG,1971,153.7
MDG,1972,155.7
MDG,1973,158.2
MDG,1974,161
MDG,1975,163.5
MDG,1976,165.9
MDG,1977,168
MDG,1978,170.1
MDG,1979,172.2
MDG,1980,174.6
MDG,1981,177.6
MDG,1982,180.3
MDG,1983,182.4
MDG,1984,183.1
MDG,1985,182.4
MDG,1986,180.1
MDG,1987,176.5
MDG,1988,171.7
MDG,1989,166.2
MDG,1990,160.7
MDG,1991,155.8
MDG,1992,151.3
MDG,1993,147.1
MDG,1994,142.9
MDG,1995,138.4
MDG,1996,133.4
MDG,1997,127.7
MDG,1998,121.7
MDG,1999,115.5
MDG,2000,109.2
MDG,2001,103.1
MDG,2002,97.2
MDG,2003,91.5
MDG,2004,85.9
MDG,2005,80.6
MDG,2006,75.4
MDG,2007,70.8
MDG,2008,66.7
MDG,2009,63.3
MDG,2010,60.3
MDG,2011,57.8
MDG,2012,55.5
MDG,2013,53.4
MDG,2014,51.5
MDG,2015,49.6
MWI,1800,439.8
MWI,1801,439.8
MWI,1802,439.8
MWI,1803,439.8
MWI,1804,439.8
MWI,1805,439.8
MWI,1806,439.8
MWI,1807,439.8
MWI,1808,439.8
MWI,1809,439.8
MWI,1810,439.8
MWI,1811,439.8
MWI,1812,439.8
MWI,1813,439.8
MWI,1814,439.8
MWI,1815,439.8
MWI,1816,439.8
MWI,1817,439.8
MWI,1818,439.8
MWI,1819,439.8
MWI,1820,439.8
MWI,1821,439.8
MWI,1822,439.8
MWI,1823,439.8
MWI,1824,439.8
MWI,1825,439.8
MWI,1826,439.8
MWI,1827,439.8
MWI,1828,439.8
MWI,1829,439.8
MWI,1830,439.8
MWI,1831,439.8
MWI,1832,439.8
MWI,1833,439.8
MWI,1834,439.8
MWI,1835,439.8
MWI,1836,439.8
MWI,1837,439.8
MWI,1838,439.8
MWI,1839,439.8
MWI,1840,439.8
MWI,1841,439.8
MWI,1842,439.8
MWI,1843,439.8
MWI,1844,439.8
MWI,1845,439.8
MWI,1846,439.8
MWI,1847,439.8
MWI,1848,439.8
MWI,1849,439.8
MWI,1850,439.8
MWI,1851,439.8
MWI,1852,439.8
MWI,1853,439.8
MWI,1854,439.8
MWI,1855,439.8
MWI,1856,439.8
MWI,1857,439.8
MWI,1858,439.8
MWI,1859,439.8
MWI,1860,439.8
MWI,1861,439.8
MWI,1862,439.8
MWI,1863,439.8
MWI,1864,439.8
MWI,1865,439.8
MWI,1866,439.8
MWI,1867,439.8
MWI,1868,439.8
MWI,1869,439.8
MWI,1870,439.8
MWI,1871,439.8
MWI,1872,439.8
MWI,1873,439.8
MWI,1874,439.8
MWI,1875,439.8
MWI,1876,439.8
MWI,1877,439.8
MWI,1878,439.8
MWI,1879,439.8
MWI,1880,439.8
MWI,1881,439.8
MWI,1882,439.8
MWI,1883,439.8
MWI,1884,439.8
MWI,1885,439.8
MWI,1886,439.8
MWI,1887,439.8
MWI,1888,439.8
MWI,1889,439.8
MWI,1890,439.8
MWI,1891,439.8
MWI,1892,439.8
MWI,1893,439.8
MWI,1894,439.8
MWI,1895,439.8
MWI,1896,439.7
MWI,1897,439.6
MWI,1898,439.4
MWI,1899,439.1
MWI,1900,438.8
MWI,1901,438.5
MWI,1902,438
MWI,1903,437.5
MWI,1904,436.9
MWI,1905,436.3
MWI,1906,435.5
MWI,1907,434.8
MWI,1908,433.9
MWI,1909,433
MWI,1910,432
MWI,1911,431
MWI,1912,430
MWI,1913,429
MWI,1914,427.9
MWI,1915,426.9
MWI,1916,425.9
MWI,1917,424.8
MWI,1918,423.8
MWI,1919,422.8
MWI,1920,421.7
MWI,1921,420.7
MWI,1922,419.3
MWI,1923,417.8
MWI,1924,416.4
MWI,1925,414.9
MWI,1926,413.5
MWI,1927,412.1
MWI,1928,410.6
MWI,1929,409.2
MWI,1930,407.8
MWI,1931,406.4
MWI,1932,405
MWI,1933,403.5
MWI,1934,402.1
MWI,1935,400.7
MWI,1936,399.3
MWI,1937,397.9
MWI,1938,396.5
MWI,1939,395.1
MWI,1940,393.7
MWI,1941,392
MWI,1942,390.4
MWI,1943,388.8
MWI,1944,387.1
MWI,1945,385.5
MWI,1946,383.9
MWI,1947,382.3
MWI,1948,380.7
MWI,1949,379.1
MWI,1950,377.5
MWI,1951,375.9
MWI,1952,374.4
MWI,1953,372.8
MWI,1954,371.2
MWI,1955,369.7
MWI,1956,368.1
MWI,1957,366.6
MWI,1958,365.1
MWI,1959,363.5
MWI,1960,362
MWI,1961,360.5
MWI,1962,358.7
MWI,1963,356.7
MWI,1964,355.2
MWI,1965,353.5
MWI,1966,351.4
MWI,1967,350.1
MWI,1968,348.3
MWI,1969,345.8
MWI,1970,342
MWI,1971,336.9
MWI,1972,330.3
MWI,1973,322.7
MWI,1974,314.5
MWI,1975,305.8
MWI,1976,296.4
MWI,1977,286.3
MWI,1978,275.9
MWI,1979,265.4
MWI,1980,256.6
MWI,1981,249.4
MWI,1982,245
MWI,1983,243.7
MWI,1984,245.2
MWI,1985,248.2
MWI,1986,250.4
MWI,1987,250.2
MWI,1988,247.4
MWI,1989,242.5
MWI,1990,235.9
MWI,1991,227.8
MWI,1992,219.6
MWI,1993,212.3
MWI,1994,206.4
MWI,1995,201.9
MWI,1996,198.2
MWI,1997,194.6
MWI,1998,189.9
MWI,1999,182.7
MWI,2000,172.8
MWI,2001,160.7
MWI,2002,147.5
MWI,2003,134.9
MWI,2004,124.5
MWI,2005,116.5
MWI,2006,110.5
MWI,2007,105.8
MWI,2008,101.1
MWI,2009,96.5
MWI,2010,92
MWI,2011,85.7
MWI,2012,78.6
MWI,2013,72.6
MWI,2014,68.2
MWI,2015,65.4
MYS,1800,435.8
MYS,1801,435.8
MYS,1802,435.8
MYS,1803,435.8
MYS,1804,435.8
MYS,1805,435.8
MYS,1806,435.8
MYS,1807,435.8
MYS,1808,435.8
MYS,1809,435.8
MYS,1810,435.8
MYS,1811,435.8
MYS,1812,435.8
MYS,1813,435.8
MYS,1814,435.8
MYS,1815,435.8
MYS,1816,435.8
MYS,1817,435.8
MYS,1818,435.8
MYS,1819,435.8
MYS,1820,435.8
MYS,1821,435.8
MYS,1822,435.8
MYS,1823,435.8
MYS,1824,435.8
MYS,1825,435.8
MYS,1826,435.8
MYS,1827,435.8
MYS,1828,435.8
MYS,1829,435.8
MYS,1830,435.8
MYS,1831,435.8
MYS,1832,435.8
MYS,1833,435.8
MYS,1834,435.8
MYS,1835,435.8
MYS,1836,435.8
MYS,1837,435.8
MYS,1838,435.8
MYS,1839,435.8
MYS,1840,435.8
MYS,1841,435.8
MYS,1842,435.8
MYS,1843,435.8
MYS,1844,435.8
MYS,1845,435.8
MYS,1846,435.8
MYS,1847,435.8
MYS,1848,435.8
MYS,1849,435.8
MYS,1850,435.8
MYS,1851,435.8
MYS,1852,435.8
MYS,1853,435.8
MYS,1854,435.8
MYS,1855,435.8
MYS,1856,435.8
MYS,1857,435.8
MYS,1858,435.8
MYS,1859,435.8
MYS,1860,435.8
MYS,1861,435.8
MYS,1862,435.8
MYS,1863,435.8
MYS,1864,435.8
MYS,1865,435.8
MYS,1866,435.8
MYS,1867,435.8
MYS,1868,435.8
MYS,1869,435.8
MYS,1870,435.8
MYS,1871,435.8
MYS,1872,435.8
MYS,1873,435.8
MYS,1874,435.8
MYS,1875,435.8
MYS,1876,435.8
MYS,1877,435.8
MYS,1878,435.8
MYS,1879,435.8
MYS,1880,435.8
MYS,1881,435.8
MYS,1882,435.8
MYS,1883,435.8
MYS,1884,435.8
MYS,1885,435.8
MYS,1886,435.8
MYS,1887,435.8
MYS,1888,435.8
MYS,1889,435.8
MYS,1890,435.8
MYS,1891,435.8
MYS,1892,435.8
MYS,1893,435.8
MYS,1894,435.8
MYS,1895,435.8
MYS,1896,435.7
MYS,1897,435.6
MYS,1898,435.4
MYS,1899,435.2
MYS,1900,434.9
MYS,1901,434.5
MYS,1902,434
MYS,1903,433.5
MYS,1904,432.9
MYS,1905,432.3
MYS,1906,431.6
MYS,1907,430.8
MYS,1908,429.9
MYS,1909,429
MYS,1910,428.1
MYS,1911,427.1
MYS,1912,426.1
MYS,1913,425.1
MYS,1914,424
MYS,1915,423
MYS,1916,422
MYS,1917,420.9
MYS,1918,419.9
MYS,1919,418.9
MYS,1920,417.9
MYS,1921,416.8
MYS,1922,415.8
MYS,1923,414.8
MYS,1924,413.7
MYS,1925,412.7
MYS,1926,411.7
MYS,1927,410.6
MYS,1928,409.6
MYS,1929,408.6
MYS,1930,407.6
MYS,1931,393
MYS,1932,377.7
MYS,1933,364
MYS,1934,349.6
MYS,1935,336.6
MYS,1936,322.8
MYS,1937,310.5
MYS,1938,297.4
MYS,1939,285.7
MYS,1940,274.2
MYS,1941,262.1
MYS,1942,251.2
MYS,1943,239.7
MYS,1944,229.3
MYS,1945,218.3
MYS,1946,208.4
MYS,1947,196.6
MYS,1948,185.4
MYS,1949,174.9
MYS,1950,165
MYS,1951,155.7
MYS,1952,146.8
MYS,1953,138.5
MYS,1954,130.7
MYS,1955,123.3
MYS,1956,116.3
MYS,1957,110
MYS,1958,104
MYS,1959,98.3
MYS,1960,92.8
MYS,1961,87.8
MYS,1962,83.1
MYS,1963,78.8
MYS,1964,74.7
MYS,1965,71
MYS,1966,67.5
MYS,1967,64.3
MYS,1968,61.3
MYS,1969,58.5
MYS,1970,55.8
MYS,1971,53.1
MYS,1972,50.5
MYS,1973,47.8
MYS,1974,45.2
MYS,1975,42.5
MYS,1976,40
MYS,1977,37.4
MYS,1978,35
MYS,1979,32.7
MYS,1980,30.5
MYS,1981,28.5
MYS,1982,26.6
MYS,1983,24.8
MYS,1984,23.2
MYS,1985,21.8
MYS,1986,20.5
MYS,1987,19.4
MYS,1988,18.4
MYS,1989,17.4
MYS,1990,16.6
MYS,1991,15.8
MYS,1992,15.1
MYS,1993,14.4
MYS,1994,13.8
MYS,1995,13.3
MYS,1996,12.9
MYS,1997,12.4
MYS,1998,11.7
MYS,1999,11
MYS,2000,10.2
MYS,2001,9.5
MYS,2002,8.9
MYS,2003,8.5
MYS,2004,8.3
MYS,2005,8.1
MYS,2006,8
MYS,2007,8
MYS,2008,8
MYS,2009,8.1
MYS,2010,8.3
MYS,2011,8.4
MYS,2012,8.4
MYS,2013,8.4
MYS,2014,8.4
MYS,2015,8.2
MDV,1800,458.2
MDV,1801,457.5
MDV,1802,456.8
MDV,1803,456.1
MDV,1804,455.4
MDV,1805,454.7
MDV,1806,454
MDV,1807,453.4
MDV,1808,452.6
MDV,1809,452
MDV,1810,451.3
MDV,1811,450.6
MDV,1812,449.9
MDV,1813,449.2
MDV,1814,448.5
MDV,1815,447.8
MDV,1816,447.1
MDV,1817,446.4
MDV,1818,445.8
MDV,1819,445.1
MDV,1820,444.4
MDV,1821,443.7
MDV,1822,443
MDV,1823,442.4
MDV,1824,441.7
MDV,1825,441
MDV,1826,440.3
MDV,1827,439.7
MDV,1828,439
MDV,1829,438.3
MDV,1830,437.6
MDV,1831,437
MDV,1832,436.3
MDV,1833,435.6
MDV,1834,435
MDV,1835,434.3
MDV,1836,433.6
MDV,1837,433
MDV,1838,432.3
MDV,1839,431.6
MDV,1840,431
MDV,1841,430.3
MDV,1842,429.7
MDV,1843,429
MDV,1844,428.4
MDV,1845,427.7
MDV,1846,427
MDV,1847,426.4
MDV,1848,425.7
MDV,1849,425.1
MDV,1850,424.4
MDV,1851,423.8
MDV,1852,423.1
MDV,1853,422.5
MDV,1854,421.8
MDV,1855,421.2
MDV,1856,420.5
MDV,1857,419.9
MDV,1858,419.3
MDV,1859,418.6
MDV,1860,418
MDV,1861,417.3
MDV,1862,416.7
MDV,1863,416.1
MDV,1864,415.4
MDV,1865,414.8
MDV,1866,414.1
MDV,1867,413.5
MDV,1868,412.9
MDV,1869,412.2
MDV,1870,411.6
MDV,1871,411
MDV,1872,410.4
MDV,1873,409.7
MDV,1874,409.1
MDV,1875,408.5
MDV,1876,407.9
MDV,1877,407.2
MDV,1878,406.6
MDV,1879,406
MDV,1880,405.4
MDV,1881,404.7
MDV,1882,404.1
MDV,1883,403.5
MDV,1884,402.9
MDV,1885,402.3
MDV,1886,401.6
MDV,1887,401
MDV,1888,400.4
MDV,1889,399.8
MDV,1890,399.2
MDV,1891,398.6
MDV,1892,398
MDV,1893,397.4
MDV,1894,396.8
MDV,1895,396.1
MDV,1896,395.5
MDV,1897,394.9
MDV,1898,394.3
MDV,1899,393.7
MDV,1900,393.1
MDV,1901,392.5
MDV,1902,391.9
MDV,1903,391.3
MDV,1904,390.7
MDV,1905,390.1
MDV,1906,389.5
MDV,1907,388.9
MDV,1908,388.3
MDV,1909,387.7
MDV,1910,387.1
MDV,1911,386.5
MDV,1912,385.9
MDV,1913,385.4
MDV,1914,384.8
MDV,1915,384.2
MDV,1916,383.6
MDV,1917,383
MDV,1918,382.4
MDV,1919,381.8
MDV,1920,381.2
MDV,1921,380.7
MDV,1922,380.1
MDV,1923,379.4
MDV,1924,378.7
MDV,1925,378
MDV,1926,377.4
MDV,1927,376.7
MDV,1928,376
MDV,1929,375.3
MDV,1930,374.6
MDV,1931,374
MDV,1932,373.3
MDV,1933,372.6
MDV,1934,371.9
MDV,1935,371.3
MDV,1936,370.6
MDV,1937,369.9
MDV,1938,369.3
MDV,1939,368.6
MDV,1940,367.9
MDV,1941,367.3
MDV,1942,366.6
MDV,1943,366
MDV,1944,365.3
MDV,1945,364.6
MDV,1946,364
MDV,1947,363.3
MDV,1948,362.7
MDV,1949,362
MDV,1950,361.4
MDV,1951,359.2
MDV,1952,355.9
MDV,1953,352.2
MDV,1954,350
MDV,1955,347.8
MDV,1956,345.6
MDV,1957,343.5
MDV,1958,341.3
MDV,1959,339.1
MDV,1960,337
MDV,1961,334.9
MDV,1962,332.8
MDV,1963,323.5
MDV,1964,315
MDV,1965,306.6
MDV,1966,297.9
MDV,1967,289
MDV,1968,279.8
MDV,1969,270.5
MDV,1970,260.9
MDV,1971,250.5
MDV,1972,239.5
MDV,1973,227.9
MDV,1974,215.9
MDV,1975,204.4
MDV,1976,193.4
MDV,1977,183
MDV,1978,173.2
MDV,1979,163.9
MDV,1980,155.3
MDV,1981,147.3
MDV,1982,140
MDV,1983,133.1
MDV,1984,126.6
MDV,1985,120.3
MDV,1986,114.5
MDV,1987,108.9
MDV,1988,103.7
MDV,1989,98.8
MDV,1990,94.1
MDV,1991,89.5
MDV,1992,85.1
MDV,1993,80.4
MDV,1994,75.7
MDV,1995,70.8
MDV,1996,65.8
MDV,1997,60.5
MDV,1998,55.2
MDV,1999,49.8
MDV,2000,44.4
MDV,2001,39.2
MDV,2002,34.3
MDV,2003,29.9
MDV,2004,28.8
MDV,2005,22.8
MDV,2006,20.1
MDV,2007,17.8
MDV,2008,16
MDV,2009,14.4
MDV,2010,13
MDV,2011,11.8
MDV,2012,10.7
MDV,2013,9.9
MDV,2014,9.2
MDV,2015,8.6
MLI,1800,494.5
MLI,1801,494.5
MLI,1802,494.5
MLI,1803,494.5
MLI,1804,494.5
MLI,1805,494.5
MLI,1806,494.5
MLI,1807,494.5
MLI,1808,494.5
MLI,1809,494.5
MLI,1810,494.5
MLI,1811,494.5
MLI,1812,494.5
MLI,1813,494.5
MLI,1814,494.5
MLI,1815,494.5
MLI,1816,494.5
MLI,1817,494.5
MLI,1818,494.5
MLI,1819,494.5
MLI,1820,494.5
MLI,1821,494.5
MLI,1822,494.5
MLI,1823,494.5
MLI,1824,494.5
MLI,1825,494.5
MLI,1826,494.5
MLI,1827,494.5
MLI,1828,494.5
MLI,1829,494.5
MLI,1830,494.5
MLI,1831,494.5
MLI,1832,494.5
MLI,1833,494.5
MLI,1834,494.5
MLI,1835,494.5
MLI,1836,494.5
MLI,1837,494.5
MLI,1838,494.5
MLI,1839,494.5
MLI,1840,494.5
MLI,1841,494.5
MLI,1842,494.5
MLI,1843,494.5
MLI,1844,494.5
MLI,1845,494.5
MLI,1846,494.5
MLI,1847,494.5
MLI,1848,494.5
MLI,1849,494.5
MLI,1850,494.5
MLI,1851,494.5
MLI,1852,494.5
MLI,1853,494.5
MLI,1854,494.5
MLI,1855,494.5
MLI,1856,494.5
MLI,1857,494.5
MLI,1858,494.5
MLI,1859,494.5
MLI,1860,494.5
MLI,1861,494.5
MLI,1862,494.5
MLI,1863,494.5
MLI,1864,494.5
MLI,1865,494.5
MLI,1866,494.5
MLI,1867,494.5
MLI,1868,494.5
MLI,1869,494.5
MLI,1870,494.5
MLI,1871,494.5
MLI,1872,494.5
MLI,1873,494.5
MLI,1874,494.5
MLI,1875,494.5
MLI,1876,494.5
MLI,1877,494.5
MLI,1878,494.5
MLI,1879,494.5
MLI,1880,494.5
MLI,1881,494.5
MLI,1882,494.5
MLI,1883,494.5
MLI,1884,494.5
MLI,1885,494.5
MLI,1886,494.5
MLI,1887,494.5
MLI,1888,494.5
MLI,1889,494.5
MLI,1890,494.5
MLI,1891,494.5
MLI,1892,494.5
MLI,1893,494.5
MLI,1894,494.5
MLI,1895,494.4
MLI,1896,494.4
MLI,1897,494.2
MLI,1898,494
MLI,1899,493.8
MLI,1900,493.4
MLI,1901,493
MLI,1902,492.5
MLI,1903,491.9
MLI,1904,491.2
MLI,1905,490.5
MLI,1906,489.7
MLI,1907,488.8
MLI,1908,487.8
MLI,1909,486.8
MLI,1910,485.7
MLI,1911,484.6
MLI,1912,483.5
MLI,1913,482.3
MLI,1914,481.1
MLI,1915,480
MLI,1916,478.8
MLI,1917,477.7
MLI,1918,476.5
MLI,1919,475.3
MLI,1920,474.2
MLI,1921,469.6
MLI,1922,465
MLI,1923,460.5
MLI,1924,455.6
MLI,1925,450.8
MLI,1926,446.1
MLI,1927,441.4
MLI,1928,436.7
MLI,1929,432.1
MLI,1930,427.5
MLI,1931,429.3
MLI,1932,431
MLI,1933,432.8
MLI,1934,434.5
MLI,1935,436.3
MLI,1936,438.1
MLI,1937,439.9
MLI,1938,441.7
MLI,1939,443.5
MLI,1940,445.3
MLI,1941,447.1
MLI,1942,448.9
MLI,1943,450.7
MLI,1944,452.5
MLI,1945,454.4
MLI,1946,456.2
MLI,1947,458.1
MLI,1948,459.9
MLI,1949,461.8
MLI,1950,463.7
MLI,1951,465.6
MLI,1952,467.4
MLI,1953,469.4
MLI,1954,471.2
MLI,1955,473.2
MLI,1956,475.1
MLI,1957,477
MLI,1958,478.9
MLI,1959,480.9
MLI,1960,482.8
MLI,1961,469.4
MLI,1962,456.5
MLI,1963,443.5
MLI,1964,435.8
MLI,1965,428.5
MLI,1966,421.8
MLI,1967,415.4
MLI,1968,409.8
MLI,1969,404.6
MLI,1970,400
MLI,1971,395.4
MLI,1972,390.3
MLI,1973,384
MLI,1974,376.6
MLI,1975,368.3
MLI,1976,359.4
MLI,1977,350.4
MLI,1978,341.4
MLI,1979,332.9
MLI,1980,324.7
MLI,1981,317
MLI,1982,308.9
MLI,1983,300.7
MLI,1984,292.6
MLI,1985,285
MLI,1986,277.9
MLI,1987,271.3
MLI,1988,265.2
MLI,1989,259.5
MLI,1990,254.4
MLI,1991,250
MLI,1992,246.6
MLI,1993,243.9
MLI,1994,242
MLI,1995,240
MLI,1996,237.9
MLI,1997,235.3
MLI,1998,231.7
MLI,1999,226.4
MLI,2000,219.6
MLI,2001,211.2
MLI,2002,201.8
MLI,2003,191.8
MLI,2004,181.7
MLI,2005,171.8
MLI,2006,162.9
MLI,2007,155.1
MLI,2008,148.3
MLI,2009,142
MLI,2010,136.6
MLI,2011,131.7
MLI,2012,127
MLI,2013,122.7
MLI,2014,118.3
MLI,2015,114.7
MLT,1800,459.5
MLT,1801,453.3
MLT,1802,447.2
MLT,1803,441.2
MLT,1804,435.3
MLT,1805,429.4
MLT,1806,423.7
MLT,1807,418
MLT,1808,412.3
MLT,1809,406.8
MLT,1810,401.3
MLT,1811,395.9
MLT,1812,390.6
MLT,1813,385.4
MLT,1814,380.2
MLT,1815,375.1
MLT,1816,370
MLT,1817,365
MLT,1818,360.1
MLT,1819,355.3
MLT,1820,350.5
MLT,1821,345.8
MLT,1822,341.1
MLT,1823,336.5
MLT,1824,332
MLT,1825,327.6
MLT,1826,323.1
MLT,1827,318.8
MLT,1828,314.5
MLT,1829,310.3
MLT,1830,306.1
MLT,1831,302
MLT,1832,297.9
MLT,1833,293.9
MLT,1834,290
MLT,1835,286.1
MLT,1836,282.2
MLT,1837,278.4
MLT,1838,274.7
MLT,1839,271
MLT,1840,267.3
MLT,1841,263.8
MLT,1842,260.2
MLT,1843,256.7
MLT,1844,253.2
MLT,1845,249.8
MLT,1846,246.5
MLT,1847,243.2
MLT,1848,239.9
MLT,1849,236.7
MLT,1850,233.5
MLT,1851,230.3
MLT,1852,227.2
MLT,1853,224.2
MLT,1854,221.2
MLT,1855,218.2
MLT,1856,215.3
MLT,1857,212.4
MLT,1858,209.5
MLT,1859,206.7
MLT,1860,203.9
MLT,1861,201.2
MLT,1862,198.5
MLT,1863,195.8
MLT,1864,193.2
MLT,1865,190.6
MLT,1866,188
MLT,1867,185.5
MLT,1868,183
MLT,1869,180.5
MLT,1870,178.1
MLT,1871,175.7
MLT,1872,173.3
MLT,1873,171
MLT,1874,168.7
MLT,1875,166.4
MLT,1876,164.2
MLT,1877,162
MLT,1878,159.8
MLT,1879,157.7
MLT,1880,155.5
MLT,1881,153.4
MLT,1882,151.4
MLT,1883,149.3
MLT,1884,147.3
MLT,1885,145.3
MLT,1886,143.4
MLT,1887,141.5
MLT,1888,139.6
MLT,1889,137.7
MLT,1890,135.8
MLT,1891,134
MLT,1892,132.2
MLT,1893,130.4
MLT,1894,128.7
MLT,1895,126.9
MLT,1896,125.2
MLT,1897,123.5
MLT,1898,121.9
MLT,1899,120.2
MLT,1900,118.6
MLT,1901,117
MLT,1902,115.5
MLT,1903,113.9
MLT,1904,112.4
MLT,1905,110.9
MLT,1906,109.4
MLT,1907,107.9
MLT,1908,106.5
MLT,1909,105
MLT,1910,103.6
MLT,1911,102.2
MLT,1912,100.8
MLT,1913,99.48
MLT,1914,98.15
MLT,1915,96.83
MLT,1916,95.52
MLT,1917,94.24
MLT,1918,92.97
MLT,1919,91.72
MLT,1920,90.49
MLT,1921,89.27
MLT,1922,88.07
MLT,1923,86.89
MLT,1924,85.72
MLT,1925,84.56
MLT,1926,83.43
MLT,1927,82.3
MLT,1928,81.2
MLT,1929,80.11
MLT,1930,79.03
MLT,1931,77.96
MLT,1932,76.92
MLT,1933,75.88
MLT,1934,74.86
MLT,1935,73.85
MLT,1936,72.86
MLT,1937,71.88
MLT,1938,70.91
MLT,1939,69.96
MLT,1940,69.02
MLT,1941,68.09
MLT,1942,67.17
MLT,1943,66.27
MLT,1944,65.38
MLT,1945,64.5
MLT,1946,63.63
MLT,1947,62.78
MLT,1948,61.93
MLT,1949,61.1
MLT,1950,60.28
MLT,1951,59.47
MLT,1952,58.67
MLT,1953,57.88
MLT,1954,57.1
MLT,1955,53.7
MLT,1956,50.6
MLT,1957,47.7
MLT,1958,45
MLT,1959,42.6
MLT,1960,40.7
MLT,1961,39.1
MLT,1962,37.7
MLT,1963,36.5
MLT,1964,35.4
MLT,1965,34.3
MLT,1966,33.1
MLT,1967,31.8
MLT,1968,30.5
MLT,1969,29.2
MLT,1970,27.8
MLT,1971,26.5
MLT,1972,25.1
MLT,1973,23.8
MLT,1974,22.6
MLT,1975,21.4
MLT,1976,20.2
MLT,1977,19.2
MLT,1978,18.3
MLT,1979,17.6
MLT,1980,16.9
MLT,1981,16.3
MLT,1982,15.7
MLT,1983,15.1
MLT,1984,14.5
MLT,1985,13.9
MLT,1986,13.3
MLT,1987,12.8
MLT,1988,12.3
MLT,1989,11.8
MLT,1990,11.4
MLT,1991,11
MLT,1992,10.6
MLT,1993,10.2
MLT,1994,9.9
MLT,1995,9.5
MLT,1996,9.1
MLT,1997,8.7
MLT,1998,8.4
MLT,1999,8.1
MLT,2000,7.8
MLT,2001,7.5
MLT,2002,7.3
MLT,2003,7.1
MLT,2004,7
MLT,2005,6.9
MLT,2006,6.8
MLT,2007,6.7
MLT,2008,6.6
MLT,2009,6.5
MLT,2010,6.4
MLT,2011,6.4
MLT,2012,6.3
MLT,2013,6.1
MLT,2014,6
MLT,2015,5.9
MHL,1959,134.4
MHL,1960,129
MHL,1961,123.7
MHL,1962,118.6
MHL,1963,114
MHL,1964,109.4
MHL,1965,105
MHL,1966,101.1
MHL,1967,97.3
MHL,1968,93.7
MHL,1969,90.5
MHL,1970,87.5
MHL,1971,84.7
MHL,1972,82.4
MHL,1973,80.4
MHL,1974,78.7
MHL,1975,77.3
MHL,1976,76
MHL,1977,74.7
MHL,1978,73.5
MHL,1979,72.1
MHL,1980,70.5
MHL,1981,68.8
MHL,1982,66.9
MHL,1983,64.9
MHL,1984,62.8
MHL,1985,60.7
MHL,1986,58.7
MHL,1987,56.6
MHL,1988,54.5
MHL,1989,52.4
MHL,1990,50.3
MHL,1991,48.3
MHL,1992,46.4
MHL,1993,44.8
MHL,1994,43.4
MHL,1995,42.5
MHL,1996,41.9
MHL,1997,41.6
MHL,1998,41.5
MHL,1999,41.5
MHL,2000,41.4
MHL,2001,41.3
MHL,2002,41.1
MHL,2003,40.7
MHL,2004,40.4
MHL,2005,40.2
MHL,2006,39.9
MHL,2007,39.7
MHL,2008,39.5
MHL,2009,39.3
MHL,2010,39.1
MHL,2011,38.8
MHL,2012,38.3
MHL,2013,37.8
MHL,2014,37
MHL,2015,36
MTQ,1980,31.16
MTQ,1981,29.61
MTQ,1982,28.13
MTQ,1983,26.73
MTQ,1984,25.4
MTQ,1985,24.14
MTQ,1986,22.94
MTQ,1987,21.8
MTQ,1988,20.72
MTQ,1989,19.69
MTQ,1990,18.72
MTQ,1991,17.79
MTQ,1992,16.91
MTQ,1993,16.07
MTQ,1994,15.28
MTQ,1995,14.52
MTQ,1996,13.79
MTQ,1997,13.09
MTQ,1998,12.42
MTQ,1999,11.78
MTQ,2000,11.19
MTQ,2001,10.67
MTQ,2002,10.23
MTQ,2003,9.86
MTQ,2004,9.56
MTQ,2005,9.31
MTQ,2006,9.1
MTQ,2007,8.9
MTQ,2008,8.68
MTQ,2009,8.44
MTQ,2010,8.17
MTQ,2011,7.87
MTQ,2012,7.55
MTQ,2013,7.22
MTQ,2014,6.9
MTQ,2015,6.58
MRT,1800,417.4
MRT,1801,417.4
MRT,1802,417.4
MRT,1803,417.4
MRT,1804,417.4
MRT,1805,417.4
MRT,1806,417.4
MRT,1807,417.4
MRT,1808,417.4
MRT,1809,417.4
MRT,1810,417.4
MRT,1811,417.4
MRT,1812,417.4
MRT,1813,417.4
MRT,1814,417.4
MRT,1815,417.4
MRT,1816,417.4
MRT,1817,417.4
MRT,1818,417.4
MRT,1819,417.4
MRT,1820,417.4
MRT,1821,417.4
MRT,1822,417.4
MRT,1823,417.4
MRT,1824,417.4
MRT,1825,417.4
MRT,1826,417.4
MRT,1827,417.4
MRT,1828,417.4
MRT,1829,417.4
MRT,1830,417.4
MRT,1831,417.4
MRT,1832,417.4
MRT,1833,417.4
MRT,1834,417.4
MRT,1835,417.4
MRT,1836,417.4
MRT,1837,417.4
MRT,1838,417.4
MRT,1839,417.4
MRT,1840,417.4
MRT,1841,417.4
MRT,1842,417.4
MRT,1843,417.4
MRT,1844,417.4
MRT,1845,417.4
MRT,1846,417.4
MRT,1847,417.4
MRT,1848,417.4
MRT,1849,417.4
MRT,1850,417.4
MRT,1851,417.4
MRT,1852,417.4
MRT,1853,417.4
MRT,1854,417.4
MRT,1855,417.4
MRT,1856,417.4
MRT,1857,417.4
MRT,1858,417.4
MRT,1859,417.4
MRT,1860,417.4
MRT,1861,417.4
MRT,1862,417.4
MRT,1863,417.4
MRT,1864,417.4
MRT,1865,417.4
MRT,1866,417.4
MRT,1867,417.4
MRT,1868,417.4
MRT,1869,417.4
MRT,1870,417.4
MRT,1871,417.4
MRT,1872,417.4
MRT,1873,417.4
MRT,1874,417.4
MRT,1875,417.4
MRT,1876,417.4
MRT,1877,417.4
MRT,1878,417.4
MRT,1879,417.4
MRT,1880,417.4
MRT,1881,417.4
MRT,1882,417.4
MRT,1883,417.4
MRT,1884,417.4
MRT,1885,417.4
MRT,1886,417.4
MRT,1887,417.4
MRT,1888,417.4
MRT,1889,417.4
MRT,1890,417.4
MRT,1891,417.4
MRT,1892,417.4
MRT,1893,417.4
MRT,1894,417.4
MRT,1895,417.4
MRT,1896,417.3
MRT,1897,417.2
MRT,1898,417.1
MRT,1899,416.8
MRT,1900,416.5
MRT,1901,415.4
MRT,1902,414.2
MRT,1903,412.9
MRT,1904,411.5
MRT,1905,410.1
MRT,1906,408.7
MRT,1907,407.1
MRT,1908,405.6
MRT,1909,403.9
MRT,1910,402.2
MRT,1911,400.5
MRT,1912,398.8
MRT,1913,397.1
MRT,1914,395.3
MRT,1915,393.6
MRT,1916,391.9
MRT,1917,390.2
MRT,1918,388.5
MRT,1919,386.8
MRT,1920,385
MRT,1921,383.3
MRT,1922,381.6
MRT,1923,379.9
MRT,1924,378.3
MRT,1925,376.6
MRT,1926,374.9
MRT,1927,373.2
MRT,1928,371.5
MRT,1929,369.9
MRT,1930,368.2
MRT,1931,366.5
MRT,1932,364.9
MRT,1933,363.2
MRT,1934,361.6
MRT,1935,359.9
MRT,1936,358.2
MRT,1937,356.6
MRT,1938,355
MRT,1939,353.3
MRT,1940,351.7
MRT,1941,348.2
MRT,1942,345.2
MRT,1943,342.1
MRT,1944,339.3
MRT,1945,336
MRT,1946,332.6
MRT,1947,329
MRT,1948,325.1
MRT,1949,320.9
MRT,1950,316.4
MRT,1951,311.4
MRT,1952,306.3
MRT,1953,300.7
MRT,1954,294.8
MRT,1955,288.8
MRT,1956,282.7
MRT,1957,276.2
MRT,1958,269.6
MRT,1959,262.8
MRT,1960,255.9
MRT,1961,249
MRT,1962,242
MRT,1963,235.2
MRT,1964,228.5
MRT,1965,222
MRT,1966,215.5
MRT,1967,208.8
MRT,1968,202.6
MRT,1969,197.5
MRT,1970,193.9
MRT,1971,191.5
MRT,1972,190.2
MRT,1973,189.3
MRT,1974,188
MRT,1975,185.5
MRT,1976,182
MRT,1977,178
MRT,1978,173.4
MRT,1979,168.6
MRT,1980,164.1
MRT,1981,159.5
MRT,1982,154.9
MRT,1983,150
MRT,1984,144.8
MRT,1985,139.2
MRT,1986,133.7
MRT,1987,128.6
MRT,1988,124.3
MRT,1989,120.7
MRT,1990,118.1
MRT,1991,116.2
MRT,1992,114.9
MRT,1993,114.3
MRT,1994,113.9
MRT,1995,113.8
MRT,1996,113.9
MRT,1997,113.9
MRT,1998,113.9
MRT,1999,113.6
MRT,2000,113.5
MRT,2001,113.1
MRT,2002,112.9
MRT,2003,112.4
MRT,2004,111.4
MRT,2005,109.8
MRT,2006,107.9
MRT,2007,105.5
MRT,2008,103
MRT,2009,100.4
MRT,2010,97.8
MRT,2011,95.4
MRT,2012,92.7
MRT,2013,90.2
MRT,2014,87.5
MRT,2015,84.7
MUS,1800,427.9
MUS,1801,427.9
MUS,1802,427.9
MUS,1803,427.9
MUS,1804,427.9
MUS,1805,427.9
MUS,1806,427.9
MUS,1807,427.9
MUS,1808,427.9
MUS,1809,427.9
MUS,1810,427.9
MUS,1811,427.9
MUS,1812,427.9
MUS,1813,427.9
MUS,1814,427.9
MUS,1815,427.9
MUS,1816,427.9
MUS,1817,427.9
MUS,1818,427.9
MUS,1819,427.9
MUS,1820,427.9
MUS,1821,427.9
MUS,1822,427.9
MUS,1823,427.9
MUS,1824,427.9
MUS,1825,427.9
MUS,1826,427.9
MUS,1827,427.9
MUS,1828,427.9
MUS,1829,427.9
MUS,1830,427.9
MUS,1831,427.9
MUS,1832,427.9
MUS,1833,427.9
MUS,1834,427.9
MUS,1835,427.9
MUS,1836,427.9
MUS,1837,427.9
MUS,1838,427.9
MUS,1839,427.9
MUS,1840,427.9
MUS,1841,427.9
MUS,1842,427.9
MUS,1843,427.9
MUS,1844,427.9
MUS,1845,427.9
MUS,1846,427.9
MUS,1847,427.9
MUS,1848,427.9
MUS,1849,427.9
MUS,1850,427.9
MUS,1851,427.9
MUS,1852,427.9
MUS,1853,427.9
MUS,1854,427.9
MUS,1855,427.9
MUS,1856,427.9
MUS,1857,427.9
MUS,1858,427.9
MUS,1859,427.9
MUS,1860,427.9
MUS,1861,427.9
MUS,1862,397.2
MUS,1863,368.8
MUS,1864,342.4
MUS,1865,317.8
MUS,1866,295.1
MUS,1867,273.9
MUS,1868,254.3
MUS,1869,236.1
MUS,1870,219.2
MUS,1871,203.5
MUS,1872,227.8
MUS,1873,351.2
MUS,1874,274.7
MUS,1875,270.1
MUS,1876,251.5
MUS,1877,242.5
MUS,1878,249.7
MUS,1879,225.9
MUS,1880,216.6
MUS,1881,268.4
MUS,1882,284.4
MUS,1883,335
MUS,1884,270.1
MUS,1885,281.1
MUS,1886,249.7
MUS,1887,299.1
MUS,1888,266.8
MUS,1889,212.8
MUS,1890,284.4
MUS,1891,273.2
MUS,1892,336.6
MUS,1893,351.2
MUS,1894,309
MUS,1895,343.1
MUS,1896,483.9
MUS,1897,387.7
MUS,1898,310.6
MUS,1899,286
MUS,1900,330.1
MUS,1901,362.5
MUS,1902,318.8
MUS,1903,251.5
MUS,1904,225.9
MUS,1905,312.3
MUS,1906,281.1
MUS,1907,261.9
MUS,1908,305.7
MUS,1909,268.4
MUS,1910,253.2
MUS,1911,242.5
MUS,1912,286
MUS,1913,227.8
MUS,1914,231.5
MUS,1915,270.1
MUS,1916,220.3
MUS,1917,290.9
MUS,1918,323.6
MUS,1919,344.7
MUS,1920,314.9
MUS,1921,287.6
MUS,1922,261.8
MUS,1923,246.1
MUS,1924,224
MUS,1925,201.6
MUS,1926,201.6
MUS,1927,235.1
MUS,1928,212.8
MUS,1929,225.9
MUS,1930,321.9
MUS,1931,330.1
MUS,1932,258.4
MUS,1933,209
MUS,1934,205.3
MUS,1935,222.1
MUS,1936,227.7
MUS,1937,249.6
MUS,1938,265.1
MUS,1939,256.6
MUS,1940,263.4
MUS,1941,214.6
MUS,1942,265.1
MUS,1943,227.7
MUS,1944,225.8
MUS,1945,305.6
MUS,1946,233.2
MUS,1947,175.2
MUS,1948,302.2
MUS,1949,132.9
MUS,1950,106.8
MUS,1951,120.6
MUS,1952,115.3
MUS,1953,138.3
MUS,1954,115.3
MUS,1955,128.9
MUS,1956,135.4
MUS,1957,121.1
MUS,1958,111.7
MUS,1959,105.8
MUS,1960,102.1
MUS,1961,98.6
MUS,1962,93.4
MUS,1963,87
MUS,1964,83.6
MUS,1965,86.4
MUS,1966,92.7
MUS,1967,96.1
MUS,1968,92.7
MUS,1969,86.9
MUS,1970,82.9
MUS,1971,81
MUS,1972,79.4
MUS,1973,76.9
MUS,1974,72.3
MUS,1975,65.2
MUS,1976,57.4
MUS,1977,50.8
MUS,1978,46.2
MUS,1979,42.9
MUS,1980,40.3
MUS,1981,37.7
MUS,1982,34.7
MUS,1983,31.3
MUS,1984,28.9
MUS,1985,28.4
MUS,1986,29
MUS,1987,28.8
MUS,1988,27.1
MUS,1989,24.9
MUS,1990,23.1
MUS,1991,21.8
MUS,1992,21.2
MUS,1993,21.2
MUS,1994,21.6
MUS,1995,22.2
MUS,1996,22.7
MUS,1997,22.6
MUS,1998,21.6
MUS,1999,20.2
MUS,2000,18.6
MUS,2001,17.1
MUS,2002,16.1
MUS,2003,15.6
MUS,2004,15.6
MUS,2005,15.7
MUS,2006,15.9
MUS,2007,16
MUS,2008,15.8
MUS,2009,15.5
MUS,2010,15.2
MUS,2011,14.9
MUS,2012,14.6
MUS,2013,14.3
MUS,2014,13.9
MUS,2015,13.5
MYT,1980,37.24
MYT,1981,34.95
MYT,1982,32.8
MYT,1983,30.79
MYT,1984,28.9
MYT,1985,27.12
MYT,1986,25.45
MYT,1987,23.89
MYT,1988,22.42
MYT,1989,21.04
MYT,1990,19.75
MYT,1991,18.53
MYT,1992,17.4
MYT,1993,16.33
MYT,1994,15.33
MYT,1995,14.38
MYT,1996,13.5
MYT,1997,12.67
MYT,1998,11.9
MYT,1999,11.17
MYT,2000,10.48
MYT,2001,9.84
MYT,2002,9.23
MYT,2003,8.67
MYT,2004,8.14
MYT,2005,7.64
MYT,2006,7.17
MYT,2007,6.72
MYT,2008,6.31
MYT,2009,5.92
MYT,2010,5.56
MYT,2011,5.23
MYT,2012,4.94
MYT,2013,4.69
MYT,2014,4.47
MYT,2015,4.27
MEX,1800,487.1
MEX,1801,487.1
MEX,1802,487.1
MEX,1803,487.1
MEX,1804,487.1
MEX,1805,487.1
MEX,1806,487.1
MEX,1807,487.1
MEX,1808,487.1
MEX,1809,487.1
MEX,1810,487.1
MEX,1811,487.1
MEX,1812,487.1
MEX,1813,487.1
MEX,1814,487.1
MEX,1815,487.1
MEX,1816,487.1
MEX,1817,487.1
MEX,1818,487.1
MEX,1819,487.1
MEX,1820,487.1
MEX,1821,487.1
MEX,1822,487.1
MEX,1823,487.1
MEX,1824,487.1
MEX,1825,487.1
MEX,1826,487.1
MEX,1827,487.1
MEX,1828,487.1
MEX,1829,487.1
MEX,1830,487.1
MEX,1831,487.1
MEX,1832,487.1
MEX,1833,487.1
MEX,1834,487.1
MEX,1835,487.1
MEX,1836,487.1
MEX,1837,487.1
MEX,1838,487.1
MEX,1839,487.1
MEX,1840,487.1
MEX,1841,487.1
MEX,1842,487.1
MEX,1843,487.1
MEX,1844,487.1
MEX,1845,487.1
MEX,1846,487.1
MEX,1847,487.1
MEX,1848,487.1
MEX,1849,487.1
MEX,1850,487.1
MEX,1851,487.1
MEX,1852,487.1
MEX,1853,487.1
MEX,1854,487.1
MEX,1855,487.1
MEX,1856,487.1
MEX,1857,487.1
MEX,1858,487.1
MEX,1859,487.1
MEX,1860,487.1
MEX,1861,487.1
MEX,1862,487.1
MEX,1863,487.1
MEX,1864,487.1
MEX,1865,487.1
MEX,1866,487.1
MEX,1867,487.1
MEX,1868,487.1
MEX,1869,487.1
MEX,1870,487.1
MEX,1871,487.1
MEX,1872,487.1
MEX,1873,487.1
MEX,1874,487.1
MEX,1875,487.1
MEX,1876,487.1
MEX,1877,487.1
MEX,1878,487.1
MEX,1879,487.1
MEX,1880,487.1
MEX,1881,487.1
MEX,1882,487.1
MEX,1883,487.1
MEX,1884,487.1
MEX,1885,487.1
MEX,1886,487.1
MEX,1887,487.1
MEX,1888,487.1
MEX,1889,487.1
MEX,1890,487.1
MEX,1891,504.9
MEX,1892,523.1
MEX,1893,542
MEX,1894,491.5
MEX,1895,450.6
MEX,1896,460.1
MEX,1897,497.1
MEX,1898,485.2
MEX,1899,514.7
MEX,1900,476.1
MEX,1901,488.6
MEX,1902,463.9
MEX,1903,459.2
MEX,1904,453.1
MEX,1905,484.7
MEX,1906,468.2
MEX,1907,466
MEX,1908,455.4
MEX,1909,447.6
MEX,1910,471.5
MEX,1911,464.8
MEX,1912,456.8
MEX,1913,450.2
MEX,1914,443.7
MEX,1915,436.1
MEX,1916,429.7
MEX,1917,423.5
MEX,1918,416.1
MEX,1919,410
MEX,1920,404
MEX,1921,396.9
MEX,1922,391
MEX,1923,379.3
MEX,1924,386.4
MEX,1925,393.6
MEX,1926,367.5
MEX,1927,300
MEX,1928,361.7
MEX,1929,350.4
MEX,1930,340.4
MEX,1931,323.1
MEX,1932,314.7
MEX,1933,325.3
MEX,1934,314.8
MEX,1935,291.4
MEX,1936,311.7
MEX,1937,326.4
MEX,1938,298.5
MEX,1939,239.6
MEX,1940,298.6
MEX,1941,264.6
MEX,1942,290.6
MEX,1943,261
MEX,1944,256.4
MEX,1945,246.5
MEX,1946,240.3
MEX,1947,226.4
MEX,1948,208.8
MEX,1949,229.2
MEX,1950,219.4
MEX,1951,210
MEX,1952,200.9
MEX,1953,192.3
MEX,1954,184.1
MEX,1955,176.2
MEX,1956,168.6
MEX,1957,161.4
MEX,1958,154.4
MEX,1959,147.8
MEX,1960,142.9
MEX,1961,138.3
MEX,1962,133.8
MEX,1963,129.7
MEX,1964,127.3
MEX,1965,124.6
MEX,1966,122
MEX,1967,119.1
MEX,1968,115.8
MEX,1969,112.3
MEX,1970,108.6
MEX,1971,104.9
MEX,1972,101.1
MEX,1973,97.7
MEX,1974,94.5
MEX,1975,91.5
MEX,1976,88.6
MEX,1977,85.6
MEX,1978,82.4
MEX,1979,78.8
MEX,1980,75.1
MEX,1981,71.3
MEX,1982,67.6
MEX,1983,64.3
MEX,1984,61.4
MEX,1985,58.7
MEX,1986,56.2
MEX,1987,53.8
MEX,1988,51.4
MEX,1989,49
MEX,1990,46.6
MEX,1991,44.1
MEX,1992,41.7
MEX,1993,39.4
MEX,1994,37.2
MEX,1995,35
MEX,1996,33
MEX,1997,31
MEX,1998,29.1
MEX,1999,27.3
MEX,2000,25.6
MEX,2001,24.1
MEX,2002,22.6
MEX,2003,21.4
MEX,2004,20.4
MEX,2005,19.5
MEX,2006,18.9
MEX,2007,18.4
MEX,2008,17.9
MEX,2009,17.4
MEX,2010,16.8
MEX,2011,16
MEX,2012,15.3
MEX,2013,14.5
MEX,2014,13.8
MEX,2015,13.2
FSM,1800,450.6
FSM,1801,447.6
FSM,1802,444.6
FSM,1803,441.7
FSM,1804,438.8
FSM,1805,435.9
FSM,1806,433.1
FSM,1807,430.2
FSM,1808,427.4
FSM,1809,424.6
FSM,1810,421.8
FSM,1811,419
FSM,1812,416.2
FSM,1813,413.5
FSM,1814,410.8
FSM,1815,408.1
FSM,1816,405.4
FSM,1817,402.7
FSM,1818,400.1
FSM,1819,397.4
FSM,1820,394.8
FSM,1821,392.2
FSM,1822,389.6
FSM,1823,387.1
FSM,1824,384.5
FSM,1825,382
FSM,1826,379.5
FSM,1827,377
FSM,1828,374.5
FSM,1829,372
FSM,1830,369.6
FSM,1831,367.1
FSM,1832,364.7
FSM,1833,362.3
FSM,1834,359.9
FSM,1835,357.6
FSM,1836,355.2
FSM,1837,352.9
FSM,1838,350.6
FSM,1839,348.3
FSM,1840,346
FSM,1841,343.7
FSM,1842,341.4
FSM,1843,339.2
FSM,1844,336.9
FSM,1845,334.7
FSM,1846,332.5
FSM,1847,330.3
FSM,1848,328.2
FSM,1849,326
FSM,1850,323.9
FSM,1851,321.7
FSM,1852,319.6
FSM,1853,317.5
FSM,1854,315.4
FSM,1855,313.3
FSM,1856,311.3
FSM,1857,309.2
FSM,1858,307.2
FSM,1859,305.2
FSM,1860,303.2
FSM,1861,301.2
FSM,1862,299.2
FSM,1863,297.2
FSM,1864,295.3
FSM,1865,293.3
FSM,1866,291.4
FSM,1867,289.5
FSM,1868,287.6
FSM,1869,285.7
FSM,1870,283.8
FSM,1871,281.9
FSM,1872,280.1
FSM,1873,278.2
FSM,1874,276.4
FSM,1875,274.6
FSM,1876,272.8
FSM,1877,271
FSM,1878,269.2
FSM,1879,267.4
FSM,1880,265.6
FSM,1881,263.9
FSM,1882,262.2
FSM,1883,260.4
FSM,1884,258.7
FSM,1885,257
FSM,1886,255.3
FSM,1887,253.7
FSM,1888,252
FSM,1889,250.3
FSM,1890,248.7
FSM,1891,247
FSM,1892,245.4
FSM,1893,243.8
FSM,1894,242.2
FSM,1895,240.6
FSM,1896,239
FSM,1897,237.4
FSM,1898,235.9
FSM,1899,234.3
FSM,1900,232.8
FSM,1901,231.2
FSM,1902,229.7
FSM,1903,228.2
FSM,1904,226.7
FSM,1905,225.2
FSM,1906,223.7
FSM,1907,222.3
FSM,1908,220.8
FSM,1909,219.3
FSM,1910,217.9
FSM,1911,216.5
FSM,1912,215.1
FSM,1913,213.6
FSM,1914,212.2
FSM,1915,210.8
FSM,1916,209.4
FSM,1917,208.1
FSM,1918,206.7
FSM,1919,205.3
FSM,1920,204
FSM,1921,202.6
FSM,1922,201.3
FSM,1923,200
FSM,1924,198.7
FSM,1925,197.4
FSM,1926,196.1
FSM,1927,194.8
FSM,1928,193.5
FSM,1929,192.2
FSM,1930,190.9
FSM,1931,189.7
FSM,1932,188.4
FSM,1933,187.2
FSM,1934,186
FSM,1935,184.7
FSM,1936,183.5
FSM,1937,182.3
FSM,1938,181.1
FSM,1939,179.9
FSM,1940,178.7
FSM,1941,177.6
FSM,1942,176.4
FSM,1943,175.2
FSM,1944,174.1
FSM,1945,172.9
FSM,1946,171.8
FSM,1947,170.6
FSM,1948,169.5
FSM,1949,168.4
FSM,1950,167.2
FSM,1951,165.3
FSM,1952,161.8
FSM,1953,158.2
FSM,1954,154.4
FSM,1955,150.5
FSM,1956,146.4
FSM,1957,142.3
FSM,1958,138
FSM,1959,133.8
FSM,1960,129.6
FSM,1961,125.6
FSM,1962,121.6
FSM,1963,117.6
FSM,1964,113.7
FSM,1965,109.9
FSM,1966,106.1
FSM,1967,102.3
FSM,1968,98.78
FSM,1969,95.41
FSM,1970,92.23
FSM,1971,88.68
FSM,1972,84.88
FSM,1973,81.24
FSM,1974,77.75
FSM,1975,74.42
FSM,1976,71.22
FSM,1977,68.17
FSM,1978,65.24
FSM,1979,62.44
FSM,1980,61.59
FSM,1981,57.2
FSM,1982,58
FSM,1983,58.7
FSM,1984,59
FSM,1985,59
FSM,1986,58.6
FSM,1987,58
FSM,1988,57.1
FSM,1989,56.3
FSM,1990,55.6
FSM,1991,55.2
FSM,1992,55
FSM,1993,55.1
FSM,1994,55.3
FSM,1995,55.6
FSM,1996,55.9
FSM,1997,56
FSM,1998,55.6
FSM,1999,54.9
FSM,2000,53.9
FSM,2001,52.8
FSM,2002,51.6
FSM,2003,50.2
FSM,2004,48.8
FSM,2005,47.4
FSM,2006,45.9
FSM,2007,44.6
FSM,2008,43.1
FSM,2009,42
FSM,2010,40.7
FSM,2011,39.4
FSM,2012,38.2
FSM,2013,37
FSM,2014,35.8
FSM,2015,34.7
MDA,1800,396.8
MDA,1801,396.1
MDA,1802,395.3
MDA,1803,394.6
MDA,1804,393.9
MDA,1805,393.1
MDA,1806,392.4
MDA,1807,391.7
MDA,1808,390.9
MDA,1809,390.2
MDA,1810,389.5
MDA,1811,388.8
MDA,1812,388.1
MDA,1813,387.3
MDA,1814,386.6
MDA,1815,385.9
MDA,1816,385.2
MDA,1817,384.5
MDA,1818,383.8
MDA,1819,383
MDA,1820,382.3
MDA,1821,381.6
MDA,1822,380.9
MDA,1823,380.2
MDA,1824,379.5
MDA,1825,378.8
MDA,1826,378.1
MDA,1827,377.4
MDA,1828,376.7
MDA,1829,376
MDA,1830,375.3
MDA,1831,374.6
MDA,1832,373.9
MDA,1833,373.2
MDA,1834,372.5
MDA,1835,371.8
MDA,1836,371.1
MDA,1837,370.4
MDA,1838,369.8
MDA,1839,369.1
MDA,1840,368.4
MDA,1841,367.7
MDA,1842,367
MDA,1843,366.3
MDA,1844,365.6
MDA,1845,365
MDA,1846,364.3
MDA,1847,363.6
MDA,1848,362.9
MDA,1849,362.3
MDA,1850,361.6
MDA,1851,360.9
MDA,1852,360.3
MDA,1853,359.6
MDA,1854,358.9
MDA,1855,358.2
MDA,1856,357.6
MDA,1857,356.9
MDA,1858,356.3
MDA,1859,355.6
MDA,1860,354.9
MDA,1861,354.3
MDA,1862,353.6
MDA,1863,353
MDA,1864,352.3
MDA,1865,351.7
MDA,1866,351
MDA,1867,350.4
MDA,1868,349.7
MDA,1869,349.1
MDA,1870,348.4
MDA,1871,347.8
MDA,1872,347.1
MDA,1873,346.5
MDA,1874,345.8
MDA,1875,345.2
MDA,1876,344.6
MDA,1877,343.9
MDA,1878,343.3
MDA,1879,342.6
MDA,1880,342
MDA,1881,341.4
MDA,1882,340.7
MDA,1883,340.1
MDA,1884,339.5
MDA,1885,338.8
MDA,1886,338.2
MDA,1887,337.6
MDA,1888,336.9
MDA,1889,336.3
MDA,1890,335.7
MDA,1891,335.1
MDA,1892,334.4
MDA,1893,333.8
MDA,1894,333.2
MDA,1895,332.6
MDA,1896,332
MDA,1897,331.4
MDA,1898,330.8
MDA,1899,330.1
MDA,1900,329.5
MDA,1901,325.2
MDA,1902,320.9
MDA,1903,316.7
MDA,1904,312.5
MDA,1905,308.4
MDA,1906,304.4
MDA,1907,300.4
MDA,1908,296.4
MDA,1909,292.5
MDA,1910,288.7
MDA,1911,284.9
MDA,1912,281.1
MDA,1913,277.4
MDA,1914,273.8
MDA,1915,270.2
MDA,1916,266.6
MDA,1917,263.1
MDA,1918,259.6
MDA,1919,256.2
MDA,1920,252.9
MDA,1921,249.5
MDA,1922,246.3
MDA,1923,243
MDA,1924,239.8
MDA,1925,236.7
MDA,1926,233.6
MDA,1927,230.5
MDA,1928,227.4
MDA,1929,224.5
MDA,1930,221.5
MDA,1931,216.2
MDA,1932,211
MDA,1933,206
MDA,1934,201.1
MDA,1935,196.3
MDA,1936,191.6
MDA,1937,187.1
MDA,1938,182.6
MDA,1939,178.3
MDA,1940,174
MDA,1941,169.9
MDA,1942,165.9
MDA,1943,161.9
MDA,1944,158.1
MDA,1945,154.3
MDA,1946,150.6
MDA,1947,147
MDA,1948,143.5
MDA,1949,140.1
MDA,1950,136.8
MDA,1951,134.4
MDA,1952,131.3
MDA,1953,127.4
MDA,1954,124
MDA,1955,120.6
MDA,1956,117
MDA,1957,113.4
MDA,1958,109.7
MDA,1959,106.7
MDA,1960,103
MDA,1961,99.55
MDA,1962,95.35
MDA,1963,91.33
MDA,1964,87.48
MDA,1965,83.79
MDA,1966,80.26
MDA,1967,76.87
MDA,1968,73.63
MDA,1969,70.52
MDA,1970,67.55
MDA,1971,64.7
MDA,1972,62.9
MDA,1973,61.3
MDA,1974,59.5
MDA,1975,57.7
MDA,1976,56.1
MDA,1977,54.5
MDA,1978,53.1
MDA,1979,51.7
MDA,1980,50.3
MDA,1981,48.9
MDA,1982,47.2
MDA,1983,45.2
MDA,1984,43.1
MDA,1985,40.9
MDA,1986,38.8
MDA,1987,36.7
MDA,1988,34.9
MDA,1989,33.6
MDA,1990,33.1
MDA,1991,33.3
MDA,1992,34.2
MDA,1993,35.6
MDA,1994,37
MDA,1995,38.2
MDA,1996,38.5
MDA,1997,38
MDA,1998,36.6
MDA,1999,34.3
MDA,2000,31.4
MDA,2001,28.4
MDA,2002,25.4
MDA,2003,22.9
MDA,2004,20.9
MDA,2005,19.5
MDA,2006,18.6
MDA,2007,18
MDA,2008,17.6
MDA,2009,17.3
MDA,2010,17.1
MDA,2011,16.9
MDA,2012,16.7
MDA,2013,16.4
MDA,2014,16.1
MDA,2015,15.8
MCO,1989,8.1
MCO,1990,7.8
MCO,1991,7.4
MCO,1992,7.1
MCO,1993,6.8
MCO,1994,6.5
MCO,1995,6.2
MCO,1996,6
MCO,1997,5.8
MCO,1998,5.5
MCO,1999,5.3
MCO,2000,5.2
MCO,2001,5
MCO,2002,4.8
MCO,2003,4.7
MCO,2004,4.6
MCO,2005,4.5
MCO,2006,4.4
MCO,2007,4.3
MCO,2008,4.2
MCO,2009,4.1
MCO,2010,4
MCO,2011,3.9
MCO,2012,3.8
MCO,2013,3.7
MCO,2014,3.6
MCO,2015,3.5
MNG,1800,420
MNG,1801,420
MNG,1802,420
MNG,1803,420
MNG,1804,420
MNG,1805,420
MNG,1806,420
MNG,1807,420
MNG,1808,420
MNG,1809,420
MNG,1810,420
MNG,1811,420
MNG,1812,420
MNG,1813,420
MNG,1814,420
MNG,1815,420
MNG,1816,420
MNG,1817,420
MNG,1818,420
MNG,1819,420
MNG,1820,420
MNG,1821,420
MNG,1822,420
MNG,1823,420
MNG,1824,420
MNG,1825,420
MNG,1826,420
MNG,1827,420
MNG,1828,420
MNG,1829,420
MNG,1830,420
MNG,1831,420
MNG,1832,420
MNG,1833,420
MNG,1834,420
MNG,1835,420
MNG,1836,420
MNG,1837,420
MNG,1838,420
MNG,1839,420
MNG,1840,420
MNG,1841,420
MNG,1842,420
MNG,1843,420
MNG,1844,420
MNG,1845,420
MNG,1846,420
MNG,1847,420
MNG,1848,420
MNG,1849,420
MNG,1850,420
MNG,1851,420
MNG,1852,420
MNG,1853,420
MNG,1854,420
MNG,1855,420
MNG,1856,420
MNG,1857,420
MNG,1858,420
MNG,1859,420
MNG,1860,420
MNG,1861,420
MNG,1862,420
MNG,1863,420
MNG,1864,420
MNG,1865,420
MNG,1866,420
MNG,1867,420
MNG,1868,420
MNG,1869,420
MNG,1870,420
MNG,1871,420
MNG,1872,420
MNG,1873,420
MNG,1874,420
MNG,1875,420
MNG,1876,420
MNG,1877,420
MNG,1878,420
MNG,1879,420
MNG,1880,420
MNG,1881,420
MNG,1882,420
MNG,1883,420
MNG,1884,420
MNG,1885,420
MNG,1886,420
MNG,1887,420
MNG,1888,420
MNG,1889,420
MNG,1890,420
MNG,1891,420
MNG,1892,420
MNG,1893,420
MNG,1894,420
MNG,1895,420
MNG,1896,419.9
MNG,1897,419.8
MNG,1898,419.7
MNG,1899,419.4
MNG,1900,419.1
MNG,1901,418.8
MNG,1902,418.3
MNG,1903,417.9
MNG,1904,417.3
MNG,1905,416.7
MNG,1906,416
MNG,1907,415.2
MNG,1908,414.4
MNG,1909,413.5
MNG,1910,412.6
MNG,1911,411.6
MNG,1912,410.7
MNG,1913,409.7
MNG,1914,408.7
MNG,1915,407.7
MNG,1916,406.7
MNG,1917,405.8
MNG,1918,404.8
MNG,1919,403.8
MNG,1920,402.8
MNG,1921,401.8
MNG,1922,400.8
MNG,1923,399.8
MNG,1924,398.9
MNG,1925,397.9
MNG,1926,396.9
MNG,1927,395.9
MNG,1928,394.9
MNG,1929,393.9
MNG,1930,392.9
MNG,1931,391.9
MNG,1932,391
MNG,1933,390
MNG,1934,389
MNG,1935,388
MNG,1936,387
MNG,1937,386
MNG,1938,385.1
MNG,1939,384.2
MNG,1940,383.3
MNG,1941,382.4
MNG,1942,381.6
MNG,1943,380.7
MNG,1944,379.8
MNG,1945,378.9
MNG,1946,354.1
MNG,1947,329.4
MNG,1948,306.8
MNG,1949,284.3
MNG,1950,263.6
MNG,1951,260
MNG,1952,256.5
MNG,1953,253
MNG,1954,249.6
MNG,1955,246.2
MNG,1956,242.9
MNG,1957,239.6
MNG,1958,236.3
MNG,1959,233.1
MNG,1960,230
MNG,1961,226.9
MNG,1962,223.8
MNG,1963,220.8
MNG,1964,217.8
MNG,1965,214.8
MNG,1966,211.9
MNG,1967,209
MNG,1968,206.2
MNG,1969,203.4
MNG,1970,200.7
MNG,1971,197.9
MNG,1972,195.2
MNG,1973,192.6
MNG,1974,190
MNG,1975,187.4
MNG,1976,184.9
MNG,1977,182.4
MNG,1978,179.9
MNG,1979,172.7
MNG,1980,165.9
MNG,1981,159.4
MNG,1982,153.3
MNG,1983,147.4
MNG,1984,141.5
MNG,1985,135.8
MNG,1986,130
MNG,1987,124.2
MNG,1988,118.5
MNG,1989,113.1
MNG,1990,107.8
MNG,1991,102.8
MNG,1992,98
MNG,1993,93.4
MNG,1994,89
MNG,1995,84.6
MNG,1996,80.3
MNG,1997,75.9
MNG,1998,71.5
MNG,1999,67.1
MNG,2000,62.7
MNG,2001,58.4
MNG,2002,54.3
MNG,2003,50.4
MNG,2004,46.8
MNG,2005,43.4
MNG,2006,40.3
MNG,2007,37.4
MNG,2008,34.8
MNG,2009,32.3
MNG,2010,30
MNG,2011,28
MNG,2012,26.2
MNG,2013,24.7
MNG,2014,23.5
MNG,2015,22.4
MNE,1800,375.2
MNE,1801,375.2
MNE,1802,375.2
MNE,1803,375.2
MNE,1804,375.2
MNE,1805,375.2
MNE,1806,375.2
MNE,1807,375.2
MNE,1808,375.2
MNE,1809,375.2
MNE,1810,375.2
MNE,1811,375.2
MNE,1812,375.2
MNE,1813,375.2
MNE,1814,375.2
MNE,1815,375.2
MNE,1816,375.2
MNE,1817,375.2
MNE,1818,375.2
MNE,1819,375.2
MNE,1820,375.2
MNE,1821,375.2
MNE,1822,375.2
MNE,1823,375.2
MNE,1824,375.2
MNE,1825,375.2
MNE,1826,375.2
MNE,1827,375.2
MNE,1828,375.2
MNE,1829,375.2
MNE,1830,375.2
MNE,1831,375.2
MNE,1832,375.2
MNE,1833,375.2
MNE,1834,375.2
MNE,1835,375.2
MNE,1836,375.2
MNE,1837,375.2
MNE,1838,375.2
MNE,1839,375.2
MNE,1840,375.2
MNE,1841,375.2
MNE,1842,375.2
MNE,1843,375.2
MNE,1844,375.2
MNE,1845,375.2
MNE,1846,375.2
MNE,1847,375.2
MNE,1848,375.2
MNE,1849,375.2
MNE,1850,375.2
MNE,1851,375.2
MNE,1852,375.2
MNE,1853,375.2
MNE,1854,375.2
MNE,1855,375.2
MNE,1856,375.2
MNE,1857,375.2
MNE,1858,375.2
MNE,1859,375.2
MNE,1860,375.2
MNE,1861,375.2
MNE,1862,375.2
MNE,1863,375.2
MNE,1864,375.2
MNE,1865,375.2
MNE,1866,375.2
MNE,1867,375.2
MNE,1868,375.2
MNE,1869,375.2
MNE,1870,375.2
MNE,1871,375.2
MNE,1872,375.2
MNE,1873,375.2
MNE,1874,375.2
MNE,1875,375.2
MNE,1876,375.2
MNE,1877,375.2
MNE,1878,375.2
MNE,1879,375.2
MNE,1880,375.2
MNE,1881,375.2
MNE,1882,375.2
MNE,1883,375.2
MNE,1884,375.2
MNE,1885,375.2
MNE,1886,375.2
MNE,1887,375.2
MNE,1888,375.2
MNE,1889,375.2
MNE,1890,375.2
MNE,1891,375.2
MNE,1892,375.2
MNE,1893,375.2
MNE,1894,375.2
MNE,1895,375.2
MNE,1896,375.1
MNE,1897,375
MNE,1898,374.9
MNE,1899,374.6
MNE,1900,374.4
MNE,1901,374.1
MNE,1902,373.7
MNE,1903,373.2
MNE,1904,372.8
MNE,1905,372.2
MNE,1906,371.6
MNE,1907,370.9
MNE,1908,370.2
MNE,1909,369.4
MNE,1910,368.6
MNE,1911,367.7
MNE,1912,366.8
MNE,1913,366
MNE,1914,365.1
MNE,1915,364.2
MNE,1916,363.3
MNE,1917,362.4
MNE,1918,361.6
MNE,1919,360.7
MNE,1920,359.8
MNE,1921,349.8
MNE,1922,340
MNE,1923,330.4
MNE,1924,320.9
MNE,1925,311.7
MNE,1926,302.6
MNE,1927,294.6
MNE,1928,285.9
MNE,1929,277.2
MNE,1930,268.7
MNE,1931,260.4
MNE,1932,252.2
MNE,1933,244.2
MNE,1934,236.3
MNE,1935,228.5
MNE,1936,220.9
MNE,1937,213.4
MNE,1938,206.1
MNE,1939,198.8
MNE,1940,191.8
MNE,1941,185.6
MNE,1942,178.7
MNE,1943,172
MNE,1944,165.4
MNE,1945,158.9
MNE,1946,152.5
MNE,1947,146.3
MNE,1948,140.2
MNE,1949,134.2
MNE,1950,128.3
MNE,1951,127.3
MNE,1952,125
MNE,1953,122.5
MNE,1954,119.2
MNE,1955,115.8
MNE,1956,111
MNE,1957,106.8
MNE,1958,101.4
MNE,1959,96.71
MNE,1960,91.57
MNE,1961,86.59
MNE,1962,81.75
MNE,1963,77.58
MNE,1964,73.53
MNE,1965,69.57
MNE,1966,65.74
MNE,1967,62.47
MNE,1968,58.93
MNE,1969,55.57
MNE,1970,52.38
MNE,1971,49.83
MNE,1972,47.39
MNE,1973,45.5
MNE,1974,43.63
MNE,1975,41.57
MNE,1976,39.61
MNE,1977,37.74
MNE,1978,35.96
MNE,1979,34.26
MNE,1980,30.25
MNE,1981,29.68
MNE,1982,29.03
MNE,1983,28.31
MNE,1984,26.9
MNE,1985,24.6
MNE,1986,22.4
MNE,1987,20.5
MNE,1988,18.9
MNE,1989,17.6
MNE,1990,16.6
MNE,1991,16
MNE,1992,15.6
MNE,1993,15.3
MNE,1994,15.2
MNE,1995,15.1
MNE,1996,15
MNE,1997,14.9
MNE,1998,14.6
MNE,1999,14.3
MNE,2000,13.8
MNE,2001,13.2
MNE,2002,12.6
MNE,2003,11.9
MNE,2004,11.1
MNE,2005,10.4
MNE,2006,9.6
MNE,2007,8.9
MNE,2008,8.1
MNE,2009,7.4
MNE,2010,6.8
MNE,2011,6.2
MNE,2012,5.7
MNE,2013,5.3
MNE,2014,5
MNE,2015,4.7
MAR,1800,403.4
MAR,1801,403.4
MAR,1802,403.4
MAR,1803,403.4
MAR,1804,403.4
MAR,1805,403.4
MAR,1806,403.4
MAR,1807,403.4
MAR,1808,403.4
MAR,1809,403.4
MAR,1810,403.4
MAR,1811,403.4
MAR,1812,403.4
MAR,1813,403.4
MAR,1814,403.4
MAR,1815,403.4
MAR,1816,403.4
MAR,1817,403.4
MAR,1818,403.4
MAR,1819,403.4
MAR,1820,403.4
MAR,1821,403.4
MAR,1822,403.4
MAR,1823,403.4
MAR,1824,403.4
MAR,1825,403.4
MAR,1826,403.4
MAR,1827,403.4
MAR,1828,403.4
MAR,1829,403.4
MAR,1830,403.4
MAR,1831,403.4
MAR,1832,403.4
MAR,1833,403.4
MAR,1834,403.4
MAR,1835,403.4
MAR,1836,403.4
MAR,1837,403.4
MAR,1838,403.4
MAR,1839,403.4
MAR,1840,403.4
MAR,1841,403.4
MAR,1842,403.4
MAR,1843,403.4
MAR,1844,403.4
MAR,1845,403.4
MAR,1846,403.4
MAR,1847,403.4
MAR,1848,403.4
MAR,1849,403.4
MAR,1850,403.4
MAR,1851,403.4
MAR,1852,403.4
MAR,1853,403.4
MAR,1854,403.4
MAR,1855,403.4
MAR,1856,403.4
MAR,1857,403.4
MAR,1858,403.4
MAR,1859,403.4
MAR,1860,403.4
MAR,1861,403.4
MAR,1862,403.4
MAR,1863,403.4
MAR,1864,403.4
MAR,1865,403.4
MAR,1866,403.4
MAR,1867,403.4
MAR,1868,403.4
MAR,1869,403.4
MAR,1870,403.4
MAR,1871,403.4
MAR,1872,403.4
MAR,1873,403.4
MAR,1874,403.4
MAR,1875,403.4
MAR,1876,403.4
MAR,1877,403.4
MAR,1878,403.4
MAR,1879,403.4
MAR,1880,403.4
MAR,1881,403.4
MAR,1882,403.4
MAR,1883,403.4
MAR,1884,403.4
MAR,1885,403.4
MAR,1886,403.4
MAR,1887,403.4
MAR,1888,403.4
MAR,1889,403.4
MAR,1890,403.4
MAR,1891,403.4
MAR,1892,403.4
MAR,1893,403.4
MAR,1894,403.4
MAR,1895,403.4
MAR,1896,403.3
MAR,1897,403.2
MAR,1898,403.1
MAR,1899,402.9
MAR,1900,402.6
MAR,1901,402.2
MAR,1902,401.8
MAR,1903,401.3
MAR,1904,400.8
MAR,1905,400.2
MAR,1906,399.5
MAR,1907,398.8
MAR,1908,398
MAR,1909,397.2
MAR,1910,396.3
MAR,1911,395.4
MAR,1912,394.4
MAR,1913,393.5
MAR,1914,392.6
MAR,1915,391.6
MAR,1916,390.7
MAR,1917,389.6
MAR,1918,388.5
MAR,1919,387.4
MAR,1920,386.3
MAR,1921,385.2
MAR,1922,384.1
MAR,1923,383
MAR,1924,381.9
MAR,1925,380.8
MAR,1926,379.7
MAR,1927,378.7
MAR,1928,377.6
MAR,1929,376.5
MAR,1930,375.4
MAR,1931,374.3
MAR,1932,373.2
MAR,1933,372.2
MAR,1934,371.1
MAR,1935,370
MAR,1936,368.9
MAR,1937,367.8
MAR,1938,366.7
MAR,1939,365.7
MAR,1940,364.6
MAR,1941,350.1
MAR,1942,336
MAR,1943,322.3
MAR,1944,308.9
MAR,1945,304.9
MAR,1946,301
MAR,1947,297.1
MAR,1948,293.2
MAR,1949,289.4
MAR,1950,285.7
MAR,1951,282
MAR,1952,278.3
MAR,1953,274.7
MAR,1954,271.1
MAR,1955,265.3
MAR,1956,259.7
MAR,1957,254.4
MAR,1958,249.3
MAR,1959,244.3
MAR,1960,239.4
MAR,1961,234.5
MAR,1962,229.6
MAR,1963,224.5
MAR,1964,219.3
MAR,1965,214.1
MAR,1966,208.7
MAR,1967,203.4
MAR,1968,198.1
MAR,1969,193.2
MAR,1970,188.7
MAR,1971,184.4
MAR,1972,180.4
MAR,1973,176.1
MAR,1974,171.4
MAR,1975,166.2
MAR,1976,160.4
MAR,1977,154.1
MAR,1978,147.4
MAR,1979,140.6
MAR,1980,133.8
MAR,1981,127.2
MAR,1982,120.8
MAR,1983,114.6
MAR,1984,108.6
MAR,1985,103
MAR,1986,97.7
MAR,1987,92.7
MAR,1988,88.1
MAR,1989,84
MAR,1990,80.1
MAR,1991,76.5
MAR,1992,73
MAR,1993,69.7
MAR,1994,66.4
MAR,1995,63.3
MAR,1996,60.3
MAR,1997,57.5
MAR,1998,54.8
MAR,1999,52.3
MAR,2000,50
MAR,2001,47.9
MAR,2002,45.8
MAR,2003,43.9
MAR,2004,42.1
MAR,2005,40.4
MAR,2006,38.8
MAR,2007,37.3
MAR,2008,35.8
MAR,2009,34.5
MAR,2010,33.1
MAR,2011,31.9
MAR,2012,30.7
MAR,2013,29.7
MAR,2014,28.6
MAR,2015,27.6
MOZ,1800,439.8
MOZ,1801,439.8
MOZ,1802,439.8
MOZ,1803,439.8
MOZ,1804,439.8
MOZ,1805,439.8
MOZ,1806,439.8
MOZ,1807,439.8
MOZ,1808,439.8
MOZ,1809,439.8
MOZ,1810,439.8
MOZ,1811,439.8
MOZ,1812,439.8
MOZ,1813,439.8
MOZ,1814,439.8
MOZ,1815,439.8
MOZ,1816,439.8
MOZ,1817,439.8
MOZ,1818,439.8
MOZ,1819,439.8
MOZ,1820,439.8
MOZ,1821,439.8
MOZ,1822,439.8
MOZ,1823,439.8
MOZ,1824,439.8
MOZ,1825,439.8
MOZ,1826,439.8
MOZ,1827,439.8
MOZ,1828,439.8
MOZ,1829,439.8
MOZ,1830,439.8
MOZ,1831,439.8
MOZ,1832,439.8
MOZ,1833,439.8
MOZ,1834,439.8
MOZ,1835,439.8
MOZ,1836,439.8
MOZ,1837,439.8
MOZ,1838,439.8
MOZ,1839,439.8
MOZ,1840,439.8
MOZ,1841,439.8
MOZ,1842,439.8
MOZ,1843,439.8
MOZ,1844,439.8
MOZ,1845,439.8
MOZ,1846,439.8
MOZ,1847,439.8
MOZ,1848,439.8
MOZ,1849,439.8
MOZ,1850,439.8
MOZ,1851,439.8
MOZ,1852,439.8
MOZ,1853,439.8
MOZ,1854,439.8
MOZ,1855,439.8
MOZ,1856,439.8
MOZ,1857,439.8
MOZ,1858,439.8
MOZ,1859,439.8
MOZ,1860,439.8
MOZ,1861,439.8
MOZ,1862,439.8
MOZ,1863,439.8
MOZ,1864,439.8
MOZ,1865,439.8
MOZ,1866,439.8
MOZ,1867,439.8
MOZ,1868,439.8
MOZ,1869,439.8
MOZ,1870,439.8
MOZ,1871,439.8
MOZ,1872,439.8
MOZ,1873,439.8
MOZ,1874,439.8
MOZ,1875,439.8
MOZ,1876,439.8
MOZ,1877,439.8
MOZ,1878,439.8
MOZ,1879,439.8
MOZ,1880,439.8
MOZ,1881,439.8
MOZ,1882,439.8
MOZ,1883,439.8
MOZ,1884,439.8
MOZ,1885,439.8
MOZ,1886,439.8
MOZ,1887,439.8
MOZ,1888,439.8
MOZ,1889,439.8
MOZ,1890,439.8
MOZ,1891,439.8
MOZ,1892,439.8
MOZ,1893,439.8
MOZ,1894,439.8
MOZ,1895,439.8
MOZ,1896,439.7
MOZ,1897,439.6
MOZ,1898,439.4
MOZ,1899,439.1
MOZ,1900,438.8
MOZ,1901,438.5
MOZ,1902,438
MOZ,1903,437.5
MOZ,1904,436.9
MOZ,1905,436.3
MOZ,1906,435.5
MOZ,1907,434.8
MOZ,1908,433.9
MOZ,1909,433
MOZ,1910,432
MOZ,1911,431
MOZ,1912,430
MOZ,1913,429
MOZ,1914,427.9
MOZ,1915,426.9
MOZ,1916,425.9
MOZ,1917,424.8
MOZ,1918,423.8
MOZ,1919,422.8
MOZ,1920,421.7
MOZ,1921,420.7
MOZ,1922,419.7
MOZ,1923,418.7
MOZ,1924,417.7
MOZ,1925,416.8
MOZ,1926,415.8
MOZ,1927,414.8
MOZ,1928,413.8
MOZ,1929,412.9
MOZ,1930,411.9
MOZ,1931,410.9
MOZ,1932,409.9
MOZ,1933,408.9
MOZ,1934,408
MOZ,1935,407
MOZ,1936,406
MOZ,1937,405.1
MOZ,1938,404.1
MOZ,1939,403.1
MOZ,1940,402.1
MOZ,1941,401.1
MOZ,1942,400.2
MOZ,1943,399.2
MOZ,1944,398.2
MOZ,1945,397.2
MOZ,1946,396.2
MOZ,1947,395.3
MOZ,1948,394.3
MOZ,1949,393.3
MOZ,1950,392.3
MOZ,1951,389
MOZ,1952,382.1
MOZ,1953,374.9
MOZ,1954,367.2
MOZ,1955,355.2
MOZ,1956,343.6
MOZ,1957,332.4
MOZ,1958,321.5
MOZ,1959,311
MOZ,1960,300.8
MOZ,1961,291
MOZ,1962,281.5
MOZ,1963,280.8
MOZ,1964,279.8
MOZ,1965,278.9
MOZ,1966,278.1
MOZ,1967,277.1
MOZ,1968,276.2
MOZ,1969,275.1
MOZ,1970,273.8
MOZ,1971,272.7
MOZ,1972,271.6
MOZ,1973,270
MOZ,1974,268.6
MOZ,1975,267.4
MOZ,1976,266
MOZ,1977,265
MOZ,1978,263.9
MOZ,1979,263.1
MOZ,1980,262.5
MOZ,1981,261.5
MOZ,1982,260.4
MOZ,1983,258.8
MOZ,1984,256.8
MOZ,1985,254.1
MOZ,1986,251.1
MOZ,1987,247.8
MOZ,1988,244.5
MOZ,1989,241.2
MOZ,1990,237.9
MOZ,1991,234.1
MOZ,1992,229.8
MOZ,1993,224.6
MOZ,1994,218.5
MOZ,1995,211.4
MOZ,1996,203.4
MOZ,1997,194.6
MOZ,1998,185.5
MOZ,1999,176.5
MOZ,2000,168
MOZ,2001,160
MOZ,2002,152.7
MOZ,2003,146
MOZ,2004,139.7
MOZ,2005,133.7
MOZ,2006,128
MOZ,2007,120.9
MOZ,2008,114.4
MOZ,2009,108.7
MOZ,2010,103.8
MOZ,2011,98.9
MOZ,2012,93
MOZ,2013,87.2
MOZ,2014,83.4
MOZ,2015,80.6
MMR,1800,433.1
MMR,1801,433.1
MMR,1802,433.1
MMR,1803,433.1
MMR,1804,433.1
MMR,1805,433.1
MMR,1806,433.1
MMR,1807,433.1
MMR,1808,433.1
MMR,1809,433.1
MMR,1810,433.1
MMR,1811,433.1
MMR,1812,433.1
MMR,1813,433.1
MMR,1814,433.1
MMR,1815,433.1
MMR,1816,433.1
MMR,1817,433.1
MMR,1818,433.1
MMR,1819,433.1
MMR,1820,433.1
MMR,1821,433.1
MMR,1822,433.1
MMR,1823,433.1
MMR,1824,433.1
MMR,1825,433.1
MMR,1826,433.1
MMR,1827,433.1
MMR,1828,433.1
MMR,1829,433.1
MMR,1830,433.1
MMR,1831,433.1
MMR,1832,433.1
MMR,1833,433.1
MMR,1834,433.1
MMR,1835,433.1
MMR,1836,433.1
MMR,1837,433.1
MMR,1838,433.1
MMR,1839,433.1
MMR,1840,433.1
MMR,1841,433.1
MMR,1842,433.1
MMR,1843,433.1
MMR,1844,433.1
MMR,1845,433.1
MMR,1846,433.1
MMR,1847,433.1
MMR,1848,433.1
MMR,1849,433.1
MMR,1850,433.1
MMR,1851,433.1
MMR,1852,433.1
MMR,1853,433.1
MMR,1854,433.1
MMR,1855,433.1
MMR,1856,433.1
MMR,1857,433.1
MMR,1858,433.1
MMR,1859,433.1
MMR,1860,433.1
MMR,1861,433.1
MMR,1862,433.1
MMR,1863,433.1
MMR,1864,433.1
MMR,1865,433.1
MMR,1866,433.1
MMR,1867,433.1
MMR,1868,433.1
MMR,1869,433.1
MMR,1870,433.1
MMR,1871,433.1
MMR,1872,433.1
MMR,1873,433.1
MMR,1874,433.1
MMR,1875,433.1
MMR,1876,433.1
MMR,1877,433.1
MMR,1878,433.1
MMR,1879,433.1
MMR,1880,433.1
MMR,1881,433.1
MMR,1882,433.1
MMR,1883,433.1
MMR,1884,433.1
MMR,1885,433.1
MMR,1886,433.1
MMR,1887,433.1
MMR,1888,433.1
MMR,1889,433.1
MMR,1890,433.1
MMR,1891,433.1
MMR,1892,433.1
MMR,1893,433.1
MMR,1894,433.1
MMR,1895,433.1
MMR,1896,433
MMR,1897,432.9
MMR,1898,432.7
MMR,1899,432.5
MMR,1900,432.2
MMR,1901,431.8
MMR,1902,431.4
MMR,1903,430.9
MMR,1904,430.3
MMR,1905,429.6
MMR,1906,428.9
MMR,1907,428.2
MMR,1908,427.3
MMR,1909,426.4
MMR,1910,425.5
MMR,1911,424.5
MMR,1912,423.5
MMR,1913,422.4
MMR,1914,421.4
MMR,1915,420.4
MMR,1916,419.4
MMR,1917,418.4
MMR,1918,417.4
MMR,1919,416.4
MMR,1920,415.3
MMR,1921,414.3
MMR,1922,413.3
MMR,1923,412.3
MMR,1924,411.3
MMR,1925,410.3
MMR,1926,409.2
MMR,1927,408.2
MMR,1928,407.2
MMR,1929,406.3
MMR,1930,405.4
MMR,1931,404.4
MMR,1932,403.5
MMR,1933,402.6
MMR,1934,401.7
MMR,1935,400.7
MMR,1936,399.8
MMR,1937,398.9
MMR,1938,398
MMR,1939,397
MMR,1940,396.1
MMR,1941,395.2
MMR,1942,429.1
MMR,1943,421.7
MMR,1944,425.8
MMR,1945,426
MMR,1946,413.7
MMR,1947,400.4
MMR,1948,388.6
MMR,1949,373.7
MMR,1950,358
MMR,1951,348.9
MMR,1952,340.1
MMR,1953,331.4
MMR,1954,323
MMR,1955,314.8
MMR,1956,306.8
MMR,1957,299
MMR,1958,291.4
MMR,1959,283.9
MMR,1960,276.7
MMR,1961,263.6
MMR,1962,251.1
MMR,1963,239.1
MMR,1964,227.8
MMR,1965,217
MMR,1966,206.7
MMR,1967,196.8
MMR,1968,187.5
MMR,1969,183.3
MMR,1970,179.2
MMR,1971,175.2
MMR,1972,171.2
MMR,1973,167.1
MMR,1974,163.2
MMR,1975,159.1
MMR,1976,155.3
MMR,1977,151.2
MMR,1978,147.3
MMR,1979,143.6
MMR,1980,140
MMR,1981,136.7
MMR,1982,133.4
MMR,1983,130.3
MMR,1984,127.2
MMR,1985,124.3
MMR,1986,121.3
MMR,1987,118.5
MMR,1988,115.6
MMR,1989,112.7
MMR,1990,109.9
MMR,1991,107
MMR,1992,104.1
MMR,1993,101.1
MMR,1994,98.2
MMR,1995,95.4
MMR,1996,92.7
MMR,1997,90
MMR,1998,87.4
MMR,1999,84.8
MMR,2000,82.3
MMR,2001,79.9
MMR,2002,77.5
MMR,2003,75.2
MMR,2004,72.8
MMR,2005,70.5
MMR,2006,68.1
MMR,2007,65.8
MMR,2008,87.2
MMR,2009,61.4
MMR,2010,59.3
MMR,2011,57.2
MMR,2012,55.3
MMR,2013,53.5
MMR,2014,51.7
MMR,2015,50
NAM,1800,412.3
NAM,1801,412.3
NAM,1802,412.3
NAM,1803,412.3
NAM,1804,412.3
NAM,1805,412.3
NAM,1806,412.3
NAM,1807,412.3
NAM,1808,412.3
NAM,1809,412.3
NAM,1810,412.3
NAM,1811,412.3
NAM,1812,412.3
NAM,1813,412.3
NAM,1814,412.3
NAM,1815,412.3
NAM,1816,412.3
NAM,1817,412.3
NAM,1818,412.3
NAM,1819,412.3
NAM,1820,412.3
NAM,1821,412.3
NAM,1822,412.3
NAM,1823,412.3
NAM,1824,412.3
NAM,1825,412.3
NAM,1826,412.3
NAM,1827,412.3
NAM,1828,412.3
NAM,1829,412.3
NAM,1830,412.3
NAM,1831,412.3
NAM,1832,412.3
NAM,1833,412.3
NAM,1834,412.3
NAM,1835,412.3
NAM,1836,412.3
NAM,1837,412.3
NAM,1838,412.3
NAM,1839,412.3
NAM,1840,412.3
NAM,1841,412.3
NAM,1842,412.3
NAM,1843,412.3
NAM,1844,412.3
NAM,1845,412.3
NAM,1846,412.3
NAM,1847,412.3
NAM,1848,412.3
NAM,1849,412.3
NAM,1850,412.3
NAM,1851,412.3
NAM,1852,412.3
NAM,1853,412.3
NAM,1854,412.3
NAM,1855,412.3
NAM,1856,412.3
NAM,1857,412.3
NAM,1858,412.3
NAM,1859,412.3
NAM,1860,412.3
NAM,1861,412.3
NAM,1862,412.3
NAM,1863,412.3
NAM,1864,412.3
NAM,1865,412.3
NAM,1866,412.3
NAM,1867,412.3
NAM,1868,412.3
NAM,1869,412.3
NAM,1870,412.3
NAM,1871,412.3
NAM,1872,412.3
NAM,1873,412.3
NAM,1874,412.3
NAM,1875,412.3
NAM,1876,412.3
NAM,1877,412.3
NAM,1878,412.3
NAM,1879,412.3
NAM,1880,412.3
NAM,1881,412.3
NAM,1882,412.3
NAM,1883,412.3
NAM,1884,412.3
NAM,1885,412.3
NAM,1886,412.3
NAM,1887,412.3
NAM,1888,412.3
NAM,1889,412.3
NAM,1890,412.3
NAM,1891,412.3
NAM,1892,412.3
NAM,1893,412.3
NAM,1894,412.3
NAM,1895,412.3
NAM,1896,412.2
NAM,1897,412.1
NAM,1898,412
NAM,1899,411.7
NAM,1900,411.4
NAM,1901,411.1
NAM,1902,410.7
NAM,1903,410.2
NAM,1904,409.6
NAM,1905,409
NAM,1906,408.4
NAM,1907,407.6
NAM,1908,406.8
NAM,1909,405.9
NAM,1910,405
NAM,1911,404.1
NAM,1912,403.1
NAM,1913,402.2
NAM,1914,401.2
NAM,1915,400.2
NAM,1916,399.3
NAM,1917,398.3
NAM,1918,397.3
NAM,1919,396.4
NAM,1920,395.4
NAM,1921,394.4
NAM,1922,393.5
NAM,1923,392.5
NAM,1924,391.5
NAM,1925,390.6
NAM,1926,389.6
NAM,1927,388.6
NAM,1928,387.4
NAM,1929,386.2
NAM,1930,385
NAM,1931,383.8
NAM,1932,382.6
NAM,1933,381.4
NAM,1934,380.2
NAM,1935,379
NAM,1936,377.8
NAM,1937,376.6
NAM,1938,375.4
NAM,1939,374.2
NAM,1940,373
NAM,1941,362.7
NAM,1942,352.6
NAM,1943,342.7
NAM,1944,334
NAM,1945,324.5
NAM,1946,315.1
NAM,1947,306
NAM,1948,297
NAM,1949,288.2
NAM,1950,279.5
NAM,1951,262.6
NAM,1952,246.8
NAM,1953,231.8
NAM,1954,217.8
NAM,1955,204.7
NAM,1956,192.3
NAM,1957,180.7
NAM,1958,169.7
NAM,1959,159.5
NAM,1960,149.8
NAM,1961,140.4
NAM,1962,131.6
NAM,1963,123.3
NAM,1964,115.5
NAM,1965,108.2
NAM,1966,101.4
NAM,1967,95
NAM,1968,95.6
NAM,1969,96.1
NAM,1970,96.6
NAM,1971,97.2
NAM,1972,97.8
NAM,1973,98.4
NAM,1974,98.9
NAM,1975,99.4
NAM,1976,99.9
NAM,1977,100.1
NAM,1978,100.1
NAM,1979,99.7
NAM,1980,98.7
NAM,1981,97.1
NAM,1982,94.9
NAM,1983,92.3
NAM,1984,89.2
NAM,1985,85.8
NAM,1986,82.4
NAM,1987,79.1
NAM,1988,76
NAM,1989,73
NAM,1990,70.4
NAM,1991,68.1
NAM,1992,66.3
NAM,1993,65.2
NAM,1994,64.9
NAM,1995,65.2
NAM,1996,66
NAM,1997,67.3
NAM,1998,68.7
NAM,1999,70.1
NAM,2000,71.4
NAM,2001,72.1
NAM,2002,72.4
NAM,2003,72.4
NAM,2004,71.7
NAM,2005,70.7
NAM,2006,68.7
NAM,2007,65.2
NAM,2008,62.2
NAM,2009,58.6
NAM,2010,55.4
NAM,2011,53.6
NAM,2012,51.9
NAM,2013,49.5
NAM,2014,47.7
NAM,2015,46.7
NRU,1990,56.9
NRU,1991,54.9
NRU,1992,53.1
NRU,1993,51.3
NRU,1994,49.6
NRU,1995,48
NRU,1996,46.4
NRU,1997,44.9
NRU,1998,43.5
NRU,1999,42.2
NRU,2000,41.2
NRU,2001,40.3
NRU,2002,39.5
NRU,2003,39
NRU,2004,38.8
NRU,2005,38.7
NRU,2006,39
NRU,2007,39.3
NRU,2008,39.7
NRU,2009,39.7
NRU,2010,39.4
NRU,2011,38.8
NRU,2012,38.1
NRU,2013,37.2
NRU,2014,36.3
NRU,2015,35.4
NPL,1800,407.2
NPL,1801,407.2
NPL,1802,407.2
NPL,1803,407.2
NPL,1804,407.2
NPL,1805,407.2
NPL,1806,407.2
NPL,1807,407.2
NPL,1808,407.2
NPL,1809,407.2
NPL,1810,407.2
NPL,1811,407.2
NPL,1812,407.2
NPL,1813,407.2
NPL,1814,407.2
NPL,1815,407.2
NPL,1816,407.2
NPL,1817,407.2
NPL,1818,407.2
NPL,1819,407.2
NPL,1820,407.2
NPL,1821,407.2
NPL,1822,407.2
NPL,1823,407.2
NPL,1824,407.2
NPL,1825,407.2
NPL,1826,407.2
NPL,1827,407.2
NPL,1828,407.2
NPL,1829,407.2
NPL,1830,407.2
NPL,1831,407.2
NPL,1832,407.2
NPL,1833,407.2
NPL,1834,407.2
NPL,1835,407.2
NPL,1836,407.2
NPL,1837,407.2
NPL,1838,407.2
NPL,1839,407.2
NPL,1840,407.2
NPL,1841,407.2
NPL,1842,407.2
NPL,1843,407.2
NPL,1844,407.2
NPL,1845,407.2
NPL,1846,407.2
NPL,1847,407.2
NPL,1848,407.2
NPL,1849,407.2
NPL,1850,407.2
NPL,1851,407.2
NPL,1852,407.2
NPL,1853,407.2
NPL,1854,407.2
NPL,1855,407.2
NPL,1856,407.2
NPL,1857,407.2
NPL,1858,407.2
NPL,1859,407.2
NPL,1860,407.2
NPL,1861,407.2
NPL,1862,407.2
NPL,1863,407.2
NPL,1864,407.2
NPL,1865,407.2
NPL,1866,407.2
NPL,1867,407.2
NPL,1868,407.2
NPL,1869,407.2
NPL,1870,407.2
NPL,1871,407.2
NPL,1872,407.2
NPL,1873,407.2
NPL,1874,407.2
NPL,1875,407.2
NPL,1876,407.2
NPL,1877,407.2
NPL,1878,407.2
NPL,1879,407.2
NPL,1880,407.2
NPL,1881,407.2
NPL,1882,407.2
NPL,1883,407.2
NPL,1884,407.2
NPL,1885,407.2
NPL,1886,407.2
NPL,1887,407.2
NPL,1888,407.2
NPL,1889,407.2
NPL,1890,407.2
NPL,1891,407.2
NPL,1892,407.2
NPL,1893,407.2
NPL,1894,407.2
NPL,1895,407.2
NPL,1896,407.1
NPL,1897,407
NPL,1898,406.9
NPL,1899,406.6
NPL,1900,406.4
NPL,1901,406
NPL,1902,405.6
NPL,1903,405.1
NPL,1904,404.6
NPL,1905,404
NPL,1906,403.3
NPL,1907,402.6
NPL,1908,401.8
NPL,1909,400.9
NPL,1910,400
NPL,1911,399
NPL,1912,398
NPL,1913,396.9
NPL,1914,395.9
NPL,1915,394.8
NPL,1916,393.8
NPL,1917,392.7
NPL,1918,391.6
NPL,1919,390.6
NPL,1920,389.6
NPL,1921,388.5
NPL,1922,387.4
NPL,1923,386.4
NPL,1924,385.4
NPL,1925,384.3
NPL,1926,383.3
NPL,1927,382.2
NPL,1928,381.2
NPL,1929,380.1
NPL,1930,379.1
NPL,1931,378
NPL,1932,377
NPL,1933,375.9
NPL,1934,374.9
NPL,1935,373.9
NPL,1936,372.8
NPL,1937,371.8
NPL,1938,370.7
NPL,1939,369.7
NPL,1940,368.6
NPL,1941,367.6
NPL,1942,364.5
NPL,1943,361.4
NPL,1944,358.4
NPL,1945,355.4
NPL,1946,352.4
NPL,1947,349.4
NPL,1948,346.4
NPL,1949,343.5
NPL,1950,340.6
NPL,1951,339.9
NPL,1952,339.3
NPL,1953,338.6
NPL,1954,337.8
NPL,1955,336.7
NPL,1956,335.8
NPL,1957,334.3
NPL,1958,332.9
NPL,1959,330.4
NPL,1960,327.1
NPL,1961,323
NPL,1962,318.1
NPL,1963,312.6
NPL,1964,306.5
NPL,1965,300
NPL,1966,293.1
NPL,1967,286.3
NPL,1968,279.8
NPL,1969,273.6
NPL,1970,267.6
NPL,1971,261.8
NPL,1972,256.2
NPL,1973,250.8
NPL,1974,245.3
NPL,1975,239.8
NPL,1976,234.2
NPL,1977,228.3
NPL,1978,222.2
NPL,1979,215.8
NPL,1980,209.4
NPL,1981,202.9
NPL,1982,196.3
NPL,1983,189.8
NPL,1984,183.2
NPL,1985,176.5
NPL,1986,169.5
NPL,1987,162.3
NPL,1988,155.1
NPL,1989,147.9
NPL,1990,140.7
NPL,1991,133.6
NPL,1992,126.7
NPL,1993,120
NPL,1994,113.7
NPL,1995,107.7
NPL,1996,101.8
NPL,1997,96.3
NPL,1998,90.8
NPL,1999,85.6
NPL,2000,80.6
NPL,2001,75.9
NPL,2002,71.5
NPL,2003,67.4
NPL,2004,63.5
NPL,2005,60
NPL,2006,56.6
NPL,2007,53.6
NPL,2008,50.7
NPL,2009,48
NPL,2010,45.4
NPL,2011,43.1
NPL,2012,40.9
NPL,2013,39
NPL,2014,37.4
NPL,2015,35.8
NLD,1800,323.5
NLD,1801,323.5
NLD,1802,323.5
NLD,1803,323.5
NLD,1804,323.5
NLD,1805,323.5
NLD,1806,323.5
NLD,1807,323.5
NLD,1808,323.5
NLD,1809,323.5
NLD,1810,323.5
NLD,1811,323.5
NLD,1812,323.5
NLD,1813,323.5
NLD,1814,323.5
NLD,1815,323.5
NLD,1816,323.5
NLD,1817,323.5
NLD,1818,323.5
NLD,1819,323.5
NLD,1820,323.5
NLD,1821,323.5
NLD,1822,323.5
NLD,1823,323.5
NLD,1824,323.5
NLD,1825,323.5
NLD,1826,323.5
NLD,1827,323.5
NLD,1828,323.5
NLD,1829,323.5
NLD,1830,323.5
NLD,1831,317.3
NLD,1832,311.3
NLD,1833,305.3
NLD,1834,299.5
NLD,1835,293.8
NLD,1836,288.2
NLD,1837,282.7
NLD,1838,277.3
NLD,1839,272
NLD,1840,266.8
NLD,1841,277.8
NLD,1842,322
NLD,1843,274.7
NLD,1844,266.8
NLD,1845,273.2
NLD,1846,373.8
NLD,1847,338.3
NLD,1848,295.9
NLD,1849,274.7
NLD,1850,293.7
NLD,1851,303.6
NLD,1852,315.4
NLD,1853,293.1
NLD,1854,297.6
NLD,1855,343.1
NLD,1856,308.9
NLD,1857,341.7
NLD,1858,329.8
NLD,1859,389.6
NLD,1860,317.5
NLD,1861,332.8
NLD,1862,314.7
NLD,1863,320.3
NLD,1864,315.2
NLD,1865,341.5
NLD,1866,331.4
NLD,1867,310
NLD,1868,337.3
NLD,1869,288.8
NLD,1870,327.6
NLD,1871,368.6
NLD,1872,344.5
NLD,1873,312.5
NLD,1874,286.9
NLD,1875,324.9
NLD,1876,300.4
NLD,1877,284.7
NLD,1878,298.8
NLD,1879,283
NLD,1880,314.2
NLD,1881,276.2
NLD,1882,268.6
NLD,1883,283.3
NLD,1884,305.2
NLD,1885,270.5
NLD,1886,295.8
NLD,1887,255.5
NLD,1888,267.2
NLD,1889,267.1
NLD,1890,259.2
NLD,1891,263
NLD,1892,262.5
NLD,1893,248.6
NLD,1894,230.9
NLD,1895,244.3
NLD,1896,226.4
NLD,1897,214.4
NLD,1898,226
NLD,1899,215.1
NLD,1900,221.3
NLD,1901,229.3
NLD,1902,202.3
NLD,1903,196.8
NLD,1904,207.5
NLD,1905,190.3
NLD,1906,185.4
NLD,1907,171.6
NLD,1908,185.5
NLD,1909,154.1
NLD,1910,161.4
NLD,1911,188.4
NLD,1912,138
NLD,1913,140.4
NLD,1914,143.2
NLD,1915,135.2
NLD,1916,140.8
NLD,1917,140.6
NLD,1918,179.2
NLD,1919,149.9
NLD,1920,123.8
NLD,1921,115.3
NLD,1922,105.5
NLD,1923,94.43
NLD,1924,83.01
NLD,1925,81.55
NLD,1926,85.93
NLD,1927,83.49
NLD,1928,73.86
NLD,1929,81.86
NLD,1930,70.29
NLD,1931,67.28
NLD,1932,62.44
NLD,1933,56.88
NLD,1934,56.38
NLD,1935,52.45
NLD,1936,52.03
NLD,1937,49.26
NLD,1938,49.47
NLD,1939,44.89
NLD,1940,52.06
NLD,1941,56.83
NLD,1942,54.14
NLD,1943,62.11
NLD,1944,70.77
NLD,1945,103.8
NLD,1946,62.09
NLD,1947,41.86
NLD,1948,35.88
NLD,1949,33.4
NLD,1950,31.9
NLD,1951,30.4
NLD,1952,29
NLD,1953,27.6
NLD,1954,26.3
NLD,1955,25.1
NLD,1956,24
NLD,1957,23.1
NLD,1958,22.2
NLD,1959,21.5
NLD,1960,20.8
NLD,1961,20.3
NLD,1962,19.7
NLD,1963,19.3
NLD,1964,18.8
NLD,1965,18.3
NLD,1966,17.9
NLD,1967,17.4
NLD,1968,16.9
NLD,1969,16.4
NLD,1970,15.8
NLD,1971,15.3
NLD,1972,14.7
NLD,1973,14.1
NLD,1974,13.6
NLD,1975,13.1
NLD,1976,12.6
NLD,1977,12.1
NLD,1978,11.6
NLD,1979,11.2
NLD,1980,10.9
NLD,1981,10.6
NLD,1982,10.4
NLD,1983,10.2
NLD,1984,9.9
NLD,1985,9.7
NLD,1986,9.5
NLD,1987,9.2
NLD,1988,8.9
NLD,1989,8.6
NLD,1990,8.3
NLD,1991,8
NLD,1992,7.7
NLD,1993,7.4
NLD,1994,7.1
NLD,1995,6.9
NLD,1996,6.7
NLD,1997,6.5
NLD,1998,6.4
NLD,1999,6.3
NLD,2000,6.2
NLD,2001,6.1
NLD,2002,5.9
NLD,2003,5.7
NLD,2004,5.6
NLD,2005,5.4
NLD,2006,5.2
NLD,2007,5
NLD,2008,4.8
NLD,2009,4.6
NLD,2010,4.4
NLD,2011,4.3
NLD,2012,4.2
NLD,2013,4
NLD,2014,3.9
NLD,2015,3.8
NCL,1980,49.8
NCL,1981,47.51
NCL,1982,45.34
NCL,1983,43.28
NCL,1984,41.34
NCL,1985,39.51
NCL,1986,37.79
NCL,1987,36.18
NCL,1988,34.67
NCL,1989,33.25
NCL,1990,31.91
NCL,1991,30.66
NCL,1992,29.48
NCL,1993,28.37
NCL,1994,27.33
NCL,1995,26.33
NCL,1996,25.39
NCL,1997,24.5
NCL,1998,23.66
NCL,1999,22.85
NCL,2000,22.09
NCL,2001,21.37
NCL,2002,20.69
NCL,2003,20.04
NCL,2004,19.43
NCL,2005,18.84
NCL,2006,18.29
NCL,2007,17.76
NCL,2008,17.26
NCL,2009,16.78
NCL,2010,16.32
NCL,2011,15.86
NCL,2012,15.43
NCL,2013,15
NCL,2014,14.58
NCL,2015,14.18
NZL,1800,391
NZL,1801,391
NZL,1802,391
NZL,1803,391
NZL,1804,391
NZL,1805,391
NZL,1806,391
NZL,1807,391
NZL,1808,391
NZL,1809,391
NZL,1810,391
NZL,1811,391
NZL,1812,391
NZL,1813,391
NZL,1814,391
NZL,1815,391
NZL,1816,391
NZL,1817,391
NZL,1818,391
NZL,1819,391
NZL,1820,391
NZL,1821,391
NZL,1822,391
NZL,1823,391
NZL,1824,391
NZL,1825,391
NZL,1826,391
NZL,1827,391
NZL,1828,391
NZL,1829,391
NZL,1830,391
NZL,1831,391
NZL,1832,391
NZL,1833,391
NZL,1834,391
NZL,1835,391
NZL,1836,391
NZL,1837,391
NZL,1838,391
NZL,1839,391
NZL,1840,391
NZL,1841,391
NZL,1842,391
NZL,1843,391
NZL,1844,391
NZL,1845,391
NZL,1846,391
NZL,1847,391
NZL,1848,391
NZL,1849,391
NZL,1850,391
NZL,1851,391
NZL,1852,391
NZL,1853,346.1
NZL,1854,306.3
NZL,1855,271.1
NZL,1856,240
NZL,1857,212.4
NZL,1858,188
NZL,1859,166.4
NZL,1860,147.3
NZL,1861,130.4
NZL,1862,115.4
NZL,1863,173.4
NZL,1864,186.6
NZL,1865,167.8
NZL,1866,149.3
NZL,1867,145.6
NZL,1868,142
NZL,1869,145.6
NZL,1870,136.6
NZL,1871,118.9
NZL,1872,149.3
NZL,1873,164.1
NZL,1874,165.9
NZL,1875,197.8
NZL,1876,154.8
NZL,1877,133
NZL,1878,120.6
NZL,1879,162.2
NZL,1880,136.6
NZL,1881,134.8
NZL,1882,127.7
NZL,1883,156.7
NZL,1884,112
NZL,1885,129.4
NZL,1886,145.6
NZL,1887,138.4
NZL,1888,98.52
NZL,1889,112
NZL,1890,112
NZL,1891,133
NZL,1892,129.4
NZL,1893,127.7
NZL,1894,115.4
NZL,1895,127.7
NZL,1896,108.6
NZL,1897,100.2
NZL,1898,113.7
NZL,1899,142
NZL,1900,105.2
NZL,1901,98.52
NZL,1902,118.9
NZL,1903,115.4
NZL,1904,98.52
NZL,1905,93.6
NZL,1906,84.24
NZL,1907,129.4
NZL,1908,93.6
NZL,1909,84.24
NZL,1910,93.44
NZL,1911,74.75
NZL,1912,66.96
NZL,1913,79.14
NZL,1914,66.73
NZL,1915,66.61
NZL,1916,66.5
NZL,1917,61.92
NZL,1918,61.82
NZL,1919,57.34
NZL,1920,66.04
NZL,1921,61.49
NZL,1922,52.76
NZL,1923,55.51
NZL,1924,49.78
NZL,1925,55.32
NZL,1926,55.22
NZL,1927,56.55
NZL,1928,49.43
NZL,1929,45.27
NZL,1930,46.53
NZL,1931,45.11
NZL,1932,46.37
NZL,1933,46.28
NZL,1934,47.55
NZL,1935,50.2
NZL,1936,50.11
NZL,1937,47.3
NZL,1938,62.53
NZL,1939,51.2
NZL,1940,44.39
NZL,1941,48.3
NZL,1942,44.23
NZL,1943,46.79
NZL,1944,46.7
NZL,1945,41.4
NZL,1946,37.53
NZL,1947,34.9
NZL,1948,33.64
NZL,1949,36.3
NZL,1950,35.5
NZL,1951,34.8
NZL,1952,33.9
NZL,1953,33
NZL,1954,32.1
NZL,1955,31.3
NZL,1956,30.7
NZL,1957,30.1
NZL,1958,29.5
NZL,1959,28.8
NZL,1960,27.9
NZL,1961,26.8
NZL,1962,25.8
NZL,1963,24.7
NZL,1964,23.8
NZL,1965,23.1
NZL,1966,22.5
NZL,1967,22
NZL,1968,21.6
NZL,1969,21.2
NZL,1970,20.8
NZL,1971,20.3
NZL,1972,19.9
NZL,1973,19.4
NZL,1974,18.9
NZL,1975,18.3
NZL,1976,17.7
NZL,1977,17.1
NZL,1978,16.6
NZL,1979,16.1
NZL,1980,15.6
NZL,1981,15.2
NZL,1982,14.8
NZL,1983,14.5
NZL,1984,14.2
NZL,1985,13.8
NZL,1986,13.4
NZL,1987,12.9
NZL,1988,12.4
NZL,1989,11.8
NZL,1990,11.2
NZL,1991,10.6
NZL,1992,10
NZL,1993,9.5
NZL,1994,9.1
NZL,1995,8.7
NZL,1996,8.4
NZL,1997,8.1
NZL,1998,7.8
NZL,1999,7.6
NZL,2000,7.4
NZL,2001,7.2
NZL,2002,7
NZL,2003,6.9
NZL,2004,6.7
NZL,2005,6.6
NZL,2006,6.5
NZL,2007,6.4
NZL,2008,6.4
NZL,2009,6.3
NZL,2010,6.2
NZL,2011,6.1
NZL,2012,6
NZL,2013,5.9
NZL,2014,5.8
NZL,2015,5.7
NIC,1800,509.4
NIC,1801,509.4
NIC,1802,509.4
NIC,1803,509.4
NIC,1804,509.4
NIC,1805,509.4
NIC,1806,509.4
NIC,1807,509.4
NIC,1808,509.4
NIC,1809,509.4
NIC,1810,509.4
NIC,1811,509.4
NIC,1812,509.4
NIC,1813,509.4
NIC,1814,509.4
NIC,1815,509.4
NIC,1816,509.4
NIC,1817,509.4
NIC,1818,509.4
NIC,1819,509.4
NIC,1820,509.4
NIC,1821,509.4
NIC,1822,509.4
NIC,1823,509.4
NIC,1824,509.4
NIC,1825,509.4
NIC,1826,509.4
NIC,1827,509.4
NIC,1828,509.4
NIC,1829,509.4
NIC,1830,509.4
NIC,1831,509.4
NIC,1832,509.4
NIC,1833,509.4
NIC,1834,509.4
NIC,1835,509.4
NIC,1836,509.4
NIC,1837,509.4
NIC,1838,509.4
NIC,1839,509.4
NIC,1840,509.4
NIC,1841,509.4
NIC,1842,509.4
NIC,1843,509.4
NIC,1844,509.4
NIC,1845,509.4
NIC,1846,509.4
NIC,1847,509.4
NIC,1848,509.4
NIC,1849,509.4
NIC,1850,509.4
NIC,1851,509.4
NIC,1852,509.4
NIC,1853,509.4
NIC,1854,509.4
NIC,1855,509.4
NIC,1856,509.4
NIC,1857,509.4
NIC,1858,509.4
NIC,1859,509.4
NIC,1860,509.4
NIC,1861,509.4
NIC,1862,509.4
NIC,1863,509.4
NIC,1864,509.4
NIC,1865,509.4
NIC,1866,509.4
NIC,1867,509.4
NIC,1868,509.4
NIC,1869,509.4
NIC,1870,509.4
NIC,1871,509.4
NIC,1872,509.4
NIC,1873,509.4
NIC,1874,509.4
NIC,1875,509.4
NIC,1876,509.4
NIC,1877,509.4
NIC,1878,509.4
NIC,1879,509.4
NIC,1880,509.4
NIC,1881,509.4
NIC,1882,509.4
NIC,1883,509.4
NIC,1884,509.4
NIC,1885,509.4
NIC,1886,509.4
NIC,1887,509.4
NIC,1888,509.4
NIC,1889,509.4
NIC,1890,509.4
NIC,1891,509.4
NIC,1892,509.4
NIC,1893,509.4
NIC,1894,509.4
NIC,1895,509.3
NIC,1896,509.3
NIC,1897,509.1
NIC,1898,508.9
NIC,1899,508.6
NIC,1900,508.3
NIC,1901,507.9
NIC,1902,507.3
NIC,1903,506.7
NIC,1904,506.1
NIC,1905,505.3
NIC,1906,504.5
NIC,1907,503.6
NIC,1908,502.6
NIC,1909,501.5
NIC,1910,500.4
NIC,1911,499.2
NIC,1912,498
NIC,1913,496.8
NIC,1914,495.6
NIC,1915,494.4
NIC,1916,493.3
NIC,1917,495.1
NIC,1918,496.9
NIC,1919,498.8
NIC,1920,500.6
NIC,1921,502.4
NIC,1922,493.9
NIC,1923,485.5
NIC,1924,477.3
NIC,1925,467.8
NIC,1926,459.7
NIC,1927,451.9
NIC,1928,442.8
NIC,1929,435.2
NIC,1930,427.7
NIC,1931,419
NIC,1932,411.8
NIC,1933,404.6
NIC,1934,396.3
NIC,1935,389.3
NIC,1936,382.4
NIC,1937,374.5
NIC,1938,367.8
NIC,1939,361.2
NIC,1940,353.6
NIC,1941,346.1
NIC,1942,337.6
NIC,1943,330.3
NIC,1944,322.1
NIC,1945,314
NIC,1946,301.8
NIC,1947,290
NIC,1948,278.7
NIC,1949,267.9
NIC,1950,257.4
NIC,1951,247.4
NIC,1952,237.7
NIC,1953,228.5
NIC,1954,219.6
NIC,1955,211
NIC,1956,208.4
NIC,1957,205.8
NIC,1958,203.7
NIC,1959,201.5
NIC,1960,199.3
NIC,1961,197
NIC,1962,194.8
NIC,1963,192.5
NIC,1964,190
NIC,1965,187.6
NIC,1966,184.9
NIC,1967,182
NIC,1968,178.8
NIC,1969,175.2
NIC,1970,171.4
NIC,1971,167.2
NIC,1972,162.4
NIC,1973,157.1
NIC,1974,151.1
NIC,1975,144.7
NIC,1976,137.8
NIC,1977,130.5
NIC,1978,123.2
NIC,1979,116
NIC,1980,109.1
NIC,1981,102.7
NIC,1982,96.8
NIC,1983,91.5
NIC,1984,86.8
NIC,1985,82.7
NIC,1986,78.9
NIC,1987,75.6
NIC,1988,72.6
NIC,1989,69.7
NIC,1990,66.9
NIC,1991,64
NIC,1992,61.2
NIC,1993,58.3
NIC,1994,55.5
NIC,1995,52.7
NIC,1996,50
NIC,1997,47.4
NIC,1998,50.3
NIC,1999,42.5
NIC,2000,40.3
NIC,2001,38.3
NIC,2002,36.4
NIC,2003,34.7
NIC,2004,33.2
NIC,2005,31.7
NIC,2006,30.4
NIC,2007,29.2
NIC,2008,28.1
NIC,2009,27.1
NIC,2010,26.1
NIC,2011,25.2
NIC,2012,24.4
NIC,2013,23.5
NIC,2014,22.8
NIC,2015,22.1
NER,1800,433.1
NER,1801,433.1
NER,1802,433.1
NER,1803,433.1
NER,1804,433.1
NER,1805,433.1
NER,1806,433.1
NER,1807,433.1
NER,1808,433.1
NER,1809,433.1
NER,1810,433.1
NER,1811,433.1
NER,1812,433.1
NER,1813,433.1
NER,1814,433.1
NER,1815,433.1
NER,1816,433.1
NER,1817,433.1
NER,1818,433.1
NER,1819,433.1
NER,1820,433.1
NER,1821,433.1
NER,1822,433.1
NER,1823,433.1
NER,1824,433.1
NER,1825,433.1
NER,1826,433.1
NER,1827,433.1
NER,1828,433.1
NER,1829,433.1
NER,1830,433.1
NER,1831,433.1
NER,1832,433.1
NER,1833,433.1
NER,1834,433.1
NER,1835,433.1
NER,1836,433.1
NER,1837,433.1
NER,1838,433.1
NER,1839,433.1
NER,1840,433.1
NER,1841,433.1
NER,1842,433.1
NER,1843,433.1
NER,1844,433.1
NER,1845,433.1
NER,1846,433.1
NER,1847,433.1
NER,1848,433.1
NER,1849,433.1
NER,1850,433.1
NER,1851,433.1
NER,1852,433.1
NER,1853,433.1
NER,1854,433.1
NER,1855,433.1
NER,1856,433.1
NER,1857,433.1
NER,1858,433.1
NER,1859,433.1
NER,1860,433.1
NER,1861,433.1
NER,1862,433.1
NER,1863,433.1
NER,1864,433.1
NER,1865,433.1
NER,1866,433.1
NER,1867,433.1
NER,1868,433.1
NER,1869,433.1
NER,1870,433.1
NER,1871,433.1
NER,1872,433.1
NER,1873,433.1
NER,1874,433.1
NER,1875,433.1
NER,1876,433.1
NER,1877,433.1
NER,1878,433.1
NER,1879,433.1
NER,1880,433.1
NER,1881,433.1
NER,1882,433.1
NER,1883,433.1
NER,1884,433.1
NER,1885,433.1
NER,1886,433.1
NER,1887,433.1
NER,1888,433.1
NER,1889,433.1
NER,1890,433.1
NER,1891,433.1
NER,1892,433.1
NER,1893,433.1
NER,1894,433.1
NER,1895,433.1
NER,1896,433
NER,1897,432.9
NER,1898,432.7
NER,1899,432.5
NER,1900,432.2
NER,1901,431.8
NER,1902,431.4
NER,1903,430.9
NER,1904,430.3
NER,1905,429.6
NER,1906,428.9
NER,1907,428.2
NER,1908,427.3
NER,1909,426.4
NER,1910,425.5
NER,1911,424.5
NER,1912,423.5
NER,1913,422.4
NER,1914,421.4
NER,1915,420.4
NER,1916,419.4
NER,1917,418.4
NER,1918,417.4
NER,1919,416.4
NER,1920,415.3
NER,1921,414.3
NER,1922,413.3
NER,1923,412.3
NER,1924,411.3
NER,1925,410.3
NER,1926,409.2
NER,1927,408.2
NER,1928,407.3
NER,1929,406.4
NER,1930,405.4
NER,1931,404.5
NER,1932,403.6
NER,1933,402.6
NER,1934,401.7
NER,1935,400.8
NER,1936,399.9
NER,1937,398.9
NER,1938,398
NER,1939,397.1
NER,1940,396.1
NER,1941,395.2
NER,1942,394.2
NER,1943,393.3
NER,1944,392.4
NER,1945,391.4
NER,1946,381.1
NER,1947,370.9
NER,1948,360.9
NER,1949,350
NER,1950,340.4
NER,1951,339.6
NER,1952,338.8
NER,1953,336.4
NER,1954,334.7
NER,1955,331.5
NER,1956,327.9
NER,1957,323.9
NER,1958,323
NER,1959,322.1
NER,1960,321.2
NER,1961,320.3
NER,1962,319.4
NER,1963,318.6
NER,1964,317.7
NER,1965,316.8
NER,1966,316
NER,1967,315.1
NER,1968,318.8
NER,1969,322.9
NER,1970,327
NER,1971,330.9
NER,1972,334.3
NER,1973,337
NER,1974,338
NER,1975,337.1
NER,1976,334.6
NER,1977,330.5
NER,1978,326
NER,1979,322
NER,1980,319.6
NER,1981,319.1
NER,1982,321
NER,1983,324.5
NER,1984,328.9
NER,1985,332.9
NER,1986,335.8
NER,1987,336.9
NER,1988,335.7
NER,1989,332.9
NER,1990,328.2
NER,1991,321.9
NER,1992,313.7
NER,1993,303.8
NER,1994,292.2
NER,1995,279.5
NER,1996,267.1
NER,1997,255.9
NER,1998,245.8
NER,1999,236.4
NER,2000,227.3
NER,2001,217.6
NER,2002,207
NER,2003,195.7
NER,2004,184.1
NER,2005,172.7
NER,2006,161.8
NER,2007,151.3
NER,2008,141.3
NER,2009,132.1
NER,2010,123.6
NER,2011,116.1
NER,2012,109.6
NER,2013,104.1
NER,2014,99.6
NER,2015,95.5
NGA,1800,438.5
NGA,1801,438.5
NGA,1802,438.5
NGA,1803,438.5
NGA,1804,438.5
NGA,1805,438.5
NGA,1806,438.5
NGA,1807,438.5
NGA,1808,438.5
NGA,1809,438.5
NGA,1810,438.5
NGA,1811,438.5
NGA,1812,438.5
NGA,1813,438.5
NGA,1814,438.5
NGA,1815,438.5
NGA,1816,438.5
NGA,1817,438.5
NGA,1818,438.5
NGA,1819,438.5
NGA,1820,438.5
NGA,1821,438.5
NGA,1822,438.5
NGA,1823,438.5
NGA,1824,438.5
NGA,1825,438.5
NGA,1826,438.5
NGA,1827,438.5
NGA,1828,438.5
NGA,1829,438.5
NGA,1830,438.5
NGA,1831,438.5
NGA,1832,438.5
NGA,1833,438.5
NGA,1834,438.5
NGA,1835,438.5
NGA,1836,438.5
NGA,1837,438.5
NGA,1838,438.5
NGA,1839,438.5
NGA,1840,438.5
NGA,1841,438.5
NGA,1842,438.5
NGA,1843,438.5
NGA,1844,438.5
NGA,1845,438.5
NGA,1846,438.5
NGA,1847,438.5
NGA,1848,438.5
NGA,1849,438.5
NGA,1850,438.5
NGA,1851,438.5
NGA,1852,438.5
NGA,1853,438.5
NGA,1854,438.5
NGA,1855,438.5
NGA,1856,438.5
NGA,1857,438.5
NGA,1858,438.5
NGA,1859,438.5
NGA,1860,438.5
NGA,1861,438.5
NGA,1862,438.5
NGA,1863,438.5
NGA,1864,438.5
NGA,1865,438.5
NGA,1866,438.5
NGA,1867,438.5
NGA,1868,438.5
NGA,1869,438.5
NGA,1870,438.5
NGA,1871,438.5
NGA,1872,438.5
NGA,1873,438.5
NGA,1874,438.5
NGA,1875,438.5
NGA,1876,438.5
NGA,1877,438.5
NGA,1878,438.5
NGA,1879,438.5
NGA,1880,438.5
NGA,1881,438.5
NGA,1882,438.5
NGA,1883,438.5
NGA,1884,438.5
NGA,1885,438.5
NGA,1886,438.5
NGA,1887,438.5
NGA,1888,438.5
NGA,1889,438.5
NGA,1890,438.5
NGA,1891,438.5
NGA,1892,438.5
NGA,1893,438.5
NGA,1894,438.4
NGA,1895,438.4
NGA,1896,438.3
NGA,1897,438.2
NGA,1898,438.1
NGA,1899,437.8
NGA,1900,437.5
NGA,1901,437.1
NGA,1902,436.7
NGA,1903,436.2
NGA,1904,435.6
NGA,1905,434.9
NGA,1906,434.2
NGA,1907,433.4
NGA,1908,432.6
NGA,1909,431.7
NGA,1910,430.7
NGA,1911,429.7
NGA,1912,428.7
NGA,1913,427.6
NGA,1914,426.6
NGA,1915,425.6
NGA,1916,424.6
NGA,1917,423.5
NGA,1918,422.5
NGA,1919,421.5
NGA,1920,420.4
NGA,1921,419.4
NGA,1922,418.4
NGA,1923,417.4
NGA,1924,416.3
NGA,1925,415.9
NGA,1926,415.5
NGA,1927,415.1
NGA,1928,414.7
NGA,1929,414.2
NGA,1930,413.8
NGA,1931,413.4
NGA,1932,413
NGA,1933,412.5
NGA,1934,412.1
NGA,1935,411.6
NGA,1936,411.2
NGA,1937,410.8
NGA,1938,410.3
NGA,1939,409.9
NGA,1940,409.4
NGA,1941,408.9
NGA,1942,408.5
NGA,1943,408
NGA,1944,407.5
NGA,1945,407.1
NGA,1946,399.2
NGA,1947,391.5
NGA,1948,383.8
NGA,1949,377.5
NGA,1950,370
NGA,1951,367.3
NGA,1952,363.4
NGA,1953,360
NGA,1954,356.7
NGA,1955,353.4
NGA,1956,350.1
NGA,1957,346.8
NGA,1958,343.6
NGA,1959,340.4
NGA,1960,337.3
NGA,1961,334.1
NGA,1962,331
NGA,1963,329.4
NGA,1964,327.5
NGA,1965,320.5
NGA,1966,313.8
NGA,1967,307
NGA,1968,300
NGA,1969,292.6
NGA,1970,284.9
NGA,1971,277.1
NGA,1972,268.9
NGA,1973,260.4
NGA,1974,252.3
NGA,1975,244.3
NGA,1976,236.8
NGA,1977,229.9
NGA,1978,223.8
NGA,1979,218.6
NGA,1980,214.4
NGA,1981,211.5
NGA,1982,209.6
NGA,1983,208.9
NGA,1984,208.8
NGA,1985,209.5
NGA,1986,210.6
NGA,1987,211.5
NGA,1988,212.2
NGA,1989,212.6
NGA,1990,212.5
NGA,1991,212.2
NGA,1992,211.7
NGA,1993,211
NGA,1994,209.7
NGA,1995,207.8
NGA,1996,205.1
NGA,1997,201.4
NGA,1998,197
NGA,1999,192
NGA,2000,186.8
NGA,2001,181.3
NGA,2002,175.6
NGA,2003,169.9
NGA,2004,164.1
NGA,2005,158.1
NGA,2006,152.2
NGA,2007,146.4
NGA,2008,140.9
NGA,2009,135.5
NGA,2010,130.3
NGA,2011,125.5
NGA,2012,120.9
NGA,2013,116.6
NGA,2014,112.5
NGA,2015,108.8
NIU,1986,11.2
NIU,1987,11.8
NIU,1988,12.4
NIU,1989,13.1
NIU,1990,13.8
NIU,1991,14.6
NIU,1992,15.3
NIU,1993,16.1
NIU,1994,17
NIU,1995,17.9
NIU,1996,18.8
NIU,1997,19.8
NIU,1998,20.9
NIU,1999,22
NIU,2000,23.2
NIU,2001,24.4
NIU,2002,25.6
NIU,2003,26.7
NIU,2004,27.4
NIU,2005,27.8
NIU,2006,27.8
NIU,2007,27.6
NIU,2008,27.3
NIU,2009,26.8
NIU,2010,26.2
NIU,2011,25.6
NIU,2012,24.9
NIU,2013,24.3
NIU,2014,23.6
NIU,2015,23
NOR,1800,335.7
NOR,1801,335.7
NOR,1802,335.7
NOR,1803,335.7
NOR,1804,335.7
NOR,1805,335.7
NOR,1806,335.7
NOR,1807,335.7
NOR,1808,335.7
NOR,1809,335.7
NOR,1810,335.7
NOR,1811,335.7
NOR,1812,335.7
NOR,1813,335.7
NOR,1814,335.7
NOR,1815,335.7
NOR,1816,332.4
NOR,1817,329
NOR,1818,325.7
NOR,1819,322.4
NOR,1820,319.1
NOR,1821,315.9
NOR,1822,312.6
NOR,1823,309.4
NOR,1824,306.2
NOR,1825,303
NOR,1826,299.8
NOR,1827,289.7
NOR,1828,279.9
NOR,1829,270.5
NOR,1830,261.4
NOR,1831,252.6
NOR,1832,244.1
NOR,1833,235.9
NOR,1834,227.9
NOR,1835,220.3
NOR,1836,212.8
NOR,1837,214.7
NOR,1838,214.7
NOR,1839,256.7
NOR,1840,222.2
NOR,1841,177.2
NOR,1842,192.2
NOR,1843,182.8
NOR,1844,180.9
NOR,1845,182.8
NOR,1846,205
NOR,1847,226.2
NOR,1848,220.6
NOR,1849,182.1
NOR,1850,168.4
NOR,1851,168.8
NOR,1852,182.8
NOR,1853,166.9
NOR,1854,152.6
NOR,1855,161.8
NOR,1856,170.7
NOR,1857,166.2
NOR,1858,155.8
NOR,1859,173.3
NOR,1860,172.8
NOR,1861,228.5
NOR,1862,246.3
NOR,1863,216.9
NOR,1864,187.2
NOR,1865,179.9
NOR,1866,170
NOR,1867,188.7
NOR,1868,202.7
NOR,1869,178.8
NOR,1870,162.3
NOR,1871,173.2
NOR,1872,176.7
NOR,1873,181.1
NOR,1874,195.3
NOR,1875,191.1
NOR,1876,199.6
NOR,1877,183.2
NOR,1878,167.9
NOR,1879,147.4
NOR,1880,152.1
NOR,1881,167.8
NOR,1882,206.2
NOR,1883,177.2
NOR,1884,171.3
NOR,1885,159.5
NOR,1886,158.7
NOR,1887,158.3
NOR,1888,168.2
NOR,1889,187.8
NOR,1890,177.9
NOR,1891,161.8
NOR,1892,166.1
NOR,1893,147.7
NOR,1894,171.3
NOR,1895,148.3
NOR,1896,143.8
NOR,1897,138.5
NOR,1898,135.8
NOR,1899,154.6
NOR,1900,133.5
NOR,1901,131.6
NOR,1902,110.5
NOR,1903,118.2
NOR,1904,108.1
NOR,1905,117.1
NOR,1906,101.3
NOR,1907,96.66
NOR,1908,109.8
NOR,1909,103.1
NOR,1910,93.55
NOR,1911,94.73
NOR,1912,95.61
NOR,1913,89.75
NOR,1914,96.43
NOR,1915,90.25
NOR,1916,96.85
NOR,1917,91.07
NOR,1918,101.2
NOR,1919,92.73
NOR,1920,86.81
NOR,1921,71.7
NOR,1922,74.24
NOR,1923,68.01
NOR,1924,65.11
NOR,1925,64.8
NOR,1926,61.67
NOR,1927,64.19
NOR,1928,63.68
NOR,1929,68.94
NOR,1930,59.26
NOR,1931,58.88
NOR,1932,59.07
NOR,1933,57.9
NOR,1934,50.93
NOR,1935,54.76
NOR,1936,54.06
NOR,1937,53.77
NOR,1938,48.69
NOR,1939,47.87
NOR,1940,49.29
NOR,1941,55.3
NOR,1942,53.3
NOR,1943,53.58
NOR,1944,54.24
NOR,1945,49.39
NOR,1946,47.6
NOR,1947,41.87
NOR,1948,36.34
NOR,1949,34.28
NOR,1950,32.9
NOR,1951,30.9
NOR,1952,29.1
NOR,1953,27.6
NOR,1954,26.6
NOR,1955,25.8
NOR,1956,25.2
NOR,1957,24.6
NOR,1958,23.9
NOR,1959,23.3
NOR,1960,22.6
NOR,1961,22.1
NOR,1962,21.5
NOR,1963,21
NOR,1964,20.4
NOR,1965,19.7
NOR,1966,19
NOR,1967,18.2
NOR,1968,17.5
NOR,1969,16.9
NOR,1970,16.2
NOR,1971,15.6
NOR,1972,15
NOR,1973,14.3
NOR,1974,13.6
NOR,1975,12.9
NOR,1976,12.2
NOR,1977,11.5
NOR,1978,10.9
NOR,1979,10.4
NOR,1980,10.1
NOR,1981,9.9
NOR,1982,9.9
NOR,1983,10
NOR,1984,10.1
NOR,1985,10.2
NOR,1986,10.3
NOR,1987,10.1
NOR,1988,9.8
NOR,1989,9.3
NOR,1990,8.7
NOR,1991,7.9
NOR,1992,7.2
NOR,1993,6.6
NOR,1994,6.1
NOR,1995,5.7
NOR,1996,5.4
NOR,1997,5.2
NOR,1998,5.1
NOR,1999,5
NOR,2000,4.9
NOR,2001,4.7
NOR,2002,4.5
NOR,2003,4.4
NOR,2004,4.2
NOR,2005,4
NOR,2006,3.9
NOR,2007,3.7
NOR,2008,3.6
NOR,2009,3.4
NOR,2010,3.2
NOR,2011,3.1
NOR,2012,2.9
NOR,2013,2.8
NOR,2014,2.7
NOR,2015,2.5
OMN,1800,413.6
OMN,1801,413.6
OMN,1802,413.6
OMN,1803,413.6
OMN,1804,413.6
OMN,1805,413.6
OMN,1806,413.6
OMN,1807,413.6
OMN,1808,413.6
OMN,1809,413.6
OMN,1810,413.6
OMN,1811,413.6
OMN,1812,413.6
OMN,1813,413.6
OMN,1814,413.6
OMN,1815,413.6
OMN,1816,413.6
OMN,1817,413.6
OMN,1818,413.6
OMN,1819,413.6
OMN,1820,413.6
OMN,1821,413.6
OMN,1822,413.6
OMN,1823,413.6
OMN,1824,413.6
OMN,1825,413.6
OMN,1826,413.6
OMN,1827,413.6
OMN,1828,413.6
OMN,1829,413.6
OMN,1830,413.6
OMN,1831,413.6
OMN,1832,413.6
OMN,1833,413.6
OMN,1834,413.6
OMN,1835,413.6
OMN,1836,413.6
OMN,1837,413.6
OMN,1838,413.6
OMN,1839,413.6
OMN,1840,413.6
OMN,1841,413.6
OMN,1842,413.6
OMN,1843,413.6
OMN,1844,413.6
OMN,1845,413.6
OMN,1846,413.6
OMN,1847,413.6
OMN,1848,413.6
OMN,1849,413.6
OMN,1850,413.6
OMN,1851,413.6
OMN,1852,413.6
OMN,1853,413.6
OMN,1854,413.6
OMN,1855,413.6
OMN,1856,413.6
OMN,1857,413.6
OMN,1858,413.6
OMN,1859,413.6
OMN,1860,413.6
OMN,1861,413.6
OMN,1862,413.6
OMN,1863,413.6
OMN,1864,413.6
OMN,1865,413.6
OMN,1866,413.6
OMN,1867,413.6
OMN,1868,413.6
OMN,1869,413.6
OMN,1870,413.6
OMN,1871,413.6
OMN,1872,413.6
OMN,1873,413.6
OMN,1874,413.6
OMN,1875,413.6
OMN,1876,413.6
OMN,1877,413.6
OMN,1878,413.6
OMN,1879,413.6
OMN,1880,413.6
OMN,1881,413.6
OMN,1882,413.6
OMN,1883,413.6
OMN,1884,413.6
OMN,1885,413.6
OMN,1886,413.6
OMN,1887,413.6
OMN,1888,413.6
OMN,1889,413.6
OMN,1890,413.6
OMN,1891,413.6
OMN,1892,413.6
OMN,1893,413.6
OMN,1894,413.6
OMN,1895,413.6
OMN,1896,413.5
OMN,1897,413.4
OMN,1898,413.2
OMN,1899,413
OMN,1900,412.7
OMN,1901,412.5
OMN,1902,412.3
OMN,1903,412.1
OMN,1904,411.8
OMN,1905,411.6
OMN,1906,411.4
OMN,1907,411.2
OMN,1908,411
OMN,1909,410.7
OMN,1910,410.5
OMN,1911,410.3
OMN,1912,410.1
OMN,1913,409.9
OMN,1914,409.6
OMN,1915,409.4
OMN,1916,409.2
OMN,1917,409
OMN,1918,408.8
OMN,1919,408.6
OMN,1920,408.2
OMN,1921,407.9
OMN,1922,407.5
OMN,1923,407.2
OMN,1924,406.9
OMN,1925,406.5
OMN,1926,406.2
OMN,1927,405.9
OMN,1928,405.5
OMN,1929,405.2
OMN,1930,404.9
OMN,1931,404.5
OMN,1932,404.2
OMN,1933,403.9
OMN,1934,403.5
OMN,1935,403.2
OMN,1936,402.9
OMN,1937,402.5
OMN,1938,402.2
OMN,1939,401.9
OMN,1940,401.5
OMN,1941,401.2
OMN,1942,400.9
OMN,1943,400.6
OMN,1944,400.2
OMN,1945,399.9
OMN,1946,399.6
OMN,1947,399.2
OMN,1948,398.9
OMN,1949,398.6
OMN,1950,398.2
OMN,1951,397.9
OMN,1952,397.6
OMN,1953,397.3
OMN,1954,396.9
OMN,1955,396.6
OMN,1956,396.3
OMN,1957,395.9
OMN,1958,395.6
OMN,1959,395.3
OMN,1960,376.8
OMN,1961,359.1
OMN,1962,341.5
OMN,1963,325.8
OMN,1964,310.4
OMN,1965,295.5
OMN,1966,281.3
OMN,1967,267.5
OMN,1968,253.9
OMN,1969,240.5
OMN,1970,227.6
OMN,1971,215.1
OMN,1972,202.7
OMN,1973,190.8
OMN,1974,179
OMN,1975,167.4
OMN,1976,155.8
OMN,1977,144.4
OMN,1978,133.1
OMN,1979,122.2
OMN,1980,111.6
OMN,1981,101.4
OMN,1982,91.6
OMN,1983,82.4
OMN,1984,73.9
OMN,1985,66.1
OMN,1986,59.3
OMN,1987,53.3
OMN,1988,48.1
OMN,1989,43.6
OMN,1990,39.4
OMN,1991,35.7
OMN,1992,32.4
OMN,1993,29.4
OMN,1994,26.8
OMN,1995,24.5
OMN,1996,22.5
OMN,1997,20.8
OMN,1998,19.2
OMN,1999,17.8
OMN,2000,16.6
OMN,2001,15.5
OMN,2002,14.6
OMN,2003,13.8
OMN,2004,13.2
OMN,2005,12.7
OMN,2006,12.3
OMN,2007,12.1
OMN,2008,11.9
OMN,2009,11.7
OMN,2010,11.7
OMN,2011,11.6
OMN,2012,11.6
OMN,2013,11.7
OMN,2014,11.6
OMN,2015,11.6
PAK,1800,501.9
PAK,1801,501.9
PAK,1802,501.9
PAK,1803,501.9
PAK,1804,501.9
PAK,1805,501.9
PAK,1806,501.9
PAK,1807,501.9
PAK,1808,501.9
PAK,1809,501.9
PAK,1810,501.9
PAK,1811,501.9
PAK,1812,501.9
PAK,1813,501.9
PAK,1814,501.9
PAK,1815,501.9
PAK,1816,501.9
PAK,1817,501.9
PAK,1818,501.9
PAK,1819,501.9
PAK,1820,501.9
PAK,1821,501.9
PAK,1822,501.9
PAK,1823,501.9
PAK,1824,501.9
PAK,1825,501.9
PAK,1826,501.9
PAK,1827,501.9
PAK,1828,501.9
PAK,1829,501.9
PAK,1830,501.9
PAK,1831,501.9
PAK,1832,501.9
PAK,1833,501.9
PAK,1834,501.9
PAK,1835,501.9
PAK,1836,501.9
PAK,1837,501.9
PAK,1838,501.9
PAK,1839,501.9
PAK,1840,501.9
PAK,1841,501.9
PAK,1842,501.9
PAK,1843,501.9
PAK,1844,501.9
PAK,1845,501.9
PAK,1846,501.9
PAK,1847,501.9
PAK,1848,501.9
PAK,1849,501.9
PAK,1850,501.9
PAK,1851,501.9
PAK,1852,501.9
PAK,1853,501.9
PAK,1854,501.9
PAK,1855,501.9
PAK,1856,501.9
PAK,1857,501.9
PAK,1858,501.9
PAK,1859,501.9
PAK,1860,501.9
PAK,1861,501.9
PAK,1862,501.9
PAK,1863,501.9
PAK,1864,501.9
PAK,1865,501.9
PAK,1866,501.9
PAK,1867,501.9
PAK,1868,501.9
PAK,1869,501.9
PAK,1870,501.9
PAK,1871,501.9
PAK,1872,501.9
PAK,1873,501.9
PAK,1874,501.9
PAK,1875,501.9
PAK,1876,501.9
PAK,1877,501.9
PAK,1878,501.9
PAK,1879,501.9
PAK,1880,501.9
PAK,1881,501.9
PAK,1882,501.9
PAK,1883,501.9
PAK,1884,501.9
PAK,1885,501.9
PAK,1886,501.9
PAK,1887,501.9
PAK,1888,501.9
PAK,1889,501.9
PAK,1890,501.9
PAK,1891,501.9
PAK,1892,501.9
PAK,1893,501.9
PAK,1894,501.8
PAK,1895,501.8
PAK,1896,501.7
PAK,1897,501.6
PAK,1898,501.4
PAK,1899,501.1
PAK,1900,500.8
PAK,1901,500.3
PAK,1902,499.8
PAK,1903,499.2
PAK,1904,498.6
PAK,1905,497.8
PAK,1906,497
PAK,1907,496.1
PAK,1908,495.1
PAK,1909,494.1
PAK,1910,493
PAK,1911,492.4
PAK,1912,491.9
PAK,1913,491.3
PAK,1914,490.7
PAK,1915,490.1
PAK,1916,489.5
PAK,1917,506.6
PAK,1918,522.8
PAK,1919,541
PAK,1920,558.1
PAK,1921,577.6
PAK,1922,565
PAK,1923,552.8
PAK,1924,542.3
PAK,1925,530.5
PAK,1926,520.6
PAK,1927,509.2
PAK,1928,498.2
PAK,1929,488.8
PAK,1930,478.1
PAK,1931,467.6
PAK,1932,460.1
PAK,1933,452.6
PAK,1934,445.3
PAK,1935,438.1
PAK,1936,430.9
PAK,1937,423.9
PAK,1938,416.9
PAK,1939,410
PAK,1940,403.2
PAK,1941,403.6
PAK,1942,404
PAK,1943,404.4
PAK,1944,404.8
PAK,1945,405.2
PAK,1946,405.6
PAK,1947,405.9
PAK,1948,406.3
PAK,1949,406.7
PAK,1950,407.1
PAK,1951,388.8
PAK,1952,371.5
PAK,1953,354.7
PAK,1954,338.9
PAK,1955,324.1
PAK,1956,310.1
PAK,1957,296.7
PAK,1958,284.4
PAK,1959,272.8
PAK,1960,261.9
PAK,1961,251.6
PAK,1962,241.9
PAK,1963,232.7
PAK,1964,224.3
PAK,1965,216.7
PAK,1966,209.8
PAK,1967,203.8
PAK,1968,198.3
PAK,1969,193.3
PAK,1970,188.8
PAK,1971,184.7
PAK,1972,181
PAK,1973,177.7
PAK,1974,174.6
PAK,1975,172
PAK,1976,169.6
PAK,1977,167.3
PAK,1978,165.3
PAK,1979,163.4
PAK,1980,161.5
PAK,1981,159.6
PAK,1982,157.7
PAK,1983,155.6
PAK,1984,153.4
PAK,1985,151.1
PAK,1986,148.7
PAK,1987,146.2
PAK,1988,143.6
PAK,1989,141.1
PAK,1990,138.6
PAK,1991,136
PAK,1992,133.5
PAK,1993,131
PAK,1994,128.3
PAK,1995,125.7
PAK,1996,123
PAK,1997,120.3
PAK,1998,117.6
PAK,1999,114.9
PAK,2000,112.3
PAK,2001,109.8
PAK,2002,107.5
PAK,2003,105.3
PAK,2004,103.2
PAK,2005,101.2
PAK,2006,99.3
PAK,2007,97.4
PAK,2008,95.5
PAK,2009,93.7
PAK,2010,91.8
PAK,2011,89.9
PAK,2012,87.8
PAK,2013,85.6
PAK,2014,83.3
PAK,2015,81.1
PLW,1984,41.8
PLW,1985,40.8
PLW,1986,39.9
PLW,1987,39
PLW,1988,38
PLW,1989,37.1
PLW,1990,36.1
PLW,1991,35.2
PLW,1992,34.2
PLW,1993,33.3
PLW,1994,32.3
PLW,1995,31.3
PLW,1996,30.4
PLW,1997,29.4
PLW,1998,28.5
PLW,1999,27.7
PLW,2000,26.8
PLW,2001,25.9
PLW,2002,25.1
PLW,2003,24.4
PLW,2004,23.6
PLW,2005,22.9
PLW,2006,22.1
PLW,2007,21.4
PLW,2008,20.7
PLW,2009,20.1
PLW,2010,19.4
PLW,2011,18.8
PLW,2012,18.2
PLW,2013,17.5
PLW,2014,17
PLW,2015,16.4
PAN,1800,406
PAN,1801,406
PAN,1802,406
PAN,1803,406
PAN,1804,406
PAN,1805,406
PAN,1806,406
PAN,1807,406
PAN,1808,406
PAN,1809,406
PAN,1810,406
PAN,1811,406
PAN,1812,406
PAN,1813,406
PAN,1814,406
PAN,1815,406
PAN,1816,406
PAN,1817,406
PAN,1818,406
PAN,1819,406
PAN,1820,406
PAN,1821,406
PAN,1822,406
PAN,1823,406
PAN,1824,406
PAN,1825,406
PAN,1826,406
PAN,1827,406
PAN,1828,406
PAN,1829,406
PAN,1830,406
PAN,1831,406
PAN,1832,406
PAN,1833,406
PAN,1834,406
PAN,1835,406
PAN,1836,406
PAN,1837,406
PAN,1838,406
PAN,1839,406
PAN,1840,406
PAN,1841,406
PAN,1842,406
PAN,1843,406
PAN,1844,406
PAN,1845,406
PAN,1846,406
PAN,1847,406
PAN,1848,406
PAN,1849,406
PAN,1850,406
PAN,1851,406
PAN,1852,406
PAN,1853,406
PAN,1854,406
PAN,1855,406
PAN,1856,406
PAN,1857,406
PAN,1858,406
PAN,1859,406
PAN,1860,406
PAN,1861,406
PAN,1862,406
PAN,1863,406
PAN,1864,406
PAN,1865,406
PAN,1866,406
PAN,1867,406
PAN,1868,406
PAN,1869,406
PAN,1870,406
PAN,1871,406
PAN,1872,406
PAN,1873,406
PAN,1874,406
PAN,1875,406
PAN,1876,406
PAN,1877,406
PAN,1878,406
PAN,1879,406
PAN,1880,406
PAN,1881,406
PAN,1882,406
PAN,1883,406
PAN,1884,406
PAN,1885,406
PAN,1886,406
PAN,1887,406
PAN,1888,406
PAN,1889,406
PAN,1890,406
PAN,1891,406
PAN,1892,406
PAN,1893,406
PAN,1894,405.9
PAN,1895,405.9
PAN,1896,405.9
PAN,1897,405.8
PAN,1898,405.6
PAN,1899,405.4
PAN,1900,405.1
PAN,1901,404.7
PAN,1902,404.3
PAN,1903,403.9
PAN,1904,403.3
PAN,1905,402.7
PAN,1906,402
PAN,1907,401.3
PAN,1908,400.5
PAN,1909,399.7
PAN,1910,398.8
PAN,1911,397.9
PAN,1912,397.1
PAN,1913,396.2
PAN,1914,395.4
PAN,1915,394.6
PAN,1916,391.3
PAN,1917,388.1
PAN,1918,384.9
PAN,1919,381.7
PAN,1920,378.5
PAN,1921,375.3
PAN,1922,372.1
PAN,1923,369
PAN,1924,365.9
PAN,1925,362.8
PAN,1926,359.7
PAN,1927,356.7
PAN,1928,353.6
PAN,1929,350.6
PAN,1930,347.6
PAN,1931,339.1
PAN,1932,331.8
PAN,1933,323.6
PAN,1934,316.5
PAN,1935,308.5
PAN,1936,301.6
PAN,1937,293.9
PAN,1938,287.2
PAN,1939,279.7
PAN,1940,273.2
PAN,1941,252.1
PAN,1942,232.7
PAN,1943,214.7
PAN,1944,198.1
PAN,1945,182.8
PAN,1946,168.7
PAN,1947,155.7
PAN,1948,143.6
PAN,1949,132.5
PAN,1950,122.3
PAN,1951,119.1
PAN,1952,115.6
PAN,1953,112.3
PAN,1954,109
PAN,1955,105.9
PAN,1956,103
PAN,1957,100.1
PAN,1958,97.4
PAN,1959,94.7
PAN,1960,92.1
PAN,1961,89.5
PAN,1962,86.8
PAN,1963,84.2
PAN,1964,81.8
PAN,1965,79.6
PAN,1966,77.4
PAN,1967,75.2
PAN,1968,72.9
PAN,1969,70.5
PAN,1970,67.7
PAN,1971,64.7
PAN,1972,61.6
PAN,1973,58.6
PAN,1974,55.7
PAN,1975,53.3
PAN,1976,51.2
PAN,1977,49.3
PAN,1978,47.7
PAN,1979,46.1
PAN,1980,44.6
PAN,1981,43
PAN,1982,41.4
PAN,1983,39.8
PAN,1984,38.2
PAN,1985,36.7
PAN,1986,35.4
PAN,1987,34.1
PAN,1988,32.9
PAN,1989,31.9
PAN,1990,30.9
PAN,1991,30.1
PAN,1992,29.4
PAN,1993,28.9
PAN,1994,28.4
PAN,1995,28.1
PAN,1996,27.7
PAN,1997,27.4
PAN,1998,27
PAN,1999,26.5
PAN,2000,26
PAN,2001,25.4
PAN,2002,24.8
PAN,2003,24.1
PAN,2004,23.5
PAN,2005,22.9
PAN,2006,22.3
PAN,2007,21.7
PAN,2008,21
PAN,2009,20.5
PAN,2010,19.8
PAN,2011,19.2
PAN,2012,18.7
PAN,2013,18.1
PAN,2014,17.6
PAN,2015,17
PNG,1800,423.9
PNG,1801,423.9
PNG,1802,423.9
PNG,1803,423.9
PNG,1804,423.9
PNG,1805,423.9
PNG,1806,423.9
PNG,1807,423.9
PNG,1808,423.9
PNG,1809,423.9
PNG,1810,423.9
PNG,1811,423.9
PNG,1812,423.9
PNG,1813,423.9
PNG,1814,423.9
PNG,1815,423.9
PNG,1816,423.9
PNG,1817,423.9
PNG,1818,423.9
PNG,1819,423.9
PNG,1820,423.9
PNG,1821,423.9
PNG,1822,423.9
PNG,1823,423.9
PNG,1824,423.9
PNG,1825,423.9
PNG,1826,423.9
PNG,1827,423.9
PNG,1828,423.9
PNG,1829,423.9
PNG,1830,423.9
PNG,1831,423.9
PNG,1832,423.9
PNG,1833,423.9
PNG,1834,423.9
PNG,1835,423.9
PNG,1836,423.9
PNG,1837,423.9
PNG,1838,423.9
PNG,1839,423.9
PNG,1840,423.9
PNG,1841,423.9
PNG,1842,423.9
PNG,1843,423.9
PNG,1844,423.9
PNG,1845,423.9
PNG,1846,423.9
PNG,1847,423.9
PNG,1848,423.9
PNG,1849,423.9
PNG,1850,423.9
PNG,1851,423.9
PNG,1852,423.9
PNG,1853,423.9
PNG,1854,423.9
PNG,1855,423.9
PNG,1856,423.9
PNG,1857,423.9
PNG,1858,423.9
PNG,1859,423.9
PNG,1860,423.9
PNG,1861,423.9
PNG,1862,423.9
PNG,1863,423.9
PNG,1864,423.9
PNG,1865,423.9
PNG,1866,423.9
PNG,1867,423.9
PNG,1868,423.9
PNG,1869,423.9
PNG,1870,423.9
PNG,1871,423.9
PNG,1872,423.9
PNG,1873,423.9
PNG,1874,423.9
PNG,1875,423.9
PNG,1876,423.9
PNG,1877,423.9
PNG,1878,423.9
PNG,1879,423.9
PNG,1880,423.9
PNG,1881,423.9
PNG,1882,423.9
PNG,1883,423.9
PNG,1884,423.9
PNG,1885,423.9
PNG,1886,423.9
PNG,1887,423.9
PNG,1888,423.9
PNG,1889,423.9
PNG,1890,423.9
PNG,1891,423.9
PNG,1892,423.9
PNG,1893,423.9
PNG,1894,423.9
PNG,1895,423.9
PNG,1896,423.8
PNG,1897,423.7
PNG,1898,423.6
PNG,1899,423.3
PNG,1900,423
PNG,1901,422.7
PNG,1902,422.2
PNG,1903,421.7
PNG,1904,421.2
PNG,1905,420.5
PNG,1906,419.9
PNG,1907,419.1
PNG,1908,418.3
PNG,1909,417.4
PNG,1910,416.4
PNG,1911,415.5
PNG,1912,414.5
PNG,1913,413.5
PNG,1914,412.5
PNG,1915,411.5
PNG,1916,410.5
PNG,1917,409.5
PNG,1918,408.5
PNG,1919,407.5
PNG,1920,406.5
PNG,1921,405.5
PNG,1922,404.5
PNG,1923,403.5
PNG,1924,402.5
PNG,1925,401.5
PNG,1926,400.5
PNG,1927,399.5
PNG,1928,398.5
PNG,1929,397.5
PNG,1930,396.5
PNG,1931,395.5
PNG,1932,394.5
PNG,1933,393.5
PNG,1934,392.4
PNG,1935,391.4
PNG,1936,390.4
PNG,1937,389.4
PNG,1938,388.4
PNG,1939,387.4
PNG,1940,386.4
PNG,1941,385.4
PNG,1942,384.4
PNG,1943,383.4
PNG,1944,382.4
PNG,1945,381.4
PNG,1946,363.1
PNG,1947,345.7
PNG,1948,329.2
PNG,1949,313.4
PNG,1950,298.4
PNG,1951,284.1
PNG,1952,270.4
PNG,1953,257.5
PNG,1954,245.2
PNG,1955,233.4
PNG,1956,226.3
PNG,1957,219.4
PNG,1958,212.8
PNG,1959,206.5
PNG,1960,200.2
PNG,1961,194
PNG,1962,188
PNG,1963,182.1
PNG,1964,176.3
PNG,1965,170.6
PNG,1966,165
PNG,1967,159.7
PNG,1968,154.4
PNG,1969,149.3
PNG,1970,144.4
PNG,1971,139.8
PNG,1972,135.4
PNG,1973,131.2
PNG,1974,127.2
PNG,1975,123.5
PNG,1976,119.9
PNG,1977,116.6
PNG,1978,113.6
PNG,1979,110.7
PNG,1980,108.1
PNG,1981,105.6
PNG,1982,103.2
PNG,1983,101.1
PNG,1984,99
PNG,1985,97.2
PNG,1986,95.5
PNG,1987,93.9
PNG,1988,92.4
PNG,1989,90.9
PNG,1990,89.4
PNG,1991,88
PNG,1992,86.6
PNG,1993,85.3
PNG,1994,84.1
PNG,1995,83
PNG,1996,82
PNG,1997,81
PNG,1998,80.2
PNG,1999,79.3
PNG,2000,78.5
PNG,2001,77.7
PNG,2002,77
PNG,2003,76.1
PNG,2004,75.2
PNG,2005,74.2
PNG,2006,72.9
PNG,2007,71.5
PNG,2008,69.7
PNG,2009,67.9
PNG,2010,66.1
PNG,2011,64.3
PNG,2012,62.5
PNG,2013,60.9
PNG,2014,59.1
PNG,2015,57.3
PRY,1800,374
PRY,1801,374
PRY,1802,374
PRY,1803,374
PRY,1804,374
PRY,1805,374
PRY,1806,374
PRY,1807,374
PRY,1808,374
PRY,1809,374
PRY,1810,374
PRY,1811,374
PRY,1812,374
PRY,1813,374
PRY,1814,374
PRY,1815,374
PRY,1816,374
PRY,1817,374
PRY,1818,374
PRY,1819,374
PRY,1820,374
PRY,1821,374
PRY,1822,374
PRY,1823,374
PRY,1824,374
PRY,1825,374
PRY,1826,374
PRY,1827,374
PRY,1828,374
PRY,1829,374
PRY,1830,374
PRY,1831,374
PRY,1832,374
PRY,1833,374
PRY,1834,374
PRY,1835,374
PRY,1836,374
PRY,1837,374
PRY,1838,374
PRY,1839,374
PRY,1840,374
PRY,1841,374
PRY,1842,374
PRY,1843,374
PRY,1844,374
PRY,1845,374
PRY,1846,374
PRY,1847,374
PRY,1848,374
PRY,1849,374
PRY,1850,374
PRY,1851,374
PRY,1852,374
PRY,1853,374
PRY,1854,374
PRY,1855,374
PRY,1856,374
PRY,1857,374
PRY,1858,374
PRY,1859,374
PRY,1860,374
PRY,1861,374
PRY,1862,374
PRY,1863,374
PRY,1864,374
PRY,1865,374
PRY,1866,374
PRY,1867,374
PRY,1868,374
PRY,1869,374
PRY,1870,374
PRY,1871,374
PRY,1872,374
PRY,1873,374
PRY,1874,374
PRY,1875,374
PRY,1876,374
PRY,1877,374
PRY,1878,374
PRY,1879,374
PRY,1880,374
PRY,1881,374
PRY,1882,374
PRY,1883,374
PRY,1884,374
PRY,1885,374
PRY,1886,374
PRY,1887,374
PRY,1888,374
PRY,1889,374
PRY,1890,374
PRY,1891,374
PRY,1892,374
PRY,1893,374
PRY,1894,374
PRY,1895,374
PRY,1896,373.9
PRY,1897,373.8
PRY,1898,373.7
PRY,1899,373.5
PRY,1900,373.2
PRY,1901,372.9
PRY,1902,372.5
PRY,1903,372.1
PRY,1904,371.6
PRY,1905,371
PRY,1906,370.4
PRY,1907,369.7
PRY,1908,369
PRY,1909,368.2
PRY,1910,367.4
PRY,1911,366.5
PRY,1912,365.7
PRY,1913,364.8
PRY,1914,363.9
PRY,1915,363
PRY,1916,362.2
PRY,1917,361.3
PRY,1918,360.5
PRY,1919,359.6
PRY,1920,358.8
PRY,1921,358
PRY,1922,357.1
PRY,1923,356.3
PRY,1924,355.4
PRY,1925,354.6
PRY,1926,353.8
PRY,1927,352.9
PRY,1928,352.1
PRY,1929,351.3
PRY,1930,350.4
PRY,1931,349.6
PRY,1932,348.7
PRY,1933,331.4
PRY,1934,314.7
PRY,1935,298.4
PRY,1936,282.7
PRY,1937,266.5
PRY,1938,251.8
PRY,1939,237.5
PRY,1940,223.6
PRY,1941,210.1
PRY,1942,193.8
PRY,1943,178.8
PRY,1944,164.9
PRY,1945,152.2
PRY,1946,140.4
PRY,1947,129.5
PRY,1948,119.4
PRY,1949,110.2
PRY,1950,101.6
PRY,1951,93.77
PRY,1952,92.97
PRY,1953,92.28
PRY,1954,91.49
PRY,1955,90.69
PRY,1956,89.9
PRY,1957,88.7
PRY,1958,87.5
PRY,1959,86.4
PRY,1960,85.3
PRY,1961,84.3
PRY,1962,83.4
PRY,1963,82.7
PRY,1964,82
PRY,1965,81.3
PRY,1966,80.6
PRY,1967,80.1
PRY,1968,79.4
PRY,1969,78.7
PRY,1970,78
PRY,1971,77.1
PRY,1972,76.1
PRY,1973,75.1
PRY,1974,73.8
PRY,1975,72.5
PRY,1976,71.1
PRY,1977,69.6
PRY,1978,68
PRY,1979,66.4
PRY,1980,64.7
PRY,1981,62.9
PRY,1982,61
PRY,1983,59.1
PRY,1984,57.2
PRY,1985,55.3
PRY,1986,53.5
PRY,1987,51.7
PRY,1988,49.9
PRY,1989,48.2
PRY,1990,46.5
PRY,1991,44.9
PRY,1992,43.3
PRY,1993,41.9
PRY,1994,40.5
PRY,1995,39.2
PRY,1996,37.9
PRY,1997,36.8
PRY,1998,35.7
PRY,1999,34.6
PRY,2000,33.5
PRY,2001,32.5
PRY,2002,31.5
PRY,2003,30.4
PRY,2004,29.4
PRY,2005,28.4
PRY,2006,27.5
PRY,2007,26.6
PRY,2008,25.7
PRY,2009,24.9
PRY,2010,24.1
PRY,2011,23.3
PRY,2012,22.6
PRY,2013,21.9
PRY,2014,21.2
PRY,2015,20.5
PER,1800,371.6
PER,1801,371.6
PER,1802,371.6
PER,1803,371.6
PER,1804,371.6
PER,1805,371.6
PER,1806,371.6
PER,1807,371.6
PER,1808,371.6
PER,1809,371.6
PER,1810,371.6
PER,1811,371.6
PER,1812,371.6
PER,1813,371.6
PER,1814,371.6
PER,1815,371.6
PER,1816,371.6
PER,1817,371.6
PER,1818,371.6
PER,1819,371.6
PER,1820,371.6
PER,1821,371.6
PER,1822,371.6
PER,1823,371.6
PER,1824,371.6
PER,1825,371.6
PER,1826,371.6
PER,1827,371.6
PER,1828,371.6
PER,1829,371.6
PER,1830,371.6
PER,1831,371.6
PER,1832,371.6
PER,1833,371.6
PER,1834,371.6
PER,1835,371.6
PER,1836,371.6
PER,1837,371.6
PER,1838,371.6
PER,1839,371.6
PER,1840,371.6
PER,1841,371.6
PER,1842,371.6
PER,1843,371.6
PER,1844,371.6
PER,1845,371.6
PER,1846,371.6
PER,1847,371.6
PER,1848,371.6
PER,1849,371.6
PER,1850,371.6
PER,1851,371.6
PER,1852,371.6
PER,1853,371.6
PER,1854,371.6
PER,1855,371.6
PER,1856,371.6
PER,1857,371.6
PER,1858,371.6
PER,1859,371.6
PER,1860,371.6
PER,1861,371.6
PER,1862,371.6
PER,1863,371.6
PER,1864,371.6
PER,1865,371.6
PER,1866,371.6
PER,1867,371.6
PER,1868,371.6
PER,1869,371.6
PER,1870,371.6
PER,1871,371.6
PER,1872,371.6
PER,1873,371.6
PER,1874,371.6
PER,1875,371.6
PER,1876,371.6
PER,1877,371.6
PER,1878,371.6
PER,1879,371.6
PER,1880,371.6
PER,1881,371.6
PER,1882,371.6
PER,1883,371.6
PER,1884,371.6
PER,1885,371.6
PER,1886,371.6
PER,1887,371.6
PER,1888,371.6
PER,1889,371.6
PER,1890,371.6
PER,1891,371.6
PER,1892,371.6
PER,1893,371.6
PER,1894,371.6
PER,1895,371.6
PER,1896,371.5
PER,1897,371.4
PER,1898,371.3
PER,1899,371.1
PER,1900,370.8
PER,1901,370.5
PER,1902,370.1
PER,1903,369.7
PER,1904,369.2
PER,1905,368.6
PER,1906,368
PER,1907,367.3
PER,1908,366.6
PER,1909,365.8
PER,1910,365
PER,1911,364.2
PER,1912,363.3
PER,1913,362.4
PER,1914,361.4
PER,1915,360.5
PER,1916,359.5
PER,1917,358.6
PER,1918,357.6
PER,1919,356.7
PER,1920,355.7
PER,1921,354.8
PER,1922,353.8
PER,1923,352.9
PER,1924,351.9
PER,1925,351
PER,1926,350.1
PER,1927,349.1
PER,1928,348.1
PER,1929,347.2
PER,1930,346.3
PER,1931,345.3
PER,1932,344.4
PER,1933,343.4
PER,1934,342.5
PER,1935,341.5
PER,1936,340.6
PER,1937,339.6
PER,1938,338.7
PER,1939,337.8
PER,1940,336.8
PER,1941,328.4
PER,1942,319.1
PER,1943,317.8
PER,1944,316.4
PER,1945,315.1
PER,1946,313.9
PER,1947,312.6
PER,1948,311.3
PER,1949,310
PER,1950,308.7
PER,1951,307.5
PER,1952,306.2
PER,1953,293
PER,1954,280.3
PER,1955,268.5
PER,1956,258.4
PER,1957,249
PER,1958,241.1
PER,1959,234
PER,1960,227.4
PER,1961,220.7
PER,1962,213.8
PER,1963,206.6
PER,1964,199.4
PER,1965,192.3
PER,1966,185.6
PER,1967,179.5
PER,1968,173.9
PER,1969,168.8
PER,1970,163.8
PER,1971,159
PER,1972,154.2
PER,1973,149.5
PER,1974,144.9
PER,1975,140.5
PER,1976,136.7
PER,1977,133.3
PER,1978,130.4
PER,1979,127.7
PER,1980,124.9
PER,1981,121.8
PER,1982,118.3
PER,1983,114.1
PER,1984,109.3
PER,1985,104.2
PER,1986,98.8
PER,1987,93.5
PER,1988,88.6
PER,1989,84
PER,1990,79.7
PER,1991,75.4
PER,1992,71
PER,1993,66.5
PER,1994,62
PER,1995,57.5
PER,1996,53.2
PER,1997,49.1
PER,1998,45.3
PER,1999,41.8
PER,2000,38.6
PER,2001,35.8
PER,2002,33.3
PER,2003,31.1
PER,2004,29.1
PER,2005,27.4
PER,2006,25.9
PER,2007,24.5
PER,2008,23.2
PER,2009,22.1
PER,2010,21
PER,2011,20
PER,2012,19.1
PER,2013,18.3
PER,2014,17.5
PER,2015,16.9
PHL,1800,431.8
PHL,1801,431.8
PHL,1802,431.8
PHL,1803,431.8
PHL,1804,431.8
PHL,1805,431.8
PHL,1806,431.8
PHL,1807,431.8
PHL,1808,431.8
PHL,1809,431.8
PHL,1810,431.8
PHL,1811,431.8
PHL,1812,431.8
PHL,1813,431.8
PHL,1814,431.8
PHL,1815,431.8
PHL,1816,431.8
PHL,1817,431.8
PHL,1818,431.8
PHL,1819,431.8
PHL,1820,431.8
PHL,1821,431.8
PHL,1822,431.8
PHL,1823,431.8
PHL,1824,431.8
PHL,1825,431.8
PHL,1826,431.8
PHL,1827,431.8
PHL,1828,431.8
PHL,1829,431.8
PHL,1830,431.8
PHL,1831,431.8
PHL,1832,431.8
PHL,1833,431.8
PHL,1834,431.8
PHL,1835,431.8
PHL,1836,431.8
PHL,1837,431.8
PHL,1838,431.8
PHL,1839,431.8
PHL,1840,431.8
PHL,1841,431.8
PHL,1842,431.8
PHL,1843,431.8
PHL,1844,431.8
PHL,1845,431.8
PHL,1846,431.8
PHL,1847,431.8
PHL,1848,431.8
PHL,1849,431.8
PHL,1850,431.8
PHL,1851,431.8
PHL,1852,431.8
PHL,1853,431.8
PHL,1854,431.8
PHL,1855,431.8
PHL,1856,431.8
PHL,1857,431.8
PHL,1858,431.8
PHL,1859,431.8
PHL,1860,431.8
PHL,1861,431.8
PHL,1862,431.8
PHL,1863,431.8
PHL,1864,431.8
PHL,1865,431.8
PHL,1866,431.8
PHL,1867,431.8
PHL,1868,431.8
PHL,1869,431.8
PHL,1870,431.8
PHL,1871,431.8
PHL,1872,431.8
PHL,1873,431.8
PHL,1874,431.8
PHL,1875,431.8
PHL,1876,431.8
PHL,1877,431.8
PHL,1878,431.8
PHL,1879,431.8
PHL,1880,431.8
PHL,1881,431.8
PHL,1882,431.8
PHL,1883,431.8
PHL,1884,431.8
PHL,1885,431.8
PHL,1886,431.8
PHL,1887,431.8
PHL,1888,431.8
PHL,1889,431.8
PHL,1890,431.8
PHL,1891,431.8
PHL,1892,431.8
PHL,1893,431.8
PHL,1894,431.8
PHL,1895,431.8
PHL,1896,431.7
PHL,1897,431.6
PHL,1898,431.4
PHL,1899,431.2
PHL,1900,430.9
PHL,1901,430.5
PHL,1902,756.3
PHL,1903,429.5
PHL,1904,429
PHL,1905,428.3
PHL,1906,427.6
PHL,1907,426.8
PHL,1908,426
PHL,1909,425.1
PHL,1910,424.1
PHL,1911,423.2
PHL,1912,422.2
PHL,1913,421.1
PHL,1914,419.8
PHL,1915,418.5
PHL,1916,417.2
PHL,1917,415.9
PHL,1918,486.2
PHL,1919,413.2
PHL,1920,411.9
PHL,1921,410.6
PHL,1922,409.3
PHL,1923,408
PHL,1924,406.7
PHL,1925,405.4
PHL,1926,404.1
PHL,1927,402.8
PHL,1928,401.5
PHL,1929,400.2
PHL,1930,398.9
PHL,1931,384.4
PHL,1932,369.1
PHL,1933,355.4
PHL,1934,341
PHL,1935,328
PHL,1936,315.4
PHL,1937,302.1
PHL,1938,290.1
PHL,1939,277.4
PHL,1940,264.2
PHL,1941,252.8
PHL,1942,241.8
PHL,1943,231.4
PHL,1944,221.4
PHL,1945,211.8
PHL,1946,202.6
PHL,1947,193.8
PHL,1948,185.4
PHL,1949,177.4
PHL,1950,169.7
PHL,1951,159.6
PHL,1952,150.2
PHL,1953,141.4
PHL,1954,135.4
PHL,1955,129.7
PHL,1956,124.4
PHL,1957,119.3
PHL,1958,114.5
PHL,1959,110
PHL,1960,106
PHL,1961,102.4
PHL,1962,99.5
PHL,1963,96.8
PHL,1964,94.6
PHL,1965,92.4
PHL,1966,90.4
PHL,1967,88.5
PHL,1968,86.7
PHL,1969,85.2
PHL,1970,84
PHL,1971,83.1
PHL,1972,82.6
PHL,1973,82.3
PHL,1974,82.1
PHL,1975,82.1
PHL,1976,82
PHL,1977,81.8
PHL,1978,81.5
PHL,1979,80.9
PHL,1980,80.1
PHL,1981,79.3
PHL,1982,78.4
PHL,1983,77.3
PHL,1984,75.9
PHL,1985,74
PHL,1986,71.6
PHL,1987,68.6
PHL,1988,65.2
PHL,1989,61.7
PHL,1990,58.2
PHL,1991,54.9
PHL,1992,52.1
PHL,1993,49.5
PHL,1994,47.4
PHL,1995,45.6
PHL,1996,44
PHL,1997,42.7
PHL,1998,41.6
PHL,1999,40.6
PHL,2000,39.7
PHL,2001,38.9
PHL,2002,38.1
PHL,2003,37.3
PHL,2004,36.5
PHL,2005,35.7
PHL,2006,34.9
PHL,2007,34.2
PHL,2008,33.4
PHL,2009,32.6
PHL,2010,31.9
PHL,2011,31.2
PHL,2012,30.4
PHL,2013,29.6
PHL,2014,28.8
PHL,2015,28
POL,1800,369.2
POL,1801,369.2
POL,1802,369.2
POL,1803,369.2
POL,1804,369.2
POL,1805,369.2
POL,1806,369.2
POL,1807,369.2
POL,1808,369.2
POL,1809,369.2
POL,1810,369.2
POL,1811,369.2
POL,1812,369.2
POL,1813,369.2
POL,1814,369.2
POL,1815,369.2
POL,1816,369.2
POL,1817,369.2
POL,1818,369.2
POL,1819,369.2
POL,1820,369.2
POL,1821,369.2
POL,1822,369.2
POL,1823,369.2
POL,1824,369.2
POL,1825,369.2
POL,1826,369.2
POL,1827,369.2
POL,1828,369.2
POL,1829,369.2
POL,1830,369.2
POL,1831,369.2
POL,1832,369.2
POL,1833,369.2
POL,1834,369.2
POL,1835,369.2
POL,1836,369.2
POL,1837,369.2
POL,1838,369.2
POL,1839,369.2
POL,1840,369.2
POL,1841,369.2
POL,1842,369.2
POL,1843,369.2
POL,1844,369.2
POL,1845,369.2
POL,1846,369.2
POL,1847,369.2
POL,1848,369.2
POL,1849,369.2
POL,1850,369.2
POL,1851,369.2
POL,1852,369.2
POL,1853,369.2
POL,1854,369.2
POL,1855,369.2
POL,1856,369.2
POL,1857,369.2
POL,1858,369.2
POL,1859,369.2
POL,1860,369.2
POL,1861,369.2
POL,1862,369.2
POL,1863,369.2
POL,1864,369.2
POL,1865,369.2
POL,1866,369.2
POL,1867,369.2
POL,1868,369.2
POL,1869,369.2
POL,1870,369.2
POL,1871,369.2
POL,1872,369.2
POL,1873,369.2
POL,1874,369.2
POL,1875,369.2
POL,1876,369.2
POL,1877,369.2
POL,1878,369.2
POL,1879,369.2
POL,1880,369.2
POL,1881,369.2
POL,1882,369.2
POL,1883,369.2
POL,1884,369.2
POL,1885,369.2
POL,1886,365.7
POL,1887,362.1
POL,1888,358.6
POL,1889,355.1
POL,1890,351.7
POL,1891,348.2
POL,1892,344.8
POL,1893,341.4
POL,1894,338
POL,1895,334.6
POL,1896,331.2
POL,1897,327.8
POL,1898,324.3
POL,1899,320.8
POL,1900,317.4
POL,1901,313.8
POL,1902,310.3
POL,1903,306.7
POL,1904,303.1
POL,1905,299.5
POL,1906,295.9
POL,1907,292.2
POL,1908,288.5
POL,1909,283.8
POL,1910,280.2
POL,1911,276.5
POL,1912,279.1
POL,1913,281.8
POL,1914,284.5
POL,1915,287.2
POL,1916,290
POL,1917,292.7
POL,1918,295.5
POL,1919,298.3
POL,1920,301.2
POL,1921,304.1
POL,1922,271.6
POL,1923,265.9
POL,1924,260.3
POL,1925,254.8
POL,1926,249.5
POL,1927,244.2
POL,1928,233.2
POL,1929,240.6
POL,1930,229.5
POL,1931,227.7
POL,1932,231.4
POL,1933,201.5
POL,1934,225.8
POL,1935,199.6
POL,1936,225.8
POL,1937,216.5
POL,1938,223.9
POL,1939,217.8
POL,1940,211.8
POL,1941,206
POL,1942,200.3
POL,1943,194.8
POL,1944,189.5
POL,1945,184.3
POL,1946,179.2
POL,1947,174.3
POL,1948,169.5
POL,1949,162.1
POL,1950,163.9
POL,1951,177
POL,1952,140
POL,1953,127.5
POL,1954,118.8
POL,1955,115.3
POL,1956,98.41
POL,1957,91.08
POL,1958,84.3
POL,1959,72.8
POL,1960,64.7
POL,1961,59.4
POL,1962,55.6
POL,1963,52.5
POL,1964,49.3
POL,1965,45.9
POL,1966,42.6
POL,1967,40.2
POL,1968,38.8
POL,1969,37.7
POL,1970,36.3
POL,1971,34.5
POL,1972,32.5
POL,1973,30.4
POL,1974,28.7
POL,1975,27.7
POL,1976,27.1
POL,1977,26.4
POL,1978,25.5
POL,1979,24.6
POL,1980,23.9
POL,1981,23.3
POL,1982,22.7
POL,1983,22
POL,1984,21.2
POL,1985,20.3
POL,1986,19.5
POL,1987,18.9
POL,1988,18.4
POL,1989,17.9
POL,1990,17.3
POL,1991,16.8
POL,1992,16.4
POL,1993,16
POL,1994,15.5
POL,1995,14.5
POL,1996,13.3
POL,1997,12
POL,1998,10.8
POL,1999,9.9
POL,2000,9.3
POL,2001,8.8
POL,2002,8.4
POL,2003,8.1
POL,2004,7.8
POL,2005,7.6
POL,2006,7.3
POL,2007,7
POL,2008,6.7
POL,2009,6.2
POL,2010,5.8
POL,2011,5.5
POL,2012,5.3
POL,2013,5.2
POL,2014,5.2
POL,2015,5.2
PRT,1800,372.8
PRT,1801,372.8
PRT,1802,372.8
PRT,1803,372.8
PRT,1804,372.8
PRT,1805,372.8
PRT,1806,372.8
PRT,1807,372.8
PRT,1808,372.8
PRT,1809,372.8
PRT,1810,372.8
PRT,1811,372.8
PRT,1812,372.8
PRT,1813,372.8
PRT,1814,372.8
PRT,1815,372.8
PRT,1816,372.8
PRT,1817,372.8
PRT,1818,372.8
PRT,1819,372.8
PRT,1820,372.8
PRT,1821,372.8
PRT,1822,372.8
PRT,1823,372.8
PRT,1824,372.8
PRT,1825,372.8
PRT,1826,372.8
PRT,1827,372.8
PRT,1828,372.8
PRT,1829,372.8
PRT,1830,372.8
PRT,1831,372.8
PRT,1832,372.8
PRT,1833,372.8
PRT,1834,372.8
PRT,1835,372.8
PRT,1836,372.8
PRT,1837,372.8
PRT,1838,372.8
PRT,1839,372.8
PRT,1840,372.8
PRT,1841,372.8
PRT,1842,372.8
PRT,1843,372.8
PRT,1844,372.8
PRT,1845,372.8
PRT,1846,372.8
PRT,1847,372.8
PRT,1848,372.8
PRT,1849,372.8
PRT,1850,372.8
PRT,1851,372.8
PRT,1852,372.8
PRT,1853,372.8
PRT,1854,372.8
PRT,1855,372.8
PRT,1856,372.8
PRT,1857,372.8
PRT,1858,372.8
PRT,1859,372.8
PRT,1860,372.8
PRT,1861,372.8
PRT,1862,372.8
PRT,1863,372.8
PRT,1864,372.8
PRT,1865,372.8
PRT,1866,372.8
PRT,1867,372.8
PRT,1868,372.8
PRT,1869,372.8
PRT,1870,372.8
PRT,1871,372.8
PRT,1872,372.8
PRT,1873,372.8
PRT,1874,372.8
PRT,1875,372.8
PRT,1876,372.8
PRT,1877,372.8
PRT,1878,372.8
PRT,1879,372.8
PRT,1880,372.8
PRT,1881,372.8
PRT,1882,372.8
PRT,1883,372.8
PRT,1884,372.8
PRT,1885,372.8
PRT,1886,372.8
PRT,1887,372.8
PRT,1888,372.8
PRT,1889,372.8
PRT,1890,372.8
PRT,1891,372.8
PRT,1892,372.8
PRT,1893,372.8
PRT,1894,372.8
PRT,1895,372.8
PRT,1896,372.7
PRT,1897,372.6
PRT,1898,372.5
PRT,1899,372.3
PRT,1900,372
PRT,1901,351.8
PRT,1902,332.7
PRT,1903,314.6
PRT,1904,297.6
PRT,1905,281.4
PRT,1906,266.1
PRT,1907,251.7
PRT,1908,238
PRT,1909,225.1
PRT,1910,212.8
PRT,1911,227.6
PRT,1912,243.3
PRT,1913,260.2
PRT,1914,238.8
PRT,1915,238.8
PRT,1916,249.7
PRT,1917,238.8
PRT,1918,339.9
PRT,1919,295.9
PRT,1920,266.8
PRT,1921,238.8
PRT,1922,231.5
PRT,1923,266.8
PRT,1924,231.5
PRT,1925,209.1
PRT,1926,231.5
PRT,1927,227.8
PRT,1928,235.9
PRT,1929,244.3
PRT,1930,231.5
PRT,1931,225.9
PRT,1932,237
PRT,1933,240.7
PRT,1934,231.5
PRT,1935,240.7
PRT,1936,224.1
PRT,1937,244.3
PRT,1938,218.5
PRT,1939,186.6
PRT,1940,202.8
PRT,1941,245.9
PRT,1942,219
PRT,1943,212.5
PRT,1944,194.3
PRT,1945,179.9
PRT,1946,178.6
PRT,1947,157.6
PRT,1948,158.1
PRT,1949,171.2
PRT,1950,143.2
PRT,1951,138
PRT,1952,143.7
PRT,1953,136.4
PRT,1954,130.5
PRT,1955,127.2
PRT,1956,124.3
PRT,1957,121.8
PRT,1958,119.5
PRT,1959,117.4
PRT,1960,114.6
PRT,1961,110.3
PRT,1962,104.3
PRT,1963,97.6
PRT,1964,91
PRT,1965,85.2
PRT,1966,80.8
PRT,1967,77.7
PRT,1968,75.1
PRT,1969,72
PRT,1970,68.2
PRT,1971,63.4
PRT,1972,58
PRT,1973,52.6
PRT,1974,47.8
PRT,1975,43.5
PRT,1976,39.5
PRT,1977,35.6
PRT,1978,32.3
PRT,1979,29.7
PRT,1980,27.6
PRT,1981,25.8
PRT,1982,24.2
PRT,1983,22.8
PRT,1984,21.6
PRT,1985,20.4
PRT,1986,19.3
PRT,1987,18.2
PRT,1988,17
PRT,1989,15.9
PRT,1990,14.7
PRT,1991,13.6
PRT,1992,12.5
PRT,1993,11.4
PRT,1994,10.5
PRT,1995,9.7
PRT,1996,9.1
PRT,1997,8.6
PRT,1998,8.2
PRT,1999,7.7
PRT,2000,7.2
PRT,2001,6.7
PRT,2002,6.1
PRT,2003,5.6
PRT,2004,5.1
PRT,2005,4.7
PRT,2006,4.4
PRT,2007,4.2
PRT,2008,4.1
PRT,2009,4
PRT,2010,3.9
PRT,2011,3.8
PRT,2012,3.8
PRT,2013,3.8
PRT,2014,3.7
PRT,2015,3.6
PRI,1980,21.15
PRI,1981,20.57
PRI,1982,20
PRI,1983,19.39
PRI,1984,18.74
PRI,1985,18.03
PRI,1986,17.29
PRI,1987,16.56
PRI,1988,15.87
PRI,1989,15.25
PRI,1990,14.71
PRI,1991,14.29
PRI,1992,13.97
PRI,1993,13.73
PRI,1994,13.56
PRI,1995,13.39
PRI,1996,13.17
PRI,1997,12.86
PRI,1998,12.45
PRI,1999,11.93
PRI,2000,11.35
PRI,2001,10.76
PRI,2002,10.24
PRI,2003,9.83
PRI,2004,9.53
PRI,2005,9.32
PRI,2006,9.16
PRI,2007,9
PRI,2008,8.78
PRI,2009,8.5
PRI,2010,8.18
PRI,2011,7.82
PRI,2012,7.47
PRI,2013,7.16
PRI,2014,6.9
PRI,2015,6.69
QAT,1800,433.1
QAT,1801,433.1
QAT,1802,433.1
QAT,1803,433.1
QAT,1804,433.1
QAT,1805,433.1
QAT,1806,433.1
QAT,1807,433.1
QAT,1808,433.1
QAT,1809,433.1
QAT,1810,433.1
QAT,1811,433.1
QAT,1812,433.1
QAT,1813,433.1
QAT,1814,433.1
QAT,1815,433.1
QAT,1816,433.1
QAT,1817,433.1
QAT,1818,433.1
QAT,1819,433.1
QAT,1820,433.1
QAT,1821,433.1
QAT,1822,433.1
QAT,1823,433.1
QAT,1824,433.1
QAT,1825,433.1
QAT,1826,433.1
QAT,1827,433.1
QAT,1828,433.1
QAT,1829,433.1
QAT,1830,433.1
QAT,1831,433.1
QAT,1832,433.1
QAT,1833,433.1
QAT,1834,433.1
QAT,1835,433.1
QAT,1836,433.1
QAT,1837,433.1
QAT,1838,433.1
QAT,1839,433.1
QAT,1840,433.1
QAT,1841,433.1
QAT,1842,433.1
QAT,1843,433.1
QAT,1844,433.1
QAT,1845,433.1
QAT,1846,433.1
QAT,1847,433.1
QAT,1848,433.1
QAT,1849,433.1
QAT,1850,433.1
QAT,1851,433.1
QAT,1852,433.1
QAT,1853,433.1
QAT,1854,433.1
QAT,1855,433.1
QAT,1856,433.1
QAT,1857,433.1
QAT,1858,433.1
QAT,1859,433.1
QAT,1860,433.1
QAT,1861,433.1
QAT,1862,433.1
QAT,1863,433.1
QAT,1864,433.1
QAT,1865,433.1
QAT,1866,433.1
QAT,1867,433.1
QAT,1868,433.1
QAT,1869,433.1
QAT,1870,433.1
QAT,1871,433.1
QAT,1872,433.1
QAT,1873,433.1
QAT,1874,433.1
QAT,1875,433.1
QAT,1876,433.1
QAT,1877,433.1
QAT,1878,433.1
QAT,1879,433.1
QAT,1880,433.1
QAT,1881,433.1
QAT,1882,433.1
QAT,1883,433.1
QAT,1884,433.1
QAT,1885,433.1
QAT,1886,433.1
QAT,1887,433.1
QAT,1888,433.1
QAT,1889,433.1
QAT,1890,433.1
QAT,1891,433.1
QAT,1892,433.1
QAT,1893,433.1
QAT,1894,433.1
QAT,1895,433.1
QAT,1896,433
QAT,1897,432.9
QAT,1898,432.7
QAT,1899,432.5
QAT,1900,432.2
QAT,1901,431.8
QAT,1902,431.4
QAT,1903,430.9
QAT,1904,430.3
QAT,1905,429.6
QAT,1906,428.9
QAT,1907,428.2
QAT,1908,427.3
QAT,1909,426.4
QAT,1910,425.5
QAT,1911,424.5
QAT,1912,423.5
QAT,1913,422.4
QAT,1914,421.4
QAT,1915,420.4
QAT,1916,419.4
QAT,1917,418.4
QAT,1918,417.4
QAT,1919,416.4
QAT,1920,415.3
QAT,1921,414.3
QAT,1922,413.3
QAT,1923,412.3
QAT,1924,411.3
QAT,1925,410.3
QAT,1926,409.2
QAT,1927,408.2
QAT,1928,407.2
QAT,1929,406.2
QAT,1930,405.3
QAT,1931,404.4
QAT,1932,403.6
QAT,1933,402.7
QAT,1934,401.8
QAT,1935,400.9
QAT,1936,400.1
QAT,1937,399.2
QAT,1938,398.3
QAT,1939,397.4
QAT,1940,396.6
QAT,1941,368.6
QAT,1942,342
QAT,1943,317.8
QAT,1944,293.6
QAT,1945,270.5
QAT,1946,248.4
QAT,1947,227.3
QAT,1948,208
QAT,1949,188.7
QAT,1950,170.1
QAT,1951,166.8
QAT,1952,163.6
QAT,1953,160.4
QAT,1954,157.3
QAT,1955,154.3
QAT,1956,151.3
QAT,1957,148.3
QAT,1958,145.5
QAT,1959,142.7
QAT,1960,139.9
QAT,1961,127
QAT,1962,115.3
QAT,1963,104.7
QAT,1964,95.05
QAT,1965,86.3
QAT,1966,78.35
QAT,1967,71.14
QAT,1968,64.59
QAT,1969,71
QAT,1970,66.2
QAT,1971,61.7
QAT,1972,57.6
QAT,1973,53.9
QAT,1974,50.5
QAT,1975,47.5
QAT,1976,44.7
QAT,1977,42.2
QAT,1978,40
QAT,1979,38
QAT,1980,36.2
QAT,1981,34.4
QAT,1982,32.8
QAT,1983,31.3
QAT,1984,29.8
QAT,1985,28.3
QAT,1986,26.7
QAT,1987,25.2
QAT,1988,23.7
QAT,1989,22.3
QAT,1990,20.8
QAT,1991,19.5
QAT,1992,18.2
QAT,1993,17.1
QAT,1994,16.1
QAT,1995,15.3
QAT,1996,14.6
QAT,1997,13.9
QAT,1998,13.4
QAT,1999,12.9
QAT,2000,12.4
QAT,2001,11.9
QAT,2002,11.5
QAT,2003,11.1
QAT,2004,10.7
QAT,2005,10.4
QAT,2006,10.1
QAT,2007,9.8
QAT,2008,9.5
QAT,2009,9.2
QAT,2010,9
QAT,2011,8.7
QAT,2012,8.4
QAT,2013,8.2
QAT,2014,7.9
QAT,2015,7.7
REU,1980,37.24
REU,1981,34.95
REU,1982,32.8
REU,1983,30.79
REU,1984,28.9
REU,1985,27.12
REU,1986,25.45
REU,1987,23.89
REU,1988,22.42
REU,1989,21.04
REU,1990,19.75
REU,1991,18.53
REU,1992,17.4
REU,1993,16.33
REU,1994,15.33
REU,1995,14.38
REU,1996,13.5
REU,1997,12.67
REU,1998,11.9
REU,1999,11.17
REU,2000,10.48
REU,2001,9.84
REU,2002,9.23
REU,2003,8.67
REU,2004,8.14
REU,2005,7.64
REU,2006,7.17
REU,2007,6.72
REU,2008,6.31
REU,2009,5.92
REU,2010,5.56
REU,2011,5.23
REU,2012,4.95
REU,2013,4.69
REU,2014,4.47
REU,2015,4.28
ROU,1800,371.6
ROU,1801,371.6
ROU,1802,371.6
ROU,1803,371.6
ROU,1804,371.6
ROU,1805,371.6
ROU,1806,371.6
ROU,1807,371.6
ROU,1808,371.6
ROU,1809,371.6
ROU,1810,371.6
ROU,1811,371.6
ROU,1812,371.6
ROU,1813,371.6
ROU,1814,371.6
ROU,1815,371.6
ROU,1816,371.6
ROU,1817,371.6
ROU,1818,371.6
ROU,1819,371.6
ROU,1820,371.6
ROU,1821,371.6
ROU,1822,371.6
ROU,1823,371.6
ROU,1824,371.6
ROU,1825,371.6
ROU,1826,371.6
ROU,1827,371.6
ROU,1828,371.6
ROU,1829,371.6
ROU,1830,371.6
ROU,1831,371.6
ROU,1832,371.6
ROU,1833,371.6
ROU,1834,371.6
ROU,1835,371.6
ROU,1836,371.6
ROU,1837,371.6
ROU,1838,371.6
ROU,1839,371.6
ROU,1840,371.6
ROU,1841,371.6
ROU,1842,371.6
ROU,1843,371.6
ROU,1844,371.6
ROU,1845,371.6
ROU,1846,371.6
ROU,1847,371.6
ROU,1848,371.6
ROU,1849,371.6
ROU,1850,371.6
ROU,1851,371.6
ROU,1852,371.6
ROU,1853,371.6
ROU,1854,371.6
ROU,1855,374.2
ROU,1856,376.8
ROU,1857,379.4
ROU,1858,382
ROU,1859,384.6
ROU,1860,387.2
ROU,1861,389.9
ROU,1862,392.6
ROU,1863,395.3
ROU,1864,398
ROU,1865,356.1
ROU,1866,388.4
ROU,1867,315.5
ROU,1868,330.1
ROU,1869,313.9
ROU,1870,258.5
ROU,1871,231.5
ROU,1872,322
ROU,1873,310.6
ROU,1874,348
ROU,1875,330.1
ROU,1876,318.8
ROU,1877,309
ROU,1878,364.1
ROU,1879,300.8
ROU,1880,373.8
ROU,1881,287.7
ROU,1882,323.6
ROU,1883,284.4
ROU,1884,289.3
ROU,1885,276.2
ROU,1886,297.5
ROU,1887,313.9
ROU,1888,323.6
ROU,1889,310.6
ROU,1890,343.1
ROU,1891,339.9
ROU,1892,394.8
ROU,1893,352.8
ROU,1894,368.9
ROU,1895,326.9
ROU,1896,373.8
ROU,1897,349.6
ROU,1898,360.9
ROU,1899,322
ROU,1900,320.4
ROU,1901,328.5
ROU,1902,344.7
ROU,1903,477.4
ROU,1904,461.4
ROU,1905,445.9
ROU,1906,431
ROU,1907,416.5
ROU,1908,402.6
ROU,1909,389.1
ROU,1910,376
ROU,1911,363.4
ROU,1912,351.2
ROU,1913,378.6
ROU,1914,352.8
ROU,1915,323.6
ROU,1916,330.5
ROU,1917,337.4
ROU,1918,344.6
ROU,1919,351.8
ROU,1920,359.3
ROU,1921,325.3
ROU,1922,336.6
ROU,1923,336.6
ROU,1924,326.9
ROU,1925,312.2
ROU,1926,315.5
ROU,1927,339.8
ROU,1928,299.1
ROU,1929,320.3
ROU,1930,285.9
ROU,1931,292.5
ROU,1932,300.7
ROU,1933,282.6
ROU,1934,295.8
ROU,1935,312.1
ROU,1936,284.2
ROU,1937,289.2
ROU,1938,297.4
ROU,1939,285.9
ROU,1940,305.5
ROU,1941,269.9
ROU,1942,289.1
ROU,1943,298.9
ROU,1944,263.4
ROU,1945,305.5
ROU,1946,266.6
ROU,1947,325
ROU,1948,229.4
ROU,1949,216.4
ROU,1950,180.8
ROU,1951,182.6
ROU,1952,158.4
ROU,1953,141.8
ROU,1954,129.3
ROU,1955,110.2
ROU,1956,117
ROU,1957,115.3
ROU,1958,95.13
ROU,1959,106.8
ROU,1960,95.12
ROU,1961,85.89
ROU,1962,76.6
ROU,1963,76.9
ROU,1964,77.2
ROU,1965,77.1
ROU,1966,76.4
ROU,1967,75
ROU,1968,72.7
ROU,1969,69.4
ROU,1970,65.6
ROU,1971,61.7
ROU,1972,58.2
ROU,1973,55.2
ROU,1974,52.6
ROU,1975,50.4
ROU,1976,48.5
ROU,1977,46.7
ROU,1978,45.1
ROU,1979,43.5
ROU,1980,42
ROU,1981,40.6
ROU,1982,39.4
ROU,1983,38.7
ROU,1984,38.6
ROU,1985,38.9
ROU,1986,39.4
ROU,1987,39.8
ROU,1988,39.8
ROU,1989,39
ROU,1990,37.7
ROU,1991,36.4
ROU,1992,35.1
ROU,1993,34.1
ROU,1994,33.2
ROU,1995,32.3
ROU,1996,31.4
ROU,1997,30.4
ROU,1998,29.2
ROU,1999,28.1
ROU,2000,26.9
ROU,2001,25.9
ROU,2002,24.9
ROU,2003,23.7
ROU,2004,22.4
ROU,2005,20.9
ROU,2006,19.2
ROU,2007,17.6
ROU,2008,16.1
ROU,2009,14.9
ROU,2010,13.9
ROU,2011,13.2
ROU,2012,12.5
ROU,2013,12
ROU,2014,11.5
ROU,2015,11.1
RUS,1800,418.7
RUS,1801,418.7
RUS,1802,418.7
RUS,1803,418.7
RUS,1804,418.7
RUS,1805,418.7
RUS,1806,418.7
RUS,1807,418.7
RUS,1808,418.7
RUS,1809,418.7
RUS,1810,418.7
RUS,1811,418.7
RUS,1812,418.7
RUS,1813,418.7
RUS,1814,418.7
RUS,1815,418.7
RUS,1816,418.7
RUS,1817,418.7
RUS,1818,418.7
RUS,1819,418.7
RUS,1820,418.7
RUS,1821,418.7
RUS,1822,418.7
RUS,1823,418.7
RUS,1824,418.7
RUS,1825,418.7
RUS,1826,418.7
RUS,1827,418.7
RUS,1828,418.7
RUS,1829,418.7
RUS,1830,418.7
RUS,1831,418.7
RUS,1832,418.7
RUS,1833,418.7
RUS,1834,418.7
RUS,1835,418.7
RUS,1836,418.7
RUS,1837,418.7
RUS,1838,418.7
RUS,1839,418.7
RUS,1840,418.7
RUS,1841,418.7
RUS,1842,418.7
RUS,1843,418.7
RUS,1844,418.7
RUS,1845,418.7
RUS,1846,418.7
RUS,1847,418.7
RUS,1848,418.7
RUS,1849,418.7
RUS,1850,418.7
RUS,1851,418.7
RUS,1852,418.7
RUS,1853,418.7
RUS,1854,418.7
RUS,1855,418.7
RUS,1856,418.7
RUS,1857,418.7
RUS,1858,416.3
RUS,1859,413.8
RUS,1860,411.4
RUS,1861,409
RUS,1862,406.6
RUS,1863,404.2
RUS,1864,401.8
RUS,1865,399.5
RUS,1866,397.1
RUS,1867,394.8
RUS,1868,485.6
RUS,1869,446.6
RUS,1870,402.9
RUS,1871,445
RUS,1872,479.1
RUS,1873,425.5
RUS,1874,425.5
RUS,1875,432
RUS,1876,451.5
RUS,1877,422.2
RUS,1878,487.2
RUS,1879,409.3
RUS,1880,464.5
RUS,1881,409.3
RUS,1882,488.8
RUS,1883,461.2
RUS,1884,412.6
RUS,1885,438.5
RUS,1886,402.9
RUS,1887,415.7
RUS,1888,406.1
RUS,1889,446.6
RUS,1890,474.2
RUS,1891,441.7
RUS,1892,498.6
RUS,1893,409.3
RUS,1894,430.4
RUS,1895,453.1
RUS,1896,445
RUS,1897,422.2
RUS,1898,453.1
RUS,1899,390
RUS,1900,409.3
RUS,1901,441.7
RUS,1902,419
RUS,1903,406.1
RUS,1904,377
RUS,1905,441.7
RUS,1906,402.9
RUS,1907,365.7
RUS,1908,396.4
RUS,1909,402.9
RUS,1910,440.1
RUS,1911,385.1
RUS,1912,370.9
RUS,1913,357.3
RUS,1914,344.1
RUS,1915,331.4
RUS,1916,319.2
RUS,1917,307.4
RUS,1918,296.1
RUS,1919,285.2
RUS,1920,274.7
RUS,1921,264.6
RUS,1922,254.8
RUS,1923,245.4
RUS,1924,236.4
RUS,1925,227.7
RUS,1926,219.3
RUS,1927,211.2
RUS,1928,203.4
RUS,1929,195.9
RUS,1930,188.7
RUS,1931,181.7
RUS,1932,175
RUS,1933,168.5
RUS,1934,162.2
RUS,1935,156.2
RUS,1936,150.4
RUS,1937,144.8
RUS,1938,139.4
RUS,1939,134.3
RUS,1940,129.3
RUS,1941,124.5
RUS,1942,119.8
RUS,1943,115.4
RUS,1944,111.1
RUS,1945,107
RUS,1946,103
RUS,1947,99.2
RUS,1948,95.52
RUS,1949,91.97
RUS,1950,88.56
RUS,1951,85.27
RUS,1952,82.11
RUS,1953,79.06
RUS,1954,76.12
RUS,1955,73.3
RUS,1956,70.58
RUS,1957,67.96
RUS,1958,65.43
RUS,1959,63
RUS,1960,55.81
RUS,1961,49.45
RUS,1962,47.77
RUS,1963,45.26
RUS,1964,41.18
RUS,1965,38.77
RUS,1966,37.33
RUS,1967,36.85
RUS,1968,37.12
RUS,1969,36.04
RUS,1970,44.2
RUS,1971,42.4
RUS,1972,40.7
RUS,1973,39.2
RUS,1974,37.7
RUS,1975,36.6
RUS,1976,35.6
RUS,1977,34.8
RUS,1978,34.2
RUS,1979,33.6
RUS,1980,33
RUS,1981,32.5
RUS,1982,31.9
RUS,1983,31.3
RUS,1984,30.7
RUS,1985,30
RUS,1986,29.1
RUS,1987,28.1
RUS,1988,27.2
RUS,1989,26.4
RUS,1990,26
RUS,1991,25.9
RUS,1992,26.1
RUS,1993,26.3
RUS,1994,26.4
RUS,1995,26.4
RUS,1996,26
RUS,1997,25.6
RUS,1998,25
RUS,1999,24.2
RUS,2000,23.2
RUS,2001,22
RUS,2002,20.7
RUS,2003,19.3
RUS,2004,18
RUS,2005,16.7
RUS,2006,15.5
RUS,2007,14.4
RUS,2008,13.5
RUS,2009,12.7
RUS,2010,12
RUS,2011,11.4
RUS,2012,10.8
RUS,2013,10.4
RUS,2014,9.9
RUS,2015,9.6
RWA,1800,420
RWA,1801,420
RWA,1802,420
RWA,1803,420
RWA,1804,420
RWA,1805,420
RWA,1806,420
RWA,1807,420
RWA,1808,420
RWA,1809,420
RWA,1810,420
RWA,1811,420
RWA,1812,420
RWA,1813,420
RWA,1814,420
RWA,1815,420
RWA,1816,420
RWA,1817,420
RWA,1818,420
RWA,1819,420
RWA,1820,420
RWA,1821,420
RWA,1822,420
RWA,1823,420
RWA,1824,420
RWA,1825,420
RWA,1826,420
RWA,1827,420
RWA,1828,420
RWA,1829,420
RWA,1830,420
RWA,1831,420
RWA,1832,420
RWA,1833,420
RWA,1834,420
RWA,1835,420
RWA,1836,420
RWA,1837,420
RWA,1838,420
RWA,1839,420
RWA,1840,420
RWA,1841,420
RWA,1842,420
RWA,1843,420
RWA,1844,420
RWA,1845,420
RWA,1846,420
RWA,1847,420
RWA,1848,420
RWA,1849,420
RWA,1850,420
RWA,1851,420
RWA,1852,420
RWA,1853,420
RWA,1854,420
RWA,1855,420
RWA,1856,420
RWA,1857,420
RWA,1858,420
RWA,1859,420
RWA,1860,420
RWA,1861,420
RWA,1862,420
RWA,1863,420
RWA,1864,420
RWA,1865,420
RWA,1866,420
RWA,1867,420
RWA,1868,420
RWA,1869,420
RWA,1870,420
RWA,1871,420
RWA,1872,420
RWA,1873,420
RWA,1874,420
RWA,1875,420
RWA,1876,420
RWA,1877,420
RWA,1878,420
RWA,1879,420
RWA,1880,420
RWA,1881,420
RWA,1882,420
RWA,1883,420
RWA,1884,420
RWA,1885,420
RWA,1886,420
RWA,1887,420
RWA,1888,420
RWA,1889,420
RWA,1890,420
RWA,1891,420
RWA,1892,420
RWA,1893,420
RWA,1894,420
RWA,1895,420
RWA,1896,419.9
RWA,1897,419.8
RWA,1898,419.7
RWA,1899,419.4
RWA,1900,419.1
RWA,1901,418.8
RWA,1902,418.3
RWA,1903,417.9
RWA,1904,417.3
RWA,1905,416.7
RWA,1906,416
RWA,1907,415.2
RWA,1908,414.4
RWA,1909,413.5
RWA,1910,412.6
RWA,1911,411.6
RWA,1912,410.7
RWA,1913,409.7
RWA,1914,408.7
RWA,1915,407.7
RWA,1916,406.7
RWA,1917,406
RWA,1918,405.3
RWA,1919,404.6
RWA,1920,403.9
RWA,1921,403.2
RWA,1922,402.5
RWA,1923,401.7
RWA,1924,401
RWA,1925,400.3
RWA,1926,399.6
RWA,1927,398.9
RWA,1928,398.1
RWA,1929,397.4
RWA,1930,396.7
RWA,1931,391.1
RWA,1932,385.6
RWA,1933,381.3
RWA,1934,375.9
RWA,1935,370.5
RWA,1936,365.1
RWA,1937,359.9
RWA,1938,355.8
RWA,1939,350.7
RWA,1940,345.6
RWA,1941,340.5
RWA,1942,335.5
RWA,1943,331.6
RWA,1944,326.6
RWA,1945,318.9
RWA,1946,311.2
RWA,1947,303.8
RWA,1948,296.6
RWA,1949,289.5
RWA,1950,282.6
RWA,1951,275.8
RWA,1952,269.3
RWA,1953,262.8
RWA,1954,256.6
RWA,1955,251
RWA,1956,245.4
RWA,1957,237
RWA,1958,229.6
RWA,1959,222.6
RWA,1960,216.1
RWA,1961,211.2
RWA,1962,207.8
RWA,1963,205.8
RWA,1964,205.1
RWA,1965,205.6
RWA,1966,207
RWA,1967,209
RWA,1968,211.6
RWA,1969,214.7
RWA,1970,218.2
RWA,1971,222.1
RWA,1972,226.5
RWA,1973,231.9
RWA,1974,238.4
RWA,1975,244.4
RWA,1976,248.5
RWA,1977,248.9
RWA,1978,243.7
RWA,1979,232.5
RWA,1980,217.4
RWA,1981,201.1
RWA,1982,185.9
RWA,1983,173.7
RWA,1984,165.2
RWA,1985,159.2
RWA,1986,154.1
RWA,1987,150.1
RWA,1988,147.6
RWA,1989,147
RWA,1990,148.9
RWA,1991,154
RWA,1992,161.9
RWA,1993,180.7
RWA,1994,293.8
RWA,1995,261.5
RWA,1996,196
RWA,1997,215.9
RWA,1998,227.5
RWA,1999,194.9
RWA,2000,179
RWA,2001,166.3
RWA,2002,151.8
RWA,2003,137.1
RWA,2004,122.7
RWA,2005,109.6
RWA,2006,97.9
RWA,2007,87.5
RWA,2008,78.3
RWA,2009,70.7
RWA,2010,64.2
RWA,2011,57.8
RWA,2012,52.3
RWA,2013,48.2
RWA,2014,44.8
RWA,2015,42
KNA,1970,69.4
KNA,1971,67.2
KNA,1972,65.1
KNA,1973,63.1
KNA,1974,61.2
KNA,1975,59.6
KNA,1976,58
KNA,1977,56.5
KNA,1978,54.9
KNA,1979,53
KNA,1980,50.9
KNA,1981,48.5
KNA,1982,45.9
KNA,1983,43.2
KNA,1984,40.5
KNA,1985,38
KNA,1986,35.7
KNA,1987,33.5
KNA,1988,31.6
KNA,1989,29.9
KNA,1990,28.4
KNA,1991,27.1
KNA,1992,25.9
KNA,1993,24.8
KNA,1994,23.8
KNA,1995,22.9
KNA,1996,22
KNA,1997,21.1
KNA,1998,20.2
KNA,1999,19.4
KNA,2000,18.6
KNA,2001,17.8
KNA,2002,17.1
KNA,2003,16.4
KNA,2004,15.8
KNA,2005,15.2
KNA,2006,14.6
KNA,2007,14
KNA,2008,13.5
KNA,2009,13
KNA,2010,12.5
KNA,2011,12.1
KNA,2012,11.7
KNA,2013,11.3
KNA,2014,10.9
KNA,2015,10.5
LCA,1800,459.5
LCA,1801,456.7
LCA,1802,453.9
LCA,1803,451.1
LCA,1804,448.3
LCA,1805,445.5
LCA,1806,442.7
LCA,1807,440
LCA,1808,437.3
LCA,1809,434.6
LCA,1810,431.9
LCA,1811,429.2
LCA,1812,426.6
LCA,1813,423.9
LCA,1814,421.3
LCA,1815,418.7
LCA,1816,416.1
LCA,1817,413.6
LCA,1818,411
LCA,1819,408.4
LCA,1820,405.9
LCA,1821,403.4
LCA,1822,400.9
LCA,1823,398.4
LCA,1824,396
LCA,1825,393.5
LCA,1826,391.1
LCA,1827,388.7
LCA,1828,386.3
LCA,1829,383.9
LCA,1830,381.5
LCA,1831,379.2
LCA,1832,376.8
LCA,1833,374.5
LCA,1834,372.2
LCA,1835,369.9
LCA,1836,367.6
LCA,1837,365.3
LCA,1838,363.1
LCA,1839,360.8
LCA,1840,358.6
LCA,1841,356.4
LCA,1842,354.2
LCA,1843,352
LCA,1844,349.8
LCA,1845,347.6
LCA,1846,345.5
LCA,1847,343.4
LCA,1848,341.2
LCA,1849,339.1
LCA,1850,337
LCA,1851,334.9
LCA,1852,332.9
LCA,1853,330.8
LCA,1854,328.8
LCA,1855,326.7
LCA,1856,324.7
LCA,1857,322.7
LCA,1858,320.7
LCA,1859,318.7
LCA,1860,316.8
LCA,1861,314.8
LCA,1862,312.9
LCA,1863,310.9
LCA,1864,309
LCA,1865,307.1
LCA,1866,305.2
LCA,1867,303.3
LCA,1868,301.4
LCA,1869,299.6
LCA,1870,297.7
LCA,1871,295.9
LCA,1872,294
LCA,1873,292.2
LCA,1874,290.4
LCA,1875,288.6
LCA,1876,286.8
LCA,1877,285.1
LCA,1878,283.3
LCA,1879,281.6
LCA,1880,279.8
LCA,1881,278.1
LCA,1882,276.4
LCA,1883,274.6
LCA,1884,272.9
LCA,1885,271.3
LCA,1886,269.6
LCA,1887,267.9
LCA,1888,266.3
LCA,1889,264.6
LCA,1890,263
LCA,1891,261.4
LCA,1892,259.7
LCA,1893,258.1
LCA,1894,256.5
LCA,1895,255
LCA,1896,253.4
LCA,1897,251.8
LCA,1898,250.3
LCA,1899,248.7
LCA,1900,247.2
LCA,1901,245.7
LCA,1902,244.1
LCA,1903,242.6
LCA,1904,241.1
LCA,1905,239.6
LCA,1906,238.2
LCA,1907,236.7
LCA,1908,235.2
LCA,1909,233.8
LCA,1910,232.3
LCA,1911,230.9
LCA,1912,229.4
LCA,1913,228
LCA,1914,226.6
LCA,1915,225.2
LCA,1916,223.8
LCA,1917,222.4
LCA,1918,221.1
LCA,1919,219.7
LCA,1920,218.3
LCA,1921,217
LCA,1922,215.7
LCA,1923,214.3
LCA,1924,213
LCA,1925,211.7
LCA,1926,210.4
LCA,1927,209.1
LCA,1928,207.8
LCA,1929,206.5
LCA,1930,205.2
LCA,1931,203.9
LCA,1932,202.7
LCA,1933,201.4
LCA,1934,200.2
LCA,1935,199
LCA,1936,197.8
LCA,1937,196.5
LCA,1938,195.3
LCA,1939,194.1
LCA,1940,192.9
LCA,1941,191.8
LCA,1942,190.6
LCA,1943,189.4
LCA,1944,188.2
LCA,1945,187.1
LCA,1946,185.9
LCA,1947,184.8
LCA,1948,183.7
LCA,1949,182.5
LCA,1950,181.4
LCA,1951,180.2
LCA,1952,178.1
LCA,1953,175.1
LCA,1954,170.3
LCA,1955,165.4
LCA,1956,159.7
LCA,1957,153.1
LCA,1958,145.8
LCA,1959,138.8
LCA,1960,131.9
LCA,1961,124.7
LCA,1962,118
LCA,1963,111.5
LCA,1964,105.5
LCA,1965,99.78
LCA,1966,94.37
LCA,1967,89.25
LCA,1968,84.41
LCA,1969,79.83
LCA,1970,75.5
LCA,1971,68.7
LCA,1972,62.3
LCA,1973,56.5
LCA,1974,51.2
LCA,1975,46.5
LCA,1976,42.6
LCA,1977,39.4
LCA,1978,37
LCA,1979,35.1
LCA,1980,33.5
LCA,1981,32.2
LCA,1982,31
LCA,1983,29.8
LCA,1984,28.6
LCA,1985,27.3
LCA,1986,26.1
LCA,1987,24.9
LCA,1988,24
LCA,1989,23.2
LCA,1990,22.6
LCA,1991,22.1
LCA,1992,21.6
LCA,1993,21.2
LCA,1994,20.6
LCA,1995,20.1
LCA,1996,19.6
LCA,1997,19
LCA,1998,18.6
LCA,1999,18.2
LCA,2000,17.8
LCA,2001,17.6
LCA,2002,17.4
LCA,2003,17.3
LCA,2004,17.2
LCA,2005,17.1
LCA,2006,17
LCA,2007,16.8
LCA,2008,16.6
LCA,2009,16.3
LCA,2010,16.1
LCA,2011,15.8
LCA,2012,15.4
LCA,2013,15.1
LCA,2014,14.7
LCA,2015,14.3
VCT,1800,463.4
VCT,1801,460.7
VCT,1802,458.1
VCT,1803,455.5
VCT,1804,452.9
VCT,1805,450.4
VCT,1806,447.8
VCT,1807,445.3
VCT,1808,442.7
VCT,1809,440.2
VCT,1810,437.7
VCT,1811,435.2
VCT,1812,432.8
VCT,1813,430.3
VCT,1814,427.9
VCT,1815,425.4
VCT,1816,423
VCT,1817,420.6
VCT,1818,418.2
VCT,1819,415.9
VCT,1820,413.5
VCT,1821,411.1
VCT,1822,408.8
VCT,1823,406.5
VCT,1824,404.2
VCT,1825,401.9
VCT,1826,399.6
VCT,1827,397.3
VCT,1828,395.1
VCT,1829,392.8
VCT,1830,390.6
VCT,1831,388.4
VCT,1832,386.2
VCT,1833,384
VCT,1834,381.8
VCT,1835,379.6
VCT,1836,377.5
VCT,1837,375.4
VCT,1838,373.2
VCT,1839,371.1
VCT,1840,369
VCT,1841,366.9
VCT,1842,364.8
VCT,1843,362.7
VCT,1844,360.7
VCT,1845,358.6
VCT,1846,356.6
VCT,1847,354.6
VCT,1848,352.6
VCT,1849,350.6
VCT,1850,348.6
VCT,1851,346.6
VCT,1852,344.6
VCT,1853,342.7
VCT,1854,340.7
VCT,1855,338.8
VCT,1856,336.9
VCT,1857,334.9
VCT,1858,333.1
VCT,1859,331.2
VCT,1860,329.3
VCT,1861,327.4
VCT,1862,325.6
VCT,1863,323.7
VCT,1864,321.9
VCT,1865,320
VCT,1866,318.2
VCT,1867,316.4
VCT,1868,314.6
VCT,1869,312.8
VCT,1870,311.1
VCT,1871,309.3
VCT,1872,307.5
VCT,1873,305.8
VCT,1874,304.1
VCT,1875,302.3
VCT,1876,300.6
VCT,1877,298.9
VCT,1878,297.2
VCT,1879,295.5
VCT,1880,293.8
VCT,1881,292.2
VCT,1882,290.5
VCT,1883,288.9
VCT,1884,287.2
VCT,1885,285.6
VCT,1886,284
VCT,1887,282.4
VCT,1888,280.8
VCT,1889,279.2
VCT,1890,277.6
VCT,1891,276
VCT,1892,274.4
VCT,1893,272.9
VCT,1894,271.3
VCT,1895,269.8
VCT,1896,268.3
VCT,1897,266.7
VCT,1898,265.2
VCT,1899,263.7
VCT,1900,262.2
VCT,1901,260.7
VCT,1902,259.2
VCT,1903,257.8
VCT,1904,256.3
VCT,1905,254.9
VCT,1906,253.4
VCT,1907,252
VCT,1908,250.5
VCT,1909,249.1
VCT,1910,247.7
VCT,1911,246.3
VCT,1912,244.9
VCT,1913,243.5
VCT,1914,242.1
VCT,1915,240.8
VCT,1916,239.4
VCT,1917,238
VCT,1918,236.7
VCT,1919,235.3
VCT,1920,234
VCT,1921,232.7
VCT,1922,231.3
VCT,1923,230
VCT,1924,228.7
VCT,1925,227.4
VCT,1926,226.1
VCT,1927,224.9
VCT,1928,223.6
VCT,1929,222.3
VCT,1930,221
VCT,1931,219.7
VCT,1932,218.4
VCT,1933,217.1
VCT,1934,215.8
VCT,1935,214.6
VCT,1936,213.3
VCT,1937,212
VCT,1938,210.8
VCT,1939,209.6
VCT,1940,208.3
VCT,1941,207.1
VCT,1942,205.9
VCT,1943,204.7
VCT,1944,203.4
VCT,1945,202.2
VCT,1946,201.1
VCT,1947,199.9
VCT,1948,198.7
VCT,1949,197.5
VCT,1950,196.4
VCT,1951,194.2
VCT,1952,189.7
VCT,1953,184.1
VCT,1954,177.7
VCT,1955,170.4
VCT,1956,162.3
VCT,1957,153.5
VCT,1958,144.1
VCT,1959,135
VCT,1960,128.1
VCT,1961,121.4
VCT,1962,115.2
VCT,1963,109.2
VCT,1964,103.6
VCT,1965,98.26
VCT,1966,93.19
VCT,1967,88.38
VCT,1968,83.82
VCT,1969,79.5
VCT,1970,80.4
VCT,1971,81.1
VCT,1972,81.4
VCT,1973,81.1
VCT,1974,80
VCT,1975,78
VCT,1976,75.2
VCT,1977,71.6
VCT,1978,67.4
VCT,1979,62.6
VCT,1980,57.7
VCT,1981,52.6
VCT,1982,47.6
VCT,1983,42.9
VCT,1984,38.6
VCT,1985,34.9
VCT,1986,31.8
VCT,1987,29.3
VCT,1988,27.3
VCT,1989,25.7
VCT,1990,24.5
VCT,1991,23.6
VCT,1992,23
VCT,1993,22.6
VCT,1994,22.4
VCT,1995,22.4
VCT,1996,22.4
VCT,1997,22.4
VCT,1998,22.4
VCT,1999,22.3
VCT,2000,22.2
VCT,2001,22.1
VCT,2002,22
VCT,2003,21.9
VCT,2004,21.8
VCT,2005,21.8
VCT,2006,21.7
VCT,2007,21.6
VCT,2008,21.4
VCT,2009,21.1
VCT,2010,20.8
VCT,2011,20.3
VCT,2012,19.8
VCT,2013,19.3
VCT,2014,18.8
VCT,2015,18.3
WSM,1800,471
WSM,1801,468.9
WSM,1802,466.8
WSM,1803,464.8
WSM,1804,462.7
WSM,1805,460.6
WSM,1806,458.6
WSM,1807,456.5
WSM,1808,454.5
WSM,1809,452.4
WSM,1810,450.4
WSM,1811,448.4
WSM,1812,446.4
WSM,1813,444.4
WSM,1814,442.4
WSM,1815,440.5
WSM,1816,438.5
WSM,1817,436.5
WSM,1818,434.6
WSM,1819,432.6
WSM,1820,430.7
WSM,1821,428.8
WSM,1822,426.9
WSM,1823,425
WSM,1824,423.1
WSM,1825,421.2
WSM,1826,419.3
WSM,1827,417.4
WSM,1828,415.6
WSM,1829,413.7
WSM,1830,411.9
WSM,1831,410
WSM,1832,408.2
WSM,1833,406.4
WSM,1834,404.6
WSM,1835,402.8
WSM,1836,401
WSM,1837,399.2
WSM,1838,397.4
WSM,1839,395.6
WSM,1840,393.9
WSM,1841,392.1
WSM,1842,390.4
WSM,1843,388.6
WSM,1844,386.9
WSM,1845,385.1
WSM,1846,383.4
WSM,1847,381.7
WSM,1848,380
WSM,1849,378.3
WSM,1850,376.6
WSM,1851,374.9
WSM,1852,373.3
WSM,1853,371.6
WSM,1854,369.9
WSM,1855,368.3
WSM,1856,366.6
WSM,1857,365
WSM,1858,363.4
WSM,1859,361.8
WSM,1860,360.1
WSM,1861,358.5
WSM,1862,356.9
WSM,1863,355.3
WSM,1864,353.8
WSM,1865,352.2
WSM,1866,350.6
WSM,1867,349
WSM,1868,347.5
WSM,1869,345.9
WSM,1870,344.4
WSM,1871,342.9
WSM,1872,341.3
WSM,1873,339.8
WSM,1874,338.3
WSM,1875,336.8
WSM,1876,335.3
WSM,1877,333.8
WSM,1878,332.3
WSM,1879,330.8
WSM,1880,329.3
WSM,1881,327.9
WSM,1882,326.4
WSM,1883,324.9
WSM,1884,323.5
WSM,1885,322
WSM,1886,320.6
WSM,1887,319.2
WSM,1888,317.7
WSM,1889,316.3
WSM,1890,314.9
WSM,1891,313.5
WSM,1892,312.1
WSM,1893,310.7
WSM,1894,309.3
WSM,1895,307.9
WSM,1896,306.6
WSM,1897,305.2
WSM,1898,303.8
WSM,1899,302.5
WSM,1900,301.1
WSM,1901,299.8
WSM,1902,298.4
WSM,1903,297.1
WSM,1904,295.8
WSM,1905,294.5
WSM,1906,293.1
WSM,1907,291.9
WSM,1908,290.5
WSM,1909,289.2
WSM,1910,287.9
WSM,1911,286.7
WSM,1912,285.4
WSM,1913,284.1
WSM,1914,282.9
WSM,1915,281.6
WSM,1916,280.3
WSM,1917,279.1
WSM,1918,277.8
WSM,1919,276.6
WSM,1920,275.4
WSM,1921,274.1
WSM,1922,272.9
WSM,1923,271.7
WSM,1924,270.5
WSM,1925,269.3
WSM,1926,268.1
WSM,1927,266.9
WSM,1928,265.7
WSM,1929,264.5
WSM,1930,263.3
WSM,1931,262.1
WSM,1932,261
WSM,1933,259.8
WSM,1934,258.6
WSM,1935,257.5
WSM,1936,256.3
WSM,1937,255.2
WSM,1938,254.1
WSM,1939,252.9
WSM,1940,251.8
WSM,1941,250.7
WSM,1942,249.5
WSM,1943,248.4
WSM,1944,250.5
WSM,1945,252.6
WSM,1946,254.7
WSM,1947,256.7
WSM,1948,258.7
WSM,1949,260.7
WSM,1950,262.6
WSM,1951,250.8
WSM,1952,239.4
WSM,1953,228.6
WSM,1954,218.2
WSM,1955,208.2
WSM,1956,198.7
WSM,1957,189.5
WSM,1958,180.8
WSM,1959,172.5
WSM,1960,164.5
WSM,1961,161.7
WSM,1962,158.9
WSM,1963,156.1
WSM,1964,153.3
WSM,1965,150.6
WSM,1966,147.9
WSM,1967,145.3
WSM,1968,142.7
WSM,1969,140.1
WSM,1970,137.5
WSM,1971,130
WSM,1972,122.9
WSM,1973,116.2
WSM,1974,109.8
WSM,1975,103.7
WSM,1976,98.03
WSM,1977,92.62
WSM,1978,87.5
WSM,1979,82.66
WSM,1980,69.78
WSM,1981,68.48
WSM,1982,67.15
WSM,1983,65.78
WSM,1984,39
WSM,1985,37.3
WSM,1986,35.8
WSM,1987,34.5
WSM,1988,33.2
WSM,1989,32.1
WSM,1990,31
WSM,1991,30
WSM,1992,29
WSM,1993,27.9
WSM,1994,26.9
WSM,1995,25.9
WSM,1996,24.9
WSM,1997,24.1
WSM,1998,23.2
WSM,1999,22.4
WSM,2000,21.7
WSM,2001,21
WSM,2002,20.4
WSM,2003,20
WSM,2004,19.6
WSM,2005,19.3
WSM,2006,19.1
WSM,2007,18.9
WSM,2008,18.8
WSM,2009,24.1
WSM,2010,18.7
WSM,2011,18.6
WSM,2012,18.5
WSM,2013,18.2
WSM,2014,17.9
WSM,2015,17.5
SMR,1986,14.3
SMR,1987,13.4
SMR,1988,12.5
SMR,1989,11.7
SMR,1990,10.9
SMR,1991,10.2
SMR,1992,9.5
SMR,1993,8.9
SMR,1994,8.3
SMR,1995,7.8
SMR,1996,7.3
SMR,1997,6.8
SMR,1998,6.3
SMR,1999,5.9
SMR,2000,5.5
SMR,2001,5.2
SMR,2002,4.9
SMR,2003,4.6
SMR,2004,4.4
SMR,2005,4.2
SMR,2006,4
SMR,2007,3.9
SMR,2008,3.7
SMR,2009,3.6
SMR,2010,3.5
SMR,2011,3.4
SMR,2012,3.2
SMR,2013,3.1
SMR,2014,3
SMR,2015,2.9
STP,1800,449.3
STP,1801,447.4
STP,1802,445.4
STP,1803,443.5
STP,1804,441.6
STP,1805,439.7
STP,1806,437.8
STP,1807,435.9
STP,1808,434.1
STP,1809,432.2
STP,1810,430.3
STP,1811,428.5
STP,1812,426.6
STP,1813,424.8
STP,1814,423
STP,1815,421.2
STP,1816,419.4
STP,1817,417.6
STP,1818,415.8
STP,1819,414
STP,1820,412.2
STP,1821,410.4
STP,1822,408.7
STP,1823,406.9
STP,1824,405.1
STP,1825,403.4
STP,1826,401.7
STP,1827,399.9
STP,1828,398.2
STP,1829,396.5
STP,1830,394.8
STP,1831,393.1
STP,1832,391.4
STP,1833,389.8
STP,1834,388.1
STP,1835,386.4
STP,1836,384.7
STP,1837,383.1
STP,1838,381.4
STP,1839,379.8
STP,1840,378.2
STP,1841,376.5
STP,1842,374.9
STP,1843,373.3
STP,1844,371.7
STP,1845,370.1
STP,1846,368.5
STP,1847,366.9
STP,1848,365.4
STP,1849,363.8
STP,1850,362.2
STP,1851,360.7
STP,1852,359.1
STP,1853,357.6
STP,1854,356
STP,1855,354.5
STP,1856,353
STP,1857,351.5
STP,1858,349.9
STP,1859,348.4
STP,1860,346.9
STP,1861,345.5
STP,1862,344
STP,1863,342.5
STP,1864,341
STP,1865,339.6
STP,1866,338.1
STP,1867,336.6
STP,1868,335.2
STP,1869,333.8
STP,1870,332.3
STP,1871,330.9
STP,1872,329.5
STP,1873,328.1
STP,1874,326.6
STP,1875,325.2
STP,1876,323.8
STP,1877,322.4
STP,1878,321.1
STP,1879,319.7
STP,1880,318.3
STP,1881,316.9
STP,1882,315.6
STP,1883,314.2
STP,1884,312.9
STP,1885,311.5
STP,1886,310.2
STP,1887,308.9
STP,1888,307.5
STP,1889,306.2
STP,1890,304.9
STP,1891,303.6
STP,1892,302.3
STP,1893,301
STP,1894,299.7
STP,1895,298.4
STP,1896,297.1
STP,1897,295.8
STP,1898,294.6
STP,1899,293.3
STP,1900,292
STP,1901,290.8
STP,1902,289.5
STP,1903,288.3
STP,1904,287.1
STP,1905,285.8
STP,1906,284.6
STP,1907,283.4
STP,1908,282.1
STP,1909,280.9
STP,1910,279.7
STP,1911,278.5
STP,1912,277.3
STP,1913,276.1
STP,1914,274.9
STP,1915,273.8
STP,1916,272.6
STP,1917,271.4
STP,1918,270.2
STP,1919,269.1
STP,1920,267.9
STP,1921,266.8
STP,1922,265.6
STP,1923,264.5
STP,1924,263.4
STP,1925,262.2
STP,1926,261.1
STP,1927,259.9
STP,1928,258.7
STP,1929,257.6
STP,1930,256.4
STP,1931,255.3
STP,1932,254.2
STP,1933,253
STP,1934,251.9
STP,1935,250.8
STP,1936,249.7
STP,1937,248.6
STP,1938,247.4
STP,1939,246.3
STP,1940,245.2
STP,1941,244.2
STP,1942,243.1
STP,1943,242
STP,1944,240.9
STP,1945,239.8
STP,1946,238.8
STP,1947,237.7
STP,1948,236.7
STP,1949,235.6
STP,1950,234.6
STP,1951,232.1
STP,1952,227.1
STP,1953,222.8
STP,1954,217.3
STP,1955,211.7
STP,1956,195.8
STP,1957,181.2
STP,1958,167.6
STP,1959,155
STP,1960,143.4
STP,1961,132.6
STP,1962,122.7
STP,1963,113.5
STP,1964,105
STP,1965,97.1
STP,1966,93.9
STP,1967,91.1
STP,1968,88.9
STP,1969,87.5
STP,1970,86.9
STP,1971,87
STP,1972,87.6
STP,1973,88.5
STP,1974,89.4
STP,1975,90.1
STP,1976,90.6
STP,1977,91
STP,1978,91.2
STP,1979,91.9
STP,1980,92.8
STP,1981,94.1
STP,1982,95.7
STP,1983,97.9
STP,1984,100.1
STP,1985,102.6
STP,1986,104.8
STP,1987,106.9
STP,1988,108.4
STP,1989,109.8
STP,1990,110.7
STP,1991,111.2
STP,1992,111.1
STP,1993,110.2
STP,1994,108.7
STP,1995,106.5
STP,1996,103.7
STP,1997,100.5
STP,1998,97
STP,1999,93.2
STP,2000,89.3
STP,2001,85.4
STP,2002,81.5
STP,2003,77.6
STP,2004,73.7
STP,2005,70.1
STP,2006,66.7
STP,2007,63.6
STP,2008,61
STP,2009,58.5
STP,2010,56.4
STP,2011,54.4
STP,2012,52.4
STP,2013,50.8
STP,2014,49
STP,2015,47.3
SAU,1800,416.2
SAU,1801,416.2
SAU,1802,416.2
SAU,1803,416.2
SAU,1804,416.2
SAU,1805,416.2
SAU,1806,416.2
SAU,1807,416.2
SAU,1808,416.2
SAU,1809,416.2
SAU,1810,416.2
SAU,1811,416.2
SAU,1812,416.2
SAU,1813,416.2
SAU,1814,416.2
SAU,1815,416.2
SAU,1816,416.2
SAU,1817,416.2
SAU,1818,416.2
SAU,1819,416.2
SAU,1820,416.2
SAU,1821,416.2
SAU,1822,416.2
SAU,1823,416.2
SAU,1824,416.2
SAU,1825,416.2
SAU,1826,416.2
SAU,1827,416.2
SAU,1828,416.2
SAU,1829,416.2
SAU,1830,416.2
SAU,1831,416.2
SAU,1832,416.2
SAU,1833,416.2
SAU,1834,416.2
SAU,1835,416.2
SAU,1836,416.2
SAU,1837,416.2
SAU,1838,416.2
SAU,1839,416.2
SAU,1840,416.2
SAU,1841,416.2
SAU,1842,416.2
SAU,1843,416.2
SAU,1844,416.2
SAU,1845,416.2
SAU,1846,416.2
SAU,1847,416.2
SAU,1848,416.2
SAU,1849,416.2
SAU,1850,416.2
SAU,1851,416.2
SAU,1852,416.2
SAU,1853,416.2
SAU,1854,416.2
SAU,1855,416.2
SAU,1856,416.2
SAU,1857,416.2
SAU,1858,416.2
SAU,1859,416.2
SAU,1860,416.2
SAU,1861,416.2
SAU,1862,416.2
SAU,1863,416.2
SAU,1864,416.2
SAU,1865,416.2
SAU,1866,416.2
SAU,1867,416.2
SAU,1868,416.2
SAU,1869,416.2
SAU,1870,416.2
SAU,1871,416.2
SAU,1872,416.2
SAU,1873,416.2
SAU,1874,416.2
SAU,1875,416.2
SAU,1876,416.2
SAU,1877,416.2
SAU,1878,416.2
SAU,1879,416.2
SAU,1880,416.2
SAU,1881,416.2
SAU,1882,416.2
SAU,1883,416.2
SAU,1884,416.2
SAU,1885,416.2
SAU,1886,416.2
SAU,1887,416.2
SAU,1888,416.2
SAU,1889,416.2
SAU,1890,416.2
SAU,1891,416.2
SAU,1892,416.2
SAU,1893,416.2
SAU,1894,416.1
SAU,1895,416.1
SAU,1896,416.1
SAU,1897,415.9
SAU,1898,415.8
SAU,1899,415.6
SAU,1900,415.3
SAU,1901,414.9
SAU,1902,414.5
SAU,1903,414
SAU,1904,413.4
SAU,1905,412.8
SAU,1906,412.1
SAU,1907,411.4
SAU,1908,410.6
SAU,1909,409.7
SAU,1910,408.8
SAU,1911,407.9
SAU,1912,406.9
SAU,1913,405.9
SAU,1914,404.9
SAU,1915,403.9
SAU,1916,403
SAU,1917,402
SAU,1918,401
SAU,1919,400.1
SAU,1920,399.1
SAU,1921,398.1
SAU,1922,397.1
SAU,1923,396.1
SAU,1924,395.2
SAU,1925,394.2
SAU,1926,393.2
SAU,1927,392.2
SAU,1928,391.3
SAU,1929,390.3
SAU,1930,389.3
SAU,1931,388.3
SAU,1932,387.4
SAU,1933,386.4
SAU,1934,385.3
SAU,1935,384.3
SAU,1936,383.3
SAU,1937,382.3
SAU,1938,381.3
SAU,1939,380.3
SAU,1940,379.3
SAU,1941,378.3
SAU,1942,377.3
SAU,1943,376.3
SAU,1944,375.3
SAU,1945,374.3
SAU,1946,352.9
SAU,1947,333.5
SAU,1948,313.7
SAU,1949,294.7
SAU,1950,276.4
SAU,1951,272.8
SAU,1952,269.1
SAU,1953,265.6
SAU,1954,262.1
SAU,1955,258.6
SAU,1956,255.2
SAU,1957,251.8
SAU,1958,248.5
SAU,1959,245.2
SAU,1960,241.9
SAU,1961,235.2
SAU,1962,228.6
SAU,1963,222.2
SAU,1964,216
SAU,1965,210
SAU,1966,204.1
SAU,1967,198.4
SAU,1968,192.9
SAU,1969,187.5
SAU,1970,182.3
SAU,1971,170.7
SAU,1972,161
SAU,1973,150.9
SAU,1974,141.9
SAU,1975,133.4
SAU,1976,125.6
SAU,1977,118
SAU,1978,111.1
SAU,1979,104.4
SAU,1980,98
SAU,1981,91.9
SAU,1982,86
SAU,1983,80.3
SAU,1984,74.7
SAU,1985,69.1
SAU,1986,63.7
SAU,1987,58.4
SAU,1988,53.3
SAU,1989,48.6
SAU,1990,44.3
SAU,1991,40.5
SAU,1992,37.1
SAU,1993,34.2
SAU,1994,31.8
SAU,1995,29.7
SAU,1996,27.8
SAU,1997,26.3
SAU,1998,25
SAU,1999,23.8
SAU,2000,22.9
SAU,2001,22
SAU,2002,21.3
SAU,2003,20.7
SAU,2004,20.1
SAU,2005,19.7
SAU,2006,19.2
SAU,2007,18.7
SAU,2008,18.1
SAU,2009,17.6
SAU,2010,17
SAU,2011,16.5
SAU,2012,16
SAU,2013,15.5
SAU,2014,15
SAU,2015,14.5
SEN,1800,512.4
SEN,1801,512.4
SEN,1802,512.4
SEN,1803,512.4
SEN,1804,512.4
SEN,1805,512.4
SEN,1806,512.4
SEN,1807,512.4
SEN,1808,512.4
SEN,1809,512.4
SEN,1810,512.4
SEN,1811,512.4
SEN,1812,512.4
SEN,1813,512.4
SEN,1814,512.4
SEN,1815,512.4
SEN,1816,512.4
SEN,1817,512.4
SEN,1818,512.4
SEN,1819,512.4
SEN,1820,512.4
SEN,1821,512.4
SEN,1822,512.4
SEN,1823,512.4
SEN,1824,512.4
SEN,1825,512.4
SEN,1826,512.4
SEN,1827,512.4
SEN,1828,512.4
SEN,1829,512.4
SEN,1830,512.4
SEN,1831,512.4
SEN,1832,512.4
SEN,1833,512.4
SEN,1834,512.4
SEN,1835,512.4
SEN,1836,512.4
SEN,1837,512.4
SEN,1838,512.4
SEN,1839,512.4
SEN,1840,512.4
SEN,1841,512.4
SEN,1842,512.4
SEN,1843,512.4
SEN,1844,512.4
SEN,1845,512.4
SEN,1846,512.4
SEN,1847,512.4
SEN,1848,512.4
SEN,1849,512.4
SEN,1850,512.4
SEN,1851,512.4
SEN,1852,512.4
SEN,1853,512.4
SEN,1854,512.4
SEN,1855,512.4
SEN,1856,512.4
SEN,1857,512.4
SEN,1858,512.4
SEN,1859,512.4
SEN,1860,512.4
SEN,1861,512.4
SEN,1862,512.4
SEN,1863,512.4
SEN,1864,512.4
SEN,1865,512.4
SEN,1866,512.4
SEN,1867,512.4
SEN,1868,512.4
SEN,1869,512.4
SEN,1870,512.4
SEN,1871,512.4
SEN,1872,512.4
SEN,1873,512.4
SEN,1874,512.4
SEN,1875,512.4
SEN,1876,512.4
SEN,1877,512.4
SEN,1878,512.4
SEN,1879,512.4
SEN,1880,512.4
SEN,1881,512.4
SEN,1882,512.4
SEN,1883,512.4
SEN,1884,512.4
SEN,1885,512.4
SEN,1886,512.4
SEN,1887,512.4
SEN,1888,512.4
SEN,1889,512.4
SEN,1890,512.4
SEN,1891,512.4
SEN,1892,512.4
SEN,1893,512.4
SEN,1894,512.4
SEN,1895,512.4
SEN,1896,512.3
SEN,1897,512.1
SEN,1898,511.9
SEN,1899,511.7
SEN,1900,511.3
SEN,1901,510.9
SEN,1902,510.3
SEN,1903,509.7
SEN,1904,509.1
SEN,1905,508.3
SEN,1906,507.4
SEN,1907,506.5
SEN,1908,505.5
SEN,1909,504.5
SEN,1910,503.3
SEN,1911,502.2
SEN,1912,501
SEN,1913,499.9
SEN,1914,498.7
SEN,1915,497.5
SEN,1916,496.3
SEN,1917,495.1
SEN,1918,493.9
SEN,1919,492.8
SEN,1920,491.6
SEN,1921,490.4
SEN,1922,489.2
SEN,1923,492.4
SEN,1924,494.1
SEN,1925,497.3
SEN,1926,499
SEN,1927,502.2
SEN,1928,496.6
SEN,1929,492.5
SEN,1930,486.9
SEN,1931,482.8
SEN,1932,477.4
SEN,1933,473.4
SEN,1934,468
SEN,1935,464.1
SEN,1936,458.8
SEN,1937,455
SEN,1938,449.8
SEN,1939,444.6
SEN,1940,439.6
SEN,1941,429.2
SEN,1942,419.1
SEN,1943,409.2
SEN,1944,382.8
SEN,1945,376.1
SEN,1946,369.8
SEN,1947,363.5
SEN,1948,357.7
SEN,1949,351.7
SEN,1950,346.2
SEN,1951,340.8
SEN,1952,335.2
SEN,1953,329.6
SEN,1954,324
SEN,1955,318.8
SEN,1956,314
SEN,1957,310.1
SEN,1958,306.9
SEN,1959,304.5
SEN,1960,303.3
SEN,1961,302.5
SEN,1962,302.4
SEN,1963,302.3
SEN,1964,302.2
SEN,1965,301.6
SEN,1966,300.4
SEN,1967,299
SEN,1968,297
SEN,1969,294.4
SEN,1970,290.5
SEN,1971,285.4
SEN,1972,278.9
SEN,1973,271.1
SEN,1974,262.2
SEN,1975,252.4
SEN,1976,241.8
SEN,1977,231.3
SEN,1978,221.6
SEN,1979,212.8
SEN,1980,205.2
SEN,1981,198.6
SEN,1982,192.5
SEN,1983,186.5
SEN,1984,179.9
SEN,1985,172.6
SEN,1986,164.5
SEN,1987,156.6
SEN,1988,149.6
SEN,1989,144.1
SEN,1990,140.4
SEN,1991,138.7
SEN,1992,138.5
SEN,1993,139.3
SEN,1994,140.6
SEN,1995,142.1
SEN,1996,143.2
SEN,1997,143.4
SEN,1998,142.4
SEN,1999,139.7
SEN,2000,134.9
SEN,2001,128.4
SEN,2002,120.7
SEN,2003,112.5
SEN,2004,104.2
SEN,2005,96.2
SEN,2006,88.8
SEN,2007,82
SEN,2008,75.8
SEN,2009,70.1
SEN,2010,64.8
SEN,2011,60
SEN,2012,55.9
SEN,2013,52.5
SEN,2014,49.7
SEN,2015,47.2
SRB,1800,374
SRB,1801,374
SRB,1802,374
SRB,1803,374
SRB,1804,374
SRB,1805,374
SRB,1806,374
SRB,1807,374
SRB,1808,374
SRB,1809,374
SRB,1810,374
SRB,1811,374
SRB,1812,374
SRB,1813,374
SRB,1814,374
SRB,1815,374
SRB,1816,374
SRB,1817,374
SRB,1818,374
SRB,1819,374
SRB,1820,374
SRB,1821,374
SRB,1822,374
SRB,1823,374
SRB,1824,374
SRB,1825,374
SRB,1826,374
SRB,1827,374
SRB,1828,374
SRB,1829,374
SRB,1830,374
SRB,1831,374
SRB,1832,374
SRB,1833,374
SRB,1834,374
SRB,1835,374
SRB,1836,374
SRB,1837,374
SRB,1838,374
SRB,1839,374
SRB,1840,374
SRB,1841,374
SRB,1842,374
SRB,1843,374
SRB,1844,374
SRB,1845,374
SRB,1846,374
SRB,1847,374
SRB,1848,374
SRB,1849,374
SRB,1850,374
SRB,1851,374
SRB,1852,374
SRB,1853,374
SRB,1854,374
SRB,1855,374
SRB,1856,374
SRB,1857,374
SRB,1858,374
SRB,1859,374
SRB,1860,374
SRB,1861,374
SRB,1862,374
SRB,1863,374
SRB,1864,374
SRB,1865,374
SRB,1866,374
SRB,1867,374
SRB,1868,374
SRB,1869,374
SRB,1870,374
SRB,1871,374
SRB,1872,374
SRB,1873,374
SRB,1874,374
SRB,1875,374
SRB,1876,374
SRB,1877,374
SRB,1878,374
SRB,1879,355.3
SRB,1880,337.6
SRB,1881,320.7
SRB,1882,304.7
SRB,1883,289.5
SRB,1884,275
SRB,1885,261.3
SRB,1886,248.2
SRB,1887,235.8
SRB,1888,224.1
SRB,1889,251.5
SRB,1890,233.3
SRB,1891,271.6
SRB,1892,318.8
SRB,1893,284.4
SRB,1894,265.2
SRB,1895,256.7
SRB,1896,271.6
SRB,1897,271.6
SRB,1898,261.9
SRB,1899,246.1
SRB,1900,242.5
SRB,1901,233.3
SRB,1902,244.3
SRB,1903,244.3
SRB,1904,214.7
SRB,1905,265.2
SRB,1906,229.6
SRB,1907,237
SRB,1908,256.7
SRB,1909,294.2
SRB,1910,222.2
SRB,1911,217.5
SRB,1912,212.9
SRB,1913,208.4
SRB,1914,204
SRB,1915,199.7
SRB,1916,195.5
SRB,1917,191.3
SRB,1918,187.3
SRB,1919,183.3
SRB,1920,179.4
SRB,1921,175.7
SRB,1922,171.9
SRB,1923,168.3
SRB,1924,164.8
SRB,1925,161.3
SRB,1926,157.9
SRB,1927,154.5
SRB,1928,151.2
SRB,1929,148.1
SRB,1930,144.9
SRB,1931,141.9
SRB,1932,138.9
SRB,1933,135.9
SRB,1934,133.1
SRB,1935,130.2
SRB,1936,127.5
SRB,1937,124.8
SRB,1938,122.2
SRB,1939,119.6
SRB,1940,117
SRB,1941,114.6
SRB,1942,112.2
SRB,1943,109.8
SRB,1944,106.9
SRB,1945,104.1
SRB,1946,101.4
SRB,1947,98.78
SRB,1948,96.2
SRB,1949,93.68
SRB,1950,91.23
SRB,1951,88.84
SRB,1952,86.51
SRB,1953,84.24
SRB,1954,82.03
SRB,1955,79.87
SRB,1956,77.77
SRB,1957,75.72
SRB,1958,73.72
SRB,1959,71.78
SRB,1960,69.88
SRB,1961,68.03
SRB,1962,66.23
SRB,1963,64.47
SRB,1964,62.76
SRB,1965,61.09
SRB,1966,59.47
SRB,1967,57.88
SRB,1968,56.34
SRB,1969,54.83
SRB,1970,53.37
SRB,1971,51.94
SRB,1972,50.55
SRB,1973,49.19
SRB,1974,47.87
SRB,1975,46.58
SRB,1976,45.32
SRB,1977,44.1
SRB,1978,42.91
SRB,1979,41.75
SRB,1980,43.13
SRB,1981,41.48
SRB,1982,39.58
SRB,1983,37.4
SRB,1984,40.3
SRB,1985,39.1
SRB,1986,37.9
SRB,1987,36.2
SRB,1988,33.9
SRB,1989,31.2
SRB,1990,28.4
SRB,1991,25.9
SRB,1992,24.2
SRB,1993,23.1
SRB,1994,21.8
SRB,1995,19.7
SRB,1996,17.4
SRB,1997,15.4
SRB,1998,13.9
SRB,1999,13.1
SRB,2000,12.6
SRB,2001,12.2
SRB,2002,11.6
SRB,2003,10.6
SRB,2004,9.6
SRB,2005,8.9
SRB,2006,8.4
SRB,2007,8.1
SRB,2008,8
SRB,2009,7.8
SRB,2010,7.6
SRB,2011,7.3
SRB,2012,7.1
SRB,2013,6.9
SRB,2014,6.8
SRB,2015,6.7
SYC,1800,446.7
SYC,1801,442.8
SYC,1802,438.9
SYC,1803,435
SYC,1804,431.2
SYC,1805,427.4
SYC,1806,423.6
SYC,1807,419.9
SYC,1808,416.2
SYC,1809,412.5
SYC,1810,408.9
SYC,1811,405.3
SYC,1812,401.7
SYC,1813,398.2
SYC,1814,394.6
SYC,1815,391.2
SYC,1816,387.7
SYC,1817,384.3
SYC,1818,380.9
SYC,1819,377.6
SYC,1820,374.2
SYC,1821,370.9
SYC,1822,367.7
SYC,1823,364.4
SYC,1824,361.2
SYC,1825,358
SYC,1826,354.9
SYC,1827,351.8
SYC,1828,348.6
SYC,1829,345.6
SYC,1830,342.5
SYC,1831,339.5
SYC,1832,336.5
SYC,1833,333.6
SYC,1834,330.6
SYC,1835,327.7
SYC,1836,324.8
SYC,1837,321.9
SYC,1838,319.1
SYC,1839,316.3
SYC,1840,313.5
SYC,1841,310.8
SYC,1842,308
SYC,1843,305.3
SYC,1844,302.6
SYC,1845,299.9
SYC,1846,297.3
SYC,1847,294.7
SYC,1848,292.1
SYC,1849,289.5
SYC,1850,286.9
SYC,1851,284.4
SYC,1852,281.9
SYC,1853,279.4
SYC,1854,277
SYC,1855,274.5
SYC,1856,272.1
SYC,1857,269.7
SYC,1858,267.3
SYC,1859,265
SYC,1860,262.6
SYC,1861,260.3
SYC,1862,258
SYC,1863,255.8
SYC,1864,253.5
SYC,1865,251.3
SYC,1866,249.1
SYC,1867,246.9
SYC,1868,244.7
SYC,1869,242.5
SYC,1870,240.4
SYC,1871,238.3
SYC,1872,236.2
SYC,1873,234.1
SYC,1874,232
SYC,1875,230
SYC,1876,227.9
SYC,1877,225.9
SYC,1878,223.9
SYC,1879,222
SYC,1880,220
SYC,1881,218.1
SYC,1882,216.2
SYC,1883,214.3
SYC,1884,212.4
SYC,1885,210.5
SYC,1886,208.6
SYC,1887,206.8
SYC,1888,205
SYC,1889,203.2
SYC,1890,201.4
SYC,1891,199.6
SYC,1892,197.8
SYC,1893,196.1
SYC,1894,194.4
SYC,1895,192.7
SYC,1896,191
SYC,1897,189.3
SYC,1898,187.6
SYC,1899,186
SYC,1900,184.3
SYC,1901,182.7
SYC,1902,181.1
SYC,1903,179.5
SYC,1904,177.9
SYC,1905,176.3
SYC,1906,174.8
SYC,1907,173.2
SYC,1908,171.7
SYC,1909,170.2
SYC,1910,168.7
SYC,1911,167.2
SYC,1912,165.8
SYC,1913,164.3
SYC,1914,162.8
SYC,1915,161.4
SYC,1916,160
SYC,1917,158.6
SYC,1918,157.2
SYC,1919,155.8
SYC,1920,154.4
SYC,1921,153.1
SYC,1922,151.7
SYC,1923,150.4
SYC,1924,149.1
SYC,1925,147.8
SYC,1926,146.5
SYC,1927,145.2
SYC,1928,143.9
SYC,1929,142.7
SYC,1930,141.4
SYC,1931,140.2
SYC,1932,138.9
SYC,1933,137.7
SYC,1934,136.5
SYC,1935,135.3
SYC,1936,134.1
SYC,1937,132.9
SYC,1938,131.8
SYC,1939,130.6
SYC,1940,129.4
SYC,1941,128.3
SYC,1942,127.2
SYC,1943,121.8
SYC,1944,121.5
SYC,1945,121.3
SYC,1946,121.1
SYC,1947,120.6
SYC,1948,120.1
SYC,1949,119.4
SYC,1950,118.5
SYC,1951,117.4
SYC,1952,116.1
SYC,1953,114.6
SYC,1954,113
SYC,1955,111.4
SYC,1956,109.7
SYC,1957,107.9
SYC,1958,106.2
SYC,1959,104.4
SYC,1960,102.6
SYC,1961,100.5
SYC,1962,98.4
SYC,1963,96.1
SYC,1964,93.4
SYC,1965,90.6
SYC,1966,87.5
SYC,1967,84
SYC,1968,80.1
SYC,1969,76.1
SYC,1970,71.9
SYC,1971,67.7
SYC,1972,63.4
SYC,1973,59.2
SYC,1974,54.8
SYC,1975,50.4
SYC,1976,45.8
SYC,1977,41.5
SYC,1978,37.4
SYC,1979,33.6
SYC,1980,30.4
SYC,1981,27.6
SYC,1982,25.3
SYC,1983,23.4
SYC,1984,21.8
SYC,1985,20.5
SYC,1986,19.5
SYC,1987,18.6
SYC,1988,17.8
SYC,1989,17.1
SYC,1990,16.5
SYC,1991,16
SYC,1992,15.5
SYC,1993,15.1
SYC,1994,14.7
SYC,1995,14.5
SYC,1996,14.3
SYC,1997,14.2
SYC,1998,14.2
SYC,1999,14.2
SYC,2000,14.3
SYC,2001,14.3
SYC,2002,14.3
SYC,2003,14.3
SYC,2004,14.3
SYC,2005,14.2
SYC,2006,14.2
SYC,2007,14.2
SYC,2008,14.2
SYC,2009,14.2
SYC,2010,14.2
SYC,2011,14.2
SYC,2012,14.2
SYC,2013,14
SYC,2014,13.8
SYC,2015,13.6
SLE,1800,513.9
SLE,1801,513.9
SLE,1802,513.9
SLE,1803,513.9
SLE,1804,513.9
SLE,1805,513.9
SLE,1806,513.9
SLE,1807,513.9
SLE,1808,513.9
SLE,1809,513.9
SLE,1810,513.9
SLE,1811,513.9
SLE,1812,513.9
SLE,1813,513.9
SLE,1814,513.9
SLE,1815,513.9
SLE,1816,513.9
SLE,1817,513.9
SLE,1818,513.9
SLE,1819,513.9
SLE,1820,513.9
SLE,1821,513.9
SLE,1822,513.9
SLE,1823,513.9
SLE,1824,513.9
SLE,1825,513.9
SLE,1826,513.9
SLE,1827,513.9
SLE,1828,513.9
SLE,1829,513.9
SLE,1830,513.9
SLE,1831,513.9
SLE,1832,513.9
SLE,1833,513.9
SLE,1834,513.9
SLE,1835,513.9
SLE,1836,513.9
SLE,1837,513.9
SLE,1838,513.9
SLE,1839,513.9
SLE,1840,513.9
SLE,1841,513.9
SLE,1842,513.9
SLE,1843,513.9
SLE,1844,513.9
SLE,1845,513.9
SLE,1846,513.9
SLE,1847,513.9
SLE,1848,513.9
SLE,1849,513.9
SLE,1850,513.9
SLE,1851,513.9
SLE,1852,513.9
SLE,1853,513.9
SLE,1854,513.9
SLE,1855,513.9
SLE,1856,513.9
SLE,1857,513.9
SLE,1858,513.9
SLE,1859,513.9
SLE,1860,513.9
SLE,1861,513.9
SLE,1862,513.9
SLE,1863,513.9
SLE,1864,513.9
SLE,1865,513.9
SLE,1866,513.9
SLE,1867,513.9
SLE,1868,513.9
SLE,1869,513.9
SLE,1870,513.9
SLE,1871,513.9
SLE,1872,513.9
SLE,1873,513.9
SLE,1874,513.9
SLE,1875,513.9
SLE,1876,513.9
SLE,1877,513.9
SLE,1878,513.9
SLE,1879,513.9
SLE,1880,513.9
SLE,1881,513.9
SLE,1882,513.9
SLE,1883,513.9
SLE,1884,513.9
SLE,1885,513.9
SLE,1886,513.9
SLE,1887,513.9
SLE,1888,513.9
SLE,1889,513.9
SLE,1890,513.9
SLE,1891,513.9
SLE,1892,513.9
SLE,1893,513.9
SLE,1894,513.9
SLE,1895,513.9
SLE,1896,513.8
SLE,1897,513.6
SLE,1898,513.4
SLE,1899,513.2
SLE,1900,512.8
SLE,1901,512.4
SLE,1902,511.8
SLE,1903,511.2
SLE,1904,510.6
SLE,1905,509.8
SLE,1906,508.9
SLE,1907,508
SLE,1908,507
SLE,1909,505.9
SLE,1910,504.8
SLE,1911,503.6
SLE,1912,502.4
SLE,1913,501.2
SLE,1914,500
SLE,1915,498.8
SLE,1916,497.6
SLE,1917,496.4
SLE,1918,495.2
SLE,1919,494
SLE,1920,492.8
SLE,1921,491.5
SLE,1922,490.3
SLE,1923,489.1
SLE,1924,487.9
SLE,1925,486.6
SLE,1926,485.4
SLE,1927,485.6
SLE,1928,485.9
SLE,1929,487.5
SLE,1930,487.7
SLE,1931,487.9
SLE,1932,486.7
SLE,1933,484
SLE,1934,482.8
SLE,1935,480.1
SLE,1936,478.9
SLE,1937,476.2
SLE,1938,475
SLE,1939,473.8
SLE,1940,471.1
SLE,1941,469.9
SLE,1942,467.3
SLE,1943,466.1
SLE,1944,463.5
SLE,1945,462.3
SLE,1946,451.6
SLE,1947,442.4
SLE,1948,439.6
SLE,1949,436.7
SLE,1950,433.9
SLE,1951,431.1
SLE,1952,428.3
SLE,1953,425.5
SLE,1954,422.8
SLE,1955,420
SLE,1956,417.3
SLE,1957,412
SLE,1958,406.5
SLE,1959,401.6
SLE,1960,396
SLE,1961,390.3
SLE,1962,384.7
SLE,1963,378.7
SLE,1964,372.6
SLE,1965,366.2
SLE,1966,359.8
SLE,1967,353.4
SLE,1968,346.6
SLE,1969,340.5
SLE,1970,334.6
SLE,1971,329
SLE,1972,323.6
SLE,1973,318.4
SLE,1974,313.4
SLE,1975,308.7
SLE,1976,304.2
SLE,1977,299.8
SLE,1978,295.7
SLE,1979,291.5
SLE,1980,287.6
SLE,1981,284
SLE,1982,280.9
SLE,1983,277.9
SLE,1984,275.2
SLE,1985,272.8
SLE,1986,270.5
SLE,1987,268.2
SLE,1988,266.7
SLE,1989,265.2
SLE,1990,264.3
SLE,1991,263.4
SLE,1992,262.6
SLE,1993,261.5
SLE,1994,259.9
SLE,1995,257.5
SLE,1996,254.4
SLE,1997,250.5
SLE,1998,246
SLE,1999,241.1
SLE,2000,235.8
SLE,2001,229.9
SLE,2002,223.9
SLE,2003,217.4
SLE,2004,210.8
SLE,2005,203.7
SLE,2006,196.2
SLE,2007,188
SLE,2008,179.1
SLE,2009,169.9
SLE,2010,160.2
SLE,2011,150.6
SLE,2012,141.6
SLE,2013,133.4
SLE,2014,126.4
SLE,2015,120.4
SGP,1800,456.1
SGP,1801,456.1
SGP,1802,456.1
SGP,1803,456.1
SGP,1804,456.1
SGP,1805,456.1
SGP,1806,456.1
SGP,1807,456.1
SGP,1808,456.1
SGP,1809,456.1
SGP,1810,456.1
SGP,1811,456.1
SGP,1812,456.1
SGP,1813,456.1
SGP,1814,456.1
SGP,1815,456.1
SGP,1816,456.1
SGP,1817,456.1
SGP,1818,456.1
SGP,1819,456.1
SGP,1820,442.5
SGP,1821,429.2
SGP,1822,417.4
SGP,1823,404.7
SGP,1824,392.2
SGP,1825,392.2
SGP,1826,392.2
SGP,1827,392.2
SGP,1828,392.2
SGP,1829,392.2
SGP,1830,392.2
SGP,1831,392.2
SGP,1832,392.2
SGP,1833,392.2
SGP,1834,392.2
SGP,1835,392.2
SGP,1836,392.2
SGP,1837,392.2
SGP,1838,392.2
SGP,1839,392.2
SGP,1840,392.2
SGP,1841,392.2
SGP,1842,392.2
SGP,1843,392.2
SGP,1844,392.2
SGP,1845,392.2
SGP,1846,392.2
SGP,1847,392.2
SGP,1848,392.2
SGP,1849,392.2
SGP,1850,392.2
SGP,1851,392.2
SGP,1852,392.2
SGP,1853,392.2
SGP,1854,392.2
SGP,1855,392.2
SGP,1856,392.2
SGP,1857,392.2
SGP,1858,392.2
SGP,1859,392.2
SGP,1860,392.2
SGP,1861,392.2
SGP,1862,392.2
SGP,1863,392.2
SGP,1864,392.2
SGP,1865,392.2
SGP,1866,392.2
SGP,1867,392.2
SGP,1868,392.2
SGP,1869,392.2
SGP,1870,392.2
SGP,1871,392.2
SGP,1872,392.2
SGP,1873,392.2
SGP,1874,392.2
SGP,1875,392.2
SGP,1876,392.2
SGP,1877,392.2
SGP,1878,392.2
SGP,1879,392.2
SGP,1880,392.2
SGP,1881,392.2
SGP,1882,392.2
SGP,1883,392.2
SGP,1884,392.2
SGP,1885,392.2
SGP,1886,392.2
SGP,1887,392.2
SGP,1888,392.2
SGP,1889,392.2
SGP,1890,392.2
SGP,1891,392.2
SGP,1892,392.2
SGP,1893,392.2
SGP,1894,392.2
SGP,1895,392.2
SGP,1896,392.1
SGP,1897,392
SGP,1898,391.9
SGP,1899,391.6
SGP,1900,391.4
SGP,1901,391
SGP,1902,390.6
SGP,1903,390.2
SGP,1904,389.6
SGP,1905,389.1
SGP,1906,388.4
SGP,1907,387.7
SGP,1908,386.9
SGP,1909,386.1
SGP,1910,385.3
SGP,1911,384.4
SGP,1912,383.5
SGP,1913,382.6
SGP,1914,381.6
SGP,1915,380.7
SGP,1916,379.8
SGP,1917,378.9
SGP,1918,377.9
SGP,1919,377
SGP,1920,376.1
SGP,1921,373.2
SGP,1922,370.3
SGP,1923,367.4
SGP,1924,364.6
SGP,1925,361.8
SGP,1926,359
SGP,1927,356.2
SGP,1928,353.4
SGP,1929,350.7
SGP,1930,348
SGP,1931,322
SGP,1932,287.7
SGP,1933,273.2
SGP,1934,274.7
SGP,1935,258.5
SGP,1936,279.4
SGP,1937,251.5
SGP,1938,258.5
SGP,1939,207.2
SGP,1940,229.6
SGP,1941,255.3
SGP,1942,283.8
SGP,1943,315.5
SGP,1944,462.8
SGP,1945,351.2
SGP,1946,131.2
SGP,1947,125.9
SGP,1948,115.4
SGP,1949,100.2
SGP,1950,117.2
SGP,1951,105.2
SGP,1952,96.88
SGP,1953,84.8
SGP,1954,78.1
SGP,1955,72
SGP,1956,66.5
SGP,1957,61.5
SGP,1958,56.9
SGP,1959,52.3
SGP,1960,47.8
SGP,1961,43.8
SGP,1962,40.5
SGP,1963,38.2
SGP,1964,36.5
SGP,1965,35
SGP,1966,33.6
SGP,1967,32
SGP,1968,30.3
SGP,1969,28.7
SGP,1970,27.4
SGP,1971,26.1
SGP,1972,24.3
SGP,1973,22
SGP,1974,19.7
SGP,1975,17.6
SGP,1976,16
SGP,1977,15.2
SGP,1978,15.1
SGP,1979,15.2
SGP,1980,14.8
SGP,1981,14.1
SGP,1982,13.2
SGP,1983,12.3
SGP,1984,11.6
SGP,1985,10.9
SGP,1986,10.4
SGP,1987,9.8
SGP,1988,9.2
SGP,1989,8.4
SGP,1990,7.7
SGP,1991,6.9
SGP,1992,6.3
SGP,1993,5.8
SGP,1994,5.4
SGP,1995,5.2
SGP,1996,5
SGP,1997,4.8
SGP,1998,4.6
SGP,1999,4.3
SGP,2000,4
SGP,2001,3.7
SGP,2002,3.4
SGP,2003,3.2
SGP,2004,3
SGP,2005,2.9
SGP,2006,2.9
SGP,2007,2.9
SGP,2008,2.8
SGP,2009,2.8
SGP,2010,2.8
SGP,2011,2.8
SGP,2012,2.8
SGP,2013,2.8
SGP,2014,2.8
SGP,2015,2.7
SVK,1800,363.3
SVK,1801,363.3
SVK,1802,363.3
SVK,1803,363.3
SVK,1804,363.3
SVK,1805,363.3
SVK,1806,363.3
SVK,1807,363.3
SVK,1808,363.3
SVK,1809,363.3
SVK,1810,363.3
SVK,1811,363.3
SVK,1812,363.3
SVK,1813,363.3
SVK,1814,363.3
SVK,1815,363.3
SVK,1816,363.3
SVK,1817,363.3
SVK,1818,363.3
SVK,1819,363.3
SVK,1820,363.3
SVK,1821,363.3
SVK,1822,363.3
SVK,1823,363.3
SVK,1824,363.3
SVK,1825,363.3
SVK,1826,363.3
SVK,1827,363.3
SVK,1828,363.3
SVK,1829,363.3
SVK,1830,363.3
SVK,1831,363.3
SVK,1832,363.3
SVK,1833,363.3
SVK,1834,363.3
SVK,1835,363.3
SVK,1836,363.3
SVK,1837,363.3
SVK,1838,363.3
SVK,1839,363.3
SVK,1840,363.3
SVK,1841,363.3
SVK,1842,363.3
SVK,1843,363.3
SVK,1844,363.3
SVK,1845,363.3
SVK,1846,363.3
SVK,1847,363.3
SVK,1848,363.3
SVK,1849,363.3
SVK,1850,363.3
SVK,1851,363.3
SVK,1852,363.3
SVK,1853,363.3
SVK,1854,363.3
SVK,1855,363.3
SVK,1856,363.3
SVK,1857,363.3
SVK,1858,363.3
SVK,1859,363.3
SVK,1860,363.3
SVK,1861,363.3
SVK,1862,363.3
SVK,1863,363.3
SVK,1864,363.3
SVK,1865,363.3
SVK,1866,363.3
SVK,1867,363.3
SVK,1868,363.3
SVK,1869,363.3
SVK,1870,363.3
SVK,1871,363.3
SVK,1872,363.3
SVK,1873,363.3
SVK,1874,363.3
SVK,1875,363.3
SVK,1876,363.3
SVK,1877,363.3
SVK,1878,363.3
SVK,1879,363.3
SVK,1880,363.3
SVK,1881,363.3
SVK,1882,363.3
SVK,1883,363.3
SVK,1884,363.3
SVK,1885,363.3
SVK,1886,363.3
SVK,1887,363.3
SVK,1888,363.3
SVK,1889,363.3
SVK,1890,363.3
SVK,1891,363.3
SVK,1892,363.3
SVK,1893,363.3
SVK,1894,363.3
SVK,1895,363.3
SVK,1896,359.7
SVK,1897,356.1
SVK,1898,352.5
SVK,1899,348.9
SVK,1900,345.2
SVK,1901,341.5
SVK,1902,337.8
SVK,1903,334
SVK,1904,330.2
SVK,1905,326.4
SVK,1906,322.6
SVK,1907,318.7
SVK,1908,314.9
SVK,1909,311
SVK,1910,307.1
SVK,1911,303.2
SVK,1912,299.4
SVK,1913,295.5
SVK,1914,291.7
SVK,1915,287.9
SVK,1916,284.2
SVK,1917,280.5
SVK,1918,276.8
SVK,1919,273.2
SVK,1920,269.6
SVK,1921,266
SVK,1922,259.5
SVK,1923,252.2
SVK,1924,246
SVK,1925,239.8
SVK,1926,232.8
SVK,1927,226.8
SVK,1928,221
SVK,1929,214.3
SVK,1930,208.6
SVK,1931,203.8
SVK,1932,199.9
SVK,1933,195.2
SVK,1934,190.6
SVK,1935,186
SVK,1936,182.3
SVK,1937,177.8
SVK,1938,172.6
SVK,1939,167.5
SVK,1940,162.5
SVK,1941,160.4
SVK,1942,158.3
SVK,1943,156.3
SVK,1944,154.2
SVK,1945,152.3
SVK,1946,150.3
SVK,1947,148.3
SVK,1948,146.4
SVK,1949,144.5
SVK,1950,142.6
SVK,1951,138.5
SVK,1952,97.28
SVK,1953,82.87
SVK,1954,67.11
SVK,1955,59.36
SVK,1956,53.69
SVK,1957,60.16
SVK,1958,47.58
SVK,1959,43.08
SVK,1960,37.81
SVK,1961,35.55
SVK,1962,32.44
SVK,1963,33.98
SVK,1964,32.66
SVK,1965,36.19
SVK,1966,33.8
SVK,1967,30.99
SVK,1968,29.27
SVK,1969,32.02
SVK,1970,30.72
SVK,1971,29.12
SVK,1972,30.06
SVK,1973,30.28
SVK,1974,27.72
SVK,1975,27.77
SVK,1976,28.19
SVK,1977,24.7
SVK,1978,25.07
SVK,1979,23.66
SVK,1980,23.16
SVK,1981,25.9
SVK,1982,24.8
SVK,1983,23.8
SVK,1984,22.8
SVK,1985,21.8
SVK,1986,20.9
SVK,1987,20
SVK,1988,19.2
SVK,1989,18.4
SVK,1990,17.7
SVK,1991,17
SVK,1992,16.3
SVK,1993,15.6
SVK,1994,15
SVK,1995,14.4
SVK,1996,13.8
SVK,1997,13.3
SVK,1998,12.7
SVK,1999,12.2
SVK,2000,11.8
SVK,2001,11.4
SVK,2002,11
SVK,2003,10.6
SVK,2004,10.2
SVK,2005,9.8
SVK,2006,9.5
SVK,2007,9.1
SVK,2008,8.8
SVK,2009,8.4
SVK,2010,8.1
SVK,2011,7.8
SVK,2012,7.5
SVK,2013,7.2
SVK,2014,7
SVK,2015,6.7
SVN,1800,361
SVN,1801,361
SVN,1802,361
SVN,1803,361
SVN,1804,361
SVN,1805,361
SVN,1806,361
SVN,1807,361
SVN,1808,361
SVN,1809,361
SVN,1810,361
SVN,1811,361
SVN,1812,361
SVN,1813,361
SVN,1814,361
SVN,1815,361
SVN,1816,361
SVN,1817,361
SVN,1818,361
SVN,1819,361
SVN,1820,361
SVN,1821,361
SVN,1822,361
SVN,1823,361
SVN,1824,361
SVN,1825,361
SVN,1826,361
SVN,1827,361
SVN,1828,361
SVN,1829,361
SVN,1830,361
SVN,1831,361
SVN,1832,361
SVN,1833,361
SVN,1834,361
SVN,1835,361
SVN,1836,361
SVN,1837,361
SVN,1838,361
SVN,1839,361
SVN,1840,361
SVN,1841,361
SVN,1842,361
SVN,1843,361
SVN,1844,361
SVN,1845,361
SVN,1846,361
SVN,1847,361
SVN,1848,361
SVN,1849,361
SVN,1850,361
SVN,1851,361
SVN,1852,361
SVN,1853,361
SVN,1854,361
SVN,1855,361
SVN,1856,361
SVN,1857,361
SVN,1858,361
SVN,1859,361
SVN,1860,361
SVN,1861,361
SVN,1862,361
SVN,1863,361
SVN,1864,361
SVN,1865,361
SVN,1866,361
SVN,1867,361
SVN,1868,361
SVN,1869,361
SVN,1870,361
SVN,1871,361
SVN,1872,361
SVN,1873,361
SVN,1874,361
SVN,1875,361
SVN,1876,361
SVN,1877,361
SVN,1878,361
SVN,1879,361
SVN,1880,361
SVN,1881,361
SVN,1882,361
SVN,1883,361
SVN,1884,361
SVN,1885,361
SVN,1886,361
SVN,1887,361
SVN,1888,361
SVN,1889,361
SVN,1890,361
SVN,1891,361
SVN,1892,361
SVN,1893,361
SVN,1894,361
SVN,1895,360.9
SVN,1896,360.9
SVN,1897,360.8
SVN,1898,360.6
SVN,1899,360.4
SVN,1900,360.2
SVN,1901,359.9
SVN,1902,359.5
SVN,1903,359.1
SVN,1904,358.6
SVN,1905,358.1
SVN,1906,357.5
SVN,1907,356.8
SVN,1908,356.1
SVN,1909,355.4
SVN,1910,354.6
SVN,1911,353.8
SVN,1912,352.9
SVN,1913,352.1
SVN,1914,351.2
SVN,1915,350.4
SVN,1916,349.5
SVN,1917,348.7
SVN,1918,347.8
SVN,1919,347
SVN,1920,346.1
SVN,1921,335.3
SVN,1922,323.6
SVN,1923,313.2
SVN,1924,303
SVN,1925,293.1
SVN,1926,282.3
SVN,1927,272.7
SVN,1928,263.3
SVN,1929,253.2
SVN,1930,244.2
SVN,1931,235.3
SVN,1932,226.7
SVN,1933,217.3
SVN,1934,209
SVN,1935,200.9
SVN,1936,192.1
SVN,1937,184.3
SVN,1938,176.6
SVN,1939,169.1
SVN,1940,160.9
SVN,1941,153.1
SVN,1942,145.5
SVN,1943,137.4
SVN,1944,130.2
SVN,1945,123.2
SVN,1946,116.5
SVN,1947,109.2
SVN,1948,102.9
SVN,1949,96.7
SVN,1950,90.13
SVN,1951,83.72
SVN,1952,77.76
SVN,1953,72.23
SVN,1954,67.09
SVN,1955,62.31
SVN,1956,57.87
SVN,1957,53.75
SVN,1958,49.92
SVN,1959,46.36
SVN,1960,43.06
SVN,1961,41.08
SVN,1962,39.2
SVN,1963,37.4
SVN,1964,35.68
SVN,1965,34.04
SVN,1966,32.48
SVN,1967,30.99
SVN,1968,29.56
SVN,1969,28.2
SVN,1970,26.9
SVN,1971,25.57
SVN,1972,24.3
SVN,1973,23.09
SVN,1974,21.95
SVN,1975,20.86
SVN,1976,19.82
SVN,1977,18.83
SVN,1978,17.9
SVN,1979,17.01
SVN,1980,16.16
SVN,1981,18
SVN,1982,17
SVN,1983,16.1
SVN,1984,15.3
SVN,1985,14.4
SVN,1986,13.5
SVN,1987,12.7
SVN,1988,11.9
SVN,1989,11.1
SVN,1990,10.4
SVN,1991,9.7
SVN,1992,9.1
SVN,1993,8.5
SVN,1994,7.9
SVN,1995,7.4
SVN,1996,6.9
SVN,1997,6.5
SVN,1998,6.2
SVN,1999,5.8
SVN,2000,5.5
SVN,2001,5.2
SVN,2002,5
SVN,2003,4.7
SVN,2004,4.5
SVN,2005,4.3
SVN,2006,4.1
SVN,2007,3.9
SVN,2008,3.7
SVN,2009,3.5
SVN,2010,3.3
SVN,2011,3.2
SVN,2012,3
SVN,2013,2.9
SVN,2014,2.8
SVN,2015,2.7
SLB,1800,504.9
SLB,1801,504.9
SLB,1802,504.9
SLB,1803,504.9
SLB,1804,504.9
SLB,1805,504.9
SLB,1806,504.9
SLB,1807,504.9
SLB,1808,504.9
SLB,1809,504.9
SLB,1810,504.9
SLB,1811,504.9
SLB,1812,504.9
SLB,1813,504.9
SLB,1814,504.9
SLB,1815,504.9
SLB,1816,504.9
SLB,1817,504.9
SLB,1818,504.9
SLB,1819,504.9
SLB,1820,504.9
SLB,1821,504.9
SLB,1822,504.9
SLB,1823,504.9
SLB,1824,504.9
SLB,1825,504.9
SLB,1826,504.9
SLB,1827,504.9
SLB,1828,504.9
SLB,1829,504.9
SLB,1830,504.9
SLB,1831,504.9
SLB,1832,504.9
SLB,1833,504.9
SLB,1834,504.9
SLB,1835,504.9
SLB,1836,504.9
SLB,1837,504.9
SLB,1838,504.9
SLB,1839,504.9
SLB,1840,504.9
SLB,1841,504.9
SLB,1842,504.9
SLB,1843,504.9
SLB,1844,504.9
SLB,1845,504.9
SLB,1846,504.9
SLB,1847,504.9
SLB,1848,504.9
SLB,1849,504.9
SLB,1850,504.9
SLB,1851,504.9
SLB,1852,504.9
SLB,1853,504.9
SLB,1854,504.9
SLB,1855,504.9
SLB,1856,504.9
SLB,1857,504.9
SLB,1858,504.9
SLB,1859,504.9
SLB,1860,504.9
SLB,1861,504.9
SLB,1862,504.9
SLB,1863,504.9
SLB,1864,504.9
SLB,1865,504.9
SLB,1866,504.9
SLB,1867,504.9
SLB,1868,504.9
SLB,1869,504.9
SLB,1870,504.9
SLB,1871,504.9
SLB,1872,504.9
SLB,1873,504.9
SLB,1874,504.9
SLB,1875,504.9
SLB,1876,504.9
SLB,1877,504.9
SLB,1878,504.9
SLB,1879,504.9
SLB,1880,504.9
SLB,1881,504.9
SLB,1882,504.9
SLB,1883,504.9
SLB,1884,504.9
SLB,1885,504.9
SLB,1886,504.9
SLB,1887,504.9
SLB,1888,504.9
SLB,1889,504.9
SLB,1890,504.9
SLB,1891,504.9
SLB,1892,504.9
SLB,1893,504.9
SLB,1894,504.9
SLB,1895,504.8
SLB,1896,504.7
SLB,1897,504.6
SLB,1898,504.4
SLB,1899,504.1
SLB,1900,503.8
SLB,1901,503.3
SLB,1902,502.8
SLB,1903,502.2
SLB,1904,501.6
SLB,1905,500.8
SLB,1906,500
SLB,1907,499.1
SLB,1908,498.1
SLB,1909,497
SLB,1910,495.9
SLB,1911,494.8
SLB,1912,493.6
SLB,1913,492.4
SLB,1914,491.2
SLB,1915,490.1
SLB,1916,488.9
SLB,1917,487.7
SLB,1918,486.5
SLB,1919,485.3
SLB,1920,484.1
SLB,1921,482.9
SLB,1922,481.7
SLB,1923,480.5
SLB,1924,479.3
SLB,1925,478.1
SLB,1926,476.9
SLB,1927,475.6
SLB,1928,474.4
SLB,1929,473.2
SLB,1930,472
SLB,1931,470.8
SLB,1932,469.6
SLB,1933,468.3
SLB,1934,467.1
SLB,1935,465.9
SLB,1936,464.7
SLB,1937,463.5
SLB,1938,462.3
SLB,1939,461.1
SLB,1940,459.9
SLB,1941,458.6
SLB,1942,457.4
SLB,1943,456.2
SLB,1944,455
SLB,1945,413.6
SLB,1946,375.4
SLB,1947,339.7
SLB,1948,305.4
SLB,1949,274.2
SLB,1950,244.8
SLB,1951,239.4
SLB,1952,234.1
SLB,1953,229
SLB,1954,223.9
SLB,1955,219
SLB,1956,214.2
SLB,1957,209.4
SLB,1958,204.8
SLB,1959,200.3
SLB,1960,195.9
SLB,1961,185.6
SLB,1962,175.9
SLB,1963,166.7
SLB,1964,157.9
SLB,1965,149.7
SLB,1966,141.4
SLB,1967,132.8
SLB,1968,124.1
SLB,1969,115.6
SLB,1970,107.2
SLB,1971,99.2
SLB,1972,91.9
SLB,1973,85.2
SLB,1974,79.1
SLB,1975,73.5
SLB,1976,68.4
SLB,1977,63.9
SLB,1978,59.9
SLB,1979,56.4
SLB,1980,53.5
SLB,1981,51.1
SLB,1982,49
SLB,1983,47.3
SLB,1984,45.8
SLB,1985,44.5
SLB,1986,43.3
SLB,1987,42.3
SLB,1988,41.4
SLB,1989,40.6
SLB,1990,39.7
SLB,1991,38.9
SLB,1992,37.9
SLB,1993,37
SLB,1994,36.2
SLB,1995,35.4
SLB,1996,34.8
SLB,1997,34.3
SLB,1998,33.9
SLB,1999,33.5
SLB,2000,33.1
SLB,2001,32.9
SLB,2002,32.8
SLB,2003,32.9
SLB,2004,33.1
SLB,2005,33.2
SLB,2006,33.4
SLB,2007,33.3
SLB,2008,33.1
SLB,2009,32.6
SLB,2010,32.1
SLB,2011,31.4
SLB,2012,30.7
SLB,2013,29.9
SLB,2014,28.9
SLB,2015,28.1
SOM,1800,452
SOM,1801,452
SOM,1802,452
SOM,1803,452
SOM,1804,452
SOM,1805,452
SOM,1806,452
SOM,1807,452
SOM,1808,452
SOM,1809,452
SOM,1810,452
SOM,1811,452
SOM,1812,452
SOM,1813,452
SOM,1814,452
SOM,1815,452
SOM,1816,452
SOM,1817,452
SOM,1818,452
SOM,1819,452
SOM,1820,452
SOM,1821,452
SOM,1822,452
SOM,1823,452
SOM,1824,452
SOM,1825,452
SOM,1826,452
SOM,1827,452
SOM,1828,452
SOM,1829,452
SOM,1830,452
SOM,1831,452
SOM,1832,452
SOM,1833,452
SOM,1834,452
SOM,1835,452
SOM,1836,452
SOM,1837,452
SOM,1838,452
SOM,1839,452
SOM,1840,452
SOM,1841,452
SOM,1842,452
SOM,1843,452
SOM,1844,452
SOM,1845,452
SOM,1846,452
SOM,1847,452
SOM,1848,452
SOM,1849,452
SOM,1850,452
SOM,1851,452
SOM,1852,452
SOM,1853,452
SOM,1854,452
SOM,1855,452
SOM,1856,452
SOM,1857,452
SOM,1858,452
SOM,1859,452
SOM,1860,452
SOM,1861,452
SOM,1862,452
SOM,1863,452
SOM,1864,452
SOM,1865,452
SOM,1866,452
SOM,1867,452
SOM,1868,452
SOM,1869,452
SOM,1870,452
SOM,1871,452
SOM,1872,452
SOM,1873,452
SOM,1874,452
SOM,1875,452
SOM,1876,452
SOM,1877,452
SOM,1878,452
SOM,1879,452
SOM,1880,452
SOM,1881,452
SOM,1882,452
SOM,1883,452
SOM,1884,452
SOM,1885,452
SOM,1886,452
SOM,1887,452
SOM,1888,452
SOM,1889,452
SOM,1890,452
SOM,1891,452
SOM,1892,452
SOM,1893,452
SOM,1894,451.9
SOM,1895,451.9
SOM,1896,451.9
SOM,1897,451.7
SOM,1898,451.6
SOM,1899,451.3
SOM,1900,451
SOM,1901,450.6
SOM,1902,450.1
SOM,1903,449.6
SOM,1904,449
SOM,1905,448.3
SOM,1906,447.6
SOM,1907,446.8
SOM,1908,445.9
SOM,1909,444.9
SOM,1910,444
SOM,1911,442.9
SOM,1912,441.9
SOM,1913,440.8
SOM,1914,439.8
SOM,1915,438.7
SOM,1916,437.6
SOM,1917,436.6
SOM,1918,435.5
SOM,1919,434.5
SOM,1920,433.4
SOM,1921,432.3
SOM,1922,431.3
SOM,1923,430.2
SOM,1924,429.2
SOM,1925,428.1
SOM,1926,427
SOM,1927,426
SOM,1928,424.9
SOM,1929,423.9
SOM,1930,422.8
SOM,1931,421.7
SOM,1932,420.7
SOM,1933,419.6
SOM,1934,418.6
SOM,1935,417.5
SOM,1936,416.4
SOM,1937,415.4
SOM,1938,414.3
SOM,1939,413.2
SOM,1940,412.2
SOM,1941,411.1
SOM,1942,410.1
SOM,1943,409
SOM,1944,408
SOM,1945,406.9
SOM,1946,396.2
SOM,1947,386.8
SOM,1948,376.5
SOM,1949,367.5
SOM,1950,357.5
SOM,1951,354.4
SOM,1952,349
SOM,1953,343.3
SOM,1954,337.2
SOM,1955,330.8
SOM,1956,324
SOM,1957,316.9
SOM,1958,309.5
SOM,1959,302.1
SOM,1960,294.9
SOM,1961,287.8
SOM,1962,280.8
SOM,1963,273.8
SOM,1964,266.9
SOM,1965,260
SOM,1966,253.1
SOM,1967,246.3
SOM,1968,239.9
SOM,1969,233.8
SOM,1970,228.1
SOM,1971,223.6
SOM,1972,218.6
SOM,1973,215.6
SOM,1974,212.7
SOM,1975,209.8
SOM,1976,207
SOM,1977,204.2
SOM,1978,201.4
SOM,1979,198.7
SOM,1980,224.1
SOM,1981,222.1
SOM,1982,190.7
SOM,1983,189.1
SOM,1984,187.1
SOM,1985,186
SOM,1986,185.4
SOM,1987,184.9
SOM,1988,184.1
SOM,1989,182.7
SOM,1990,180.2
SOM,1991,177.2
SOM,1992,175.3
SOM,1993,174.5
SOM,1994,174.4
SOM,1995,174.4
SOM,1996,174.4
SOM,1997,174.4
SOM,1998,174.4
SOM,1999,174.4
SOM,2000,174.4
SOM,2001,174.4
SOM,2002,174.4
SOM,2003,174.4
SOM,2004,174.4
SOM,2005,174.3
SOM,2006,173.7
SOM,2007,171.8
SOM,2008,168.5
SOM,2009,164.4
SOM,2010,160.2
SOM,2011,155.3
SOM,2012,150.6
SOM,2013,146.1
SOM,2014,141.2
SOM,2015,136.8
ZAF,1800,398.4
ZAF,1801,398.4
ZAF,1802,398.4
ZAF,1803,398.4
ZAF,1804,398.4
ZAF,1805,398.4
ZAF,1806,398.4
ZAF,1807,398.4
ZAF,1808,398.4
ZAF,1809,398.4
ZAF,1810,398.4
ZAF,1811,398.4
ZAF,1812,398.4
ZAF,1813,398.4
ZAF,1814,398.4
ZAF,1815,398.4
ZAF,1816,398.4
ZAF,1817,398.4
ZAF,1818,398.4
ZAF,1819,398.4
ZAF,1820,398.4
ZAF,1821,398.4
ZAF,1822,398.4
ZAF,1823,398.4
ZAF,1824,398.4
ZAF,1825,398.4
ZAF,1826,398.4
ZAF,1827,398.4
ZAF,1828,398.4
ZAF,1829,398.4
ZAF,1830,398.4
ZAF,1831,398.4
ZAF,1832,398.4
ZAF,1833,398.4
ZAF,1834,398.4
ZAF,1835,398.4
ZAF,1836,398.4
ZAF,1837,398.4
ZAF,1838,398.4
ZAF,1839,398.4
ZAF,1840,398.4
ZAF,1841,398.4
ZAF,1842,398.4
ZAF,1843,398.4
ZAF,1844,398.4
ZAF,1845,398.4
ZAF,1846,398.4
ZAF,1847,398.4
ZAF,1848,398.4
ZAF,1849,398.4
ZAF,1850,398.4
ZAF,1851,398.4
ZAF,1852,398.4
ZAF,1853,398.4
ZAF,1854,398.4
ZAF,1855,398.4
ZAF,1856,398.4
ZAF,1857,398.4
ZAF,1858,398.4
ZAF,1859,398.4
ZAF,1860,398.4
ZAF,1861,398.4
ZAF,1862,398.4
ZAF,1863,398.4
ZAF,1864,398.4
ZAF,1865,398.4
ZAF,1866,398.4
ZAF,1867,398.4
ZAF,1868,398.4
ZAF,1869,398.4
ZAF,1870,398.4
ZAF,1871,398.4
ZAF,1872,398.4
ZAF,1873,398.4
ZAF,1874,398.4
ZAF,1875,398.4
ZAF,1876,398.4
ZAF,1877,398.4
ZAF,1878,398.4
ZAF,1879,398.4
ZAF,1880,398.4
ZAF,1881,398.4
ZAF,1882,398.4
ZAF,1883,398.4
ZAF,1884,398.4
ZAF,1885,398.4
ZAF,1886,398.4
ZAF,1887,398.4
ZAF,1888,398.4
ZAF,1889,398.4
ZAF,1890,398.4
ZAF,1891,398.4
ZAF,1892,398.4
ZAF,1893,398.4
ZAF,1894,398.4
ZAF,1895,398.4
ZAF,1896,398.4
ZAF,1897,398.2
ZAF,1898,398.1
ZAF,1899,397.9
ZAF,1900,397.6
ZAF,1901,397.2
ZAF,1902,396.8
ZAF,1903,396.4
ZAF,1904,395.8
ZAF,1905,395.2
ZAF,1906,394.6
ZAF,1907,393.9
ZAF,1908,393.1
ZAF,1909,392.3
ZAF,1910,391.4
ZAF,1911,390.5
ZAF,1912,389.6
ZAF,1913,388.6
ZAF,1914,387.7
ZAF,1915,386.8
ZAF,1916,385.8
ZAF,1917,384.9
ZAF,1918,384
ZAF,1919,383
ZAF,1920,382.1
ZAF,1921,381.1
ZAF,1922,380.2
ZAF,1923,379.3
ZAF,1924,378.4
ZAF,1925,377.4
ZAF,1926,376.5
ZAF,1927,375.5
ZAF,1928,374.6
ZAF,1929,373.7
ZAF,1930,372.7
ZAF,1931,366
ZAF,1932,359.4
ZAF,1933,352.8
ZAF,1934,346.4
ZAF,1935,340.2
ZAF,1936,334.2
ZAF,1937,328.1
ZAF,1938,322.3
ZAF,1939,316.4
ZAF,1940,310.6
ZAF,1941,304.9
ZAF,1942,299.3
ZAF,1943,293.7
ZAF,1944,288.2
ZAF,1945,282.7
ZAF,1946,277.3
ZAF,1947,272
ZAF,1948,266.7
ZAF,1949,261.5
ZAF,1950,256.4
ZAF,1951,252.2
ZAF,1952,244.5
ZAF,1953,237.4
ZAF,1954,230.2
ZAF,1955,223.6
ZAF,1956,217.8
ZAF,1957,211.7
ZAF,1958,205.5
ZAF,1959,200.2
ZAF,1960,194.9
ZAF,1961,189.7
ZAF,1962,184.6
ZAF,1963,179.6
ZAF,1964,174.6
ZAF,1965,169.5
ZAF,1966,164.6
ZAF,1967,159.8
ZAF,1968,155.2
ZAF,1969,150.8
ZAF,1970,146.4
ZAF,1971,142.2
ZAF,1972,138.1
ZAF,1973,134.1
ZAF,1974,130.2
ZAF,1975,123.1
ZAF,1976,116.7
ZAF,1977,110.4
ZAF,1978,104.6
ZAF,1979,99.1
ZAF,1980,93.8
ZAF,1981,89
ZAF,1982,84.6
ZAF,1983,80.6
ZAF,1984,76.9
ZAF,1985,73.5
ZAF,1986,70.5
ZAF,1987,67.7
ZAF,1988,65.3
ZAF,1989,63.2
ZAF,1990,61.5
ZAF,1991,60.3
ZAF,1992,59.8
ZAF,1993,60.1
ZAF,1994,61
ZAF,1995,62.6
ZAF,1996,64.7
ZAF,1997,67.3
ZAF,1998,69.8
ZAF,1999,72.1
ZAF,2000,74
ZAF,2001,75.5
ZAF,2002,76.3
ZAF,2003,78
ZAF,2004,76.9
ZAF,2005,75.2
ZAF,2006,72.8
ZAF,2007,70.1
ZAF,2008,66.1
ZAF,2009,61.8
ZAF,2010,54.4
ZAF,2011,50.6
ZAF,2012,47.8
ZAF,2013,45.1
ZAF,2014,43.3
ZAF,2015,42.1
ESP,1800,450.6
ESP,1801,450.6
ESP,1802,450.6
ESP,1803,450.6
ESP,1804,450.6
ESP,1805,450.6
ESP,1806,450.6
ESP,1807,450.6
ESP,1808,450.6
ESP,1809,450.6
ESP,1810,450.6
ESP,1811,450.6
ESP,1812,450.6
ESP,1813,450.6
ESP,1814,450.6
ESP,1815,450.6
ESP,1816,450.6
ESP,1817,450.6
ESP,1818,450.6
ESP,1819,450.6
ESP,1820,450.6
ESP,1821,450.6
ESP,1822,450.6
ESP,1823,450.6
ESP,1824,450.6
ESP,1825,450.6
ESP,1826,450.6
ESP,1827,450.6
ESP,1828,450.6
ESP,1829,450.6
ESP,1830,450.6
ESP,1831,450.6
ESP,1832,450.6
ESP,1833,450.6
ESP,1834,450.6
ESP,1835,450.6
ESP,1836,450.6
ESP,1837,450.6
ESP,1838,450.6
ESP,1839,450.6
ESP,1840,450.6
ESP,1841,450.6
ESP,1842,450.6
ESP,1843,450.6
ESP,1844,450.6
ESP,1845,450.6
ESP,1846,450.6
ESP,1847,450.6
ESP,1848,450.6
ESP,1849,430.3
ESP,1850,411
ESP,1851,392.5
ESP,1852,374.8
ESP,1853,358
ESP,1854,341.9
ESP,1855,326.5
ESP,1856,311.8
ESP,1857,297.8
ESP,1858,284.4
ESP,1859,310.6
ESP,1860,282.7
ESP,1861,273.2
ESP,1862,284.4
ESP,1863,309
ESP,1864,325.3
ESP,1865,326.9
ESP,1866,300.8
ESP,1867,305.7
ESP,1868,344.7
ESP,1869,318.8
ESP,1870,330.1
ESP,1871,328.7
ESP,1872,327.2
ESP,1873,325.8
ESP,1874,324.4
ESP,1875,323
ESP,1876,321.6
ESP,1877,320.1
ESP,1878,318.8
ESP,1879,310.6
ESP,1880,309
ESP,1881,307.3
ESP,1882,312.3
ESP,1883,331.8
ESP,1884,302.4
ESP,1885,312.3
ESP,1886,284.4
ESP,1887,323.6
ESP,1888,299.1
ESP,1889,301.7
ESP,1890,304.4
ESP,1891,307
ESP,1892,309.6
ESP,1893,312.3
ESP,1894,315
ESP,1895,317.8
ESP,1896,320.5
ESP,1897,323.3
ESP,1898,326.1
ESP,1899,328.9
ESP,1900,331.8
ESP,1901,300.8
ESP,1902,292.6
ESP,1903,263.5
ESP,1904,281.1
ESP,1905,261.9
ESP,1906,282.7
ESP,1907,256.7
ESP,1908,288.3
ESP,1909,286.4
ESP,1910,299.2
ESP,1911,321.8
ESP,1912,261.2
ESP,1913,277.1
ESP,1914,267.4
ESP,1915,269.8
ESP,1916,255.3
ESP,1917,267.6
ESP,1918,345.1
ESP,1919,271.8
ESP,1920,314.4
ESP,1921,290.2
ESP,1922,257.7
ESP,1923,253.3
ESP,1924,234.4
ESP,1925,227.3
ESP,1926,217.9
ESP,1927,204.4
ESP,1928,214.8
ESP,1929,202.1
ESP,1930,215.9
ESP,1931,207.4
ESP,1932,190.5
ESP,1933,182.7
ESP,1934,177.2
ESP,1935,172.3
ESP,1936,169.2
ESP,1937,199.7
ESP,1938,183.5
ESP,1939,192.7
ESP,1940,208.1
ESP,1941,205.8
ESP,1942,163.8
ESP,1943,155.8
ESP,1944,136.3
ESP,1945,127
ESP,1946,122.4
ESP,1947,107.8
ESP,1948,98.93
ESP,1949,98.95
ESP,1950,115.5
ESP,1951,101.8
ESP,1952,91
ESP,1953,83.1
ESP,1954,78.1
ESP,1955,74.9
ESP,1956,71.9
ESP,1957,68.3
ESP,1958,64.3
ESP,1959,59.9
ESP,1960,55.6
ESP,1961,51.6
ESP,1962,48.2
ESP,1963,45.3
ESP,1964,42.9
ESP,1965,40.8
ESP,1966,38.8
ESP,1967,36.7
ESP,1968,34.4
ESP,1969,31.8
ESP,1970,29.2
ESP,1971,26.6
ESP,1972,24.4
ESP,1973,23.1
ESP,1974,23
ESP,1975,23.5
ESP,1976,23.6
ESP,1977,22.8
ESP,1978,21.3
ESP,1979,19.5
ESP,1980,17.8
ESP,1981,16.4
ESP,1982,15.4
ESP,1983,14.7
ESP,1984,14
ESP,1985,13.4
ESP,1986,12.8
ESP,1987,12.3
ESP,1988,11.9
ESP,1989,11.5
ESP,1990,11
ESP,1991,10.5
ESP,1992,10.1
ESP,1993,9.5
ESP,1994,8.9
ESP,1995,8.3
ESP,1996,7.7
ESP,1997,7.3
ESP,1998,7
ESP,1999,6.7
ESP,2000,6.5
ESP,2001,6.3
ESP,2002,6.2
ESP,2003,6.1
ESP,2004,5.9
ESP,2005,5.7
ESP,2006,5.5
ESP,2007,5.2
ESP,2008,5
ESP,2009,4.8
ESP,2010,4.6
ESP,2011,4.5
ESP,2012,4.4
ESP,2013,4.3
ESP,2014,4.2
ESP,2015,4.1
LKA,1800,409.8
LKA,1801,409.8
LKA,1802,409.8
LKA,1803,409.8
LKA,1804,409.8
LKA,1805,409.8
LKA,1806,409.8
LKA,1807,409.8
LKA,1808,409.8
LKA,1809,409.8
LKA,1810,409.8
LKA,1811,409.8
LKA,1812,409.8
LKA,1813,409.8
LKA,1814,409.8
LKA,1815,409.8
LKA,1816,409.8
LKA,1817,409.8
LKA,1818,409.8
LKA,1819,409.8
LKA,1820,409.8
LKA,1821,409.8
LKA,1822,409.8
LKA,1823,409.8
LKA,1824,409.8
LKA,1825,409.8
LKA,1826,409.8
LKA,1827,409.8
LKA,1828,409.8
LKA,1829,409.8
LKA,1830,409.8
LKA,1831,409.8
LKA,1832,409.8
LKA,1833,409.8
LKA,1834,409.8
LKA,1835,409.8
LKA,1836,409.8
LKA,1837,409.8
LKA,1838,409.8
LKA,1839,409.8
LKA,1840,409.8
LKA,1841,409.8
LKA,1842,409.8
LKA,1843,409.8
LKA,1844,409.8
LKA,1845,409.8
LKA,1846,409.8
LKA,1847,409.8
LKA,1848,409.8
LKA,1849,409.8
LKA,1850,409.8
LKA,1851,409.8
LKA,1852,409.8
LKA,1853,409.8
LKA,1854,409.8
LKA,1855,409.8
LKA,1856,409.8
LKA,1857,409.8
LKA,1858,409.8
LKA,1859,409.8
LKA,1860,409.8
LKA,1861,409.8
LKA,1862,409.8
LKA,1863,409.8
LKA,1864,409.8
LKA,1865,409.8
LKA,1866,409.8
LKA,1867,409.8
LKA,1868,409.8
LKA,1869,409.8
LKA,1870,409.8
LKA,1871,409.8
LKA,1872,409.8
LKA,1873,409.8
LKA,1874,409.8
LKA,1875,409.8
LKA,1876,409.8
LKA,1877,409.8
LKA,1878,409.8
LKA,1879,409.8
LKA,1880,409.8
LKA,1881,409.8
LKA,1882,409.8
LKA,1883,409.8
LKA,1884,409.8
LKA,1885,409.8
LKA,1886,409.8
LKA,1887,409.8
LKA,1888,409.8
LKA,1889,409.8
LKA,1890,409.8
LKA,1891,409.8
LKA,1892,409.8
LKA,1893,409.8
LKA,1894,409.8
LKA,1895,409.8
LKA,1896,409.7
LKA,1897,409.6
LKA,1898,409.4
LKA,1899,409.2
LKA,1900,408.9
LKA,1901,408.6
LKA,1902,411.9
LKA,1903,414
LKA,1904,417.3
LKA,1905,420.5
LKA,1906,422.4
LKA,1907,425.5
LKA,1908,428.6
LKA,1909,431.7
LKA,1910,433.3
LKA,1911,436.3
LKA,1912,432.5
LKA,1913,428.8
LKA,1914,425.1
LKA,1915,421.5
LKA,1916,416.5
LKA,1917,412.9
LKA,1918,409.4
LKA,1919,405.8
LKA,1920,402.3
LKA,1921,398.7
LKA,1922,385.5
LKA,1923,372.7
LKA,1924,359
LKA,1925,346.8
LKA,1926,334.8
LKA,1927,323.1
LKA,1928,310.7
LKA,1929,299.5
LKA,1930,288.6
LKA,1931,277.9
LKA,1932,267.5
LKA,1933,256.4
LKA,1934,246.4
LKA,1935,236.7
LKA,1936,237.8
LKA,1937,239
LKA,1938,241.1
LKA,1939,242.2
LKA,1940,243.3
LKA,1941,230.2
LKA,1942,217.7
LKA,1943,205.9
LKA,1944,194.7
LKA,1945,184.2
LKA,1946,174.2
LKA,1947,164.8
LKA,1948,155.8
LKA,1949,147.4
LKA,1950,139.4
LKA,1951,135
LKA,1952,132.5
LKA,1953,129.8
LKA,1954,127
LKA,1955,123.5
LKA,1956,119.7
LKA,1957,115.3
LKA,1958,110.6
LKA,1959,105.8
LKA,1960,101
LKA,1961,96.4
LKA,1962,92.2
LKA,1963,88.3
LKA,1964,84.8
LKA,1965,81.6
LKA,1966,78.8
LKA,1967,76.4
LKA,1968,74.3
LKA,1969,72.5
LKA,1970,71
LKA,1971,69.7
LKA,1972,68.5
LKA,1973,67.1
LKA,1974,65.6
LKA,1975,63.8
LKA,1976,61.6
LKA,1977,59.1
LKA,1978,56.3
LKA,1979,53.2
LKA,1980,49.9
LKA,1981,46.3
LKA,1982,42.4
LKA,1983,38.3
LKA,1984,34.1
LKA,1985,30.2
LKA,1986,26.9
LKA,1987,24.2
LKA,1988,22.5
LKA,1989,21.6
LKA,1990,21.3
LKA,1991,21.2
LKA,1992,21.2
LKA,1993,21.1
LKA,1994,20.8
LKA,1995,20.2
LKA,1996,19.5
LKA,1997,18.7
LKA,1998,17.8
LKA,1999,17
LKA,2000,16.3
LKA,2001,15.8
LKA,2002,15.4
LKA,2003,15
LKA,2004,28.8
LKA,2005,14.1
LKA,2006,13.3
LKA,2007,12.5
LKA,2008,11.7
LKA,2009,11.1
LKA,2010,10.6
LKA,2011,10.1
LKA,2012,9.7
LKA,2013,9.4
LKA,2014,9
LKA,2015,8.7
SDN,1800,425.2
SDN,1801,425.2
SDN,1802,425.2
SDN,1803,425.2
SDN,1804,425.2
SDN,1805,425.2
SDN,1806,425.2
SDN,1807,425.2
SDN,1808,425.2
SDN,1809,425.2
SDN,1810,425.2
SDN,1811,425.2
SDN,1812,425.2
SDN,1813,425.2
SDN,1814,425.2
SDN,1815,425.2
SDN,1816,425.2
SDN,1817,425.2
SDN,1818,425.2
SDN,1819,425.2
SDN,1820,425.2
SDN,1821,425.2
SDN,1822,425.2
SDN,1823,425.2
SDN,1824,425.2
SDN,1825,425.2
SDN,1826,425.2
SDN,1827,425.2
SDN,1828,425.2
SDN,1829,425.2
SDN,1830,425.2
SDN,1831,425.2
SDN,1832,425.2
SDN,1833,425.2
SDN,1834,425.2
SDN,1835,425.2
SDN,1836,425.2
SDN,1837,425.2
SDN,1838,425.2
SDN,1839,425.2
SDN,1840,425.2
SDN,1841,425.2
SDN,1842,425.2
SDN,1843,425.2
SDN,1844,425.2
SDN,1845,425.2
SDN,1846,425.2
SDN,1847,425.2
SDN,1848,425.2
SDN,1849,425.2
SDN,1850,425.2
SDN,1851,425.2
SDN,1852,425.2
SDN,1853,425.2
SDN,1854,425.2
SDN,1855,425.2
SDN,1856,425.2
SDN,1857,425.2
SDN,1858,425.2
SDN,1859,425.2
SDN,1860,425.2
SDN,1861,425.2
SDN,1862,425.2
SDN,1863,425.2
SDN,1864,425.2
SDN,1865,425.2
SDN,1866,425.2
SDN,1867,425.2
SDN,1868,425.2
SDN,1869,425.2
SDN,1870,425.2
SDN,1871,425.2
SDN,1872,425.2
SDN,1873,425.2
SDN,1874,425.2
SDN,1875,425.2
SDN,1876,425.2
SDN,1877,425.2
SDN,1878,425.2
SDN,1879,425.2
SDN,1880,425.2
SDN,1881,425.2
SDN,1882,425.2
SDN,1883,425.2
SDN,1884,425.2
SDN,1885,425.2
SDN,1886,425.2
SDN,1887,425.2
SDN,1888,425.2
SDN,1889,425.2
SDN,1890,425.2
SDN,1891,425.2
SDN,1892,425.2
SDN,1893,425.2
SDN,1894,425.2
SDN,1895,425.2
SDN,1896,425.1
SDN,1897,425
SDN,1898,424.9
SDN,1899,424.6
SDN,1900,424.3
SDN,1901,424
SDN,1902,423.5
SDN,1903,423
SDN,1904,422.5
SDN,1905,421.8
SDN,1906,421.1
SDN,1907,420.4
SDN,1908,419.5
SDN,1909,418.6
SDN,1910,417.7
SDN,1911,416.8
SDN,1912,415.8
SDN,1913,414.8
SDN,1914,413.8
SDN,1915,412.9
SDN,1916,411.9
SDN,1917,411
SDN,1918,410
SDN,1919,409.1
SDN,1920,408.1
SDN,1921,407.2
SDN,1922,406.2
SDN,1923,405.3
SDN,1924,404.4
SDN,1925,403.4
SDN,1926,402.4
SDN,1927,401.5
SDN,1928,400.5
SDN,1929,399.6
SDN,1930,398.6
SDN,1931,397.7
SDN,1932,396.7
SDN,1933,395.8
SDN,1934,394.8
SDN,1935,393.9
SDN,1936,392.9
SDN,1937,392
SDN,1938,391
SDN,1939,390.1
SDN,1940,389.1
SDN,1941,374.1
SDN,1942,359.4
SDN,1943,345.2
SDN,1944,327.3
SDN,1945,310.4
SDN,1946,294.3
SDN,1947,279.1
SDN,1948,264.6
SDN,1949,250.9
SDN,1950,238
SDN,1951,225.7
SDN,1952,214
SDN,1953,202.9
SDN,1954,199.4
SDN,1955,195.8
SDN,1956,192.1
SDN,1957,188.5
SDN,1958,185.1
SDN,1959,181.7
SDN,1960,178.4
SDN,1961,175.2
SDN,1962,172.2
SDN,1963,169.3
SDN,1964,166.5
SDN,1965,164
SDN,1966,161.7
SDN,1967,159.6
SDN,1968,157.7
SDN,1969,156
SDN,1970,154.6
SDN,1971,153.3
SDN,1972,152.1
SDN,1973,150.8
SDN,1974,149.6
SDN,1975,148.3
SDN,1976,147
SDN,1977,145.6
SDN,1978,144.3
SDN,1979,143.2
SDN,1980,142.1
SDN,1981,140.9
SDN,1982,139.9
SDN,1983,138.8
SDN,1984,137.5
SDN,1985,136
SDN,1986,134.5
SDN,1987,132.8
SDN,1988,131.1
SDN,1989,129.3
SDN,1990,127.5
SDN,1991,125.7
SDN,1992,123.9
SDN,1993,122.1
SDN,1994,120.2
SDN,1995,118.2
SDN,1996,116.1
SDN,1997,113.9
SDN,1998,111.4
SDN,1999,108.8
SDN,2000,105.9
SDN,2001,103.1
SDN,2002,100.2
SDN,2003,97.3
SDN,2004,94.5
SDN,2005,91.9
SDN,2006,89.3
SDN,2007,87
SDN,2008,84.7
SDN,2009,82.4
SDN,2010,80.2
SDN,2011,78.2
SDN,2012,76.3
SDN,2013,74.2
SDN,2014,72.2
SDN,2015,70.1
SUR,1800,406
SUR,1801,406
SUR,1802,406
SUR,1803,406
SUR,1804,406
SUR,1805,406
SUR,1806,406
SUR,1807,406
SUR,1808,406
SUR,1809,406
SUR,1810,406
SUR,1811,406
SUR,1812,406
SUR,1813,406
SUR,1814,406
SUR,1815,406
SUR,1816,406
SUR,1817,406
SUR,1818,406
SUR,1819,406
SUR,1820,406
SUR,1821,406
SUR,1822,406
SUR,1823,406
SUR,1824,406
SUR,1825,406
SUR,1826,406
SUR,1827,406
SUR,1828,406
SUR,1829,406
SUR,1830,406
SUR,1831,406
SUR,1832,406
SUR,1833,406
SUR,1834,406
SUR,1835,406
SUR,1836,406
SUR,1837,406
SUR,1838,406
SUR,1839,406
SUR,1840,406
SUR,1841,406
SUR,1842,406
SUR,1843,406
SUR,1844,406
SUR,1845,406
SUR,1846,406
SUR,1847,406
SUR,1848,406
SUR,1849,406
SUR,1850,406
SUR,1851,406
SUR,1852,406
SUR,1853,406
SUR,1854,406
SUR,1855,406
SUR,1856,406
SUR,1857,406
SUR,1858,406
SUR,1859,406
SUR,1860,406
SUR,1861,406
SUR,1862,406
SUR,1863,406
SUR,1864,406
SUR,1865,406
SUR,1866,406
SUR,1867,406
SUR,1868,406
SUR,1869,406
SUR,1870,406
SUR,1871,406
SUR,1872,406
SUR,1873,406
SUR,1874,406
SUR,1875,406
SUR,1876,406
SUR,1877,406
SUR,1878,406
SUR,1879,406
SUR,1880,406
SUR,1881,406
SUR,1882,406
SUR,1883,406
SUR,1884,406
SUR,1885,406
SUR,1886,406
SUR,1887,406
SUR,1888,406
SUR,1889,406
SUR,1890,406
SUR,1891,406
SUR,1892,406
SUR,1893,406
SUR,1894,405.9
SUR,1895,405.9
SUR,1896,405.9
SUR,1897,405.8
SUR,1898,405.6
SUR,1899,405.4
SUR,1900,405.1
SUR,1901,404.7
SUR,1902,404.3
SUR,1903,403.9
SUR,1904,403.3
SUR,1905,402.7
SUR,1906,402
SUR,1907,401.3
SUR,1908,400.5
SUR,1909,399.7
SUR,1910,398.8
SUR,1911,397.9
SUR,1912,396.9
SUR,1913,396
SUR,1914,395
SUR,1915,394.1
SUR,1916,393.1
SUR,1917,392.1
SUR,1918,391.2
SUR,1919,390.2
SUR,1920,389.3
SUR,1921,388.3
SUR,1922,387.4
SUR,1923,386.4
SUR,1924,385.5
SUR,1925,384.5
SUR,1926,372.9
SUR,1927,362.8
SUR,1928,351.6
SUR,1929,340.7
SUR,1930,330.1
SUR,1931,320.7
SUR,1932,310.4
SUR,1933,300.4
SUR,1934,291.5
SUR,1935,281.8
SUR,1936,272.4
SUR,1937,264
SUR,1938,254.9
SUR,1939,245.9
SUR,1940,237.1
SUR,1941,229.4
SUR,1942,221
SUR,1943,211.4
SUR,1944,203
SUR,1945,193.9
SUR,1946,185.1
SUR,1947,176.6
SUR,1948,169
SUR,1949,160.8
SUR,1950,153
SUR,1951,149.5
SUR,1952,143.3
SUR,1953,137.8
SUR,1954,132.2
SUR,1955,126.7
SUR,1956,121.7
SUR,1957,117.3
SUR,1958,112.3
SUR,1959,108
SUR,1960,103.9
SUR,1961,100.4
SUR,1962,96.39
SUR,1963,93.03
SUR,1964,89.22
SUR,1965,85.51
SUR,1966,81.87
SUR,1967,78.79
SUR,1968,75.42
SUR,1969,72.67
SUR,1970,69.66
SUR,1971,67.23
SUR,1972,65.35
SUR,1973,64.24
SUR,1974,63.15
SUR,1975,62.08
SUR,1976,61.02
SUR,1977,59.97
SUR,1978,58.94
SUR,1979,57.93
SUR,1980,56.74
SUR,1981,55.8
SUR,1982,54.96
SUR,1983,57
SUR,1984,55.5
SUR,1985,54.1
SUR,1986,52.7
SUR,1987,51.4
SUR,1988,50.2
SUR,1989,48.9
SUR,1990,47.6
SUR,1991,46.3
SUR,1992,44.9
SUR,1993,43.5
SUR,1994,42.2
SUR,1995,40.9
SUR,1996,39.6
SUR,1997,38.3
SUR,1998,37
SUR,1999,35.7
SUR,2000,34.4
SUR,2001,33.3
SUR,2002,32.1
SUR,2003,31.1
SUR,2004,30.1
SUR,2005,29.2
SUR,2006,28.3
SUR,2007,27.4
SUR,2008,26.4
SUR,2009,25.6
SUR,2010,24.9
SUR,2011,24.1
SUR,2012,23.4
SUR,2013,22.6
SUR,2014,21.9
SUR,2015,21.3
SWZ,1800,413.6
SWZ,1801,413.6
SWZ,1802,413.6
SWZ,1803,413.6
SWZ,1804,413.6
SWZ,1805,413.6
SWZ,1806,413.6
SWZ,1807,413.6
SWZ,1808,413.6
SWZ,1809,413.6
SWZ,1810,413.6
SWZ,1811,413.6
SWZ,1812,413.6
SWZ,1813,413.6
SWZ,1814,413.6
SWZ,1815,413.6
SWZ,1816,413.6
SWZ,1817,413.6
SWZ,1818,413.6
SWZ,1819,413.6
SWZ,1820,413.6
SWZ,1821,413.6
SWZ,1822,413.6
SWZ,1823,413.6
SWZ,1824,413.6
SWZ,1825,413.6
SWZ,1826,413.6
SWZ,1827,413.6
SWZ,1828,413.6
SWZ,1829,413.6
SWZ,1830,413.6
SWZ,1831,413.6
SWZ,1832,413.6
SWZ,1833,413.6
SWZ,1834,413.6
SWZ,1835,413.6
SWZ,1836,413.6
SWZ,1837,413.6
SWZ,1838,413.6
SWZ,1839,413.6
SWZ,1840,413.6
SWZ,1841,413.6
SWZ,1842,413.6
SWZ,1843,413.6
SWZ,1844,413.6
SWZ,1845,413.6
SWZ,1846,413.6
SWZ,1847,413.6
SWZ,1848,413.6
SWZ,1849,413.6
SWZ,1850,413.6
SWZ,1851,413.6
SWZ,1852,413.6
SWZ,1853,413.6
SWZ,1854,413.6
SWZ,1855,413.6
SWZ,1856,413.6
SWZ,1857,413.6
SWZ,1858,413.6
SWZ,1859,413.6
SWZ,1860,413.6
SWZ,1861,413.6
SWZ,1862,413.6
SWZ,1863,413.6
SWZ,1864,413.6
SWZ,1865,413.6
SWZ,1866,413.6
SWZ,1867,413.6
SWZ,1868,413.6
SWZ,1869,413.6
SWZ,1870,413.6
SWZ,1871,413.6
SWZ,1872,413.6
SWZ,1873,413.6
SWZ,1874,413.6
SWZ,1875,413.6
SWZ,1876,413.6
SWZ,1877,413.6
SWZ,1878,413.6
SWZ,1879,413.6
SWZ,1880,413.6
SWZ,1881,413.6
SWZ,1882,413.6
SWZ,1883,413.6
SWZ,1884,413.6
SWZ,1885,413.6
SWZ,1886,413.6
SWZ,1887,413.6
SWZ,1888,413.6
SWZ,1889,413.6
SWZ,1890,413.6
SWZ,1891,413.6
SWZ,1892,413.6
SWZ,1893,413.6
SWZ,1894,413.6
SWZ,1895,413.6
SWZ,1896,413.5
SWZ,1897,413.4
SWZ,1898,413.2
SWZ,1899,413
SWZ,1900,412.7
SWZ,1901,412.4
SWZ,1902,411.9
SWZ,1903,411.4
SWZ,1904,410.9
SWZ,1905,410.3
SWZ,1906,409.6
SWZ,1907,408.9
SWZ,1908,408.1
SWZ,1909,407.2
SWZ,1910,406.3
SWZ,1911,405.2
SWZ,1912,404.1
SWZ,1913,403.1
SWZ,1914,402
SWZ,1915,400.9
SWZ,1916,399.8
SWZ,1917,398.7
SWZ,1918,397.6
SWZ,1919,396.5
SWZ,1920,395.4
SWZ,1921,394.4
SWZ,1922,393.3
SWZ,1923,392.2
SWZ,1924,391.1
SWZ,1925,390
SWZ,1926,388.9
SWZ,1927,387.9
SWZ,1928,386.8
SWZ,1929,385.7
SWZ,1930,384.6
SWZ,1931,383.5
SWZ,1932,382.4
SWZ,1933,381.4
SWZ,1934,380.3
SWZ,1935,379.2
SWZ,1936,378.1
SWZ,1937,377.1
SWZ,1938,376
SWZ,1939,374.9
SWZ,1940,373.8
SWZ,1941,357.5
SWZ,1942,341.9
SWZ,1943,327
SWZ,1944,312.8
SWZ,1945,299.1
SWZ,1946,286.1
SWZ,1947,273.6
SWZ,1948,261.7
SWZ,1949,242.6
SWZ,1950,239.4
SWZ,1951,236.9
SWZ,1952,234.2
SWZ,1953,231.2
SWZ,1954,228.7
SWZ,1955,225.9
SWZ,1956,223.1
SWZ,1957,220.3
SWZ,1958,217.3
SWZ,1959,214.4
SWZ,1960,211.2
SWZ,1961,208
SWZ,1962,204.8
SWZ,1963,201.5
SWZ,1964,197.8
SWZ,1965,194
SWZ,1966,190.3
SWZ,1967,186.6
SWZ,1968,182.9
SWZ,1969,179
SWZ,1970,174.8
SWZ,1971,170.1
SWZ,1972,164.8
SWZ,1973,158.9
SWZ,1974,152.5
SWZ,1975,145.8
SWZ,1976,139.5
SWZ,1977,133.4
SWZ,1978,127.8
SWZ,1979,122.4
SWZ,1980,117
SWZ,1981,111.3
SWZ,1982,105.3
SWZ,1983,99.1
SWZ,1984,92.9
SWZ,1985,86.7
SWZ,1986,81
SWZ,1987,76
SWZ,1988,71.9
SWZ,1989,68.8
SWZ,1990,67
SWZ,1991,66.7
SWZ,1992,68
SWZ,1993,71
SWZ,1994,75.7
SWZ,1995,81.1
SWZ,1996,86.9
SWZ,1997,92.6
SWZ,1998,98.3
SWZ,1999,103.9
SWZ,2000,109.5
SWZ,2001,113.8
SWZ,2002,117
SWZ,2003,119.5
SWZ,2004,120.9
SWZ,2005,120.8
SWZ,2006,115.9
SWZ,2007,113
SWZ,2008,112.2
SWZ,2009,105.1
SWZ,2010,90.9
SWZ,2011,83.6
SWZ,2012,78.8
SWZ,2013,74.9
SWZ,2014,70.8
SWZ,2015,69.6
SWE,1800,381.1
SWE,1801,328.8
SWE,1802,282.9
SWE,1803,275.3
SWE,1804,271.7
SWE,1805,265.9
SWE,1806,332.8
SWE,1807,278.3
SWE,1808,349.6
SWE,1809,365.9
SWE,1810,346
SWE,1811,324.6
SWE,1812,312.2
SWE,1813,303.6
SWE,1814,299.4
SWE,1815,274.6
SWE,1816,273.5
SWE,1817,276.1
SWE,1818,269.7
SWE,1819,293.6
SWE,1820,260.8
SWE,1821,305.1
SWE,1822,245
SWE,1823,217.6
SWE,1824,224.6
SWE,1825,227.9
SWE,1826,242.2
SWE,1827,226.3
SWE,1828,282.1
SWE,1829,303
SWE,1830,254.9
SWE,1831,275.9
SWE,1832,256
SWE,1833,244.4
SWE,1834,252.6
SWE,1835,200
SWE,1836,225
SWE,1837,279.7
SWE,1838,253.6
SWE,1839,251.6
SWE,1840,220.7
SWE,1841,220.8
SWE,1842,242.4
SWE,1843,232.7
SWE,1844,226.2
SWE,1845,214.8
SWE,1846,249.7
SWE,1847,270.1
SWE,1848,212.3
SWE,1849,227
SWE,1850,217.9
SWE,1851,232.3
SWE,1852,250.3
SWE,1853,257.4
SWE,1854,219.7
SWE,1855,226.2
SWE,1856,245.9
SWE,1857,309.9
SWE,1858,248
SWE,1859,232.1
SWE,1860,196.6
SWE,1861,216.8
SWE,1862,265.5
SWE,1863,236.7
SWE,1864,235.4
SWE,1865,232.9
SWE,1866,221.8
SWE,1867,210.6
SWE,1868,249.4
SWE,1869,271.4
SWE,1870,220.5
SWE,1871,183.5
SWE,1872,186.8
SWE,1873,197.4
SWE,1874,229.8
SWE,1875,232.5
SWE,1876,237.3
SWE,1877,227.8
SWE,1878,226.9
SWE,1879,196.9
SWE,1880,203.9
SWE,1881,194.9
SWE,1882,206.6
SWE,1883,197.3
SWE,1884,192.3
SWE,1885,195
SWE,1886,183.4
SWE,1887,173.4
SWE,1888,160.7
SWE,1889,162.5
SWE,1890,177.6
SWE,1891,178.9
SWE,1892,171
SWE,1893,166.8
SWE,1894,161.5
SWE,1895,147
SWE,1896,156.2
SWE,1897,148.6
SWE,1898,140.6
SWE,1899,171.7
SWE,1900,155.2
SWE,1901,157.1
SWE,1902,135.6
SWE,1903,138.6
SWE,1904,127.2
SWE,1905,131.8
SWE,1906,117.8
SWE,1907,112.2
SWE,1908,122.2
SWE,1909,103.4
SWE,1910,108.2
SWE,1911,104.3
SWE,1912,104
SWE,1913,98.08
SWE,1914,102
SWE,1915,106.2
SWE,1916,102.6
SWE,1917,94.08
SWE,1918,107.3
SWE,1919,106.4
SWE,1920,99.42
SWE,1921,86.19
SWE,1922,82.03
SWE,1923,75.44
SWE,1924,83.13
SWE,1925,75.19
SWE,1926,74.4
SWE,1927,80.68
SWE,1928,80.93
SWE,1929,75.55
SWE,1930,71.8
SWE,1931,73.94
SWE,1932,66.78
SWE,1933,63.3
SWE,1934,61.86
SWE,1935,60.6
SWE,1936,59.78
SWE,1937,61.08
SWE,1938,56.82
SWE,1939,52.12
SWE,1940,49.2
SWE,1941,49.66
SWE,1942,40.24
SWE,1943,40.24
SWE,1944,43.72
SWE,1945,40.39
SWE,1946,33.97
SWE,1947,32.41
SWE,1948,29.72
SWE,1949,29.38
SWE,1950,27.1
SWE,1951,25.7
SWE,1952,24.4
SWE,1953,23.2
SWE,1954,22.3
SWE,1955,21.6
SWE,1956,21.1
SWE,1957,20.6
SWE,1958,20.3
SWE,1959,19.9
SWE,1960,19.6
SWE,1961,19.2
SWE,1962,18.6
SWE,1963,17.9
SWE,1964,17.1
SWE,1965,16.3
SWE,1966,15.5
SWE,1967,14.9
SWE,1968,14.4
SWE,1969,13.9
SWE,1970,13.4
SWE,1971,12.9
SWE,1972,12.3
SWE,1973,11.6
SWE,1974,10.9
SWE,1975,10.3
SWE,1976,9.8
SWE,1977,9.4
SWE,1978,9
SWE,1979,8.7
SWE,1980,8.5
SWE,1981,8.2
SWE,1982,8
SWE,1983,7.8
SWE,1984,7.7
SWE,1985,7.6
SWE,1986,7.5
SWE,1987,7.4
SWE,1988,7.3
SWE,1989,7.2
SWE,1990,6.9
SWE,1991,6.6
SWE,1992,6.1
SWE,1993,5.7
SWE,1994,5.2
SWE,1995,4.8
SWE,1996,4.5
SWE,1997,4.3
SWE,1998,4.2
SWE,1999,4.1
SWE,2000,4.1
SWE,2001,4.1
SWE,2002,4
SWE,2003,3.9
SWE,2004,3.7
SWE,2005,3.6
SWE,2006,3.4
SWE,2007,3.3
SWE,2008,3.2
SWE,2009,3.1
SWE,2010,3.1
SWE,2011,3
SWE,2012,3
SWE,2013,3
SWE,2014,3
SWE,2015,3
CHE,1800,344.8
CHE,1801,344.8
CHE,1802,344.8
CHE,1803,344.8
CHE,1804,344.8
CHE,1805,344.8
CHE,1806,344.8
CHE,1807,344.8
CHE,1808,344.8
CHE,1809,344.8
CHE,1810,344.8
CHE,1811,344.8
CHE,1812,344.8
CHE,1813,344.8
CHE,1814,344.8
CHE,1815,344.8
CHE,1816,344.8
CHE,1817,344.8
CHE,1818,344.8
CHE,1819,344.8
CHE,1820,344.8
CHE,1821,344.8
CHE,1822,344.8
CHE,1823,344.8
CHE,1824,344.8
CHE,1825,344.8
CHE,1826,344.8
CHE,1827,344.8
CHE,1828,344.8
CHE,1829,344.8
CHE,1830,344.8
CHE,1831,344.8
CHE,1832,344.8
CHE,1833,344.8
CHE,1834,344.8
CHE,1835,344.8
CHE,1836,344.8
CHE,1837,344.8
CHE,1838,344.8
CHE,1839,344.8
CHE,1840,344.8
CHE,1841,344.8
CHE,1842,344.8
CHE,1843,344.8
CHE,1844,344.8
CHE,1845,344.8
CHE,1846,344.8
CHE,1847,344.8
CHE,1848,344.8
CHE,1849,344.8
CHE,1850,344.8
CHE,1851,344.8
CHE,1852,344.8
CHE,1853,344.8
CHE,1854,344.8
CHE,1855,344.8
CHE,1856,344.8
CHE,1857,344.8
CHE,1858,344.8
CHE,1859,344.8
CHE,1860,344.8
CHE,1861,344.8
CHE,1862,344.8
CHE,1863,344.8
CHE,1864,344.8
CHE,1865,344.8
CHE,1866,344.8
CHE,1867,337.2
CHE,1868,329.8
CHE,1869,322.5
CHE,1870,315.4
CHE,1871,308.5
CHE,1872,301.7
CHE,1873,295.1
CHE,1874,288.6
CHE,1875,282.3
CHE,1876,276.1
CHE,1877,285.1
CHE,1878,279.8
CHE,1879,257.1
CHE,1880,253.2
CHE,1881,262.2
CHE,1882,240.4
CHE,1883,220.6
CHE,1884,218.1
CHE,1885,231
CHE,1886,222
CHE,1887,216.2
CHE,1888,203.9
CHE,1889,217.8
CHE,1890,208.1
CHE,1891,225.4
CHE,1892,196.6
CHE,1893,204.8
CHE,1894,207.9
CHE,1895,203.3
CHE,1896,178.4
CHE,1897,181.2
CHE,1898,197.6
CHE,1899,180.7
CHE,1900,197
CHE,1901,183.5
CHE,1902,168.3
CHE,1903,169
CHE,1904,182.5
CHE,1905,169.2
CHE,1906,164.3
CHE,1907,154.7
CHE,1908,141.4
CHE,1909,150.6
CHE,1910,140.7
CHE,1911,154.1
CHE,1912,122.7
CHE,1913,125.2
CHE,1914,118.4
CHE,1915,112.5
CHE,1916,102.9
CHE,1917,103.8
CHE,1918,126.8
CHE,1919,110.7
CHE,1920,120.9
CHE,1921,95.34
CHE,1922,87.72
CHE,1923,77.81
CHE,1924,78.75
CHE,1925,77.08
CHE,1926,73.86
CHE,1927,74.24
CHE,1928,73.89
CHE,1929,69.71
CHE,1930,67.4
CHE,1931,65.2
CHE,1932,66.8
CHE,1933,61.07
CHE,1934,59.72
CHE,1935,62.74
CHE,1936,59.67
CHE,1937,60.55
CHE,1938,55.96
CHE,1939,54.46
CHE,1940,61.64
CHE,1941,54.27
CHE,1942,50.79
CHE,1943,51.28
CHE,1944,53.5
CHE,1945,51.32
CHE,1946,49.49
CHE,1947,47.77
CHE,1948,43.87
CHE,1949,42.13
CHE,1950,38.5
CHE,1951,37.2
CHE,1952,35.8
CHE,1953,34.5
CHE,1954,33.1
CHE,1955,31.7
CHE,1956,30.3
CHE,1957,29
CHE,1958,27.9
CHE,1959,27.1
CHE,1960,26.5
CHE,1961,26
CHE,1962,25.4
CHE,1963,24.6
CHE,1964,23.6
CHE,1965,22.6
CHE,1966,21.6
CHE,1967,20.7
CHE,1968,19.9
CHE,1969,19.2
CHE,1970,18.4
CHE,1971,17.6
CHE,1972,16.7
CHE,1973,15.8
CHE,1974,14.8
CHE,1975,13.8
CHE,1976,12.9
CHE,1977,12.1
CHE,1978,11.4
CHE,1979,10.8
CHE,1980,10.4
CHE,1981,10
CHE,1982,9.7
CHE,1983,9.4
CHE,1984,9.2
CHE,1985,9
CHE,1986,8.9
CHE,1987,8.8
CHE,1988,8.6
CHE,1989,8.4
CHE,1990,8.2
CHE,1991,7.9
CHE,1992,7.5
CHE,1993,7.1
CHE,1994,6.7
CHE,1995,6.4
CHE,1996,6.1
CHE,1997,6
CHE,1998,5.8
CHE,1999,5.7
CHE,2000,5.6
CHE,2001,5.6
CHE,2002,5.5
CHE,2003,5.3
CHE,2004,5.2
CHE,2005,5.1
CHE,2006,5
CHE,2007,4.8
CHE,2008,4.7
CHE,2009,4.6
CHE,2010,4.5
CHE,2011,4.4
CHE,2012,4.3
CHE,2013,4.2
CHE,2014,4
CHE,2015,3.9
SYR,1800,429.2
SYR,1801,429.2
SYR,1802,429.2
SYR,1803,429.2
SYR,1804,429.2
SYR,1805,429.2
SYR,1806,429.2
SYR,1807,429.2
SYR,1808,429.2
SYR,1809,429.2
SYR,1810,429.2
SYR,1811,429.2
SYR,1812,429.2
SYR,1813,429.2
SYR,1814,429.2
SYR,1815,429.2
SYR,1816,429.2
SYR,1817,429.2
SYR,1818,429.2
SYR,1819,429.2
SYR,1820,429.2
SYR,1821,429.2
SYR,1822,429.2
SYR,1823,429.2
SYR,1824,429.2
SYR,1825,429.2
SYR,1826,429.2
SYR,1827,429.2
SYR,1828,429.2
SYR,1829,429.2
SYR,1830,429.2
SYR,1831,429.2
SYR,1832,429.2
SYR,1833,429.2
SYR,1834,429.2
SYR,1835,429.2
SYR,1836,429.2
SYR,1837,429.2
SYR,1838,429.2
SYR,1839,429.2
SYR,1840,429.2
SYR,1841,429.2
SYR,1842,429.2
SYR,1843,429.2
SYR,1844,429.2
SYR,1845,429.2
SYR,1846,429.2
SYR,1847,429.2
SYR,1848,429.2
SYR,1849,429.2
SYR,1850,429.2
SYR,1851,429.2
SYR,1852,429.2
SYR,1853,429.2
SYR,1854,429.2
SYR,1855,429.2
SYR,1856,429.2
SYR,1857,429.2
SYR,1858,429.2
SYR,1859,429.2
SYR,1860,429.2
SYR,1861,429.2
SYR,1862,429.2
SYR,1863,429.2
SYR,1864,429.2
SYR,1865,429.2
SYR,1866,429.2
SYR,1867,429.2
SYR,1868,429.2
SYR,1869,429.2
SYR,1870,429.2
SYR,1871,429.2
SYR,1872,429.2
SYR,1873,429.2
SYR,1874,429.2
SYR,1875,429.2
SYR,1876,429.2
SYR,1877,429.2
SYR,1878,429.2
SYR,1879,429.2
SYR,1880,429.2
SYR,1881,429.2
SYR,1882,429.2
SYR,1883,429.2
SYR,1884,429.2
SYR,1885,429.2
SYR,1886,429.2
SYR,1887,429.2
SYR,1888,429.2
SYR,1889,429.2
SYR,1890,429.2
SYR,1891,429.2
SYR,1892,429.2
SYR,1893,429.2
SYR,1894,429.1
SYR,1895,429.1
SYR,1896,429.1
SYR,1897,428.9
SYR,1898,428.8
SYR,1899,428.5
SYR,1900,428.2
SYR,1901,427.9
SYR,1902,427.4
SYR,1903,426.9
SYR,1904,426.4
SYR,1905,425.7
SYR,1906,425
SYR,1907,424.2
SYR,1908,423.4
SYR,1909,422.5
SYR,1910,421.6
SYR,1911,420.6
SYR,1912,419.6
SYR,1913,418.6
SYR,1914,417.8
SYR,1915,417
SYR,1916,416.2
SYR,1917,415.4
SYR,1918,414.6
SYR,1919,413.8
SYR,1920,413
SYR,1921,412.2
SYR,1922,411.4
SYR,1923,410.6
SYR,1924,409.8
SYR,1925,409
SYR,1926,408.2
SYR,1927,407.4
SYR,1928,406.6
SYR,1929,405.8
SYR,1930,405
SYR,1931,404.2
SYR,1932,403.4
SYR,1933,402.5
SYR,1934,401.7
SYR,1935,400.9
SYR,1936,386.8
SYR,1937,373
SYR,1938,359.6
SYR,1939,346.6
SYR,1940,333.8
SYR,1941,331.7
SYR,1942,329.7
SYR,1943,327.6
SYR,1944,325.6
SYR,1945,323.6
SYR,1946,321.6
SYR,1947,319.6
SYR,1948,317.7
SYR,1949,315.7
SYR,1950,313.8
SYR,1951,297.7
SYR,1952,282.4
SYR,1953,267.7
SYR,1954,252.7
SYR,1955,238.6
SYR,1956,225.1
SYR,1957,212.7
SYR,1958,201
SYR,1959,190.1
SYR,1960,179.9
SYR,1961,170.4
SYR,1962,161.6
SYR,1963,153.3
SYR,1964,145.6
SYR,1965,138.2
SYR,1966,131.2
SYR,1967,124.4
SYR,1968,117.7
SYR,1969,111.3
SYR,1970,105.2
SYR,1971,99.6
SYR,1972,94.1
SYR,1973,89.1
SYR,1974,84.3
SYR,1975,79.8
SYR,1976,75.6
SYR,1977,71.6
SYR,1978,67.8
SYR,1979,64.2
SYR,1980,60.8
SYR,1981,57.7
SYR,1982,54.7
SYR,1983,52
SYR,1984,49.4
SYR,1985,47
SYR,1986,44.8
SYR,1987,42.7
SYR,1988,40.7
SYR,1989,38.9
SYR,1990,37.2
SYR,1991,35.5
SYR,1992,33.9
SYR,1993,32.4
SYR,1994,30.9
SYR,1995,29.5
SYR,1996,28.1
SYR,1997,26.8
SYR,1998,25.6
SYR,1999,24.4
SYR,2000,23.4
SYR,2001,22.3
SYR,2002,21.4
SYR,2003,20.5
SYR,2004,19.6
SYR,2005,18.8
SYR,2006,18
SYR,2007,17.3
SYR,2008,16.5
SYR,2009,15.9
SYR,2010,15.3
SYR,2011,15
SYR,2012,16
SYR,2013,15.3
SYR,2014,14.3
SYR,2015,12.9
TJK,1800,381.4
TJK,1801,380.6
TJK,1802,379.8
TJK,1803,378.9
TJK,1804,378.1
TJK,1805,377.2
TJK,1806,376.4
TJK,1807,375.6
TJK,1808,374.8
TJK,1809,373.9
TJK,1810,373.1
TJK,1811,372.3
TJK,1812,371.4
TJK,1813,370.6
TJK,1814,369.8
TJK,1815,369
TJK,1816,368.2
TJK,1817,367.4
TJK,1818,366.6
TJK,1819,365.7
TJK,1820,364.9
TJK,1821,364.1
TJK,1822,363.3
TJK,1823,362.5
TJK,1824,361.7
TJK,1825,360.9
TJK,1826,360.1
TJK,1827,359.3
TJK,1828,358.5
TJK,1829,357.7
TJK,1830,356.9
TJK,1831,356.1
TJK,1832,355.4
TJK,1833,354.6
TJK,1834,353.8
TJK,1835,353
TJK,1836,352.2
TJK,1837,351.5
TJK,1838,350.7
TJK,1839,349.9
TJK,1840,349.1
TJK,1841,348.4
TJK,1842,347.6
TJK,1843,346.8
TJK,1844,346.1
TJK,1845,345.3
TJK,1846,344.5
TJK,1847,343.8
TJK,1848,343
TJK,1849,342.2
TJK,1850,341.5
TJK,1851,340.7
TJK,1852,340
TJK,1853,339.2
TJK,1854,338.5
TJK,1855,337.7
TJK,1856,337
TJK,1857,336.2
TJK,1858,335.5
TJK,1859,334.8
TJK,1860,334
TJK,1861,333.3
TJK,1862,332.5
TJK,1863,331.8
TJK,1864,331.1
TJK,1865,330.3
TJK,1866,329.6
TJK,1867,328.9
TJK,1868,328.2
TJK,1869,327.4
TJK,1870,326.7
TJK,1871,326
TJK,1872,325.3
TJK,1873,324.6
TJK,1874,323.8
TJK,1875,323.1
TJK,1876,322.4
TJK,1877,321.7
TJK,1878,321
TJK,1879,320.3
TJK,1880,319.6
TJK,1881,318.9
TJK,1882,318.1
TJK,1883,317.4
TJK,1884,316.7
TJK,1885,316
TJK,1886,315.4
TJK,1887,314.6
TJK,1888,313.9
TJK,1889,313.3
TJK,1890,312.6
TJK,1891,311.9
TJK,1892,311.2
TJK,1893,310.5
TJK,1894,309.8
TJK,1895,309.1
TJK,1896,308.4
TJK,1897,307.8
TJK,1898,307.1
TJK,1899,306.4
TJK,1900,305.7
TJK,1901,305.1
TJK,1902,304.4
TJK,1903,303.7
TJK,1904,303
TJK,1905,302.4
TJK,1906,301.7
TJK,1907,301
TJK,1908,300.4
TJK,1909,299.7
TJK,1910,299
TJK,1911,298.4
TJK,1912,297.7
TJK,1913,297.1
TJK,1914,296.4
TJK,1915,295.8
TJK,1916,295.1
TJK,1917,294.4
TJK,1918,293.8
TJK,1919,293.1
TJK,1920,292.5
TJK,1921,291.9
TJK,1922,291.2
TJK,1923,290.6
TJK,1924,289.9
TJK,1925,289.3
TJK,1926,288.6
TJK,1927,288
TJK,1928,287.4
TJK,1929,286.7
TJK,1930,286.1
TJK,1931,285.5
TJK,1932,281.1
TJK,1933,276.9
TJK,1934,272.7
TJK,1935,268.6
TJK,1936,264.5
TJK,1937,260.5
TJK,1938,256.6
TJK,1939,252.7
TJK,1940,248.9
TJK,1941,245.1
TJK,1942,241.4
TJK,1943,237.7
TJK,1944,234.1
TJK,1945,230.6
TJK,1946,227.1
TJK,1947,223.7
TJK,1948,220.3
TJK,1949,217
TJK,1950,213.7
TJK,1951,210.4
TJK,1952,207.3
TJK,1953,204.1
TJK,1954,201
TJK,1955,198
TJK,1956,195
TJK,1957,192.1
TJK,1958,189.2
TJK,1959,186.3
TJK,1960,183.5
TJK,1961,180.7
TJK,1962,178
TJK,1963,175.3
TJK,1964,172.6
TJK,1965,170
TJK,1966,167.4
TJK,1967,164.9
TJK,1968,162.4
TJK,1969,159.9
TJK,1970,157.5
TJK,1971,155.2
TJK,1972,152.8
TJK,1973,148.2
TJK,1974,143.4
TJK,1975,139.4
TJK,1976,136
TJK,1977,133.5
TJK,1978,131.8
TJK,1979,130.8
TJK,1980,130.5
TJK,1981,130.4
TJK,1982,129.9
TJK,1983,128.5
TJK,1984,126.1
TJK,1985,122.6
TJK,1986,118.3
TJK,1987,113.6
TJK,1988,109.9
TJK,1989,108.1
TJK,1990,108.4
TJK,1991,111.2
TJK,1992,115.7
TJK,1993,119.9
TJK,1994,121.4
TJK,1995,119.8
TJK,1996,116.2
TJK,1997,111.3
TJK,1998,105.6
TJK,1999,99.4
TJK,2000,93
TJK,2001,86.6
TJK,2002,80.4
TJK,2003,74.6
TJK,2004,69.5
TJK,2005,65.2
TJK,2006,61.5
TJK,2007,58.6
TJK,2008,56.2
TJK,2009,54.3
TJK,2010,52.6
TJK,2011,50.9
TJK,2012,49.3
TJK,2013,47.8
TJK,2014,46.3
TJK,2015,44.8
TZA,1800,414.9
TZA,1801,414.9
TZA,1802,414.9
TZA,1803,414.9
TZA,1804,414.9
TZA,1805,414.9
TZA,1806,414.9
TZA,1807,414.9
TZA,1808,414.9
TZA,1809,414.9
TZA,1810,414.9
TZA,1811,414.9
TZA,1812,414.9
TZA,1813,414.9
TZA,1814,414.9
TZA,1815,414.9
TZA,1816,414.9
TZA,1817,414.9
TZA,1818,414.9
TZA,1819,414.9
TZA,1820,414.9
TZA,1821,414.9
TZA,1822,414.9
TZA,1823,414.9
TZA,1824,414.9
TZA,1825,414.9
TZA,1826,414.9
TZA,1827,414.9
TZA,1828,414.9
TZA,1829,414.9
TZA,1830,414.9
TZA,1831,414.9
TZA,1832,414.9
TZA,1833,414.9
TZA,1834,414.9
TZA,1835,414.9
TZA,1836,414.9
TZA,1837,414.9
TZA,1838,414.9
TZA,1839,414.9
TZA,1840,414.9
TZA,1841,414.9
TZA,1842,414.9
TZA,1843,414.9
TZA,1844,414.9
TZA,1845,414.9
TZA,1846,414.9
TZA,1847,414.9
TZA,1848,414.9
TZA,1849,414.9
TZA,1850,414.9
TZA,1851,414.9
TZA,1852,414.9
TZA,1853,414.9
TZA,1854,414.9
TZA,1855,414.9
TZA,1856,414.9
TZA,1857,414.9
TZA,1858,414.9
TZA,1859,414.9
TZA,1860,414.9
TZA,1861,414.9
TZA,1862,414.9
TZA,1863,414.9
TZA,1864,414.9
TZA,1865,414.9
TZA,1866,414.9
TZA,1867,414.9
TZA,1868,414.9
TZA,1869,414.9
TZA,1870,414.9
TZA,1871,414.9
TZA,1872,414.9
TZA,1873,414.9
TZA,1874,414.9
TZA,1875,414.9
TZA,1876,414.9
TZA,1877,414.9
TZA,1878,414.9
TZA,1879,414.9
TZA,1880,414.9
TZA,1881,414.9
TZA,1882,414.9
TZA,1883,414.9
TZA,1884,414.9
TZA,1885,414.9
TZA,1886,414.9
TZA,1887,414.9
TZA,1888,414.9
TZA,1889,414.9
TZA,1890,414.9
TZA,1891,414.9
TZA,1892,414.9
TZA,1893,414.9
TZA,1894,414.9
TZA,1895,414.8
TZA,1896,414.8
TZA,1897,414.7
TZA,1898,414.5
TZA,1899,414.3
TZA,1900,414
TZA,1901,413.6
TZA,1902,413.2
TZA,1903,412.7
TZA,1904,412.2
TZA,1905,411.6
TZA,1906,410.9
TZA,1907,410.1
TZA,1908,409.3
TZA,1909,408.4
TZA,1910,407.5
TZA,1911,406.6
TZA,1912,405.6
TZA,1913,404.7
TZA,1914,403.7
TZA,1915,402.8
TZA,1916,401.8
TZA,1917,400.8
TZA,1918,399.9
TZA,1919,398.9
TZA,1920,397.9
TZA,1921,397
TZA,1922,396
TZA,1923,395.1
TZA,1924,394.1
TZA,1925,393.1
TZA,1926,392.2
TZA,1927,391.2
TZA,1928,390.2
TZA,1929,389.3
TZA,1930,388.3
TZA,1931,387.4
TZA,1932,386.4
TZA,1933,385.4
TZA,1934,384.5
TZA,1935,383.5
TZA,1936,382.5
TZA,1937,381.6
TZA,1938,380.6
TZA,1939,379.6
TZA,1940,378.7
TZA,1941,377.7
TZA,1942,364.3
TZA,1943,351.3
TZA,1944,338.8
TZA,1945,326.7
TZA,1946,315.1
TZA,1947,303.8
TZA,1948,293
TZA,1949,282.6
TZA,1950,272.5
TZA,1951,262.8
TZA,1952,260.3
TZA,1953,258
TZA,1954,255.9
TZA,1955,253.7
TZA,1956,251.7
TZA,1957,249.7
TZA,1958,247.8
TZA,1959,245.7
TZA,1960,243.4
TZA,1961,241.4
TZA,1962,239.2
TZA,1963,236.7
TZA,1964,233.9
TZA,1965,230.9
TZA,1966,227.5
TZA,1967,224.1
TZA,1968,220.6
TZA,1969,217.1
TZA,1970,213.8
TZA,1971,210.3
TZA,1972,206.5
TZA,1973,202.7
TZA,1974,198.7
TZA,1975,194.5
TZA,1976,190.3
TZA,1977,186.1
TZA,1978,182.2
TZA,1979,179.1
TZA,1980,177.5
TZA,1981,176.5
TZA,1982,176.2
TZA,1983,176.1
TZA,1984,175.7
TZA,1985,174.8
TZA,1986,173.3
TZA,1987,171
TZA,1988,168.4
TZA,1989,165.9
TZA,1990,163.6
TZA,1991,161.7
TZA,1992,160
TZA,1993,158.3
TZA,1994,156.4
TZA,1995,154.2
TZA,1996,151.1
TZA,1997,147
TZA,1998,141.8
TZA,1999,135.6
TZA,2000,128.4
TZA,2001,120.5
TZA,2002,112.6
TZA,2003,104.8
TZA,2004,97.5
TZA,2005,90.6
TZA,2006,84.2
TZA,2007,78.1
TZA,2008,72.4
TZA,2009,67.3
TZA,2010,62.3
TZA,2011,58.2
TZA,2012,55
TZA,2013,52.6
TZA,2014,50.1
TZA,2015,48.4
THA,1800,438.5
THA,1801,438.5
THA,1802,438.5
THA,1803,438.5
THA,1804,438.5
THA,1805,438.5
THA,1806,438.5
THA,1807,438.5
THA,1808,438.5
THA,1809,438.5
THA,1810,438.5
THA,1811,438.5
THA,1812,438.5
THA,1813,438.5
THA,1814,438.5
THA,1815,438.5
THA,1816,438.5
THA,1817,438.5
THA,1818,438.5
THA,1819,438.5
THA,1820,438.5
THA,1821,438.5
THA,1822,438.5
THA,1823,438.5
THA,1824,438.5
THA,1825,438.5
THA,1826,438.5
THA,1827,438.5
THA,1828,438.5
THA,1829,438.5
THA,1830,438.5
THA,1831,438.5
THA,1832,438.5
THA,1833,438.5
THA,1834,438.5
THA,1835,438.5
THA,1836,438.5
THA,1837,438.5
THA,1838,438.5
THA,1839,438.5
THA,1840,438.5
THA,1841,438.5
THA,1842,438.5
THA,1843,438.5
THA,1844,438.5
THA,1845,438.5
THA,1846,438.5
THA,1847,438.5
THA,1848,438.5
THA,1849,438.5
THA,1850,438.5
THA,1851,438.5
THA,1852,438.5
THA,1853,438.5
THA,1854,438.5
THA,1855,438.5
THA,1856,438.5
THA,1857,438.5
THA,1858,438.5
THA,1859,438.5
THA,1860,438.5
THA,1861,438.5
THA,1862,438.5
THA,1863,438.5
THA,1864,438.5
THA,1865,438.5
THA,1866,438.5
THA,1867,438.5
THA,1868,438.5
THA,1869,438.5
THA,1870,438.5
THA,1871,438.5
THA,1872,438.5
THA,1873,438.5
THA,1874,438.5
THA,1875,438.5
THA,1876,438.5
THA,1877,438.5
THA,1878,438.5
THA,1879,438.5
THA,1880,438.5
THA,1881,438.5
THA,1882,438.5
THA,1883,438.5
THA,1884,438.5
THA,1885,438.5
THA,1886,438.5
THA,1887,438.5
THA,1888,438.5
THA,1889,438.5
THA,1890,438.5
THA,1891,438.5
THA,1892,438.5
THA,1893,438.5
THA,1894,438.4
THA,1895,438.4
THA,1896,438.3
THA,1897,438.2
THA,1898,438.1
THA,1899,437.8
THA,1900,437.5
THA,1901,437.1
THA,1902,436.7
THA,1903,436.2
THA,1904,435.6
THA,1905,434.9
THA,1906,434.2
THA,1907,433.4
THA,1908,432.6
THA,1909,431.7
THA,1910,430.7
THA,1911,429.7
THA,1912,428.6
THA,1913,427.6
THA,1914,426.5
THA,1915,425.5
THA,1916,424.4
THA,1917,423.4
THA,1918,422.3
THA,1919,421.2
THA,1920,420.2
THA,1921,419.1
THA,1922,418.1
THA,1923,417.1
THA,1924,416
THA,1925,414.9
THA,1926,413.9
THA,1927,412.8
THA,1928,411.8
THA,1929,410.7
THA,1930,409.7
THA,1931,391.5
THA,1932,373.9
THA,1933,356.8
THA,1934,339.2
THA,1935,323.3
THA,1936,307.8
THA,1937,292.8
THA,1938,292.1
THA,1939,291.3
THA,1940,300.6
THA,1941,290
THA,1942,279.8
THA,1943,269.9
THA,1944,260.4
THA,1945,251.2
THA,1946,242.4
THA,1947,233.8
THA,1948,225.6
THA,1949,217.5
THA,1950,210
THA,1951,202.7
THA,1952,195.7
THA,1953,189
THA,1954,182.5
THA,1955,176.2
THA,1956,170.2
THA,1957,164.3
THA,1958,158.8
THA,1959,153.3
THA,1960,147.9
THA,1961,142.7
THA,1962,137.7
THA,1963,132.8
THA,1964,128
THA,1965,123.3
THA,1966,118.6
THA,1967,113.9
THA,1968,109.2
THA,1969,104.5
THA,1970,99.7
THA,1971,94.9
THA,1972,90.2
THA,1973,85.7
THA,1974,81.4
THA,1975,77.4
THA,1976,73.7
THA,1977,70.1
THA,1978,66.8
THA,1979,63.8
THA,1980,60.9
THA,1981,58.2
THA,1982,55.6
THA,1983,53.1
THA,1984,50.7
THA,1985,48.3
THA,1986,46
THA,1987,43.7
THA,1988,41.5
THA,1989,39.2
THA,1990,37
THA,1991,35
THA,1992,33.1
THA,1993,31.3
THA,1994,29.7
THA,1995,28.3
THA,1996,27
THA,1997,25.8
THA,1998,24.6
THA,1999,23.5
THA,2000,22.5
THA,2001,21.5
THA,2002,20.5
THA,2003,19.6
THA,2004,18.7
THA,2005,17.8
THA,2006,17
THA,2007,16.3
THA,2008,15.6
THA,2009,15
THA,2010,14.5
THA,2011,14
THA,2012,13.5
THA,2013,13.1
THA,2014,12.6
THA,2015,12.3
TLS,1800,445.4
TLS,1801,445.6
TLS,1802,445.7
TLS,1803,445.9
TLS,1804,446
TLS,1805,446.1
TLS,1806,446.3
TLS,1807,446.4
TLS,1808,446.6
TLS,1809,446.7
TLS,1810,446.9
TLS,1811,447
TLS,1812,447.1
TLS,1813,447.3
TLS,1814,447.4
TLS,1815,447.6
TLS,1816,447.7
TLS,1817,447.9
TLS,1818,448
TLS,1819,448.1
TLS,1820,448.3
TLS,1821,448.4
TLS,1822,448.6
TLS,1823,448.7
TLS,1824,448.8
TLS,1825,449
TLS,1826,449.1
TLS,1827,449.3
TLS,1828,449.4
TLS,1829,449.6
TLS,1830,449.7
TLS,1831,449.8
TLS,1832,450
TLS,1833,450.1
TLS,1834,450.3
TLS,1835,450.4
TLS,1836,450.6
TLS,1837,450.7
TLS,1838,450.8
TLS,1839,451
TLS,1840,451.1
TLS,1841,451.3
TLS,1842,451.4
TLS,1843,451.6
TLS,1844,451.7
TLS,1845,451.9
TLS,1846,452
TLS,1847,452.1
TLS,1848,452.3
TLS,1849,452.4
TLS,1850,452.6
TLS,1851,452.7
TLS,1852,452.9
TLS,1853,453
TLS,1854,453.1
TLS,1855,453.3
TLS,1856,453.4
TLS,1857,453.6
TLS,1858,453.7
TLS,1859,453.9
TLS,1860,454
TLS,1861,454.1
TLS,1862,454.3
TLS,1863,454.4
TLS,1864,454.6
TLS,1865,454.7
TLS,1866,454.9
TLS,1867,455
TLS,1868,455.2
TLS,1869,455.3
TLS,1870,455.4
TLS,1871,455.6
TLS,1872,455.7
TLS,1873,455.9
TLS,1874,456
TLS,1875,456.2
TLS,1876,456.3
TLS,1877,456.5
TLS,1878,456.6
TLS,1879,456.8
TLS,1880,456.9
TLS,1881,457
TLS,1882,457.2
TLS,1883,457.3
TLS,1884,457.5
TLS,1885,457.6
TLS,1886,457.8
TLS,1887,457.9
TLS,1888,458.1
TLS,1889,458.2
TLS,1890,458.3
TLS,1891,458.5
TLS,1892,458.6
TLS,1893,458.8
TLS,1894,458.9
TLS,1895,459.1
TLS,1896,459.2
TLS,1897,459.4
TLS,1898,459.5
TLS,1899,459.6
TLS,1900,459.8
TLS,1901,458.8
TLS,1902,457.8
TLS,1903,456.8
TLS,1904,455.9
TLS,1905,454.9
TLS,1906,453.9
TLS,1907,452.9
TLS,1908,451.9
TLS,1909,451
TLS,1910,450
TLS,1911,449.1
TLS,1912,448.1
TLS,1913,447.1
TLS,1914,446.2
TLS,1915,445.2
TLS,1916,444.2
TLS,1917,443.3
TLS,1918,442.3
TLS,1919,441.4
TLS,1920,440.4
TLS,1921,439.5
TLS,1922,438.5
TLS,1923,437.6
TLS,1924,436.7
TLS,1925,435.7
TLS,1926,434.8
TLS,1927,433.9
TLS,1928,432.9
TLS,1929,432
TLS,1930,431.1
TLS,1931,429.9
TLS,1932,428.7
TLS,1933,427.5
TLS,1934,426.3
TLS,1935,425.1
TLS,1936,423.9
TLS,1937,422.7
TLS,1938,421.6
TLS,1939,420.4
TLS,1940,419.2
TLS,1941,418
TLS,1942,416.9
TLS,1943,415.7
TLS,1944,416.3
TLS,1945,416.9
TLS,1946,417.4
TLS,1947,418
TLS,1948,418.6
TLS,1949,419.1
TLS,1950,419.7
TLS,1951,416.5
TLS,1952,410.8
TLS,1953,404.7
TLS,1954,398.1
TLS,1955,391
TLS,1956,383.5
TLS,1957,375.5
TLS,1958,367.2
TLS,1959,359
TLS,1960,350.9
TLS,1961,342.8
TLS,1962,334.8
TLS,1963,326.9
TLS,1964,318.9
TLS,1965,310.1
TLS,1966,301.2
TLS,1967,291.5
TLS,1968,282.2
TLS,1969,273.4
TLS,1970,267
TLS,1971,264.5
TLS,1972,267.7
TLS,1973,275.7
TLS,1974,275.3
TLS,1975,274.9
TLS,1976,274.4
TLS,1977,274
TLS,1978,273.6
TLS,1979,273.1
TLS,1980,330.9
TLS,1981,312.3
TLS,1982,291.5
TLS,1983,271.4
TLS,1984,253.3
TLS,1985,238.3
TLS,1986,210
TLS,1987,201
TLS,1988,192.1
TLS,1989,183.8
TLS,1990,175.7
TLS,1991,168.2
TLS,1992,161
TLS,1993,153.9
TLS,1994,147
TLS,1995,140.4
TLS,1996,134
TLS,1997,127.8
TLS,1998,121.9
TLS,1999,116
TLS,2000,110.2
TLS,2001,104.6
TLS,2002,99.1
TLS,2003,93.7
TLS,2004,88.4
TLS,2005,83.3
TLS,2006,78.5
TLS,2007,74.1
TLS,2008,70.2
TLS,2009,66.7
TLS,2010,63.8
TLS,2011,61.1
TLS,2012,58.7
TLS,2013,56.5
TLS,2014,54.5
TLS,2015,52.6
TGO,1800,426.6
TGO,1801,426.6
TGO,1802,426.6
TGO,1803,426.6
TGO,1804,426.6
TGO,1805,426.6
TGO,1806,426.6
TGO,1807,426.6
TGO,1808,426.6
TGO,1809,426.6
TGO,1810,426.6
TGO,1811,426.6
TGO,1812,426.6
TGO,1813,426.6
TGO,1814,426.6
TGO,1815,426.6
TGO,1816,426.6
TGO,1817,426.6
TGO,1818,426.6
TGO,1819,426.6
TGO,1820,426.6
TGO,1821,426.6
TGO,1822,426.6
TGO,1823,426.6
TGO,1824,426.6
TGO,1825,426.6
TGO,1826,426.6
TGO,1827,426.6
TGO,1828,426.6
TGO,1829,426.6
TGO,1830,426.6
TGO,1831,426.6
TGO,1832,426.6
TGO,1833,426.6
TGO,1834,426.6
TGO,1835,426.6
TGO,1836,426.6
TGO,1837,426.6
TGO,1838,426.6
TGO,1839,426.6
TGO,1840,426.6
TGO,1841,426.6
TGO,1842,426.6
TGO,1843,426.6
TGO,1844,426.6
TGO,1845,426.6
TGO,1846,426.6
TGO,1847,426.6
TGO,1848,426.6
TGO,1849,426.6
TGO,1850,426.6
TGO,1851,426.6
TGO,1852,426.6
TGO,1853,426.6
TGO,1854,426.6
TGO,1855,426.6
TGO,1856,426.6
TGO,1857,426.6
TGO,1858,426.6
TGO,1859,426.6
TGO,1860,426.6
TGO,1861,426.6
TGO,1862,426.6
TGO,1863,426.6
TGO,1864,426.6
TGO,1865,426.6
TGO,1866,426.6
TGO,1867,426.6
TGO,1868,426.6
TGO,1869,426.6
TGO,1870,426.6
TGO,1871,426.6
TGO,1872,426.6
TGO,1873,426.6
TGO,1874,426.6
TGO,1875,426.6
TGO,1876,426.6
TGO,1877,426.6
TGO,1878,426.6
TGO,1879,426.6
TGO,1880,426.6
TGO,1881,426.6
TGO,1882,426.6
TGO,1883,426.6
TGO,1884,426.6
TGO,1885,426.6
TGO,1886,426.6
TGO,1887,426.6
TGO,1888,426.6
TGO,1889,426.6
TGO,1890,426.6
TGO,1891,426.6
TGO,1892,426.6
TGO,1893,426.6
TGO,1894,426.5
TGO,1895,426.5
TGO,1896,426.4
TGO,1897,426.3
TGO,1898,426.2
TGO,1899,425.9
TGO,1900,425.6
TGO,1901,425.3
TGO,1902,424.8
TGO,1903,424.3
TGO,1904,423.8
TGO,1905,423.1
TGO,1906,422.4
TGO,1907,421.7
TGO,1908,420.8
TGO,1909,419.9
TGO,1910,419
TGO,1911,418
TGO,1912,417.1
TGO,1913,416.1
TGO,1914,415.1
TGO,1915,414.1
TGO,1916,413.1
TGO,1917,412.1
TGO,1918,411.1
TGO,1919,410.1
TGO,1920,409.1
TGO,1921,408.1
TGO,1922,407.1
TGO,1923,406.1
TGO,1924,405.1
TGO,1925,404.1
TGO,1926,403.1
TGO,1927,402.1
TGO,1928,401.1
TGO,1929,400.1
TGO,1930,399.1
TGO,1931,398.2
TGO,1932,397.2
TGO,1933,396.2
TGO,1934,395.2
TGO,1935,394.2
TGO,1936,393.2
TGO,1937,392.2
TGO,1938,391.2
TGO,1939,390.2
TGO,1940,389.2
TGO,1941,382.2
TGO,1942,375.3
TGO,1943,368.5
TGO,1944,361.9
TGO,1945,355.3
TGO,1946,346.6
TGO,1947,340.8
TGO,1948,335.2
TGO,1949,329.6
TGO,1950,324.4
TGO,1951,319.1
TGO,1952,314
TGO,1953,309
TGO,1954,304.1
TGO,1955,299.2
TGO,1956,294.1
TGO,1957,289.2
TGO,1958,284.1
TGO,1959,279.2
TGO,1960,274.2
TGO,1961,269.2
TGO,1962,264.3
TGO,1963,259.4
TGO,1964,254.6
TGO,1965,249.8
TGO,1966,244.9
TGO,1967,239.9
TGO,1968,234.9
TGO,1969,229.8
TGO,1970,224.7
TGO,1971,219.8
TGO,1972,214.7
TGO,1973,209.7
TGO,1974,204.9
TGO,1975,200.2
TGO,1976,195.4
TGO,1977,190.7
TGO,1978,186.3
TGO,1979,181.8
TGO,1980,177.5
TGO,1981,173.4
TGO,1982,169.5
TGO,1983,165.7
TGO,1984,162.3
TGO,1985,159
TGO,1986,156.1
TGO,1987,153.3
TGO,1988,150.8
TGO,1989,148.5
TGO,1990,146.2
TGO,1991,144.1
TGO,1992,142.1
TGO,1993,140
TGO,1994,137.7
TGO,1995,135.4
TGO,1996,132.7
TGO,1997,129.9
TGO,1998,127
TGO,1999,123.9
TGO,2000,120.8
TGO,2001,117.6
TGO,2002,114.4
TGO,2003,111.2
TGO,2004,108.1
TGO,2005,105.1
TGO,2006,102.1
TGO,2007,99.2
TGO,2008,96.4
TGO,2009,93.6
TGO,2010,90.9
TGO,2011,88.3
TGO,2012,85.8
TGO,2013,83.3
TGO,2014,80.8
TGO,2015,78.4
TON,1800,445.4
TON,1801,442
TON,1802,438.5
TON,1803,435.1
TON,1804,431.7
TON,1805,428.3
TON,1806,424.9
TON,1807,421.6
TON,1808,418.3
TON,1809,415.1
TON,1810,411.8
TON,1811,408.6
TON,1812,405.4
TON,1813,402.2
TON,1814,399.1
TON,1815,396
TON,1816,392.9
TON,1817,389.8
TON,1818,386.8
TON,1819,383.7
TON,1820,380.7
TON,1821,377.8
TON,1822,374.8
TON,1823,371.9
TON,1824,369
TON,1825,366.1
TON,1826,363.2
TON,1827,360.4
TON,1828,357.6
TON,1829,354.8
TON,1830,352
TON,1831,349.3
TON,1832,346.5
TON,1833,343.8
TON,1834,341.1
TON,1835,338.5
TON,1836,335.8
TON,1837,333.2
TON,1838,330.6
TON,1839,328
TON,1840,325.4
TON,1841,322.9
TON,1842,320.4
TON,1843,317.9
TON,1844,315.4
TON,1845,312.9
TON,1846,310.5
TON,1847,308.1
TON,1848,305.6
TON,1849,303.2
TON,1850,300.9
TON,1851,298.5
TON,1852,296.2
TON,1853,293.9
TON,1854,291.6
TON,1855,289.3
TON,1856,287
TON,1857,284.8
TON,1858,282.6
TON,1859,280.4
TON,1860,278.2
TON,1861,276
TON,1862,273.8
TON,1863,271.7
TON,1864,269.6
TON,1865,267.5
TON,1866,265.4
TON,1867,263.3
TON,1868,261.2
TON,1869,259.2
TON,1870,257.2
TON,1871,255.2
TON,1872,253.2
TON,1873,251.2
TON,1874,249.2
TON,1875,247.3
TON,1876,245.3
TON,1877,243.4
TON,1878,241.5
TON,1879,239.6
TON,1880,237.8
TON,1881,235.9
TON,1882,234.1
TON,1883,232.2
TON,1884,230.4
TON,1885,228.6
TON,1886,226.8
TON,1887,225.1
TON,1888,223.3
TON,1889,221.6
TON,1890,219.8
TON,1891,218.1
TON,1892,216.4
TON,1893,214.7
TON,1894,213
TON,1895,211.4
TON,1896,209.7
TON,1897,208.1
TON,1898,206.4
TON,1899,204.8
TON,1900,203.2
TON,1901,201.7
TON,1902,200.1
TON,1903,198.5
TON,1904,197
TON,1905,195.4
TON,1906,193.9
TON,1907,192.4
TON,1908,190.9
TON,1909,189.4
TON,1910,187.9
TON,1911,186.4
TON,1912,185
TON,1913,183.5
TON,1914,182.1
TON,1915,180.7
TON,1916,179.3
TON,1917,177.9
TON,1918,176.5
TON,1919,175.1
TON,1920,173.7
TON,1921,172.4
TON,1922,171
TON,1923,169.7
TON,1924,168.4
TON,1925,167.1
TON,1926,165.8
TON,1927,164.5
TON,1928,163.2
TON,1929,162
TON,1930,160.7
TON,1931,159.5
TON,1932,158.2
TON,1933,157
TON,1934,155.8
TON,1935,154.6
TON,1936,153.4
TON,1937,152.2
TON,1938,151
TON,1939,149.9
TON,1940,148.7
TON,1941,147.6
TON,1942,146.4
TON,1943,145.3
TON,1944,144.2
TON,1945,143.1
TON,1946,142
TON,1947,140.9
TON,1948,139.8
TON,1949,138.7
TON,1950,137.6
TON,1951,135.9
TON,1952,132.7
TON,1953,130.2
TON,1954,124.3
TON,1955,118.6
TON,1956,113.3
TON,1957,108.1
TON,1958,103.2
TON,1959,98.57
TON,1960,94.11
TON,1961,89.85
TON,1962,85.78
TON,1963,81.9
TON,1964,76.5
TON,1965,71.5
TON,1966,66.7
TON,1967,62.2
TON,1968,57.8
TON,1969,53.8
TON,1970,50.2
TON,1971,46.9
TON,1972,44
TON,1973,41.5
TON,1974,39.3
TON,1975,37.2
TON,1976,35.3
TON,1977,33.6
TON,1978,32.1
TON,1979,30.7
TON,1980,29.4
TON,1981,28.3
TON,1982,27.4
TON,1983,26.6
TON,1984,26
TON,1985,25.4
TON,1986,24.8
TON,1987,24.1
TON,1988,23.4
TON,1989,22.7
TON,1990,21.9
TON,1991,21.1
TON,1992,20.4
TON,1993,19.8
TON,1994,19.3
TON,1995,18.9
TON,1996,18.6
TON,1997,18.4
TON,1998,18.1
TON,1999,17.9
TON,2000,17.6
TON,2001,17.3
TON,2002,17
TON,2003,16.8
TON,2004,16.7
TON,2005,16.7
TON,2006,16.7
TON,2007,16.8
TON,2008,17
TON,2009,17.2
TON,2010,17.4
TON,2011,17.5
TON,2012,17.5
TON,2013,17.3
TON,2014,17.1
TON,2015,16.7
TTO,1800,406
TTO,1801,406
TTO,1802,406
TTO,1803,406
TTO,1804,406
TTO,1805,406
TTO,1806,406
TTO,1807,406
TTO,1808,406
TTO,1809,406
TTO,1810,406
TTO,1811,406
TTO,1812,406
TTO,1813,406
TTO,1814,406
TTO,1815,406
TTO,1816,406
TTO,1817,406
TTO,1818,406
TTO,1819,406
TTO,1820,406
TTO,1821,406
TTO,1822,406
TTO,1823,406
TTO,1824,406
TTO,1825,406
TTO,1826,406
TTO,1827,406
TTO,1828,406
TTO,1829,406
TTO,1830,393.5
TTO,1831,381.2
TTO,1832,369.2
TTO,1833,358.6
TTO,1834,347.1
TTO,1835,335.7
TTO,1836,335.7
TTO,1837,335.7
TTO,1838,335.7
TTO,1839,335.7
TTO,1840,335.7
TTO,1841,335.7
TTO,1842,335.7
TTO,1843,335.7
TTO,1844,335.7
TTO,1845,335.7
TTO,1846,335.7
TTO,1847,335.7
TTO,1848,335.7
TTO,1849,335.7
TTO,1850,335.7
TTO,1851,335.7
TTO,1852,335.7
TTO,1853,335.7
TTO,1854,335.7
TTO,1855,335.7
TTO,1856,335.7
TTO,1857,335.7
TTO,1858,335.7
TTO,1859,335.7
TTO,1860,335.7
TTO,1861,335.7
TTO,1862,335.7
TTO,1863,335.7
TTO,1864,335.7
TTO,1865,335.7
TTO,1866,335.7
TTO,1867,335.7
TTO,1868,335.7
TTO,1869,335.7
TTO,1870,335.7
TTO,1871,335.7
TTO,1872,335.7
TTO,1873,335.7
TTO,1874,335.7
TTO,1875,335.7
TTO,1876,335.7
TTO,1877,335.7
TTO,1878,335.7
TTO,1879,335.7
TTO,1880,335.7
TTO,1881,335.7
TTO,1882,335.7
TTO,1883,335.7
TTO,1884,335.7
TTO,1885,335.7
TTO,1886,335.7
TTO,1887,335.7
TTO,1888,335.7
TTO,1889,335.7
TTO,1890,335.7
TTO,1891,335.7
TTO,1892,335.7
TTO,1893,335.7
TTO,1894,335.7
TTO,1895,335.7
TTO,1896,335.6
TTO,1897,335.6
TTO,1898,335.4
TTO,1899,335.2
TTO,1900,335
TTO,1901,334.7
TTO,1902,334.4
TTO,1903,334
TTO,1904,333.5
TTO,1905,333
TTO,1906,332.5
TTO,1907,331.9
TTO,1908,331.2
TTO,1909,318
TTO,1910,305.3
TTO,1911,293.1
TTO,1912,281.4
TTO,1913,270.1
TTO,1914,259.4
TTO,1915,249.1
TTO,1916,239.2
TTO,1917,229.6
TTO,1918,220.5
TTO,1919,251.7
TTO,1920,284.6
TTO,1921,224.3
TTO,1922,222.5
TTO,1923,205.6
TTO,1924,194.4
TTO,1925,213.2
TTO,1926,230
TTO,1927,188.8
TTO,1928,203.9
TTO,1929,202.1
TTO,1930,200.2
TTO,1931,232.1
TTO,1932,166.4
TTO,1933,207.8
TTO,1934,200.3
TTO,1935,147.9
TTO,1936,144.3
TTO,1937,187.2
TTO,1938,146.1
TTO,1939,157.2
TTO,1940,161
TTO,1941,166.6
TTO,1942,185.4
TTO,1943,137.1
TTO,1944,114.2
TTO,1945,121.2
TTO,1946,112.5
TTO,1947,116
TTO,1948,105.7
TTO,1949,114.3
TTO,1950,107.2
TTO,1951,100.5
TTO,1952,94.18
TTO,1953,88.3
TTO,1954,85.2
TTO,1955,82.3
TTO,1956,79.4
TTO,1957,76.5
TTO,1958,73.7
TTO,1959,71
TTO,1960,68.5
TTO,1961,66
TTO,1962,63.7
TTO,1963,61.6
TTO,1964,59.7
TTO,1965,58
TTO,1966,56.6
TTO,1967,55.2
TTO,1968,53.9
TTO,1969,52.8
TTO,1970,51.6
TTO,1971,50.6
TTO,1972,49.5
TTO,1973,48.3
TTO,1974,47.2
TTO,1975,46
TTO,1976,44.7
TTO,1977,43.4
TTO,1978,42
TTO,1979,40.7
TTO,1980,39.5
TTO,1981,38.3
TTO,1982,37
TTO,1983,35.9
TTO,1984,34.9
TTO,1985,34
TTO,1986,33.1
TTO,1987,32.3
TTO,1988,31.6
TTO,1989,31
TTO,1990,30.5
TTO,1991,30
TTO,1992,29.7
TTO,1993,29.4
TTO,1994,29.2
TTO,1995,29
TTO,1996,28.9
TTO,1997,28.8
TTO,1998,28.8
TTO,1999,28.7
TTO,2000,28.7
TTO,2001,28.6
TTO,2002,28.3
TTO,2003,28
TTO,2004,27.5
TTO,2005,26.9
TTO,2006,26.3
TTO,2007,25.6
TTO,2008,24.9
TTO,2009,24.3
TTO,2010,23.6
TTO,2011,22.9
TTO,2012,22.2
TTO,2013,21.5
TTO,2014,20.9
TTO,2015,20.4
TUN,1800,460.2
TUN,1801,460.2
TUN,1802,460.2
TUN,1803,460.2
TUN,1804,460.2
TUN,1805,460.2
TUN,1806,460.2
TUN,1807,460.2
TUN,1808,460.2
TUN,1809,460.2
TUN,1810,460.2
TUN,1811,460.2
TUN,1812,460.2
TUN,1813,460.2
TUN,1814,460.2
TUN,1815,460.2
TUN,1816,460.2
TUN,1817,460.2
TUN,1818,460.2
TUN,1819,460.2
TUN,1820,460.2
TUN,1821,460.2
TUN,1822,460.2
TUN,1823,460.2
TUN,1824,460.2
TUN,1825,460.2
TUN,1826,460.2
TUN,1827,460.2
TUN,1828,460.2
TUN,1829,460.2
TUN,1830,460.2
TUN,1831,460.2
TUN,1832,460.2
TUN,1833,460.2
TUN,1834,460.2
TUN,1835,460.2
TUN,1836,460.2
TUN,1837,460.2
TUN,1838,460.2
TUN,1839,460.2
TUN,1840,460.2
TUN,1841,460.2
TUN,1842,460.2
TUN,1843,460.2
TUN,1844,460.2
TUN,1845,460.2
TUN,1846,460.2
TUN,1847,460.2
TUN,1848,460.2
TUN,1849,460.2
TUN,1850,460.2
TUN,1851,460.2
TUN,1852,460.2
TUN,1853,460.2
TUN,1854,460.2
TUN,1855,460.2
TUN,1856,460.2
TUN,1857,460.2
TUN,1858,460.2
TUN,1859,460.2
TUN,1860,460.2
TUN,1861,460.2
TUN,1862,460.2
TUN,1863,460.2
TUN,1864,460.2
TUN,1865,460.2
TUN,1866,460.2
TUN,1867,460.2
TUN,1868,460.2
TUN,1869,460.2
TUN,1870,460.2
TUN,1871,460.2
TUN,1872,460.2
TUN,1873,460.2
TUN,1874,460.2
TUN,1875,460.2
TUN,1876,460.2
TUN,1877,460.2
TUN,1878,460.2
TUN,1879,460.2
TUN,1880,460.2
TUN,1881,460.2
TUN,1882,460.2
TUN,1883,460.2
TUN,1884,460.2
TUN,1885,460.2
TUN,1886,460.2
TUN,1887,460.2
TUN,1888,460.2
TUN,1889,460.2
TUN,1890,460.2
TUN,1891,460.2
TUN,1892,460.2
TUN,1893,460.2
TUN,1894,460.2
TUN,1895,460.2
TUN,1896,460.1
TUN,1897,460
TUN,1898,459.8
TUN,1899,459.5
TUN,1900,459.2
TUN,1901,458.8
TUN,1902,458.4
TUN,1903,457.8
TUN,1904,457.2
TUN,1905,456.5
TUN,1906,455.8
TUN,1907,454.9
TUN,1908,454
TUN,1909,453.1
TUN,1910,452.1
TUN,1911,451
TUN,1912,449.9
TUN,1913,448.9
TUN,1914,447.8
TUN,1915,446.7
TUN,1916,445.6
TUN,1917,444.6
TUN,1918,443.5
TUN,1919,442.4
TUN,1920,441.3
TUN,1921,440.2
TUN,1922,439.1
TUN,1923,438
TUN,1924,434.2
TUN,1925,429.1
TUN,1926,425.4
TUN,1927,420.4
TUN,1928,416.7
TUN,1929,411.9
TUN,1930,408.2
TUN,1931,404.7
TUN,1932,399.8
TUN,1933,396.3
TUN,1934,391.6
TUN,1935,388.2
TUN,1936,383.5
TUN,1937,380.1
TUN,1938,375.6
TUN,1939,372.2
TUN,1940,367.7
TUN,1941,364.4
TUN,1942,360.1
TUN,1943,356.8
TUN,1944,348
TUN,1945,340.5
TUN,1946,332.1
TUN,1947,324.8
TUN,1948,316.6
TUN,1949,309.5
TUN,1950,301.6
TUN,1951,299.8
TUN,1952,297.8
TUN,1953,295.9
TUN,1954,294
TUN,1955,292.1
TUN,1956,290.2
TUN,1957,288.3
TUN,1958,286.5
TUN,1959,284.6
TUN,1960,282.8
TUN,1961,280.9
TUN,1962,267.8
TUN,1963,256.3
TUN,1964,244.7
TUN,1965,233.5
TUN,1966,222.3
TUN,1967,211.2
TUN,1968,200.6
TUN,1969,190.3
TUN,1970,180.6
TUN,1971,171.1
TUN,1972,162.1
TUN,1973,153
TUN,1974,144.1
TUN,1975,135.1
TUN,1976,126.3
TUN,1977,117.7
TUN,1978,109.6
TUN,1979,102.3
TUN,1980,95.7
TUN,1981,89.9
TUN,1982,84.6
TUN,1983,80
TUN,1984,75.6
TUN,1985,71.5
TUN,1986,67.9
TUN,1987,64.7
TUN,1988,61.9
TUN,1989,59.3
TUN,1990,57
TUN,1991,54.8
TUN,1992,52.5
TUN,1993,50.1
TUN,1994,47.5
TUN,1995,44.9
TUN,1996,42.1
TUN,1997,39.3
TUN,1998,36.5
TUN,1999,34
TUN,2000,31.7
TUN,2001,29.6
TUN,2002,27.8
TUN,2003,26
TUN,2004,24.5
TUN,2005,23
TUN,2006,21.7
TUN,2007,20.5
TUN,2008,19.4
TUN,2009,18.3
TUN,2010,17.4
TUN,2011,16.5
TUN,2012,15.8
TUN,2013,15.2
TUN,2014,14.6
TUN,2015,14
TUR,1800,380
TUR,1801,380
TUR,1802,380
TUR,1803,380
TUR,1804,380
TUR,1805,380
TUR,1806,380
TUR,1807,380
TUR,1808,380
TUR,1809,380
TUR,1810,380
TUR,1811,380
TUR,1812,380
TUR,1813,380
TUR,1814,380
TUR,1815,380
TUR,1816,380
TUR,1817,380
TUR,1818,380
TUR,1819,380
TUR,1820,380
TUR,1821,380
TUR,1822,380
TUR,1823,380
TUR,1824,380
TUR,1825,380
TUR,1826,380
TUR,1827,380
TUR,1828,380
TUR,1829,380
TUR,1830,380
TUR,1831,380
TUR,1832,380
TUR,1833,380
TUR,1834,380
TUR,1835,380
TUR,1836,380
TUR,1837,380
TUR,1838,380
TUR,1839,380
TUR,1840,380
TUR,1841,380
TUR,1842,380
TUR,1843,380
TUR,1844,380
TUR,1845,380
TUR,1846,380
TUR,1847,380
TUR,1848,380
TUR,1849,380
TUR,1850,380
TUR,1851,380
TUR,1852,380
TUR,1853,380
TUR,1854,380
TUR,1855,380
TUR,1856,380
TUR,1857,380
TUR,1858,380
TUR,1859,380
TUR,1860,380
TUR,1861,380
TUR,1862,380
TUR,1863,380
TUR,1864,380
TUR,1865,380
TUR,1866,380
TUR,1867,380
TUR,1868,380
TUR,1869,380
TUR,1870,380
TUR,1871,380
TUR,1872,380
TUR,1873,380
TUR,1874,380
TUR,1875,380
TUR,1876,380
TUR,1877,380
TUR,1878,380
TUR,1879,380
TUR,1880,380
TUR,1881,380
TUR,1882,380
TUR,1883,380
TUR,1884,380
TUR,1885,380
TUR,1886,380
TUR,1887,380
TUR,1888,380
TUR,1889,380
TUR,1890,380
TUR,1891,380
TUR,1892,380
TUR,1893,380
TUR,1894,380
TUR,1895,379.9
TUR,1896,379.9
TUR,1897,379.8
TUR,1898,379.6
TUR,1899,379.4
TUR,1900,379.2
TUR,1901,378.8
TUR,1902,378.5
TUR,1903,378
TUR,1904,377.5
TUR,1905,376.9
TUR,1906,376.3
TUR,1907,375.6
TUR,1908,374.9
TUR,1909,374.1
TUR,1910,373.3
TUR,1911,372.4
TUR,1912,371.5
TUR,1913,370.6
TUR,1914,369.4
TUR,1915,368.3
TUR,1916,367.1
TUR,1917,365.9
TUR,1918,364.7
TUR,1919,363.6
TUR,1920,362.4
TUR,1921,361.2
TUR,1922,360
TUR,1923,358.9
TUR,1924,357.7
TUR,1925,356.5
TUR,1926,355.4
TUR,1927,354.2
TUR,1928,353
TUR,1929,351.9
TUR,1930,350.7
TUR,1931,348.5
TUR,1932,347.3
TUR,1933,345.1
TUR,1934,343.9
TUR,1935,341.7
TUR,1936,339.5
TUR,1937,338.3
TUR,1938,345.9
TUR,1939,353.5
TUR,1940,361.2
TUR,1941,369.1
TUR,1942,378.2
TUR,1943,361
TUR,1944,352.7
TUR,1945,344.7
TUR,1946,336.8
TUR,1947,329.1
TUR,1948,321.6
TUR,1949,314.2
TUR,1950,307.1
TUR,1951,300.1
TUR,1952,293.2
TUR,1953,286.5
TUR,1954,281.5
TUR,1955,276.5
TUR,1956,271.6
TUR,1957,266.5
TUR,1958,261.2
TUR,1959,255.4
TUR,1960,249
TUR,1961,242.3
TUR,1962,235.5
TUR,1963,228.7
TUR,1964,221.9
TUR,1965,215.4
TUR,1966,209.3
TUR,1967,203.4
TUR,1968,197.8
TUR,1969,192.3
TUR,1970,186.9
TUR,1971,181.5
TUR,1972,175.9
TUR,1973,170.3
TUR,1974,164.5
TUR,1975,158.6
TUR,1976,152.7
TUR,1977,146.7
TUR,1978,140.7
TUR,1979,134.7
TUR,1980,128.7
TUR,1981,122.7
TUR,1982,116.7
TUR,1983,110.7
TUR,1984,104.9
TUR,1985,99.3
TUR,1986,93.9
TUR,1987,88.7
TUR,1988,83.7
TUR,1989,79
TUR,1990,74.5
TUR,1991,70.3
TUR,1992,66.3
TUR,1993,62.4
TUR,1994,58.8
TUR,1995,55.2
TUR,1996,51.8
TUR,1997,48.6
TUR,1998,45.4
TUR,1999,42.4
TUR,2000,39.6
TUR,2001,36.9
TUR,2002,34.4
TUR,2003,32
TUR,2004,29.7
TUR,2005,27.7
TUR,2006,25.7
TUR,2007,23.9
TUR,2008,22.2
TUR,2009,20.6
TUR,2010,19.1
TUR,2011,17.8
TUR,2012,16.5
TUR,2013,15.4
TUR,2014,14.3
TUR,2015,13.5
TKM,1800,497.9
TKM,1801,497.7
TKM,1802,497.4
TKM,1803,497.1
TKM,1804,496.9
TKM,1805,496.6
TKM,1806,496.4
TKM,1807,496.1
TKM,1808,495.8
TKM,1809,495.6
TKM,1810,495.3
TKM,1811,495.1
TKM,1812,494.8
TKM,1813,494.6
TKM,1814,494.3
TKM,1815,494
TKM,1816,493.8
TKM,1817,493.5
TKM,1818,493.3
TKM,1819,493
TKM,1820,492.7
TKM,1821,492.5
TKM,1822,492.2
TKM,1823,492
TKM,1824,491.7
TKM,1825,491.5
TKM,1826,491.2
TKM,1827,490.9
TKM,1828,490.7
TKM,1829,490.4
TKM,1830,490.2
TKM,1831,489.9
TKM,1832,489.7
TKM,1833,489.4
TKM,1834,489.1
TKM,1835,488.9
TKM,1836,488.6
TKM,1837,488.4
TKM,1838,488.1
TKM,1839,487.9
TKM,1840,487.6
TKM,1841,487.4
TKM,1842,487.1
TKM,1843,486.9
TKM,1844,486.6
TKM,1845,486.4
TKM,1846,486.1
TKM,1847,485.8
TKM,1848,485.6
TKM,1849,485.3
TKM,1850,485.1
TKM,1851,484.8
TKM,1852,484.6
TKM,1853,484.3
TKM,1854,484.1
TKM,1855,483.8
TKM,1856,483.6
TKM,1857,483.3
TKM,1858,483.1
TKM,1859,482.8
TKM,1860,482.6
TKM,1861,482.3
TKM,1862,482.1
TKM,1863,481.8
TKM,1864,481.5
TKM,1865,481.3
TKM,1866,481
TKM,1867,480.8
TKM,1868,480.5
TKM,1869,480.3
TKM,1870,480
TKM,1871,479.8
TKM,1872,479.5
TKM,1873,479.3
TKM,1874,479
TKM,1875,478.8
TKM,1876,478.5
TKM,1877,478.3
TKM,1878,478
TKM,1879,477.8
TKM,1880,477.5
TKM,1881,477.3
TKM,1882,477
TKM,1883,476.8
TKM,1884,476.5
TKM,1885,476.3
TKM,1886,476
TKM,1887,475.8
TKM,1888,475.5
TKM,1889,475.3
TKM,1890,475.1
TKM,1891,474.8
TKM,1892,474.6
TKM,1893,474.3
TKM,1894,474.1
TKM,1895,473.8
TKM,1896,473.6
TKM,1897,473.3
TKM,1898,473.1
TKM,1899,472.8
TKM,1900,472.6
TKM,1901,465.5
TKM,1902,458.5
TKM,1903,451.7
TKM,1904,444.9
TKM,1905,438.3
TKM,1906,431.7
TKM,1907,425.3
TKM,1908,418.9
TKM,1909,412.6
TKM,1910,406.5
TKM,1911,400.4
TKM,1912,394.4
TKM,1913,388.5
TKM,1914,382.7
TKM,1915,377
TKM,1916,371.3
TKM,1917,365.8
TKM,1918,360.3
TKM,1919,354.9
TKM,1920,349.6
TKM,1921,344.4
TKM,1922,339.2
TKM,1923,334.2
TKM,1924,329.2
TKM,1925,324.2
TKM,1926,319.4
TKM,1927,314.6
TKM,1928,309.9
TKM,1929,305.3
TKM,1930,300.7
TKM,1931,296.2
TKM,1932,289.7
TKM,1933,283.3
TKM,1934,277.1
TKM,1935,271
TKM,1936,265
TKM,1937,259.2
TKM,1938,253.5
TKM,1939,247.9
TKM,1940,242.5
TKM,1941,237.2
TKM,1942,232
TKM,1943,226.9
TKM,1944,221.9
TKM,1945,217
TKM,1946,212.3
TKM,1947,207.6
TKM,1948,203.1
TKM,1949,198.6
TKM,1950,194.3
TKM,1951,192.2
TKM,1952,187.7
TKM,1953,183.8
TKM,1954,179.7
TKM,1955,174.7
TKM,1956,170.3
TKM,1957,165.7
TKM,1958,161
TKM,1959,156.4
TKM,1960,151.1
TKM,1961,146.7
TKM,1962,142.3
TKM,1963,137.3
TKM,1964,133
TKM,1965,128.8
TKM,1966,124.6
TKM,1967,120.4
TKM,1968,122.2
TKM,1969,123.9
TKM,1970,125.7
TKM,1971,127.5
TKM,1972,129.3
TKM,1973,131.1
TKM,1974,133
TKM,1975,134.9
TKM,1976,136.8
TKM,1977,138.8
TKM,1978,133.9
TKM,1979,129.4
TKM,1980,124.8
TKM,1981,120.4
TKM,1982,116
TKM,1983,111.7
TKM,1984,107.6
TKM,1985,103.6
TKM,1986,100
TKM,1987,96.7
TKM,1988,94
TKM,1989,91.9
TKM,1990,90.5
TKM,1991,89.7
TKM,1992,89.6
TKM,1993,89.7
TKM,1994,89.6
TKM,1995,89.4
TKM,1996,88.7
TKM,1997,87.5
TKM,1998,85.8
TKM,1999,83.8
TKM,2000,81.6
TKM,2001,79.2
TKM,2002,76.9
TKM,2003,74.7
TKM,2004,72.4
TKM,2005,70.1
TKM,2006,68
TKM,2007,66
TKM,2008,63.9
TKM,2009,61.9
TKM,2010,60.1
TKM,2011,58.2
TKM,2012,56.5
TKM,2013,54.7
TKM,2014,53.1
TKM,2015,51.4
TUV,1975,83.9
TUV,1976,80.3
TUV,1977,76.9
TUV,1978,73.6
TUV,1979,70.7
TUV,1980,68.1
TUV,1981,65.9
TUV,1982,63.9
TUV,1983,62.3
TUV,1984,61
TUV,1985,60
TUV,1986,59.3
TUV,1987,58.8
TUV,1988,58.3
TUV,1989,57.8
TUV,1990,57.2
TUV,1991,56.4
TUV,1992,55.4
TUV,1993,54.3
TUV,1994,52.9
TUV,1995,51.4
TUV,1996,49.7
TUV,1997,47.8
TUV,1998,46
TUV,1999,44.2
TUV,2000,42.6
TUV,2001,41.1
TUV,2002,39.8
TUV,2003,38.7
TUV,2004,37.6
TUV,2005,36.6
TUV,2006,35.6
TUV,2007,34.6
TUV,2008,33.6
TUV,2009,32.6
TUV,2010,31.7
TUV,2011,30.7
TUV,2012,29.8
TUV,2013,28.9
TUV,2014,28
TUV,2015,27.1
UGA,1800,510.9
UGA,1801,510.9
UGA,1802,510.9
UGA,1803,510.9
UGA,1804,510.9
UGA,1805,510.9
UGA,1806,510.9
UGA,1807,510.9
UGA,1808,510.9
UGA,1809,510.9
UGA,1810,510.9
UGA,1811,510.9
UGA,1812,510.9
UGA,1813,510.9
UGA,1814,510.9
UGA,1815,510.9
UGA,1816,510.9
UGA,1817,510.9
UGA,1818,510.9
UGA,1819,510.9
UGA,1820,510.9
UGA,1821,510.9
UGA,1822,510.9
UGA,1823,510.9
UGA,1824,510.9
UGA,1825,510.9
UGA,1826,510.9
UGA,1827,510.9
UGA,1828,510.9
UGA,1829,510.9
UGA,1830,510.9
UGA,1831,510.9
UGA,1832,510.9
UGA,1833,510.9
UGA,1834,510.9
UGA,1835,510.9
UGA,1836,510.9
UGA,1837,510.9
UGA,1838,510.9
UGA,1839,510.9
UGA,1840,510.9
UGA,1841,510.9
UGA,1842,510.9
UGA,1843,510.9
UGA,1844,510.9
UGA,1845,510.9
UGA,1846,510.9
UGA,1847,510.9
UGA,1848,510.9
UGA,1849,510.9
UGA,1850,510.9
UGA,1851,510.9
UGA,1852,510.9
UGA,1853,510.9
UGA,1854,510.9
UGA,1855,510.9
UGA,1856,510.9
UGA,1857,510.9
UGA,1858,510.9
UGA,1859,510.9
UGA,1860,510.9
UGA,1861,510.9
UGA,1862,510.9
UGA,1863,510.9
UGA,1864,510.9
UGA,1865,510.9
UGA,1866,510.9
UGA,1867,510.9
UGA,1868,510.9
UGA,1869,510.9
UGA,1870,510.9
UGA,1871,510.9
UGA,1872,510.9
UGA,1873,510.9
UGA,1874,510.9
UGA,1875,510.9
UGA,1876,510.9
UGA,1877,510.9
UGA,1878,510.9
UGA,1879,510.9
UGA,1880,510.9
UGA,1881,510.9
UGA,1882,510.9
UGA,1883,510.9
UGA,1884,510.9
UGA,1885,510.9
UGA,1886,510.9
UGA,1887,510.9
UGA,1888,510.9
UGA,1889,510.9
UGA,1890,510.9
UGA,1891,510.9
UGA,1892,510.9
UGA,1893,510.9
UGA,1894,510.9
UGA,1895,510.8
UGA,1896,510.8
UGA,1897,510.6
UGA,1898,510.4
UGA,1899,510.1
UGA,1900,509.8
UGA,1901,509.4
UGA,1902,508.8
UGA,1903,508.2
UGA,1904,507.6
UGA,1905,506.8
UGA,1906,506
UGA,1907,505
UGA,1908,504
UGA,1909,503
UGA,1910,501.9
UGA,1911,500.7
UGA,1912,499.5
UGA,1913,498.3
UGA,1914,497
UGA,1915,495.7
UGA,1916,494.4
UGA,1917,493
UGA,1918,491.7
UGA,1919,490.4
UGA,1920,489.1
UGA,1921,487.8
UGA,1922,486.4
UGA,1923,489.4
UGA,1924,492.5
UGA,1925,494.1
UGA,1926,497.1
UGA,1927,500.1
UGA,1928,494.4
UGA,1929,490.1
UGA,1930,484.5
UGA,1931,480.3
UGA,1932,474.7
UGA,1933,470.6
UGA,1934,465.2
UGA,1935,461.1
UGA,1936,455.7
UGA,1937,451.8
UGA,1938,446.5
UGA,1939,441.3
UGA,1940,436.1
UGA,1941,431
UGA,1942,425.9
UGA,1943,420.9
UGA,1944,416
UGA,1945,395.5
UGA,1946,376
UGA,1947,357.5
UGA,1948,339.9
UGA,1949,323.1
UGA,1950,307.2
UGA,1951,292.1
UGA,1952,277.7
UGA,1953,264
UGA,1954,257.9
UGA,1955,251.5
UGA,1956,245.5
UGA,1957,239.7
UGA,1958,234.1
UGA,1959,228.7
UGA,1960,223.4
UGA,1961,218.2
UGA,1962,213.5
UGA,1963,208.8
UGA,1964,204.3
UGA,1965,200
UGA,1966,195.8
UGA,1967,192.1
UGA,1968,189
UGA,1969,186.3
UGA,1970,184.6
UGA,1971,184.1
UGA,1972,184.7
UGA,1973,186.5
UGA,1974,189.4
UGA,1975,193.2
UGA,1976,197.5
UGA,1977,202
UGA,1978,206
UGA,1979,208.9
UGA,1980,210.3
UGA,1981,208.9
UGA,1982,204.4
UGA,1983,198.1
UGA,1984,191.7
UGA,1985,186.4
UGA,1986,182.3
UGA,1987,179.7
UGA,1988,177.8
UGA,1989,175.7
UGA,1990,173.1
UGA,1991,170
UGA,1992,166.6
UGA,1993,163.4
UGA,1994,161.1
UGA,1995,159.5
UGA,1996,158.2
UGA,1997,156.6
UGA,1998,154.1
UGA,1999,150.4
UGA,2000,145.4
UGA,2001,139.2
UGA,2002,132.2
UGA,2003,124.6
UGA,2004,116.8
UGA,2005,109.1
UGA,2006,102
UGA,2007,95.3
UGA,2008,89.3
UGA,2009,84
UGA,2010,79.5
UGA,2011,74.6
UGA,2012,69.4
UGA,2013,65.1
UGA,2014,61.9
UGA,2015,59.5
UKR,1800,361
UKR,1801,361
UKR,1802,361
UKR,1803,361
UKR,1804,361
UKR,1805,361
UKR,1806,361
UKR,1807,361
UKR,1808,361
UKR,1809,361
UKR,1810,361
UKR,1811,361
UKR,1812,361
UKR,1813,361
UKR,1814,361
UKR,1815,361
UKR,1816,361
UKR,1817,361
UKR,1818,361
UKR,1819,361
UKR,1820,361
UKR,1821,361
UKR,1822,361
UKR,1823,361
UKR,1824,361
UKR,1825,361
UKR,1826,361
UKR,1827,361
UKR,1828,361
UKR,1829,361
UKR,1830,361
UKR,1831,361
UKR,1832,361
UKR,1833,361
UKR,1834,361
UKR,1835,361
UKR,1836,361
UKR,1837,361
UKR,1838,361
UKR,1839,361
UKR,1840,361
UKR,1841,361
UKR,1842,361
UKR,1843,361
UKR,1844,361
UKR,1845,361
UKR,1846,361
UKR,1847,361
UKR,1848,361
UKR,1849,361
UKR,1850,361
UKR,1851,361
UKR,1852,361
UKR,1853,361
UKR,1854,361
UKR,1855,361
UKR,1856,361
UKR,1857,361
UKR,1858,361
UKR,1859,361
UKR,1860,361
UKR,1861,361
UKR,1862,361
UKR,1863,361
UKR,1864,361
UKR,1865,361
UKR,1866,361
UKR,1867,361
UKR,1868,361
UKR,1869,361
UKR,1870,361
UKR,1871,361
UKR,1872,361
UKR,1873,361
UKR,1874,361
UKR,1875,361
UKR,1876,361
UKR,1877,361
UKR,1878,361
UKR,1879,361
UKR,1880,361
UKR,1881,361
UKR,1882,361
UKR,1883,361
UKR,1884,361
UKR,1885,361
UKR,1886,361
UKR,1887,361
UKR,1888,361
UKR,1889,361
UKR,1890,361
UKR,1891,361
UKR,1892,361
UKR,1893,361
UKR,1894,361
UKR,1895,360.9
UKR,1896,360.9
UKR,1897,360.8
UKR,1898,360.6
UKR,1899,360.4
UKR,1900,360.2
UKR,1901,359.9
UKR,1902,359.5
UKR,1903,359.1
UKR,1904,358.6
UKR,1905,358.1
UKR,1906,357.5
UKR,1907,356.8
UKR,1908,356.1
UKR,1909,355.4
UKR,1910,354.6
UKR,1911,353.8
UKR,1912,352.9
UKR,1913,352.1
UKR,1914,351.2
UKR,1915,350.4
UKR,1916,349.5
UKR,1917,348.7
UKR,1918,347.8
UKR,1919,347
UKR,1920,346.1
UKR,1921,326.6
UKR,1922,306.6
UKR,1923,288.4
UKR,1924,270.8
UKR,1925,253.8
UKR,1926,236.5
UKR,1927,234.1
UKR,1928,231.7
UKR,1929,228.4
UKR,1930,226.1
UKR,1931,223.7
UKR,1932,220.4
UKR,1933,218
UKR,1934,215.5
UKR,1935,212.3
UKR,1936,209.9
UKR,1937,207.6
UKR,1938,204.4
UKR,1939,202.1
UKR,1940,203.1
UKR,1941,470.3
UKR,1942,550.7
UKR,1943,572.9
UKR,1944,413.5
UKR,1945,336.1
UKR,1946,157.1
UKR,1947,238.7
UKR,1948,137.4
UKR,1949,117.9
UKR,1950,94.12
UKR,1951,91.42
UKR,1952,85.85
UKR,1953,80.88
UKR,1954,76.5
UKR,1955,72.16
UKR,1956,67.88
UKR,1957,64.15
UKR,1958,60.95
UKR,1959,61.22
UKR,1960,52.66
UKR,1961,51.17
UKR,1962,49.09
UKR,1963,47.1
UKR,1964,45.18
UKR,1965,43.35
UKR,1966,41.59
UKR,1967,39.9
UKR,1968,38.28
UKR,1969,36.72
UKR,1970,35.23
UKR,1971,33.8
UKR,1972,32.6
UKR,1973,31.6
UKR,1974,30.7
UKR,1975,30
UKR,1976,29.4
UKR,1977,29
UKR,1978,28.5
UKR,1979,28
UKR,1980,27.4
UKR,1981,26.6
UKR,1982,25.7
UKR,1983,24.7
UKR,1984,23.8
UKR,1985,22.7
UKR,1986,21.8
UKR,1987,21
UKR,1988,20.3
UKR,1989,19.8
UKR,1990,19.5
UKR,1991,19.5
UKR,1992,19.7
UKR,1993,19.9
UKR,1994,20.2
UKR,1995,20.5
UKR,1996,20.5
UKR,1997,20.3
UKR,1998,19.9
UKR,1999,19.2
UKR,2000,18.5
UKR,2001,17.6
UKR,2002,16.7
UKR,2003,15.9
UKR,2004,15.1
UKR,2005,14.5
UKR,2006,14
UKR,2007,13.4
UKR,2008,12.9
UKR,2009,12.3
UKR,2010,11.8
UKR,2011,11.2
UKR,2012,10.6
UKR,2013,10
UKR,2014,9.5
UKR,2015,9
ARE,1800,434.5
ARE,1801,434.5
ARE,1802,434.5
ARE,1803,434.5
ARE,1804,434.5
ARE,1805,434.5
ARE,1806,434.5
ARE,1807,434.5
ARE,1808,434.5
ARE,1809,434.5
ARE,1810,434.5
ARE,1811,434.5
ARE,1812,434.5
ARE,1813,434.5
ARE,1814,434.5
ARE,1815,434.5
ARE,1816,434.5
ARE,1817,434.5
ARE,1818,434.5
ARE,1819,434.5
ARE,1820,434.5
ARE,1821,434.5
ARE,1822,434.5
ARE,1823,434.5
ARE,1824,434.5
ARE,1825,434.5
ARE,1826,434.5
ARE,1827,434.5
ARE,1828,434.5
ARE,1829,434.5
ARE,1830,434.5
ARE,1831,434.5
ARE,1832,434.5
ARE,1833,434.5
ARE,1834,434.5
ARE,1835,434.5
ARE,1836,434.5
ARE,1837,434.5
ARE,1838,434.5
ARE,1839,434.5
ARE,1840,434.5
ARE,1841,434.5
ARE,1842,434.5
ARE,1843,434.5
ARE,1844,434.5
ARE,1845,434.5
ARE,1846,434.5
ARE,1847,434.5
ARE,1848,434.5
ARE,1849,434.5
ARE,1850,434.5
ARE,1851,434.5
ARE,1852,434.5
ARE,1853,434.5
ARE,1854,434.5
ARE,1855,434.5
ARE,1856,434.5
ARE,1857,434.5
ARE,1858,434.5
ARE,1859,434.5
ARE,1860,434.5
ARE,1861,434.5
ARE,1862,434.5
ARE,1863,434.5
ARE,1864,434.5
ARE,1865,434.5
ARE,1866,434.5
ARE,1867,434.5
ARE,1868,434.5
ARE,1869,434.5
ARE,1870,434.5
ARE,1871,434.5
ARE,1872,434.5
ARE,1873,434.5
ARE,1874,434.5
ARE,1875,434.5
ARE,1876,434.5
ARE,1877,434.5
ARE,1878,434.5
ARE,1879,434.5
ARE,1880,434.5
ARE,1881,434.5
ARE,1882,434.5
ARE,1883,434.5
ARE,1884,434.5
ARE,1885,434.5
ARE,1886,434.5
ARE,1887,434.5
ARE,1888,434.5
ARE,1889,434.5
ARE,1890,434.5
ARE,1891,434.5
ARE,1892,434.5
ARE,1893,434.5
ARE,1894,434.4
ARE,1895,434.4
ARE,1896,434.4
ARE,1897,434.2
ARE,1898,434.1
ARE,1899,433.8
ARE,1900,433.5
ARE,1901,433.1
ARE,1902,432.7
ARE,1903,432.2
ARE,1904,431.6
ARE,1905,431
ARE,1906,430.3
ARE,1907,429.5
ARE,1908,428.6
ARE,1909,427.7
ARE,1910,426.8
ARE,1911,425.8
ARE,1912,424.8
ARE,1913,423.8
ARE,1914,422.7
ARE,1915,421.7
ARE,1916,420.7
ARE,1917,419.7
ARE,1918,418.7
ARE,1919,417.6
ARE,1920,416.6
ARE,1921,415.6
ARE,1922,414.6
ARE,1923,413.6
ARE,1924,412.6
ARE,1925,411.6
ARE,1926,410.6
ARE,1927,409.6
ARE,1928,408.6
ARE,1929,407.6
ARE,1930,406.6
ARE,1931,405.6
ARE,1932,404.6
ARE,1933,403.6
ARE,1934,402.6
ARE,1935,401.6
ARE,1936,400.6
ARE,1937,399.6
ARE,1938,398.6
ARE,1939,397.6
ARE,1940,396.6
ARE,1941,395.6
ARE,1942,394.6
ARE,1943,393.6
ARE,1944,392.6
ARE,1945,391.6
ARE,1946,366.1
ARE,1947,340.8
ARE,1948,317.6
ARE,1949,294.5
ARE,1950,273.4
ARE,1951,265.6
ARE,1952,258
ARE,1953,250.6
ARE,1954,243.5
ARE,1955,236.5
ARE,1956,229.8
ARE,1957,223.2
ARE,1958,216.8
ARE,1959,210.6
ARE,1960,204.6
ARE,1961,193.8
ARE,1962,183.3
ARE,1963,172.7
ARE,1964,162.2
ARE,1965,151.3
ARE,1966,140.4
ARE,1967,129.4
ARE,1968,118.6
ARE,1969,108.2
ARE,1970,98.4
ARE,1971,89.1
ARE,1972,80.6
ARE,1973,72.8
ARE,1974,65.8
ARE,1975,59.4
ARE,1976,53.5
ARE,1977,48.2
ARE,1978,43.4
ARE,1979,39
ARE,1980,35.2
ARE,1981,31.9
ARE,1982,29
ARE,1983,26.5
ARE,1984,24.4
ARE,1985,22.7
ARE,1986,21.1
ARE,1987,19.7
ARE,1988,18.5
ARE,1989,17.4
ARE,1990,16.5
ARE,1991,15.6
ARE,1992,14.8
ARE,1993,14.2
ARE,1994,13.6
ARE,1995,13
ARE,1996,12.6
ARE,1997,12.2
ARE,1998,11.8
ARE,1999,11.5
ARE,2000,11.1
ARE,2001,10.9
ARE,2002,10.6
ARE,2003,10.3
ARE,2004,10.1
ARE,2005,9.8
ARE,2006,9.6
ARE,2007,9.4
ARE,2008,9.1
ARE,2009,8.8
ARE,2010,8.5
ARE,2011,8.2
ARE,2012,7.8
ARE,2013,7.4
ARE,2014,7.1
ARE,2015,6.8
GBR,1800,329
GBR,1801,326.8
GBR,1802,324.6
GBR,1803,322.4
GBR,1804,321.3
GBR,1805,320.2
GBR,1806,318
GBR,1807,317
GBR,1808,315.9
GBR,1809,314.8
GBR,1810,313.7
GBR,1811,311.5
GBR,1812,310.4
GBR,1813,308.3
GBR,1814,309.4
GBR,1815,310.4
GBR,1816,311.5
GBR,1817,312.6
GBR,1818,313.7
GBR,1819,313.7
GBR,1820,314.8
GBR,1821,315.9
GBR,1822,317
GBR,1823,317
GBR,1824,314.8
GBR,1825,312.6
GBR,1826,311.5
GBR,1827,309.4
GBR,1828,307.2
GBR,1829,308.3
GBR,1830,309.4
GBR,1831,310.4
GBR,1832,303.9
GBR,1833,297.6
GBR,1834,291.3
GBR,1835,285.2
GBR,1836,279.2
GBR,1837,273.3
GBR,1838,267.6
GBR,1839,262
GBR,1840,256.5
GBR,1841,251.1
GBR,1842,261.6
GBR,1843,258.3
GBR,1844,259
GBR,1845,248.3
GBR,1846,281.4
GBR,1847,281.6
GBR,1848,278.6
GBR,1849,279.9
GBR,1850,247.4
GBR,1851,262.3
GBR,1852,267.2
GBR,1853,264.4
GBR,1854,281.9
GBR,1855,261
GBR,1856,247.3
GBR,1857,262.5
GBR,1858,280.7
GBR,1859,273.9
GBR,1860,244.3
GBR,1861,258.5
GBR,1862,253.7
GBR,1863,279.5
GBR,1864,271.8
GBR,1865,266.9
GBR,1866,268.9
GBR,1867,248.3
GBR,1868,262.9
GBR,1869,262.9
GBR,1870,268.4
GBR,1871,258.1
GBR,1872,243.6
GBR,1873,235.4
GBR,1874,252.8
GBR,1875,252.2
GBR,1876,238.6
GBR,1877,225.1
GBR,1878,251.6
GBR,1879,228.2
GBR,1880,251.1
GBR,1881,209.8
GBR,1882,232.6
GBR,1883,221.5
GBR,1884,233.2
GBR,1885,218.9
GBR,1886,230.6
GBR,1887,227.1
GBR,1888,212.9
GBR,1889,227.8
GBR,1890,232
GBR,1891,232.9
GBR,1892,227.6
GBR,1893,236.2
GBR,1894,207.3
GBR,1895,236.9
GBR,1896,225.2
GBR,1897,226.3
GBR,1898,231.2
GBR,1899,232.3
GBR,1900,225.5
GBR,1901,215.6
GBR,1902,199.4
GBR,1903,191.2
GBR,1904,208.6
GBR,1905,185.9
GBR,1906,190.1
GBR,1907,176
GBR,1908,175.7
GBR,1909,162.9
GBR,1910,155.9
GBR,1911,189.2
GBR,1912,145.8
GBR,1913,157.9
GBR,1914,155.4
GBR,1915,165.6
GBR,1916,133.6
GBR,1917,136.5
GBR,1918,170.9
GBR,1919,134.6
GBR,1920,133.4
GBR,1921,114
GBR,1922,119.9
GBR,1923,102.2
GBR,1924,114.1
GBR,1925,112.3
GBR,1926,103
GBR,1927,103.4
GBR,1928,97.87
GBR,1929,113.6
GBR,1930,89.22
GBR,1931,95.15
GBR,1932,92.54
GBR,1933,87.49
GBR,1934,86.23
GBR,1935,80.31
GBR,1936,83.07
GBR,1937,80.23
GBR,1938,73.26
GBR,1939,65.68
GBR,1940,76.98
GBR,1941,81.02
GBR,1942,67.78
GBR,1943,64.41
GBR,1944,59.26
GBR,1945,54.88
GBR,1946,53.37
GBR,1947,53.31
GBR,1948,39.99
GBR,1949,38.1
GBR,1950,36.6
GBR,1951,35.1
GBR,1952,33.6
GBR,1953,32.1
GBR,1954,30.8
GBR,1955,29.6
GBR,1956,28.7
GBR,1957,28
GBR,1958,27.4
GBR,1959,27
GBR,1960,26.6
GBR,1961,26.1
GBR,1962,25.6
GBR,1963,24.9
GBR,1964,24.2
GBR,1965,23.4
GBR,1966,22.8
GBR,1967,22.2
GBR,1968,21.8
GBR,1969,21.4
GBR,1970,21
GBR,1971,20.6
GBR,1972,20.1
GBR,1973,19.4
GBR,1974,18.7
GBR,1975,18
GBR,1976,17.2
GBR,1977,16.5
GBR,1978,15.7
GBR,1979,14.9
GBR,1980,14.1
GBR,1981,13.4
GBR,1982,12.7
GBR,1983,12.2
GBR,1984,11.7
GBR,1985,11.4
GBR,1986,11.1
GBR,1987,10.8
GBR,1988,10.4
GBR,1989,9.9
GBR,1990,9.3
GBR,1991,8.7
GBR,1992,8.2
GBR,1993,7.8
GBR,1994,7.4
GBR,1995,7.2
GBR,1996,7
GBR,1997,6.9
GBR,1998,6.8
GBR,1999,6.7
GBR,2000,6.6
GBR,2001,6.4
GBR,2002,6.3
GBR,2003,6.3
GBR,2004,6.1
GBR,2005,6
GBR,2006,5.9
GBR,2007,5.8
GBR,2008,5.6
GBR,2009,5.4
GBR,2010,5.2
GBR,2011,5
GBR,2012,4.8
GBR,2013,4.6
GBR,2014,4.4
GBR,2015,4.2
USA,1800,462.9
USA,1801,462.7
USA,1802,462.5
USA,1803,462.3
USA,1804,462.1
USA,1805,461.9
USA,1806,461.7
USA,1807,461.5
USA,1808,461.4
USA,1809,461.1
USA,1810,461
USA,1811,460.4
USA,1812,459.9
USA,1813,459.3
USA,1814,458.8
USA,1815,458.3
USA,1816,457.7
USA,1817,457.2
USA,1818,456.6
USA,1819,456.1
USA,1820,455.6
USA,1821,454.6
USA,1822,453.6
USA,1823,452.7
USA,1824,451.7
USA,1825,450.8
USA,1826,449.8
USA,1827,448.8
USA,1828,447.9
USA,1829,446.9
USA,1830,445.9
USA,1831,444
USA,1832,442
USA,1833,440
USA,1834,438
USA,1835,436.1
USA,1836,434.1
USA,1837,432.1
USA,1838,430.1
USA,1839,428.1
USA,1840,426.2
USA,1841,422.8
USA,1842,419.4
USA,1843,416.1
USA,1844,412.7
USA,1845,409.4
USA,1846,406
USA,1847,402.6
USA,1848,399.3
USA,1849,395.9
USA,1850,392.6
USA,1851,386.4
USA,1852,380.3
USA,1853,374.2
USA,1854,368
USA,1855,361.9
USA,1856,355.8
USA,1857,349.7
USA,1858,343.5
USA,1859,337.4
USA,1860,331.3
USA,1861,329.4
USA,1862,327.6
USA,1863,325.7
USA,1864,323.9
USA,1865,322
USA,1866,320.2
USA,1867,318.3
USA,1868,316.5
USA,1869,314.6
USA,1870,312.8
USA,1871,317.1
USA,1872,321.5
USA,1873,325.8
USA,1874,330.1
USA,1875,334.5
USA,1876,338.8
USA,1877,343.1
USA,1878,347.5
USA,1879,351.8
USA,1880,356.2
USA,1881,346.5
USA,1882,336.9
USA,1883,327.3
USA,1884,317.7
USA,1885,308.1
USA,1886,298.4
USA,1887,288.8
USA,1888,279.2
USA,1889,274
USA,1890,268
USA,1891,264
USA,1892,260
USA,1893,257.1
USA,1894,253.2
USA,1895,249.3
USA,1896,246.4
USA,1897,242.5
USA,1898,238.6
USA,1899,234.7
USA,1900,231.7
USA,1901,227.8
USA,1902,216.6
USA,1903,215.4
USA,1904,224.2
USA,1905,217.5
USA,1906,219
USA,1907,217.7
USA,1908,202.2
USA,1909,193.9
USA,1910,201.9
USA,1911,187.5
USA,1912,180.9
USA,1913,185.3
USA,1914,175.5
USA,1915,170.8
USA,1916,177.5
USA,1917,178.4
USA,1918,236.6
USA,1919,166.7
USA,1920,165.3
USA,1921,143.4
USA,1922,143.6
USA,1923,147.5
USA,1924,137.1
USA,1925,127.4
USA,1926,118.4
USA,1927,110.1
USA,1928,102.3
USA,1929,95.09
USA,1930,88.39
USA,1931,82.15
USA,1932,76.35
USA,1933,70.97
USA,1934,77.27
USA,1935,72.93
USA,1936,73.44
USA,1937,71.08
USA,1938,67.09
USA,1939,60.6
USA,1940,59.54
USA,1941,58
USA,1942,52.54
USA,1943,51.48
USA,1944,48.18
USA,1945,46.12
USA,1946,44.55
USA,1947,40.82
USA,1948,38.79
USA,1949,38.7
USA,1950,37.7
USA,1951,36.6
USA,1952,35.6
USA,1953,34.7
USA,1954,33.8
USA,1955,33
USA,1956,32.3
USA,1957,31.7
USA,1958,31.2
USA,1959,30.6
USA,1960,30.1
USA,1961,29.5
USA,1962,28.9
USA,1963,28.3
USA,1964,27.7
USA,1965,27.1
USA,1966,26.4
USA,1967,25.7
USA,1968,24.9
USA,1969,24.1
USA,1970,23.3
USA,1971,22.4
USA,1972,21.5
USA,1973,20.6
USA,1974,19.7
USA,1975,18.8
USA,1976,17.9
USA,1977,17.1
USA,1978,16.3
USA,1979,15.6
USA,1980,15
USA,1981,14.4
USA,1982,13.9
USA,1983,13.4
USA,1984,13
USA,1985,12.7
USA,1986,12.4
USA,1987,12.2
USA,1988,11.9
USA,1989,11.6
USA,1990,11.2
USA,1991,10.9
USA,1992,10.5
USA,1993,10.1
USA,1994,9.8
USA,1995,9.5
USA,1996,9.2
USA,1997,8.9
USA,1998,8.7
USA,1999,8.6
USA,2000,8.4
USA,2001,8.3
USA,2002,8.2
USA,2003,8.1
USA,2004,8.1
USA,2005,8
USA,2006,7.9
USA,2007,7.8
USA,2008,7.7
USA,2009,7.5
USA,2010,7.4
USA,2011,7.2
USA,2012,7.1
USA,2013,6.9
USA,2014,6.7
USA,2015,6.5
URY,1800,406
URY,1801,406
URY,1802,406
URY,1803,406
URY,1804,406
URY,1805,406
URY,1806,406
URY,1807,406
URY,1808,406
URY,1809,406
URY,1810,406
URY,1811,406
URY,1812,406
URY,1813,406
URY,1814,406
URY,1815,406
URY,1816,406
URY,1817,406
URY,1818,406
URY,1819,406
URY,1820,406
URY,1821,406
URY,1822,406
URY,1823,406
URY,1824,406
URY,1825,406
URY,1826,406
URY,1827,406
URY,1828,406
URY,1829,406
URY,1830,406
URY,1831,406
URY,1832,406
URY,1833,406
URY,1834,406
URY,1835,406
URY,1836,406
URY,1837,406
URY,1838,406
URY,1839,406
URY,1840,406
URY,1841,406
URY,1842,406
URY,1843,406
URY,1844,406
URY,1845,406
URY,1846,406
URY,1847,406
URY,1848,406
URY,1849,406
URY,1850,406
URY,1851,406
URY,1852,406
URY,1853,406
URY,1854,406
URY,1855,406
URY,1856,406
URY,1857,406
URY,1858,406
URY,1859,406
URY,1860,406
URY,1861,406
URY,1862,406
URY,1863,406
URY,1864,406
URY,1865,406
URY,1866,406
URY,1867,406
URY,1868,406
URY,1869,406
URY,1870,406
URY,1871,406
URY,1872,406
URY,1873,406
URY,1874,406
URY,1875,406
URY,1876,406
URY,1877,406
URY,1878,406
URY,1879,406
URY,1880,406
URY,1881,406
URY,1882,406
URY,1883,406
URY,1884,406
URY,1885,406
URY,1886,406
URY,1887,406
URY,1888,406
URY,1889,406
URY,1890,406
URY,1891,406
URY,1892,406
URY,1893,406
URY,1894,405.9
URY,1895,405.9
URY,1896,405.9
URY,1897,405.8
URY,1898,405.6
URY,1899,405.4
URY,1900,405.1
URY,1901,404.7
URY,1902,404.3
URY,1903,403.9
URY,1904,403.3
URY,1905,402.7
URY,1906,402
URY,1907,401.3
URY,1908,400.5
URY,1909,399.7
URY,1910,398.8
URY,1911,397.9
URY,1912,363.7
URY,1913,332.5
URY,1914,304
URY,1915,277.9
URY,1916,254
URY,1917,232.2
URY,1918,212.3
URY,1919,194.1
URY,1920,177.4
URY,1921,162.2
URY,1922,138.3
URY,1923,156.6
URY,1924,164
URY,1925,177.1
URY,1926,136.5
URY,1927,160.3
URY,1928,149.2
URY,1929,136.5
URY,1930,149.2
URY,1931,167.7
URY,1932,147.3
URY,1933,136.4
URY,1934,141.9
URY,1935,152.8
URY,1936,134.6
URY,1937,141.8
URY,1938,147.3
URY,1939,117
URY,1940,124
URY,1941,118.8
URY,1942,136.4
URY,1943,110.2
URY,1944,90.28
URY,1945,87.15
URY,1946,84.13
URY,1947,98.38
URY,1948,82.61
URY,1949,68.73
URY,1950,66.62
URY,1951,64.57
URY,1952,62.59
URY,1953,60.66
URY,1954,58.8
URY,1955,60.6
URY,1956,62.3
URY,1957,63.8
URY,1958,64.6
URY,1959,64.8
URY,1960,64
URY,1961,62.6
URY,1962,61
URY,1963,59.6
URY,1964,58.6
URY,1965,58
URY,1966,57.6
URY,1967,57.1
URY,1968,56.3
URY,1969,55.4
URY,1970,54.3
URY,1971,53.5
URY,1972,53.5
URY,1973,54.3
URY,1974,55.2
URY,1975,55.4
URY,1976,54.5
URY,1977,52.2
URY,1978,48.6
URY,1979,44.4
URY,1980,40
URY,1981,36.1
URY,1982,33.2
URY,1983,31.2
URY,1984,29.8
URY,1985,28.6
URY,1986,27.5
URY,1987,26.3
URY,1988,25.1
URY,1989,24
URY,1990,23.1
URY,1991,22.3
URY,1992,21.8
URY,1993,21.5
URY,1994,21.1
URY,1995,20.6
URY,1996,20
URY,1997,19.2
URY,1998,18.3
URY,1999,17.5
URY,2000,16.8
URY,2001,16.2
URY,2002,15.8
URY,2003,15.3
URY,2004,14.8
URY,2005,14.3
URY,2006,13.8
URY,2007,13.3
URY,2008,13
URY,2009,12.7
URY,2010,12.3
URY,2011,12
URY,2012,11.6
URY,2013,11.1
URY,2014,10.6
URY,2015,10.1
UZB,1800,381.4
UZB,1801,381.4
UZB,1802,381.4
UZB,1803,381.4
UZB,1804,381.4
UZB,1805,381.3
UZB,1806,381.3
UZB,1807,381.3
UZB,1808,381.3
UZB,1809,381.2
UZB,1810,381.2
UZB,1811,381.2
UZB,1812,381.2
UZB,1813,381.2
UZB,1814,381.1
UZB,1815,381.1
UZB,1816,381.1
UZB,1817,381.1
UZB,1818,381.1
UZB,1819,381
UZB,1820,381
UZB,1821,381
UZB,1822,381
UZB,1823,380.9
UZB,1824,380.9
UZB,1825,380.9
UZB,1826,380.9
UZB,1827,380.9
UZB,1828,380.9
UZB,1829,380.8
UZB,1830,380.8
UZB,1831,380.8
UZB,1832,380.8
UZB,1833,380.7
UZB,1834,380.7
UZB,1835,380.7
UZB,1836,380.7
UZB,1837,380.7
UZB,1838,380.6
UZB,1839,380.6
UZB,1840,380.6
UZB,1841,380.6
UZB,1842,380.6
UZB,1843,380.5
UZB,1844,380.5
UZB,1845,380.5
UZB,1846,380.5
UZB,1847,380.4
UZB,1848,380.4
UZB,1849,380.4
UZB,1850,380.4
UZB,1851,380.4
UZB,1852,380.3
UZB,1853,380.3
UZB,1854,380.3
UZB,1855,380.3
UZB,1856,380.3
UZB,1857,380.2
UZB,1858,380.2
UZB,1859,380.2
UZB,1860,380.2
UZB,1861,380.1
UZB,1862,380.1
UZB,1863,380.1
UZB,1864,380.1
UZB,1865,380.1
UZB,1866,380.1
UZB,1867,380
UZB,1868,380
UZB,1869,380
UZB,1870,380
UZB,1871,379.9
UZB,1872,379.9
UZB,1873,379.9
UZB,1874,379.9
UZB,1875,379.9
UZB,1876,379.8
UZB,1877,379.8
UZB,1878,379.8
UZB,1879,379.8
UZB,1880,379.8
UZB,1881,379.7
UZB,1882,379.7
UZB,1883,379.7
UZB,1884,379.7
UZB,1885,379.6
UZB,1886,379.6
UZB,1887,379.6
UZB,1888,379.6
UZB,1889,379.6
UZB,1890,379.5
UZB,1891,379.5
UZB,1892,379.5
UZB,1893,379.5
UZB,1894,379.5
UZB,1895,379.4
UZB,1896,379.4
UZB,1897,379.4
UZB,1898,379.4
UZB,1899,379.4
UZB,1900,379.3
UZB,1901,376
UZB,1902,372.7
UZB,1903,369.5
UZB,1904,366.3
UZB,1905,363.1
UZB,1906,359.9
UZB,1907,356.8
UZB,1908,353.6
UZB,1909,350.5
UZB,1910,347.5
UZB,1911,344.4
UZB,1912,341.4
UZB,1913,338.5
UZB,1914,335.5
UZB,1915,332.6
UZB,1916,329.7
UZB,1917,326.8
UZB,1918,323.9
UZB,1919,321.1
UZB,1920,318.3
UZB,1921,315.5
UZB,1922,312.8
UZB,1923,310.1
UZB,1924,307.3
UZB,1925,304.6
UZB,1926,302
UZB,1927,299.4
UZB,1928,296.7
UZB,1929,294.1
UZB,1930,291.6
UZB,1931,289
UZB,1932,284.1
UZB,1933,279.3
UZB,1934,274.6
UZB,1935,269.9
UZB,1936,265.4
UZB,1937,260.9
UZB,1938,256.4
UZB,1939,252.1
UZB,1940,247.8
UZB,1941,243.6
UZB,1942,239.4
UZB,1943,235.3
UZB,1944,231.3
UZB,1945,227.4
UZB,1946,223.5
UZB,1947,219.7
UZB,1948,215.9
UZB,1949,212.2
UZB,1950,208.6
UZB,1951,205.1
UZB,1952,201.6
UZB,1953,198.1
UZB,1954,194.8
UZB,1955,191.4
UZB,1956,188.2
UZB,1957,185
UZB,1958,181.8
UZB,1959,178.7
UZB,1960,175.7
UZB,1961,172.7
UZB,1962,169.7
UZB,1963,166.8
UZB,1964,164
UZB,1965,161.2
UZB,1966,158.4
UZB,1967,155.7
UZB,1968,153.1
UZB,1969,150.5
UZB,1970,147.9
UZB,1971,145.4
UZB,1972,142.9
UZB,1973,140.5
UZB,1974,138.1
UZB,1975,135.7
UZB,1976,133.4
UZB,1977,131.1
UZB,1978,128.9
UZB,1979,126.7
UZB,1980,118.2
UZB,1981,110.2
UZB,1982,102.9
UZB,1983,96.4
UZB,1984,90.5
UZB,1985,85.3
UZB,1986,80.8
UZB,1987,77.3
UZB,1988,74.5
UZB,1989,72.5
UZB,1990,71.5
UZB,1991,71.1
UZB,1992,71
UZB,1993,70.6
UZB,1994,70.2
UZB,1995,69.5
UZB,1996,68.7
UZB,1997,67.7
UZB,1998,66.5
UZB,1999,65
UZB,2000,63.2
UZB,2001,61.4
UZB,2002,59.6
UZB,2003,57.8
UZB,2004,56
UZB,2005,54.2
UZB,2006,52.5
UZB,2007,50.8
UZB,2008,49.2
UZB,2009,47.6
UZB,2010,46.1
UZB,2011,44.6
UZB,2012,43.2
UZB,2013,41.8
UZB,2014,40.4
UZB,2015,39.1
VUT,1800,426.2
VUT,1801,423.9
VUT,1802,421.5
VUT,1803,419.1
VUT,1804,416.8
VUT,1805,414.4
VUT,1806,412.1
VUT,1807,409.8
VUT,1808,407.5
VUT,1809,405.3
VUT,1810,403
VUT,1811,400.7
VUT,1812,398.5
VUT,1813,396.3
VUT,1814,394.1
VUT,1815,391.8
VUT,1816,389.6
VUT,1817,387.5
VUT,1818,385.3
VUT,1819,383.1
VUT,1820,381
VUT,1821,378.9
VUT,1822,376.8
VUT,1823,374.6
VUT,1824,372.6
VUT,1825,370.5
VUT,1826,368.4
VUT,1827,366.3
VUT,1828,364.3
VUT,1829,362.2
VUT,1830,360.2
VUT,1831,358.2
VUT,1832,356.2
VUT,1833,354.2
VUT,1834,352.2
VUT,1835,350.3
VUT,1836,348.3
VUT,1837,346.4
VUT,1838,344.4
VUT,1839,342.5
VUT,1840,340.6
VUT,1841,338.7
VUT,1842,336.8
VUT,1843,334.9
VUT,1844,333
VUT,1845,331.1
VUT,1846,329.3
VUT,1847,327.5
VUT,1848,325.6
VUT,1849,323.8
VUT,1850,322
VUT,1851,320.2
VUT,1852,318.4
VUT,1853,316.6
VUT,1854,314.9
VUT,1855,313.1
VUT,1856,311.3
VUT,1857,309.6
VUT,1858,307.9
VUT,1859,306.1
VUT,1860,304.4
VUT,1861,302.7
VUT,1862,301
VUT,1863,299.4
VUT,1864,297.7
VUT,1865,296
VUT,1866,294.4
VUT,1867,292.7
VUT,1868,291.1
VUT,1869,289.4
VUT,1870,287.8
VUT,1871,286.2
VUT,1872,284.6
VUT,1873,283
VUT,1874,281.4
VUT,1875,279.9
VUT,1876,278.3
VUT,1877,276.7
VUT,1878,275.2
VUT,1879,273.6
VUT,1880,272.1
VUT,1881,270.6
VUT,1882,269.1
VUT,1883,267.6
VUT,1884,266.1
VUT,1885,264.6
VUT,1886,263.1
VUT,1887,261.6
VUT,1888,260.2
VUT,1889,258.7
VUT,1890,257.3
VUT,1891,255.8
VUT,1892,254.4
VUT,1893,253
VUT,1894,251.6
VUT,1895,250.2
VUT,1896,248.8
VUT,1897,247.4
VUT,1898,246
VUT,1899,244.6
VUT,1900,243.2
VUT,1901,241.9
VUT,1902,240.5
VUT,1903,239.2
VUT,1904,237.8
VUT,1905,236.5
VUT,1906,235.2
VUT,1907,233.9
VUT,1908,232.6
VUT,1909,231.3
VUT,1910,230
VUT,1911,228.7
VUT,1912,227.4
VUT,1913,226.2
VUT,1914,224.9
VUT,1915,223.7
VUT,1916,222.5
VUT,1917,221.2
VUT,1918,220
VUT,1919,218.8
VUT,1920,217.6
VUT,1921,216.4
VUT,1922,215.3
VUT,1923,214.1
VUT,1924,212.9
VUT,1925,211.8
VUT,1926,210.6
VUT,1927,209.4
VUT,1928,208.3
VUT,1929,207.2
VUT,1930,206
VUT,1931,204.9
VUT,1932,203.8
VUT,1933,202.7
VUT,1934,201.6
VUT,1935,200.4
VUT,1936,199.3
VUT,1937,198.3
VUT,1938,197.2
VUT,1939,196.1
VUT,1940,195
VUT,1941,194
VUT,1942,192.9
VUT,1943,191.8
VUT,1944,190.8
VUT,1945,189.8
VUT,1946,188.7
VUT,1947,187.7
VUT,1948,186.7
VUT,1949,185.6
VUT,1950,184.6
VUT,1951,183.6
VUT,1952,182.6
VUT,1953,179.4
VUT,1954,175.9
VUT,1955,172.4
VUT,1956,169
VUT,1957,165.8
VUT,1958,162.7
VUT,1959,158.9
VUT,1960,155.2
VUT,1961,151
VUT,1962,147
VUT,1963,142.4
VUT,1964,137.7
VUT,1965,132.9
VUT,1966,128.1
VUT,1967,123
VUT,1968,118.1
VUT,1969,113.2
VUT,1970,108.6
VUT,1971,104.2
VUT,1972,99.9
VUT,1973,95.9
VUT,1974,92.1
VUT,1975,88.5
VUT,1976,84.8
VUT,1977,81.1
VUT,1978,77.1
VUT,1979,73
VUT,1980,68.7
VUT,1981,64.3
VUT,1982,59.9
VUT,1983,55.6
VUT,1984,51.5
VUT,1985,47.8
VUT,1986,44.6
VUT,1987,41.7
VUT,1988,39.3
VUT,1989,37.3
VUT,1990,35.6
VUT,1991,34.1
VUT,1992,32.9
VUT,1993,31.9
VUT,1994,31
VUT,1995,30.4
VUT,1996,29.9
VUT,1997,34.1
VUT,1998,29.1
VUT,1999,28.8
VUT,2000,28.5
VUT,2001,28.2
VUT,2002,27.9
VUT,2003,27.9
VUT,2004,27.9
VUT,2005,27.9
VUT,2006,28
VUT,2007,28.2
VUT,2008,28.2
VUT,2009,28.4
VUT,2010,28.5
VUT,2011,28.6
VUT,2012,28.6
VUT,2013,28.4
VUT,2014,28.1
VUT,2015,27.5
VEN,1800,414.9
VEN,1801,414.9
VEN,1802,414.9
VEN,1803,414.9
VEN,1804,414.9
VEN,1805,414.9
VEN,1806,414.9
VEN,1807,414.9
VEN,1808,414.9
VEN,1809,414.9
VEN,1810,414.9
VEN,1811,414.9
VEN,1812,414.9
VEN,1813,414.9
VEN,1814,414.9
VEN,1815,414.9
VEN,1816,414.9
VEN,1817,414.9
VEN,1818,414.9
VEN,1819,414.9
VEN,1820,414.9
VEN,1821,414.9
VEN,1822,414.9
VEN,1823,414.9
VEN,1824,414.9
VEN,1825,414.9
VEN,1826,414.9
VEN,1827,414.9
VEN,1828,414.9
VEN,1829,414.9
VEN,1830,414.9
VEN,1831,414.9
VEN,1832,414.9
VEN,1833,414.9
VEN,1834,414.9
VEN,1835,414.9
VEN,1836,414.9
VEN,1837,414.9
VEN,1838,414.9
VEN,1839,414.9
VEN,1840,414.9
VEN,1841,414.9
VEN,1842,414.9
VEN,1843,414.9
VEN,1844,414.9
VEN,1845,414.9
VEN,1846,414.9
VEN,1847,414.9
VEN,1848,414.9
VEN,1849,414.9
VEN,1850,414.9
VEN,1851,414.9
VEN,1852,414.9
VEN,1853,414.9
VEN,1854,414.9
VEN,1855,414.9
VEN,1856,414.9
VEN,1857,414.9
VEN,1858,414.9
VEN,1859,414.9
VEN,1860,414.9
VEN,1861,414.9
VEN,1862,414.9
VEN,1863,414.9
VEN,1864,414.9
VEN,1865,414.9
VEN,1866,414.9
VEN,1867,414.9
VEN,1868,414.9
VEN,1869,414.9
VEN,1870,414.9
VEN,1871,414.9
VEN,1872,414.9
VEN,1873,414.9
VEN,1874,414.9
VEN,1875,414.9
VEN,1876,414.9
VEN,1877,414.9
VEN,1878,414.9
VEN,1879,414.9
VEN,1880,414.9
VEN,1881,414.9
VEN,1882,414.9
VEN,1883,414.9
VEN,1884,414.9
VEN,1885,414.9
VEN,1886,414.9
VEN,1887,414.9
VEN,1888,414.9
VEN,1889,414.9
VEN,1890,414.9
VEN,1891,414.9
VEN,1892,414.9
VEN,1893,414.9
VEN,1894,414.9
VEN,1895,414.8
VEN,1896,414.8
VEN,1897,414.7
VEN,1898,414.5
VEN,1899,414.3
VEN,1900,414
VEN,1901,413.6
VEN,1902,413.2
VEN,1903,412.7
VEN,1904,412.2
VEN,1905,411.6
VEN,1906,410.9
VEN,1907,410.1
VEN,1908,409.3
VEN,1909,408.4
VEN,1910,407.5
VEN,1911,406.6
VEN,1912,405.7
VEN,1913,404.8
VEN,1914,403.9
VEN,1915,402.9
VEN,1916,402
VEN,1917,401.1
VEN,1918,400.2
VEN,1919,399.3
VEN,1920,398.4
VEN,1921,379.2
VEN,1922,360.9
VEN,1923,343.5
VEN,1924,327
VEN,1925,311.2
VEN,1926,296.2
VEN,1927,282
VEN,1928,268.4
VEN,1929,255.4
VEN,1930,243.2
VEN,1931,254
VEN,1932,259.1
VEN,1933,264.4
VEN,1934,257.6
VEN,1935,219.2
VEN,1936,213.6
VEN,1937,215.5
VEN,1938,223.1
VEN,1939,209.9
VEN,1940,191.1
VEN,1941,189.3
VEN,1942,178
VEN,1943,166.7
VEN,1944,181.8
VEN,1945,148.2
VEN,1946,153.7
VEN,1947,150.1
VEN,1948,146.4
VEN,1949,133.7
VEN,1950,107.4
VEN,1951,121.3
VEN,1952,115.5
VEN,1953,110.1
VEN,1954,105
VEN,1955,100.2
VEN,1956,95.8
VEN,1957,91.6
VEN,1958,87.7
VEN,1959,84.2
VEN,1960,81.1
VEN,1961,78.3
VEN,1962,75.9
VEN,1963,73.8
VEN,1964,72
VEN,1965,70.4
VEN,1966,68.9
VEN,1967,67.5
VEN,1968,66
VEN,1969,64.3
VEN,1970,62.6
VEN,1971,60.6
VEN,1972,58.8
VEN,1973,56.8
VEN,1974,55
VEN,1975,53.2
VEN,1976,51.4
VEN,1977,49.6
VEN,1978,47.7
VEN,1979,45.8
VEN,1980,43.9
VEN,1981,42.1
VEN,1982,40.3
VEN,1983,38.8
VEN,1984,37.4
VEN,1985,36.1
VEN,1986,34.8
VEN,1987,33.5
VEN,1988,32.1
VEN,1989,30.8
VEN,1990,29.6
VEN,1991,28.6
VEN,1992,27.8
VEN,1993,27.3
VEN,1994,26.8
VEN,1995,26.3
VEN,1996,25.5
VEN,1997,24.5
VEN,1998,23.5
VEN,1999,27.7
VEN,2000,21.7
VEN,2001,21
VEN,2002,20.4
VEN,2003,19.8
VEN,2004,19.2
VEN,2005,18.5
VEN,2006,17.9
VEN,2007,17.4
VEN,2008,17.1
VEN,2009,16.8
VEN,2010,16.6
VEN,2011,16.4
VEN,2012,16.1
VEN,2013,15.7
VEN,2014,15.3
VEN,2015,14.9
PSE,1800,435.2
PSE,1801,435.2
PSE,1802,435.2
PSE,1803,435.2
PSE,1804,435.2
PSE,1805,435.1
PSE,1806,435.1
PSE,1807,435.1
PSE,1808,435.1
PSE,1809,435.1
PSE,1810,435.1
PSE,1811,435.1
PSE,1812,435.1
PSE,1813,435.1
PSE,1814,435.1
PSE,1815,435.1
PSE,1816,435.1
PSE,1817,435
PSE,1818,435
PSE,1819,435
PSE,1820,435
PSE,1821,435
PSE,1822,435
PSE,1823,435
PSE,1824,435
PSE,1825,435
PSE,1826,434.9
PSE,1827,434.9
PSE,1828,434.9
PSE,1829,434.9
PSE,1830,434.9
PSE,1831,434.9
PSE,1832,434.9
PSE,1833,434.9
PSE,1834,434.9
PSE,1835,434.9
PSE,1836,434.9
PSE,1837,434.9
PSE,1838,434.8
PSE,1839,434.8
PSE,1840,434.8
PSE,1841,434.8
PSE,1842,434.8
PSE,1843,434.8
PSE,1844,434.8
PSE,1845,434.8
PSE,1846,434.8
PSE,1847,434.8
PSE,1848,434.7
PSE,1849,434.7
PSE,1850,434.7
PSE,1851,434.7
PSE,1852,434.7
PSE,1853,434.7
PSE,1854,434.7
PSE,1855,434.7
PSE,1856,434.7
PSE,1857,434.7
PSE,1858,434.6
PSE,1859,434.6
PSE,1860,434.6
PSE,1861,434.6
PSE,1862,434.6
PSE,1863,434.6
PSE,1864,434.6
PSE,1865,434.6
PSE,1866,434.6
PSE,1867,434.6
PSE,1868,434.6
PSE,1869,434.5
PSE,1870,434.5
PSE,1871,434.5
PSE,1872,434.5
PSE,1873,434.5
PSE,1874,434.5
PSE,1875,434.5
PSE,1876,434.5
PSE,1877,434.5
PSE,1878,434.5
PSE,1879,434.4
PSE,1880,434.4
PSE,1881,434.4
PSE,1882,434.4
PSE,1883,434.4
PSE,1884,434.4
PSE,1885,434.4
PSE,1886,434.4
PSE,1887,434.4
PSE,1888,434.4
PSE,1889,434.4
PSE,1890,434.3
PSE,1891,434.3
PSE,1892,434.3
PSE,1893,434.3
PSE,1894,434.3
PSE,1895,434.3
PSE,1896,434.3
PSE,1897,434.3
PSE,1898,434.3
PSE,1899,434.3
PSE,1900,434.2
PSE,1901,433.3
PSE,1902,432.4
PSE,1903,431.5
PSE,1904,430.5
PSE,1905,429.6
PSE,1906,428.7
PSE,1907,427.8
PSE,1908,426.8
PSE,1909,425.9
PSE,1910,425
PSE,1911,424.1
PSE,1912,423.2
PSE,1913,422.3
PSE,1914,421.4
PSE,1915,420.5
PSE,1916,419.6
PSE,1917,418.7
PSE,1918,417.8
PSE,1919,416.9
PSE,1920,416
PSE,1921,415.1
PSE,1922,414.2
PSE,1923,413.3
PSE,1924,412.4
PSE,1925,411.5
PSE,1926,410.6
PSE,1927,409.8
PSE,1928,408.9
PSE,1929,408
PSE,1930,407.1
PSE,1931,395.7
PSE,1932,384.5
PSE,1933,373.7
PSE,1934,363.2
PSE,1935,353
PSE,1936,343.3
PSE,1937,333.8
PSE,1938,324.6
PSE,1939,315.6
PSE,1940,306.9
PSE,1941,298.4
PSE,1942,290.1
PSE,1943,282.1
PSE,1944,274.3
PSE,1945,266.7
PSE,1946,259.4
PSE,1947,252.2
PSE,1948,245.2
PSE,1949,238.4
PSE,1950,231.9
PSE,1951,230.5
PSE,1952,228.2
PSE,1953,224.9
PSE,1954,222.1
PSE,1955,218.2
PSE,1956,213.2
PSE,1957,207.9
PSE,1958,202.6
PSE,1959,197.3
PSE,1960,191.3
PSE,1961,184.6
PSE,1962,178.8
PSE,1963,172.4
PSE,1964,165.3
PSE,1965,159.1
PSE,1966,153.3
PSE,1967,147.6
PSE,1968,142.2
PSE,1969,137
PSE,1970,132
PSE,1971,127.2
PSE,1972,122.5
PSE,1973,118
PSE,1974,113.7
PSE,1975,109.5
PSE,1976,102.8
PSE,1977,96.6
PSE,1978,90.7
PSE,1979,85.2
PSE,1980,80
PSE,1981,75.2
PSE,1982,70.7
PSE,1983,66.5
PSE,1984,62.6
PSE,1985,58.9
PSE,1986,55.5
PSE,1987,52.3
PSE,1988,49.4
PSE,1989,46.7
PSE,1990,44.4
PSE,1991,42.3
PSE,1992,40.4
PSE,1993,38.7
PSE,1994,37.2
PSE,1995,35.7
PSE,1996,34.4
PSE,1997,33.1
PSE,1998,31.9
PSE,1999,30.8
PSE,2000,29.8
PSE,2001,28.9
PSE,2002,28.2
PSE,2003,27.5
PSE,2004,26.9
PSE,2005,26.3
PSE,2006,25.8
PSE,2007,25.2
PSE,2008,24.7
PSE,2009,24.2
PSE,2010,23.8
PSE,2011,23.3
PSE,2012,22.8
PSE,2013,22.3
PSE,2014,21.7
PSE,2015,21.1
ESH,1980,179.1
ESH,1981,171.2
ESH,1982,163.3
ESH,1983,155.5
ESH,1984,148
ESH,1985,140.8
ESH,1986,134.2
ESH,1987,128.2
ESH,1988,122.8
ESH,1989,118.1
ESH,1990,114
ESH,1991,110.3
ESH,1992,106.9
ESH,1993,103.5
ESH,1994,100.2
ESH,1995,96.73
ESH,1996,93.14
ESH,1997,89.48
ESH,1998,85.81
ESH,1999,82.14
ESH,2000,78.51
ESH,2001,74.97
ESH,2002,71.54
ESH,2003,68.27
ESH,2004,65.19
ESH,2005,62.32
ESH,2006,59.66
ESH,2007,57.2
ESH,2008,54.9
ESH,2009,52.74
ESH,2010,50.71
ESH,2011,48.76
ESH,2012,46.87
ESH,2013,45.03
ESH,2014,43.22
ESH,2015,41.45
VNM,1800,417.4
VNM,1801,417.4
VNM,1802,417.4
VNM,1803,417.4
VNM,1804,417.4
VNM,1805,417.4
VNM,1806,417.4
VNM,1807,417.4
VNM,1808,417.4
VNM,1809,417.4
VNM,1810,417.4
VNM,1811,417.4
VNM,1812,417.4
VNM,1813,417.4
VNM,1814,417.4
VNM,1815,417.4
VNM,1816,417.4
VNM,1817,417.4
VNM,1818,417.4
VNM,1819,417.4
VNM,1820,417.4
VNM,1821,417.4
VNM,1822,417.4
VNM,1823,417.4
VNM,1824,417.4
VNM,1825,417.4
VNM,1826,417.4
VNM,1827,417.4
VNM,1828,417.4
VNM,1829,417.4
VNM,1830,417.4
VNM,1831,417.4
VNM,1832,417.4
VNM,1833,417.4
VNM,1834,417.4
VNM,1835,417.4
VNM,1836,417.4
VNM,1837,417.4
VNM,1838,417.4
VNM,1839,417.4
VNM,1840,417.4
VNM,1841,417.4
VNM,1842,417.4
VNM,1843,417.4
VNM,1844,417.4
VNM,1845,417.4
VNM,1846,417.4
VNM,1847,417.4
VNM,1848,417.4
VNM,1849,417.4
VNM,1850,417.4
VNM,1851,417.4
VNM,1852,417.4
VNM,1853,417.4
VNM,1854,417.4
VNM,1855,417.4
VNM,1856,417.4
VNM,1857,417.4
VNM,1858,417.4
VNM,1859,417.4
VNM,1860,417.4
VNM,1861,417.4
VNM,1862,417.4
VNM,1863,417.4
VNM,1864,417.4
VNM,1865,417.4
VNM,1866,417.4
VNM,1867,417.4
VNM,1868,417.4
VNM,1869,417.4
VNM,1870,417.4
VNM,1871,417.4
VNM,1872,417.4
VNM,1873,417.4
VNM,1874,417.4
VNM,1875,417.4
VNM,1876,417.4
VNM,1877,417.4
VNM,1878,417.4
VNM,1879,417.4
VNM,1880,417.4
VNM,1881,417.4
VNM,1882,417.4
VNM,1883,417.4
VNM,1884,417.4
VNM,1885,417.4
VNM,1886,417.4
VNM,1887,417.4
VNM,1888,417.4
VNM,1889,417.4
VNM,1890,417.4
VNM,1891,417.4
VNM,1892,417.4
VNM,1893,417.4
VNM,1894,417.4
VNM,1895,417.4
VNM,1896,417.3
VNM,1897,417.2
VNM,1898,417.1
VNM,1899,416.8
VNM,1900,416.5
VNM,1901,416.2
VNM,1902,415.8
VNM,1903,415.3
VNM,1904,414.7
VNM,1905,414.1
VNM,1906,413.4
VNM,1907,412.6
VNM,1908,411.8
VNM,1909,411
VNM,1910,410.1
VNM,1911,409.1
VNM,1912,408.1
VNM,1913,407.1
VNM,1914,406.2
VNM,1915,405.2
VNM,1916,404.2
VNM,1917,403.2
VNM,1918,402.2
VNM,1919,401.3
VNM,1920,400.3
VNM,1921,399.3
VNM,1922,398.3
VNM,1923,397.4
VNM,1924,396.4
VNM,1925,394.4
VNM,1926,392.5
VNM,1927,390.6
VNM,1928,388.6
VNM,1929,386.7
VNM,1930,384.8
VNM,1931,380.6
VNM,1932,377.5
VNM,1933,373.3
VNM,1934,369.1
VNM,1935,366.1
VNM,1936,362
VNM,1937,345.8
VNM,1938,329.1
VNM,1939,313.9
VNM,1940,298.3
VNM,1941,284.1
VNM,1942,269.4
VNM,1943,256.1
VNM,1944,242.3
VNM,1945,229.8
VNM,1946,216.9
VNM,1947,205.2
VNM,1948,193
VNM,1949,182
VNM,1950,173.7
VNM,1951,165.8
VNM,1952,158.3
VNM,1953,151.1
VNM,1954,144.2
VNM,1955,137.7
VNM,1956,131.4
VNM,1957,125.5
VNM,1958,119.8
VNM,1959,114.3
VNM,1960,110.1
VNM,1961,106
VNM,1962,102.2
VNM,1963,98.61
VNM,1964,95
VNM,1965,93.3
VNM,1966,91.8
VNM,1967,90.3
VNM,1968,88.8
VNM,1969,87.3
VNM,1970,85.7
VNM,1971,84.2
VNM,1972,82.6
VNM,1973,81
VNM,1974,79.3
VNM,1975,77.6
VNM,1976,75.9
VNM,1977,74.1
VNM,1978,72.3
VNM,1979,70.5
VNM,1980,68.7
VNM,1981,66.9
VNM,1982,65.3
VNM,1983,63.6
VNM,1984,62
VNM,1985,60.3
VNM,1986,58.5
VNM,1987,56.7
VNM,1988,54.8
VNM,1989,52.8
VNM,1990,50.8
VNM,1991,48.8
VNM,1992,46.8
VNM,1993,44.8
VNM,1994,43
VNM,1995,41.2
VNM,1996,39.5
VNM,1997,38
VNM,1998,36.5
VNM,1999,35.1
VNM,2000,33.8
VNM,2001,32.5
VNM,2002,31.4
VNM,2003,30.4
VNM,2004,29.4
VNM,2005,28.5
VNM,2006,27.7
VNM,2007,26.9
VNM,2008,26.2
VNM,2009,25.5
VNM,2010,24.8
VNM,2011,24.2
VNM,2012,23.5
VNM,2013,22.9
VNM,2014,22.3
VNM,2015,21.7
VIR,1980,27.58
VIR,1981,26.74
VIR,1982,25.9
VIR,1983,25.06
VIR,1984,24.2
VIR,1985,23.33
VIR,1986,22.47
VIR,1987,21.63
VIR,1988,20.84
VIR,1989,20.09
VIR,1990,19.4
VIR,1991,18.75
VIR,1992,18.14
VIR,1993,17.56
VIR,1994,17
VIR,1995,16.47
VIR,1996,15.96
VIR,1997,15.47
VIR,1998,15.02
VIR,1999,14.6
VIR,2000,14.21
VIR,2001,13.87
VIR,2002,13.56
VIR,2003,13.29
VIR,2004,13.05
VIR,2005,12.82
VIR,2006,12.6
VIR,2007,12.38
VIR,2008,12.14
VIR,2009,11.89
VIR,2010,11.62
VIR,2011,11.35
VIR,2012,11.08
VIR,2013,10.82
VIR,2014,10.57
VIR,2015,10.33
YEM,1800,540.4
YEM,1801,540.4
YEM,1802,540.4
YEM,1803,540.4
YEM,1804,540.4
YEM,1805,540.4
YEM,1806,540.4
YEM,1807,540.4
YEM,1808,540.4
YEM,1809,540.4
YEM,1810,540.4
YEM,1811,540.4
YEM,1812,540.4
YEM,1813,540.4
YEM,1814,540.4
YEM,1815,540.4
YEM,1816,540.4
YEM,1817,540.4
YEM,1818,540.4
YEM,1819,540.4
YEM,1820,540.4
YEM,1821,540.4
YEM,1822,540.4
YEM,1823,540.4
YEM,1824,540.4
YEM,1825,540.4
YEM,1826,540.4
YEM,1827,540.4
YEM,1828,540.4
YEM,1829,540.4
YEM,1830,540.4
YEM,1831,540.4
YEM,1832,540.4
YEM,1833,540.4
YEM,1834,540.4
YEM,1835,540.4
YEM,1836,540.4
YEM,1837,540.4
YEM,1838,540.4
YEM,1839,540.4
YEM,1840,540.4
YEM,1841,540.4
YEM,1842,540.4
YEM,1843,540.4
YEM,1844,540.4
YEM,1845,540.4
YEM,1846,540.4
YEM,1847,540.4
YEM,1848,540.4
YEM,1849,540.4
YEM,1850,540.4
YEM,1851,540.4
YEM,1852,540.4
YEM,1853,540.4
YEM,1854,540.4
YEM,1855,540.4
YEM,1856,540.4
YEM,1857,540.4
YEM,1858,540.4
YEM,1859,540.4
YEM,1860,540.4
YEM,1861,540.4
YEM,1862,540.4
YEM,1863,540.4
YEM,1864,540.4
YEM,1865,540.4
YEM,1866,540.4
YEM,1867,540.4
YEM,1868,540.4
YEM,1869,540.4
YEM,1870,540.4
YEM,1871,540.4
YEM,1872,540.4
YEM,1873,540.4
YEM,1874,540.4
YEM,1875,540.4
YEM,1876,540.4
YEM,1877,540.4
YEM,1878,540.4
YEM,1879,540.4
YEM,1880,540.4
YEM,1881,540.4
YEM,1882,540.4
YEM,1883,540.4
YEM,1884,540.4
YEM,1885,540.4
YEM,1886,540.4
YEM,1887,540.4
YEM,1888,540.4
YEM,1889,540.4
YEM,1890,540.4
YEM,1891,540.4
YEM,1892,540.4
YEM,1893,540.4
YEM,1894,540.4
YEM,1895,540.4
YEM,1896,540.3
YEM,1897,540.2
YEM,1898,539.9
YEM,1899,539.6
YEM,1900,539.3
YEM,1901,538.8
YEM,1902,538.2
YEM,1903,537.6
YEM,1904,536.9
YEM,1905,536.1
YEM,1906,535.2
YEM,1907,534.2
YEM,1908,533.2
YEM,1909,532
YEM,1910,530.9
YEM,1911,529.6
YEM,1912,528.4
YEM,1913,527.1
YEM,1914,525.9
YEM,1915,524.6
YEM,1916,523.3
YEM,1917,522
YEM,1918,521.4
YEM,1919,520.6
YEM,1920,519.9
YEM,1921,519.2
YEM,1922,518.5
YEM,1923,517.8
YEM,1924,517.1
YEM,1925,516.4
YEM,1926,515.7
YEM,1927,515
YEM,1928,514.2
YEM,1929,513.5
YEM,1930,512.8
YEM,1931,512
YEM,1932,511.3
YEM,1933,510.6
YEM,1934,509.8
YEM,1935,509.1
YEM,1936,508.3
YEM,1937,507.6
YEM,1938,506.8
YEM,1939,506.1
YEM,1940,505.3
YEM,1941,504.5
YEM,1942,503.8
YEM,1943,503
YEM,1944,502.2
YEM,1945,501.5
YEM,1946,500.7
YEM,1947,499.9
YEM,1948,499.1
YEM,1949,498.4
YEM,1950,497.6
YEM,1951,489.5
YEM,1952,500.4
YEM,1953,489
YEM,1954,477.9
YEM,1955,467.3
YEM,1956,457.1
YEM,1957,447.6
YEM,1958,439.9
YEM,1959,432.6
YEM,1960,425.5
YEM,1961,418.2
YEM,1962,410.7
YEM,1963,403
YEM,1964,394.3
YEM,1965,384.7
YEM,1966,374.3
YEM,1967,362.9
YEM,1968,350.8
YEM,1969,338.4
YEM,1970,326
YEM,1971,314
YEM,1972,302.5
YEM,1973,291.4
YEM,1974,280.3
YEM,1975,268.6
YEM,1976,256.6
YEM,1977,244
YEM,1978,231.3
YEM,1979,218.5
YEM,1980,205.8
YEM,1981,193.6
YEM,1982,181.9
YEM,1983,171.1
YEM,1984,161.2
YEM,1985,152.7
YEM,1986,145.4
YEM,1987,139.2
YEM,1988,133.7
YEM,1989,128.9
YEM,1990,124.8
YEM,1991,121.3
YEM,1992,118.2
YEM,1993,115.6
YEM,1994,113.2
YEM,1995,111.1
YEM,1996,108.9
YEM,1997,106.4
YEM,1998,103.3
YEM,1999,99.7
YEM,2000,95.6
YEM,2001,91.3
YEM,2002,86.9
YEM,2003,82.7
YEM,2004,78.8
YEM,2005,75
YEM,2006,71.4
YEM,2007,68
YEM,2008,64.8
YEM,2009,61.7
YEM,2010,58.8
YEM,2011,56.1
YEM,2012,53.7
YEM,2013,51.5
YEM,2014,49.4
YEM,2015,47.5
ZMB,1800,409.8
ZMB,1801,409.8
ZMB,1802,409.8
ZMB,1803,409.8
ZMB,1804,409.8
ZMB,1805,409.8
ZMB,1806,409.8
ZMB,1807,409.8
ZMB,1808,409.8
ZMB,1809,409.8
ZMB,1810,409.8
ZMB,1811,409.8
ZMB,1812,409.8
ZMB,1813,409.8
ZMB,1814,409.8
ZMB,1815,409.8
ZMB,1816,409.8
ZMB,1817,409.8
ZMB,1818,409.8
ZMB,1819,409.8
ZMB,1820,409.8
ZMB,1821,409.8
ZMB,1822,409.8
ZMB,1823,409.8
ZMB,1824,409.8
ZMB,1825,409.8
ZMB,1826,409.8
ZMB,1827,409.8
ZMB,1828,409.8
ZMB,1829,409.8
ZMB,1830,409.8
ZMB,1831,409.8
ZMB,1832,409.8
ZMB,1833,409.8
ZMB,1834,409.8
ZMB,1835,409.8
ZMB,1836,409.8
ZMB,1837,409.8
ZMB,1838,409.8
ZMB,1839,409.8
ZMB,1840,409.8
ZMB,1841,409.8
ZMB,1842,409.8
ZMB,1843,409.8
ZMB,1844,409.8
ZMB,1845,409.8
ZMB,1846,409.8
ZMB,1847,409.8
ZMB,1848,409.8
ZMB,1849,409.8
ZMB,1850,409.8
ZMB,1851,409.8
ZMB,1852,409.8
ZMB,1853,409.8
ZMB,1854,409.8
ZMB,1855,409.8
ZMB,1856,409.8
ZMB,1857,409.8
ZMB,1858,409.8
ZMB,1859,409.8
ZMB,1860,409.8
ZMB,1861,409.8
ZMB,1862,409.8
ZMB,1863,409.8
ZMB,1864,409.8
ZMB,1865,409.8
ZMB,1866,409.8
ZMB,1867,409.8
ZMB,1868,409.8
ZMB,1869,409.8
ZMB,1870,409.8
ZMB,1871,409.8
ZMB,1872,409.8
ZMB,1873,409.8
ZMB,1874,409.8
ZMB,1875,409.8
ZMB,1876,409.8
ZMB,1877,409.8
ZMB,1878,409.8
ZMB,1879,409.8
ZMB,1880,409.8
ZMB,1881,409.8
ZMB,1882,409.8
ZMB,1883,409.8
ZMB,1884,409.8
ZMB,1885,409.8
ZMB,1886,409.8
ZMB,1887,409.8
ZMB,1888,409.8
ZMB,1889,409.8
ZMB,1890,409.8
ZMB,1891,409.8
ZMB,1892,409.8
ZMB,1893,409.8
ZMB,1894,409.8
ZMB,1895,409.8
ZMB,1896,409.7
ZMB,1897,409.6
ZMB,1898,409.4
ZMB,1899,409.2
ZMB,1900,408.9
ZMB,1901,408.6
ZMB,1902,408.1
ZMB,1903,407.6
ZMB,1904,407.1
ZMB,1905,406.5
ZMB,1906,405.8
ZMB,1907,405.1
ZMB,1908,404.3
ZMB,1909,403.4
ZMB,1910,402.5
ZMB,1911,401.6
ZMB,1912,400.6
ZMB,1913,399.8
ZMB,1914,399
ZMB,1915,398.2
ZMB,1916,397.4
ZMB,1917,396.6
ZMB,1918,395.8
ZMB,1919,395
ZMB,1920,394.2
ZMB,1921,393.4
ZMB,1922,392.6
ZMB,1923,391.7
ZMB,1924,390.9
ZMB,1925,390.1
ZMB,1926,389.3
ZMB,1927,388.5
ZMB,1928,387.6
ZMB,1929,386.8
ZMB,1930,386
ZMB,1931,385.2
ZMB,1932,384.4
ZMB,1933,383.5
ZMB,1934,382.7
ZMB,1935,381.9
ZMB,1936,381.1
ZMB,1937,380.2
ZMB,1938,379.4
ZMB,1939,378.6
ZMB,1940,377.8
ZMB,1941,376.9
ZMB,1942,376.1
ZMB,1943,375.3
ZMB,1944,374.4
ZMB,1945,354.9
ZMB,1946,336.4
ZMB,1947,318.8
ZMB,1948,302.1
ZMB,1949,286.4
ZMB,1950,271.4
ZMB,1951,257.2
ZMB,1952,243.8
ZMB,1953,239.4
ZMB,1954,234.9
ZMB,1955,230
ZMB,1956,225.5
ZMB,1957,220.9
ZMB,1958,216.5
ZMB,1959,211.8
ZMB,1960,207.3
ZMB,1961,203
ZMB,1962,198.9
ZMB,1963,195.3
ZMB,1964,192.3
ZMB,1965,189.8
ZMB,1966,188.2
ZMB,1967,187.1
ZMB,1968,186
ZMB,1969,183.7
ZMB,1970,180
ZMB,1971,175.1
ZMB,1972,169.3
ZMB,1973,163.7
ZMB,1974,158.8
ZMB,1975,155
ZMB,1976,153
ZMB,1977,152.7
ZMB,1978,153.3
ZMB,1979,153.9
ZMB,1980,155.2
ZMB,1981,156
ZMB,1982,157.4
ZMB,1983,159.5
ZMB,1984,162.7
ZMB,1985,167
ZMB,1986,171.2
ZMB,1987,175
ZMB,1988,178
ZMB,1989,180
ZMB,1990,181.1
ZMB,1991,181.4
ZMB,1992,181.2
ZMB,1993,180.2
ZMB,1994,177.7
ZMB,1995,174.7
ZMB,1996,172.1
ZMB,1997,170.2
ZMB,1998,168.3
ZMB,1999,165.2
ZMB,2000,160
ZMB,2001,151.6
ZMB,2002,140.7
ZMB,2003,129.4
ZMB,2004,119.2
ZMB,2005,111.1
ZMB,2006,104.6
ZMB,2007,98.9
ZMB,2008,94.9
ZMB,2009,90.1
ZMB,2010,84.8
ZMB,2011,81.4
ZMB,2012,77.7
ZMB,2013,72.8
ZMB,2014,70.2
ZMB,2015,67.8
ZWE,1800,395.9
ZWE,1801,395.9
ZWE,1802,395.9
ZWE,1803,395.9
ZWE,1804,395.9
ZWE,1805,395.9
ZWE,1806,395.9
ZWE,1807,395.9
ZWE,1808,395.9
ZWE,1809,395.9
ZWE,1810,395.9
ZWE,1811,395.9
ZWE,1812,395.9
ZWE,1813,395.9
ZWE,1814,395.9
ZWE,1815,395.9
ZWE,1816,395.9
ZWE,1817,395.9
ZWE,1818,395.9
ZWE,1819,395.9
ZWE,1820,395.9
ZWE,1821,395.9
ZWE,1822,395.9
ZWE,1823,395.9
ZWE,1824,395.9
ZWE,1825,395.9
ZWE,1826,395.9
ZWE,1827,395.9
ZWE,1828,395.9
ZWE,1829,395.9
ZWE,1830,395.9
ZWE,1831,395.9
ZWE,1832,395.9
ZWE,1833,395.9
ZWE,1834,395.9
ZWE,1835,395.9
ZWE,1836,395.9
ZWE,1837,395.9
ZWE,1838,395.9
ZWE,1839,395.9
ZWE,1840,395.9
ZWE,1841,395.9
ZWE,1842,395.9
ZWE,1843,395.9
ZWE,1844,395.9
ZWE,1845,395.9
ZWE,1846,395.9
ZWE,1847,395.9
ZWE,1848,395.9
ZWE,1849,395.9
ZWE,1850,395.9
ZWE,1851,395.9
ZWE,1852,395.9
ZWE,1853,395.9
ZWE,1854,395.9
ZWE,1855,395.9
ZWE,1856,395.9
ZWE,1857,395.9
ZWE,1858,395.9
ZWE,1859,395.9
ZWE,1860,395.9
ZWE,1861,395.9
ZWE,1862,395.9
ZWE,1863,395.9
ZWE,1864,395.9
ZWE,1865,395.9
ZWE,1866,395.9
ZWE,1867,395.9
ZWE,1868,395.9
ZWE,1869,395.9
ZWE,1870,395.9
ZWE,1871,395.9
ZWE,1872,395.9
ZWE,1873,395.9
ZWE,1874,395.9
ZWE,1875,395.9
ZWE,1876,395.9
ZWE,1877,395.9
ZWE,1878,395.9
ZWE,1879,395.9
ZWE,1880,395.9
ZWE,1881,395.9
ZWE,1882,395.9
ZWE,1883,395.9
ZWE,1884,395.9
ZWE,1885,395.9
ZWE,1886,395.9
ZWE,1887,395.9
ZWE,1888,395.9
ZWE,1889,395.9
ZWE,1890,395.9
ZWE,1891,395.9
ZWE,1892,395.9
ZWE,1893,395.9
ZWE,1894,395.9
ZWE,1895,395.9
ZWE,1896,395.9
ZWE,1897,395.8
ZWE,1898,395.6
ZWE,1899,395.4
ZWE,1900,395.1
ZWE,1901,394.8
ZWE,1902,394.4
ZWE,1903,393.9
ZWE,1904,393.4
ZWE,1905,392.8
ZWE,1906,392.1
ZWE,1907,391.4
ZWE,1908,390.6
ZWE,1909,389.8
ZWE,1910,388.9
ZWE,1911,388.1
ZWE,1912,387.1
ZWE,1913,386.2
ZWE,1914,385.3
ZWE,1915,384.4
ZWE,1916,383.4
ZWE,1917,382.5
ZWE,1918,381.6
ZWE,1919,380.6
ZWE,1920,379.7
ZWE,1921,378.8
ZWE,1922,377.9
ZWE,1923,377
ZWE,1924,376
ZWE,1925,375.1
ZWE,1926,374.2
ZWE,1927,373.3
ZWE,1928,372.3
ZWE,1929,371.4
ZWE,1930,370.5
ZWE,1931,369.6
ZWE,1932,368.6
ZWE,1933,367.7
ZWE,1934,366.8
ZWE,1935,365.9
ZWE,1936,364.9
ZWE,1937,364
ZWE,1938,363.1
ZWE,1939,362.2
ZWE,1940,361.2
ZWE,1941,344.7
ZWE,1942,328.7
ZWE,1943,313.2
ZWE,1944,298.1
ZWE,1945,282
ZWE,1946,266.7
ZWE,1947,252.3
ZWE,1948,238.7
ZWE,1949,225.7
ZWE,1950,213.5
ZWE,1951,202
ZWE,1952,191
ZWE,1953,180.7
ZWE,1954,176.3
ZWE,1955,172
ZWE,1956,168
ZWE,1957,164
ZWE,1958,159.5
ZWE,1959,155.3
ZWE,1960,150.7
ZWE,1961,145.8
ZWE,1962,140.9
ZWE,1963,135.9
ZWE,1964,131.1
ZWE,1965,126.2
ZWE,1966,121.9
ZWE,1967,117.9
ZWE,1968,114.7
ZWE,1969,112.2
ZWE,1970,110.4
ZWE,1971,109.2
ZWE,1972,108.3
ZWE,1973,107.7
ZWE,1974,107.4
ZWE,1975,107.3
ZWE,1976,107.2
ZWE,1977,106.9
ZWE,1978,106.1
ZWE,1979,104.2
ZWE,1980,101.2
ZWE,1981,96.9
ZWE,1982,92
ZWE,1983,86.7
ZWE,1984,81.5
ZWE,1985,76.9
ZWE,1986,72.8
ZWE,1987,69.8
ZWE,1988,68
ZWE,1989,67.5
ZWE,1990,68.3
ZWE,1991,70.1
ZWE,1992,72.9
ZWE,1993,76
ZWE,1994,79.2
ZWE,1995,82
ZWE,1996,84.2
ZWE,1997,85.7
ZWE,1998,86.8
ZWE,1999,87.8
ZWE,2000,88.7
ZWE,2001,89.5
ZWE,2002,90.6
ZWE,2003,92
ZWE,2004,94.1
ZWE,2005,96.2
ZWE,2006,97.9
ZWE,2007,98.7
ZWE,2008,98.3
ZWE,2009,97.3
ZWE,2010,95.1
ZWE,2011,92
ZWE,2012,86.7
ZWE,2013,83.3
ZWE,2014,81
ZWE,2015,79.6
SSD,1800,490.1
SSD,1801,490.1
SSD,1802,490.1
SSD,1803,490.1
SSD,1804,490.1
SSD,1805,490.1
SSD,1806,490.1
SSD,1807,490.1
SSD,1808,490.1
SSD,1809,490.1
SSD,1810,490.1
SSD,1811,490.1
SSD,1812,490.1
SSD,1813,490.1
SSD,1814,490.1
SSD,1815,490.1
SSD,1816,490.1
SSD,1817,490.1
SSD,1818,490.1
SSD,1819,490.1
SSD,1820,490.1
SSD,1821,490.1
SSD,1822,490.1
SSD,1823,490.1
SSD,1824,490.1
SSD,1825,490.1
SSD,1826,490.1
SSD,1827,490.1
SSD,1828,490.1
SSD,1829,490.1
SSD,1830,490.1
SSD,1831,490.1
SSD,1832,490.1
SSD,1833,490.1
SSD,1834,490.1
SSD,1835,490.1
SSD,1836,490.1
SSD,1837,490.1
SSD,1838,490.1
SSD,1839,490.1
SSD,1840,490.1
SSD,1841,490.1
SSD,1842,490.1
SSD,1843,490.1
SSD,1844,490.1
SSD,1845,490.1
SSD,1846,490.1
SSD,1847,490.1
SSD,1848,490.1
SSD,1849,490.1
SSD,1850,490.1
SSD,1851,490.1
SSD,1852,490.1
SSD,1853,490.1
SSD,1854,490.1
SSD,1855,490.1
SSD,1856,490.1
SSD,1857,490.1
SSD,1858,490.1
SSD,1859,490.1
SSD,1860,490.1
SSD,1861,490.1
SSD,1862,490.1
SSD,1863,490.1
SSD,1864,490.1
SSD,1865,490.1
SSD,1866,490.1
SSD,1867,490.1
SSD,1868,490.1
SSD,1869,490.1
SSD,1870,490.1
SSD,1871,490.1
SSD,1872,490.1
SSD,1873,490.1
SSD,1874,490.1
SSD,1875,490.1
SSD,1876,490.1
SSD,1877,490.1
SSD,1878,490.1
SSD,1879,490.1
SSD,1880,490.1
SSD,1881,490.1
SSD,1882,490.1
SSD,1883,490.1
SSD,1884,490.1
SSD,1885,490.1
SSD,1886,490.1
SSD,1887,490.1
SSD,1888,490.1
SSD,1889,490.1
SSD,1890,490.1
SSD,1891,490.1
SSD,1892,490.1
SSD,1893,490.1
SSD,1894,490.1
SSD,1895,490
SSD,1896,489.9
SSD,1897,489.8
SSD,1898,489.6
SSD,1899,489.4
SSD,1900,489
SSD,1901,486.6
SSD,1902,484.2
SSD,1903,481.8
SSD,1904,479.4
SSD,1905,477.1
SSD,1906,474.7
SSD,1907,472.4
SSD,1908,470.1
SSD,1909,467.8
SSD,1910,465.4
SSD,1911,463.1
SSD,1912,460.9
SSD,1913,458.6
SSD,1914,456.3
SSD,1915,454.1
SSD,1916,451.9
SSD,1917,449.7
SSD,1918,447.5
SSD,1919,445.4
SSD,1920,443.2
SSD,1921,441.1
SSD,1922,438.9
SSD,1923,436.8
SSD,1924,434.7
SSD,1925,432.6
SSD,1926,430.4
SSD,1927,428.4
SSD,1928,426.3
SSD,1929,424.2
SSD,1930,422.1
SSD,1931,420.1
SSD,1932,418.1
SSD,1933,416
SSD,1934,414
SSD,1935,412
SSD,1936,410
SSD,1937,408
SSD,1938,406
SSD,1939,404.1
SSD,1940,402.1
SSD,1941,400.1
SSD,1942,398.2
SSD,1943,396.3
SSD,1944,394.3
SSD,1945,392.4
SSD,1946,390.5
SSD,1947,388.6
SSD,1948,386.7
SSD,1949,384.9
SSD,1950,383
SSD,1951,381.1
SSD,1952,379.3
SSD,1953,377.4
SSD,1954,375.6
SSD,1955,372.3
SSD,1956,369.5
SSD,1957,367.6
SSD,1958,365.1
SSD,1959,362.2
SSD,1960,359.8
SSD,1961,357.1
SSD,1962,354
SSD,1963,350.7
SSD,1964,348.1
SSD,1965,345.6
SSD,1966,342.4
SSD,1967,339.2
SSD,1968,335.9
SSD,1969,332.9
SSD,1970,329.6
SSD,1971,326.4
SSD,1972,322.8
SSD,1973,319.2
SSD,1974,315.8
SSD,1975,312.5
SSD,1976,309.1
SSD,1977,305.7
SSD,1978,301.9
SSD,1979,298.2
SSD,1980,294.7
SSD,1981,291.3
SSD,1982,288.5
SSD,1983,284.7
SSD,1984,280.4
SSD,1985,276.5
SSD,1986,271.8
SSD,1987,267.3
SSD,1988,262.7
SSD,1989,257.8
SSD,1990,253.2
SSD,1991,248.1
SSD,1992,242.5
SSD,1993,236.6
SSD,1994,230.3
SSD,1995,223.5
SSD,1996,216.1
SSD,1997,208.5
SSD,1998,200.3
SSD,1999,191.4
SSD,2000,182.3
SSD,2001,173
SSD,2002,163.8
SSD,2003,155.2
SSD,2004,147
SSD,2005,139.3
SSD,2006,132.1
SSD,2007,125.7
SSD,2008,120
SSD,2009,115.2
SSD,2010,110.9
SSD,2011,106.7
SSD,2012,102.8
SSD,2013,99.2
SSD,2014,95.6
SSD,2015,92.6
NLD_CURACAO,1980,22.99
NLD_CURACAO,1981,22.12
NLD_CURACAO,1982,21.42
NLD_CURACAO,1983,20.89
NLD_CURACAO,1984,20.49
NLD_CURACAO,1985,20.18
NLD_CURACAO,1986,19.9
NLD_CURACAO,1987,19.6
NLD_CURACAO,1988,19.26
NLD_CURACAO,1989,18.88
NLD_CURACAO,1990,18.47
NLD_CURACAO,1991,18.09
NLD_CURACAO,1992,17.81
NLD_CURACAO,1993,17.64
NLD_CURACAO,1994,17.59
NLD_CURACAO,1995,17.63
NLD_CURACAO,1996,17.75
NLD_CURACAO,1997,17.87
NLD_CURACAO,1998,17.95
NLD_CURACAO,1999,17.98
NLD_CURACAO,2000,17.92
NLD_CURACAO,2001,17.78
NLD_CURACAO,2002,17.57
NLD_CURACAO,2003,17.31
NLD_CURACAO,2004,16.99
NLD_CURACAO,2005,16.61
NLD_CURACAO,2006,16.16
NLD_CURACAO,2007,15.63
NLD_CURACAO,2008,15.03
NLD_CURACAO,2009,14.4
NLD_CURACAO,2010,13.76
NLD_CURACAO,2011,13.14
NLD_CURACAO,2012,12.58
NLD_CURACAO,2013,12.08
NLD_CURACAO,2014,11.67
NLD_CURACAO,2015,11.33
