code,year,fertility
AFG,1800,7
AFG,1801,7
AFG,1802,7
AFG,1803,7
AFG,1804,7
AFG,1805,7
AFG,1806,7
AFG,1807,7
AFG,1808,7
AFG,1809,7
AFG,1810,7
AFG,1811,7
AFG,1812,7
AFG,1813,7
AFG,1814,7
AFG,1815,7
AFG,1816,7
AFG,1817,7
AFG,1818,7
AFG,1819,7
AFG,1820,7
AFG,1821,7
AFG,1822,7
AFG,1823,7
AFG,1824,7
AFG,1825,7
AFG,1826,7
AFG,1827,7
AFG,1828,7
AFG,1829,7
AFG,1830,7
AFG,1831,7
AFG,1832,7
AFG,1833,7
AFG,1834,7
AFG,1835,7
AFG,1836,7
AFG,1837,7
AFG,1838,7
AFG,1839,7
AFG,1840,7
AFG,1841,7
AFG,1842,7
AFG,1843,7
AFG,1844,7
AFG,1845,7
AFG,1846,7
AFG,1847,7
AFG,1848,7
AFG,1849,7
AFG,1850,7
AFG,1851,7
AFG,1852,7
AFG,1853,7
AFG,1854,7
AFG,1855,7
AFG,1856,7
AFG,1857,7
AFG,1858,7
AFG,1859,7
AFG,1860,7
AFG,1861,7
AFG,1862,7
AFG,1863,7
AFG,1864,7
AFG,1865,7
AFG,1866,7
AFG,1867,7
AFG,1868,7
AFG,1869,7
AFG,1870,7
AFG,1871,7
AFG,1872,7
AFG,1873,7
AFG,1874,7
AFG,1875,7
AFG,1876,7
AFG,1877,7
AFG,1878,7
AFG,1879,7
AFG,1880,7
AFG,1881,7
AFG,1882,7
AFG,1883,7
AFG,1884,7
AFG,1885,7
AFG,1886,7
AFG,1887,7
AFG,1888,7
AFG,1889,7
AFG,1890,7
AFG,1891,7
AFG,1892,7
AFG,1893,7
AFG,1894,7
AFG,1895,7
AFG,1896,7
AFG,1897,7
AFG,1898,7
AFG,1899,7
AFG,1900,7
AFG,1901,7
AFG,1902,7
AFG,1903,7
AFG,1904,7
AFG,1905,7
AFG,1906,7
AFG,1907,7
AFG,1908,7
AFG,1909,7
AFG,1910,7
AFG,1911,7
AFG,1912,7
AFG,1913,7
AFG,1914,7
AFG,1915,7
AFG,1916,7
AFG,1917,7
AFG,1918,7
AFG,1919,7
AFG,1920,7
AFG,1921,7
AFG,1922,7
AFG,1923,7
AFG,1924,7
AFG,1925,7
AFG,1926,7.03
AFG,1927,7.05
AFG,1928,7.08
AFG,1929,7.11
AFG,1930,7.14
AFG,1931,7.16
AFG,1932,7.19
AFG,1933,7.22
AFG,1934,7.24
AFG,1935,7.27
AFG,1936,7.3
AFG,1937,7.32
AFG,1938,7.35
AFG,1939,7.38
AFG,1940,7.4
AFG,1941,7.43
AFG,1942,7.46
AFG,1943,7.48
AFG,1944,7.51
AFG,1945,7.54
AFG,1946,7.56
AFG,1947,7.59
AFG,1948,7.62
AFG,1949,7.64
AFG,1950,7.67
AFG,1951,7.67
AFG,1952,7.67
AFG,1953,7.67
AFG,1954,7.67
AFG,1955,7.67
AFG,1956,7.67
AFG,1957,7.67
AFG,1958,7.67
AFG,1959,7.67
AFG,1960,7.67
AFG,1961,7.67
AFG,1962,7.67
AFG,1963,7.67
AFG,1964,7.67
AFG,1965,7.67
AFG,1966,7.67
AFG,1967,7.67
AFG,1968,7.67
AFG,1969,7.67
AFG,1970,7.67
AFG,1971,7.67
AFG,1972,7.67
AFG,1973,7.67
AFG,1974,7.67
AFG,1975,7.67
AFG,1976,7.67
AFG,1977,7.67
AFG,1978,7.67
AFG,1979,7.67
AFG,1980,7.67
AFG,1981,7.67
AFG,1982,7.67
AFG,1983,7.67
AFG,1984,7.68
AFG,1985,7.68
AFG,1986,7.68
AFG,1987,7.68
AFG,1988,7.68
AFG,1989,7.68
AFG,1990,7.69
AFG,1991,7.7
AFG,1992,7.73
AFG,1993,7.76
AFG,1994,7.8
AFG,1995,7.83
AFG,1996,7.86
AFG,1997,7.87
AFG,1998,7.85
AFG,1999,7.81
AFG,2000,7.73
AFG,2001,7.62
AFG,2002,7.48
AFG,2003,7.32
AFG,2004,7.14
AFG,2005,6.93
AFG,2006,6.7
AFG,2007,6.46
AFG,2008,6.2
AFG,2009,5.93
AFG,2010,5.66
AFG,2011,5.4
AFG,2012,5.14
AFG,2013,4.9
AFG,2014,4.68
AFG,2015,4.47
ALB,1800,4.6
ALB,1801,4.6
ALB,1802,4.6
ALB,1803,4.6
ALB,1804,4.6
ALB,1805,4.6
ALB,1806,4.6
ALB,1807,4.6
ALB,1808,4.6
ALB,1809,4.6
ALB,1810,4.6
ALB,1811,4.6
ALB,1812,4.6
ALB,1813,4.6
ALB,1814,4.6
ALB,1815,4.6
ALB,1816,4.6
ALB,1817,4.6
ALB,1818,4.6
ALB,1819,4.6
ALB,1820,4.6
ALB,1821,4.6
ALB,1822,4.6
ALB,1823,4.6
ALB,1824,4.6
ALB,1825,4.6
ALB,1826,4.6
ALB,1827,4.6
ALB,1828,4.6
ALB,1829,4.6
ALB,1830,4.6
ALB,1831,4.6
ALB,1832,4.6
ALB,1833,4.6
ALB,1834,4.6
ALB,1835,4.6
ALB,1836,4.6
ALB,1837,4.6
ALB,1838,4.6
ALB,1839,4.6
ALB,1840,4.6
ALB,1841,4.6
ALB,1842,4.6
ALB,1843,4.6
ALB,1844,4.6
ALB,1845,4.6
ALB,1846,4.6
ALB,1847,4.6
ALB,1848,4.6
ALB,1849,4.6
ALB,1850,4.6
ALB,1851,4.6
ALB,1852,4.6
ALB,1853,4.6
ALB,1854,4.6
ALB,1855,4.6
ALB,1856,4.6
ALB,1857,4.6
ALB,1858,4.6
ALB,1859,4.6
ALB,1860,4.6
ALB,1861,4.6
ALB,1862,4.6
ALB,1863,4.6
ALB,1864,4.6
ALB,1865,4.6
ALB,1866,4.6
ALB,1867,4.6
ALB,1868,4.6
ALB,1869,4.6
ALB,1870,4.6
ALB,1871,4.6
ALB,1872,4.6
ALB,1873,4.6
ALB,1874,4.6
ALB,1875,4.6
ALB,1876,4.6
ALB,1877,4.6
ALB,1878,4.6
ALB,1879,4.6
ALB,1880,4.6
ALB,1881,4.6
ALB,1882,4.6
ALB,1883,4.6
ALB,1884,4.6
ALB,1885,4.6
ALB,1886,4.6
ALB,1887,4.6
ALB,1888,4.6
ALB,1889,4.6
ALB,1890,4.6
ALB,1891,4.6
ALB,1892,4.6
ALB,1893,4.6
ALB,1894,4.6
ALB,1895,4.6
ALB,1896,4.6
ALB,1897,4.6
ALB,1898,4.6
ALB,1899,4.6
ALB,1900,4.6
ALB,1901,4.6
ALB,1902,4.6
ALB,1903,4.6
ALB,1904,4.6
ALB,1905,4.6
ALB,1906,4.6
ALB,1907,4.6
ALB,1908,4.6
ALB,1909,4.6
ALB,1910,4.6
ALB,1911,4.6
ALB,1912,4.6
ALB,1913,4.6
ALB,1914,4.6
ALB,1915,4.6
ALB,1916,4.6
ALB,1917,4.6
ALB,1918,4.6
ALB,1919,4.6
ALB,1920,4.6
ALB,1921,4.6
ALB,1922,4.6
ALB,1923,4.6
ALB,1924,4.6
ALB,1925,4.6
ALB,1926,4.42
ALB,1927,4.25
ALB,1928,4.07
ALB,1929,3.89
ALB,1930,3.72
ALB,1931,3.54
ALB,1932,3.36
ALB,1933,3.57
ALB,1934,3.77
ALB,1935,3.98
ALB,1936,4.19
ALB,1937,4.39
ALB,1938,4.6
ALB,1939,3.74
ALB,1940,4.19
ALB,1941,3.75
ALB,1942,4.41
ALB,1943,4.58
ALB,1944,4.76
ALB,1945,4.93
ALB,1946,5.1
ALB,1947,5.28
ALB,1948,5.45
ALB,1949,5.63
ALB,1950,5.8
ALB,1951,5.9
ALB,1952,6.07
ALB,1953,6.21
ALB,1954,6.31
ALB,1955,6.37
ALB,1956,6.4
ALB,1957,6.39
ALB,1958,6.35
ALB,1959,6.28
ALB,1960,6.19
ALB,1961,6.08
ALB,1962,5.96
ALB,1963,5.83
ALB,1964,5.71
ALB,1965,5.59
ALB,1966,5.48
ALB,1967,5.38
ALB,1968,5.27
ALB,1969,5.16
ALB,1970,5.05
ALB,1971,4.93
ALB,1972,4.81
ALB,1973,4.68
ALB,1974,4.54
ALB,1975,4.39
ALB,1976,4.24
ALB,1977,4.09
ALB,1978,3.95
ALB,1979,3.81
ALB,1980,3.68
ALB,1981,3.56
ALB,1982,3.46
ALB,1983,3.37
ALB,1984,3.3
ALB,1985,3.23
ALB,1986,3.18
ALB,1987,3.13
ALB,1988,3.08
ALB,1989,3.02
ALB,1990,2.97
ALB,1991,2.92
ALB,1992,2.87
ALB,1993,2.82
ALB,1994,2.77
ALB,1995,2.72
ALB,1996,2.67
ALB,1997,2.61
ALB,1998,2.54
ALB,1999,2.47
ALB,2000,2.38
ALB,2001,2.29
ALB,2002,2.2
ALB,2003,2.1
ALB,2004,2
ALB,2005,1.92
ALB,2006,1.85
ALB,2007,1.8
ALB,2008,1.76
ALB,2009,1.74
ALB,2010,1.74
ALB,2011,1.75
ALB,2012,1.76
ALB,2013,1.77
ALB,2014,1.78
ALB,2015,1.78
DZA,1800,6.99
DZA,1801,6.99
DZA,1802,6.99
DZA,1803,6.99
DZA,1804,6.99
DZA,1805,6.99
DZA,1806,6.99
DZA,1807,6.99
DZA,1808,6.99
DZA,1809,6.99
DZA,1810,6.99
DZA,1811,6.99
DZA,1812,6.99
DZA,1813,6.99
DZA,1814,6.99
DZA,1815,6.99
DZA,1816,6.99
DZA,1817,6.99
DZA,1818,6.99
DZA,1819,6.99
DZA,1820,6.99
DZA,1821,6.99
DZA,1822,6.99
DZA,1823,6.99
DZA,1824,6.99
DZA,1825,6.99
DZA,1826,6.99
DZA,1827,6.99
DZA,1828,6.99
DZA,1829,6.99
DZA,1830,6.99
DZA,1831,6.99
DZA,1832,6.99
DZA,1833,6.99
DZA,1834,6.99
DZA,1835,6.99
DZA,1836,6.99
DZA,1837,6.99
DZA,1838,6.99
DZA,1839,6.99
DZA,1840,6.99
DZA,1841,6.99
DZA,1842,6.99
DZA,1843,6.99
DZA,1844,6.99
DZA,1845,6.99
DZA,1846,6.99
DZA,1847,6.99
DZA,1848,6.99
DZA,1849,6.99
DZA,1850,6.99
DZA,1851,6.99
DZA,1852,6.99
DZA,1853,6.99
DZA,1854,6.99
DZA,1855,6.99
DZA,1856,6.99
DZA,1857,6.99
DZA,1858,6.99
DZA,1859,6.99
DZA,1860,6.99
DZA,1861,6.99
DZA,1862,6.99
DZA,1863,6.99
DZA,1864,6.99
DZA,1865,6.99
DZA,1866,6.99
DZA,1867,6.99
DZA,1868,6.99
DZA,1869,6.99
DZA,1870,6.99
DZA,1871,6.99
DZA,1872,6.99
DZA,1873,6.99
DZA,1874,6.99
DZA,1875,6.99
DZA,1876,6.99
DZA,1877,6.99
DZA,1878,6.99
DZA,1879,6.99
DZA,1880,6.99
DZA,1881,6.99
DZA,1882,6.99
DZA,1883,6.99
DZA,1884,6.99
DZA,1885,6.99
DZA,1886,6.99
DZA,1887,6.99
DZA,1888,6.99
DZA,1889,6.99
DZA,1890,6.99
DZA,1891,6.99
DZA,1892,6.99
DZA,1893,6.99
DZA,1894,6.99
DZA,1895,6.99
DZA,1896,6.99
DZA,1897,6.99
DZA,1898,6.99
DZA,1899,6.99
DZA,1900,6.99
DZA,1901,6.99
DZA,1902,6.99
DZA,1903,6.99
DZA,1904,6.99
DZA,1905,6.99
DZA,1906,6.99
DZA,1907,6.99
DZA,1908,6.99
DZA,1909,6.99
DZA,1910,6.99
DZA,1911,6.99
DZA,1912,6.99
DZA,1913,6.99
DZA,1914,6.99
DZA,1915,6.99
DZA,1916,6.99
DZA,1917,6.99
DZA,1918,6.99
DZA,1919,6.99
DZA,1920,6.99
DZA,1921,6.99
DZA,1922,6.99
DZA,1923,6.99
DZA,1924,6.99
DZA,1925,6.99
DZA,1926,7.02
DZA,1927,7.05
DZA,1928,7.07
DZA,1929,7.1
DZA,1930,7.12
DZA,1931,7.15
DZA,1932,7.18
DZA,1933,7.2
DZA,1934,7.23
DZA,1935,7.26
DZA,1936,7.28
DZA,1937,7.31
DZA,1938,7.33
DZA,1939,7.36
DZA,1940,7.39
DZA,1941,7.41
DZA,1942,7.44
DZA,1943,7.46
DZA,1944,7.49
DZA,1945,7.52
DZA,1946,7.54
DZA,1947,7.57
DZA,1948,7.59
DZA,1949,7.62
DZA,1950,7.65
DZA,1951,7.65
DZA,1952,7.65
DZA,1953,7.65
DZA,1954,7.65
DZA,1955,7.65
DZA,1956,7.65
DZA,1957,7.65
DZA,1958,7.65
DZA,1959,7.65
DZA,1960,7.65
DZA,1961,7.65
DZA,1962,7.65
DZA,1963,7.65
DZA,1964,7.65
DZA,1965,7.66
DZA,1966,7.66
DZA,1967,7.66
DZA,1968,7.66
DZA,1969,7.65
DZA,1970,7.64
DZA,1971,7.62
DZA,1972,7.59
DZA,1973,7.55
DZA,1974,7.49
DZA,1975,7.42
DZA,1976,7.34
DZA,1977,7.24
DZA,1978,7.14
DZA,1979,7.02
DZA,1980,6.89
DZA,1981,6.74
DZA,1982,6.58
DZA,1983,6.39
DZA,1984,6.19
DZA,1985,5.98
DZA,1986,5.75
DZA,1987,5.51
DZA,1988,5.26
DZA,1989,5.01
DZA,1990,4.76
DZA,1991,4.5
DZA,1992,4.24
DZA,1993,3.97
DZA,1994,3.71
DZA,1995,3.45
DZA,1996,3.21
DZA,1997,2.99
DZA,1998,2.79
DZA,1999,2.63
DZA,2000,2.51
DZA,2001,2.44
DZA,2002,2.41
DZA,2003,2.41
DZA,2004,2.45
DZA,2005,2.51
DZA,2006,2.58
DZA,2007,2.66
DZA,2008,2.73
DZA,2009,2.78
DZA,2010,2.82
DZA,2011,2.83
DZA,2012,2.82
DZA,2013,2.8
DZA,2014,2.76
DZA,2015,2.71
AGO,1800,6.93
AGO,1801,6.93
AGO,1802,6.93
AGO,1803,6.93
AGO,1804,6.93
AGO,1805,6.93
AGO,1806,6.93
AGO,1807,6.94
AGO,1808,6.94
AGO,1809,6.94
AGO,1810,6.94
AGO,1811,6.94
AGO,1812,6.94
AGO,1813,6.94
AGO,1814,6.94
AGO,1815,6.94
AGO,1816,6.94
AGO,1817,6.94
AGO,1818,6.94
AGO,1819,6.94
AGO,1820,6.94
AGO,1821,6.95
AGO,1822,6.95
AGO,1823,6.95
AGO,1824,6.95
AGO,1825,6.95
AGO,1826,6.95
AGO,1827,6.95
AGO,1828,6.95
AGO,1829,6.95
AGO,1830,6.95
AGO,1831,6.95
AGO,1832,6.95
AGO,1833,6.95
AGO,1834,6.95
AGO,1835,6.96
AGO,1836,6.96
AGO,1837,6.96
AGO,1838,6.96
AGO,1839,6.96
AGO,1840,6.96
AGO,1841,6.96
AGO,1842,6.96
AGO,1843,6.96
AGO,1844,6.96
AGO,1845,6.96
AGO,1846,6.96
AGO,1847,6.96
AGO,1848,6.96
AGO,1849,6.97
AGO,1850,6.97
AGO,1851,6.97
AGO,1852,6.97
AGO,1853,6.97
AGO,1854,6.97
AGO,1855,6.97
AGO,1856,6.97
AGO,1857,6.97
AGO,1858,6.97
AGO,1859,6.97
AGO,1860,6.97
AGO,1861,6.97
AGO,1862,6.97
AGO,1863,6.98
AGO,1864,6.98
AGO,1865,6.98
AGO,1866,6.98
AGO,1867,6.98
AGO,1868,6.98
AGO,1869,6.98
AGO,1870,6.98
AGO,1871,6.98
AGO,1872,6.98
AGO,1873,6.98
AGO,1874,6.98
AGO,1875,6.98
AGO,1876,6.98
AGO,1877,6.99
AGO,1878,6.99
AGO,1879,6.99
AGO,1880,6.99
AGO,1881,6.99
AGO,1882,6.99
AGO,1883,6.99
AGO,1884,6.99
AGO,1885,6.99
AGO,1886,6.99
AGO,1887,6.99
AGO,1888,6.99
AGO,1889,6.99
AGO,1890,6.99
AGO,1891,7
AGO,1892,7
AGO,1893,7
AGO,1894,7
AGO,1895,7
AGO,1896,7
AGO,1897,7
AGO,1898,7
AGO,1899,7
AGO,1900,7
AGO,1901,7
AGO,1902,7
AGO,1903,7
AGO,1904,7
AGO,1905,7.01
AGO,1906,7.01
AGO,1907,7.01
AGO,1908,7.01
AGO,1909,7.01
AGO,1910,7.01
AGO,1911,7.01
AGO,1912,7.01
AGO,1913,7.01
AGO,1914,7.01
AGO,1915,7.01
AGO,1916,7.01
AGO,1917,7.01
AGO,1918,7.01
AGO,1919,7.02
AGO,1920,7.02
AGO,1921,7.02
AGO,1922,7.02
AGO,1923,7.02
AGO,1924,7.02
AGO,1925,7.02
AGO,1926,7.02
AGO,1927,7.01
AGO,1928,7.01
AGO,1929,7
AGO,1930,7
AGO,1931,7
AGO,1932,6.99
AGO,1933,6.99
AGO,1934,6.99
AGO,1935,6.98
AGO,1936,6.98
AGO,1937,6.97
AGO,1938,6.97
AGO,1939,6.97
AGO,1940,6.96
AGO,1941,6.96
AGO,1942,6.96
AGO,1943,6.95
AGO,1944,6.95
AGO,1945,6.94
AGO,1946,6.94
AGO,1947,6.94
AGO,1948,6.93
AGO,1949,6.93
AGO,1950,6.93
AGO,1951,6.94
AGO,1952,6.98
AGO,1953,7.02
AGO,1954,7.06
AGO,1955,7.1
AGO,1956,7.14
AGO,1957,7.19
AGO,1958,7.23
AGO,1959,7.28
AGO,1960,7.32
AGO,1961,7.35
AGO,1962,7.39
AGO,1963,7.41
AGO,1964,7.43
AGO,1965,7.43
AGO,1966,7.42
AGO,1967,7.4
AGO,1968,7.38
AGO,1969,7.34
AGO,1970,7.3
AGO,1971,7.26
AGO,1972,7.23
AGO,1973,7.21
AGO,1974,7.19
AGO,1975,7.19
AGO,1976,7.19
AGO,1977,7.19
AGO,1978,7.19
AGO,1979,7.2
AGO,1980,7.2
AGO,1981,7.2
AGO,1982,7.2
AGO,1983,7.21
AGO,1984,7.21
AGO,1985,7.21
AGO,1986,7.21
AGO,1987,7.2
AGO,1988,7.19
AGO,1989,7.18
AGO,1990,7.17
AGO,1991,7.14
AGO,1992,7.12
AGO,1993,7.09
AGO,1994,7.05
AGO,1995,7.02
AGO,1996,6.98
AGO,1997,6.95
AGO,1998,6.91
AGO,1999,6.88
AGO,2000,6.84
AGO,2001,6.81
AGO,2002,6.78
AGO,2003,6.74
AGO,2004,6.7
AGO,2005,6.66
AGO,2006,6.6
AGO,2007,6.52
AGO,2008,6.43
AGO,2009,6.33
AGO,2010,6.22
AGO,2011,6.1
AGO,2012,5.98
AGO,2013,5.86
AGO,2014,5.75
AGO,2015,5.65
ATG,1800,5
ATG,1801,5
ATG,1802,4.99
ATG,1803,4.99
ATG,1804,4.99
ATG,1805,4.98
ATG,1806,4.98
ATG,1807,4.97
ATG,1808,4.97
ATG,1809,4.97
ATG,1810,4.96
ATG,1811,4.96
ATG,1812,4.96
ATG,1813,4.95
ATG,1814,4.95
ATG,1815,4.94
ATG,1816,4.94
ATG,1817,4.94
ATG,1818,4.93
ATG,1819,4.93
ATG,1820,4.93
ATG,1821,4.92
ATG,1822,4.92
ATG,1823,4.92
ATG,1824,4.91
ATG,1825,4.91
ATG,1826,4.9
ATG,1827,4.9
ATG,1828,4.9
ATG,1829,4.89
ATG,1830,4.89
ATG,1831,4.89
ATG,1832,4.88
ATG,1833,4.88
ATG,1834,4.87
ATG,1835,4.87
ATG,1836,4.87
ATG,1837,4.86
ATG,1838,4.86
ATG,1839,4.86
ATG,1840,4.85
ATG,1841,4.85
ATG,1842,4.84
ATG,1843,4.84
ATG,1844,4.84
ATG,1845,4.83
ATG,1846,4.83
ATG,1847,4.83
ATG,1848,4.82
ATG,1849,4.82
ATG,1850,4.82
ATG,1851,4.81
ATG,1852,4.81
ATG,1853,4.8
ATG,1854,4.8
ATG,1855,4.8
ATG,1856,4.79
ATG,1857,4.79
ATG,1858,4.79
ATG,1859,4.78
ATG,1860,4.78
ATG,1861,4.77
ATG,1862,4.77
ATG,1863,4.77
ATG,1864,4.76
ATG,1865,4.76
ATG,1866,4.76
ATG,1867,4.75
ATG,1868,4.75
ATG,1869,4.75
ATG,1870,4.74
ATG,1871,4.74
ATG,1872,4.73
ATG,1873,4.73
ATG,1874,4.73
ATG,1875,4.72
ATG,1876,4.72
ATG,1877,4.72
ATG,1878,4.71
ATG,1879,4.71
ATG,1880,4.7
ATG,1881,4.7
ATG,1882,4.7
ATG,1883,4.69
ATG,1884,4.69
ATG,1885,4.69
ATG,1886,4.68
ATG,1887,4.68
ATG,1888,4.67
ATG,1889,4.67
ATG,1890,4.67
ATG,1891,4.66
ATG,1892,4.66
ATG,1893,4.66
ATG,1894,4.65
ATG,1895,4.65
ATG,1896,4.65
ATG,1897,4.64
ATG,1898,4.64
ATG,1899,4.63
ATG,1900,4.63
ATG,1901,4.63
ATG,1902,4.62
ATG,1903,4.62
ATG,1904,4.62
ATG,1905,4.61
ATG,1906,4.61
ATG,1907,4.6
ATG,1908,4.6
ATG,1909,4.6
ATG,1910,4.59
ATG,1911,4.59
ATG,1912,4.59
ATG,1913,4.58
ATG,1914,4.58
ATG,1915,4.58
ATG,1916,4.57
ATG,1917,4.57
ATG,1918,4.56
ATG,1919,4.56
ATG,1920,4.56
ATG,1921,4.55
ATG,1922,4.55
ATG,1923,4.55
ATG,1924,4.54
ATG,1925,4.54
ATG,1926,4.53
ATG,1927,4.53
ATG,1928,4.53
ATG,1929,4.52
ATG,1930,4.52
ATG,1931,4.52
ATG,1932,4.51
ATG,1933,4.51
ATG,1934,4.51
ATG,1935,4.5
ATG,1936,4.5
ATG,1937,4.49
ATG,1938,4.49
ATG,1939,4.49
ATG,1940,4.48
ATG,1941,4.48
ATG,1942,4.48
ATG,1943,4.47
ATG,1944,4.47
ATG,1945,4.46
ATG,1946,4.46
ATG,1947,4.46
ATG,1948,4.45
ATG,1949,4.45
ATG,1950,4.45
ATG,1951,4.46
ATG,1952,4.5
ATG,1953,4.52
ATG,1954,4.53
ATG,1955,4.53
ATG,1956,4.53
ATG,1957,4.51
ATG,1958,4.49
ATG,1959,4.46
ATG,1960,4.43
ATG,1961,4.39
ATG,1962,4.34
ATG,1963,4.3
ATG,1964,4.25
ATG,1965,4.19
ATG,1966,4.13
ATG,1967,4.04
ATG,1968,3.94
ATG,1969,3.82
ATG,1970,3.68
ATG,1971,3.52
ATG,1972,3.33
ATG,1973,3.12
ATG,1974,2.91
ATG,1975,2.7
ATG,1976,2.51
ATG,1977,2.36
ATG,1978,2.24
ATG,1979,2.16
ATG,1980,2.12
ATG,1981,2.1
ATG,1982,2.1
ATG,1983,2.1
ATG,1984,2.1
ATG,1985,2.09
ATG,1986,2.08
ATG,1987,2.07
ATG,1988,2.06
ATG,1989,2.06
ATG,1990,2.06
ATG,1991,2.07
ATG,1992,2.1
ATG,1993,2.13
ATG,1994,2.17
ATG,1995,2.21
ATG,1996,2.25
ATG,1997,2.28
ATG,1998,2.3
ATG,1999,2.32
ATG,2000,2.32
ATG,2001,2.31
ATG,2002,2.29
ATG,2003,2.27
ATG,2004,2.25
ATG,2005,2.22
ATG,2006,2.2
ATG,2007,2.18
ATG,2008,2.16
ATG,2009,2.15
ATG,2010,2.13
ATG,2011,2.12
ATG,2012,2.1
ATG,2013,2.09
ATG,2014,2.08
ATG,2015,2.06
ARG,1800,6.8
ARG,1801,6.8
ARG,1802,6.8
ARG,1803,6.8
ARG,1804,6.8
ARG,1805,6.8
ARG,1806,6.8
ARG,1807,6.8
ARG,1808,6.8
ARG,1809,6.8
ARG,1810,6.8
ARG,1811,6.8
ARG,1812,6.8
ARG,1813,6.8
ARG,1814,6.8
ARG,1815,6.8
ARG,1816,6.8
ARG,1817,6.8
ARG,1818,6.8
ARG,1819,6.8
ARG,1820,6.8
ARG,1821,6.8
ARG,1822,6.8
ARG,1823,6.8
ARG,1824,6.8
ARG,1825,6.8
ARG,1826,6.8
ARG,1827,6.8
ARG,1828,6.8
ARG,1829,6.8
ARG,1830,6.8
ARG,1831,6.8
ARG,1832,6.8
ARG,1833,6.8
ARG,1834,6.8
ARG,1835,6.8
ARG,1836,6.8
ARG,1837,6.8
ARG,1838,6.8
ARG,1839,6.8
ARG,1840,6.8
ARG,1841,6.8
ARG,1842,6.8
ARG,1843,6.8
ARG,1844,6.8
ARG,1845,6.8
ARG,1846,6.8
ARG,1847,6.8
ARG,1848,6.8
ARG,1849,6.8
ARG,1850,6.8
ARG,1851,6.8
ARG,1852,6.8
ARG,1853,6.8
ARG,1854,6.8
ARG,1855,6.8
ARG,1856,6.8
ARG,1857,6.8
ARG,1858,6.8
ARG,1859,6.8
ARG,1860,6.8
ARG,1861,6.8
ARG,1862,6.8
ARG,1863,6.8
ARG,1864,6.8
ARG,1865,6.8
ARG,1866,6.8
ARG,1867,6.8
ARG,1868,6.8
ARG,1869,6.8
ARG,1870,6.73
ARG,1871,6.65
ARG,1872,6.58
ARG,1873,6.58
ARG,1874,6.57
ARG,1875,6.57
ARG,1876,6.57
ARG,1877,6.57
ARG,1878,6.56
ARG,1879,6.56
ARG,1880,6.56
ARG,1881,6.56
ARG,1882,6.55
ARG,1883,6.47
ARG,1884,6.39
ARG,1885,6.3
ARG,1886,6.22
ARG,1887,6.14
ARG,1888,6.09
ARG,1889,6.04
ARG,1890,5.99
ARG,1891,5.94
ARG,1892,5.9
ARG,1893,6.26
ARG,1894,6.63
ARG,1895,7
ARG,1896,6.48
ARG,1897,5.96
ARG,1898,5.96
ARG,1899,5.95
ARG,1900,5.95
ARG,1901,5.94
ARG,1902,5.94
ARG,1903,5.88
ARG,1904,5.82
ARG,1905,5.76
ARG,1906,5.7
ARG,1907,5.64
ARG,1908,5.56
ARG,1909,5.49
ARG,1910,5.41
ARG,1911,5.33
ARG,1912,5.25
ARG,1913,5.28
ARG,1914,5.3
ARG,1915,5.23
ARG,1916,5.15
ARG,1917,5.08
ARG,1918,5.01
ARG,1919,4.94
ARG,1920,4.86
ARG,1921,4.79
ARG,1922,4.72
ARG,1923,4.65
ARG,1924,4.57
ARG,1925,4.5
ARG,1926,4.43
ARG,1927,4.36
ARG,1928,4.26
ARG,1929,4.17
ARG,1930,4.07
ARG,1931,3.98
ARG,1932,3.89
ARG,1933,3.8
ARG,1934,3.71
ARG,1935,3.62
ARG,1936,3.53
ARG,1937,3.44
ARG,1938,3.44
ARG,1939,3.43
ARG,1940,3.43
ARG,1941,3.42
ARG,1942,3.42
ARG,1943,3.37
ARG,1944,3.33
ARG,1945,3.29
ARG,1946,3.24
ARG,1947,3.2
ARG,1948,3.19
ARG,1949,3.18
ARG,1950,3.16
ARG,1951,3.16
ARG,1952,3.16
ARG,1953,3.15
ARG,1954,3.15
ARG,1955,3.14
ARG,1956,3.14
ARG,1957,3.13
ARG,1958,3.12
ARG,1959,3.12
ARG,1960,3.11
ARG,1961,3.1
ARG,1962,3.09
ARG,1963,3.08
ARG,1964,3.07
ARG,1965,3.06
ARG,1966,3.05
ARG,1967,3.05
ARG,1968,3.05
ARG,1969,3.06
ARG,1970,3.07
ARG,1971,3.1
ARG,1972,3.15
ARG,1973,3.2
ARG,1974,3.26
ARG,1975,3.32
ARG,1976,3.37
ARG,1977,3.39
ARG,1978,3.39
ARG,1979,3.37
ARG,1980,3.33
ARG,1981,3.27
ARG,1982,3.21
ARG,1983,3.16
ARG,1984,3.12
ARG,1985,3.09
ARG,1986,3.07
ARG,1987,3.06
ARG,1988,3.04
ARG,1989,3.02
ARG,1990,2.99
ARG,1991,2.96
ARG,1992,2.92
ARG,1993,2.88
ARG,1994,2.83
ARG,1995,2.77
ARG,1996,2.72
ARG,1997,2.66
ARG,1998,2.6
ARG,1999,2.54
ARG,2000,2.48
ARG,2001,2.42
ARG,2002,2.38
ARG,2003,2.34
ARG,2004,2.31
ARG,2005,2.29
ARG,2006,2.27
ARG,2007,2.25
ARG,2008,2.24
ARG,2009,2.23
ARG,2010,2.22
ARG,2011,2.2
ARG,2012,2.19
ARG,2013,2.18
ARG,2014,2.16
ARG,2015,2.15
ARM,1800,7.8
ARM,1801,7.8
ARM,1802,7.81
ARM,1803,7.81
ARM,1804,7.81
ARM,1805,7.82
ARM,1806,7.82
ARM,1807,7.82
ARM,1808,7.83
ARM,1809,7.83
ARM,1810,7.83
ARM,1811,7.83
ARM,1812,7.84
ARM,1813,7.84
ARM,1814,7.84
ARM,1815,7.85
ARM,1816,7.85
ARM,1817,7.85
ARM,1818,7.86
ARM,1819,7.86
ARM,1820,7.86
ARM,1821,7.87
ARM,1822,7.87
ARM,1823,7.87
ARM,1824,7.88
ARM,1825,7.88
ARM,1826,7.88
ARM,1827,7.89
ARM,1828,7.89
ARM,1829,7.89
ARM,1830,7.89
ARM,1831,7.9
ARM,1832,7.9
ARM,1833,7.9
ARM,1834,7.91
ARM,1835,7.91
ARM,1836,7.91
ARM,1837,7.92
ARM,1838,7.92
ARM,1839,7.92
ARM,1840,7.93
ARM,1841,7.93
ARM,1842,7.93
ARM,1843,7.94
ARM,1844,7.94
ARM,1845,7.94
ARM,1846,7.95
ARM,1847,7.95
ARM,1848,7.95
ARM,1849,7.95
ARM,1850,7.96
ARM,1851,7.96
ARM,1852,7.96
ARM,1853,7.97
ARM,1854,7.97
ARM,1855,7.97
ARM,1856,7.98
ARM,1857,7.98
ARM,1858,7.98
ARM,1859,7.99
ARM,1860,7.99
ARM,1861,7.99
ARM,1862,8
ARM,1863,8
ARM,1864,8
ARM,1865,8.01
ARM,1866,8.01
ARM,1867,8.01
ARM,1868,8.01
ARM,1869,8.02
ARM,1870,8.02
ARM,1871,8.02
ARM,1872,8.03
ARM,1873,8.03
ARM,1874,8.03
ARM,1875,8.04
ARM,1876,8.04
ARM,1877,8.04
ARM,1878,8.05
ARM,1879,8.05
ARM,1880,8.05
ARM,1881,8.06
ARM,1882,8.06
ARM,1883,8.06
ARM,1884,8.07
ARM,1885,8.07
ARM,1886,8.07
ARM,1887,8.07
ARM,1888,8.08
ARM,1889,8.08
ARM,1890,8.08
ARM,1891,8.09
ARM,1892,8.09
ARM,1893,8.09
ARM,1894,8.1
ARM,1895,8.1
ARM,1896,8.09
ARM,1897,8.08
ARM,1898,8.07
ARM,1899,8.06
ARM,1900,8.05
ARM,1901,8.04
ARM,1902,8.03
ARM,1903,8.02
ARM,1904,8.01
ARM,1905,8
ARM,1906,7.99
ARM,1907,7.98
ARM,1908,7.97
ARM,1909,7.96
ARM,1910,7.95
ARM,1911,7.94
ARM,1912,7.93
ARM,1913,7.92
ARM,1914,7.91
ARM,1915,7.9
ARM,1916,7.89
ARM,1917,7.88
ARM,1918,7.87
ARM,1919,7.86
ARM,1920,7.85
ARM,1921,7.84
ARM,1922,7.83
ARM,1923,7.82
ARM,1924,7.81
ARM,1925,7.8
ARM,1926,7.65
ARM,1927,7.5
ARM,1928,7.34
ARM,1929,7.19
ARM,1930,7.04
ARM,1931,6.89
ARM,1932,6.74
ARM,1933,6.58
ARM,1934,6.43
ARM,1935,6.28
ARM,1936,6.13
ARM,1937,5.98
ARM,1938,5.82
ARM,1939,5.67
ARM,1940,5.52
ARM,1941,4.56
ARM,1942,3.34
ARM,1943,1.82
ARM,1944,1.74
ARM,1945,2.39
ARM,1946,3.58
ARM,1947,4.1
ARM,1948,3.63
ARM,1949,4.05
ARM,1950,4.53
ARM,1951,4.51
ARM,1952,4.49
ARM,1953,4.48
ARM,1954,4.48
ARM,1955,4.49
ARM,1956,4.51
ARM,1957,4.53
ARM,1958,4.55
ARM,1959,4.56
ARM,1960,4.55
ARM,1961,4.51
ARM,1962,4.44
ARM,1963,4.32
ARM,1964,4.16
ARM,1965,3.98
ARM,1966,3.79
ARM,1967,3.61
ARM,1968,3.45
ARM,1969,3.31
ARM,1970,3.21
ARM,1971,3.12
ARM,1972,3.03
ARM,1973,2.94
ARM,1974,2.85
ARM,1975,2.75
ARM,1976,2.65
ARM,1977,2.56
ARM,1978,2.48
ARM,1979,2.42
ARM,1980,2.39
ARM,1981,2.37
ARM,1982,2.38
ARM,1983,2.41
ARM,1984,2.44
ARM,1985,2.48
ARM,1986,2.52
ARM,1987,2.55
ARM,1988,2.57
ARM,1989,2.57
ARM,1990,2.54
ARM,1991,2.48
ARM,1992,2.4
ARM,1993,2.3
ARM,1994,2.18
ARM,1995,1.8
ARM,1996,1.8
ARM,1997,1.7
ARM,1998,1.5
ARM,1999,1.4
ARM,2000,1.3
ARM,2001,1.2
ARM,2002,1.2
ARM,2003,1.4
ARM,2004,1.4
ARM,2005,1.4
ARM,2006,1.3
ARM,2007,1.4
ARM,2008,1.4
ARM,2009,1.6
ARM,2010,1.55
ARM,2011,1.5
ARM,2012,1.47
ARM,2013,1.44
ARM,2014,1.42
ARM,2015,1.41
ABW,1800,5.64
ABW,1801,5.64
ABW,1802,5.64
ABW,1803,5.64
ABW,1804,5.64
ABW,1805,5.64
ABW,1806,5.64
ABW,1807,5.64
ABW,1808,5.64
ABW,1809,5.64
ABW,1810,5.64
ABW,1811,5.64
ABW,1812,5.64
ABW,1813,5.64
ABW,1814,5.64
ABW,1815,5.64
ABW,1816,5.64
ABW,1817,5.64
ABW,1818,5.64
ABW,1819,5.64
ABW,1820,5.64
ABW,1821,5.64
ABW,1822,5.64
ABW,1823,5.64
ABW,1824,5.64
ABW,1825,5.64
ABW,1826,5.64
ABW,1827,5.64
ABW,1828,5.64
ABW,1829,5.64
ABW,1830,5.64
ABW,1831,5.64
ABW,1832,5.64
ABW,1833,5.64
ABW,1834,5.64
ABW,1835,5.64
ABW,1836,5.64
ABW,1837,5.64
ABW,1838,5.64
ABW,1839,5.64
ABW,1840,5.64
ABW,1841,5.64
ABW,1842,5.64
ABW,1843,5.64
ABW,1844,5.64
ABW,1845,5.64
ABW,1846,5.64
ABW,1847,5.64
ABW,1848,5.64
ABW,1849,5.64
ABW,1850,5.64
ABW,1851,5.64
ABW,1852,5.64
ABW,1853,5.64
ABW,1854,5.64
ABW,1855,5.64
ABW,1856,5.64
ABW,1857,5.64
ABW,1858,5.64
ABW,1859,5.64
ABW,1860,5.64
ABW,1861,5.64
ABW,1862,5.64
ABW,1863,5.64
ABW,1864,5.64
ABW,1865,5.64
ABW,1866,5.64
ABW,1867,5.64
ABW,1868,5.64
ABW,1869,5.64
ABW,1870,5.64
ABW,1871,5.64
ABW,1872,5.64
ABW,1873,5.64
ABW,1874,5.64
ABW,1875,5.64
ABW,1876,5.64
ABW,1877,5.64
ABW,1878,5.64
ABW,1879,5.64
ABW,1880,5.64
ABW,1881,5.64
ABW,1882,5.64
ABW,1883,5.64
ABW,1884,5.64
ABW,1885,5.64
ABW,1886,5.64
ABW,1887,5.64
ABW,1888,5.64
ABW,1889,5.64
ABW,1890,5.64
ABW,1891,5.64
ABW,1892,5.64
ABW,1893,5.64
ABW,1894,5.64
ABW,1895,5.64
ABW,1896,5.64
ABW,1897,5.64
ABW,1898,5.64
ABW,1899,5.64
ABW,1900,5.64
ABW,1901,5.64
ABW,1902,5.64
ABW,1903,5.64
ABW,1904,5.64
ABW,1905,5.64
ABW,1906,5.64
ABW,1907,5.64
ABW,1908,5.64
ABW,1909,5.64
ABW,1910,5.64
ABW,1911,5.64
ABW,1912,5.64
ABW,1913,5.64
ABW,1914,5.64
ABW,1915,5.64
ABW,1916,5.64
ABW,1917,5.64
ABW,1918,5.64
ABW,1919,5.64
ABW,1920,5.64
ABW,1921,5.64
ABW,1922,5.64
ABW,1923,5.64
ABW,1924,5.64
ABW,1925,5.64
ABW,1926,5.64
ABW,1927,5.64
ABW,1928,5.64
ABW,1929,5.64
ABW,1930,5.64
ABW,1931,5.65
ABW,1932,5.66
ABW,1933,5.66
ABW,1934,5.67
ABW,1935,5.68
ABW,1936,5.69
ABW,1937,5.7
ABW,1938,5.7
ABW,1939,5.71
ABW,1940,5.72
ABW,1941,5.73
ABW,1942,5.74
ABW,1943,5.74
ABW,1944,5.75
ABW,1945,5.76
ABW,1946,5.77
ABW,1947,5.78
ABW,1948,5.78
ABW,1949,5.79
ABW,1950,5.8
ABW,1951,5.77
ABW,1952,5.7
ABW,1953,5.62
ABW,1954,5.53
ABW,1955,5.44
ABW,1956,5.33
ABW,1957,5.22
ABW,1958,5.1
ABW,1959,4.97
ABW,1960,4.82
ABW,1961,4.66
ABW,1962,4.47
ABW,1963,4.27
ABW,1964,4.06
ABW,1965,3.84
ABW,1966,3.63
ABW,1967,3.42
ABW,1968,3.23
ABW,1969,3.05
ABW,1970,2.91
ABW,1971,2.79
ABW,1972,2.69
ABW,1973,2.61
ABW,1974,2.55
ABW,1975,2.51
ABW,1976,2.47
ABW,1977,2.45
ABW,1978,2.43
ABW,1979,2.41
ABW,1980,2.39
ABW,1981,2.38
ABW,1982,2.36
ABW,1983,2.35
ABW,1984,2.34
ABW,1985,2.33
ABW,1986,2.32
ABW,1987,2.31
ABW,1988,2.29
ABW,1989,2.27
ABW,1990,2.25
ABW,1991,2.22
ABW,1992,2.19
ABW,1993,2.15
ABW,1994,2.11
ABW,1995,2.06
ABW,1996,2.02
ABW,1997,1.98
ABW,1998,1.94
ABW,1999,1.91
ABW,2000,1.87
ABW,2001,1.85
ABW,2002,1.83
ABW,2003,1.81
ABW,2004,1.79
ABW,2005,1.77
ABW,2006,1.75
ABW,2007,1.74
ABW,2008,1.73
ABW,2009,1.71
ABW,2010,1.7
ABW,2011,1.69
ABW,2012,1.68
ABW,2013,1.67
ABW,2014,1.67
ABW,2015,1.66
AUS,1800,6.5
AUS,1801,6.48
AUS,1802,6.46
AUS,1803,6.44
AUS,1804,6.42
AUS,1805,6.4
AUS,1806,6.38
AUS,1807,6.36
AUS,1808,6.34
AUS,1809,6.32
AUS,1810,6.3
AUS,1811,6.28
AUS,1812,6.26
AUS,1813,6.24
AUS,1814,6.22
AUS,1815,6.2
AUS,1816,6.18
AUS,1817,6.16
AUS,1818,6.14
AUS,1819,6.12
AUS,1820,6.1
AUS,1821,6.08
AUS,1822,6.06
AUS,1823,6.04
AUS,1824,6.02
AUS,1825,6
AUS,1826,5.96
AUS,1827,5.92
AUS,1828,5.87
AUS,1829,5.83
AUS,1830,5.79
AUS,1831,5.75
AUS,1832,5.7
AUS,1833,5.66
AUS,1834,5.62
AUS,1835,5.58
AUS,1836,5.54
AUS,1837,5.49
AUS,1838,5.45
AUS,1839,5.41
AUS,1840,5.37
AUS,1841,5.32
AUS,1842,5.28
AUS,1843,5.24
AUS,1844,5.2
AUS,1845,5.16
AUS,1846,5.11
AUS,1847,5.07
AUS,1848,5.03
AUS,1849,4.99
AUS,1850,4.94
AUS,1851,5.01
AUS,1852,4.7
AUS,1853,5.03
AUS,1854,4.86
AUS,1855,5.32
AUS,1856,5.19
AUS,1857,5.63
AUS,1858,5.71
AUS,1859,5.75
AUS,1860,5.71
AUS,1861,5.67
AUS,1862,5.8
AUS,1863,5.59
AUS,1864,5.75
AUS,1865,5.64
AUS,1866,5.33
AUS,1867,5.41
AUS,1868,5.43
AUS,1869,5.19
AUS,1870,5.19
AUS,1871,5.09
AUS,1872,4.97
AUS,1873,5.01
AUS,1874,4.93
AUS,1875,4.81
AUS,1876,4.81
AUS,1877,4.69
AUS,1878,4.74
AUS,1879,4.8
AUS,1880,4.73
AUS,1881,4.73
AUS,1882,4.62
AUS,1883,4.66
AUS,1884,4.77
AUS,1885,4.78
AUS,1886,4.74
AUS,1887,4.77
AUS,1888,4.76
AUS,1889,4.65
AUS,1890,4.69
AUS,1891,4.62
AUS,1892,4.52
AUS,1893,4.4
AUS,1894,4.13
AUS,1895,4.07
AUS,1896,3.81
AUS,1897,3.78
AUS,1898,3.64
AUS,1899,3.66
AUS,1900,3.66
AUS,1901,3.64
AUS,1902,3.58
AUS,1903,3.39
AUS,1904,3.54
AUS,1905,3.51
AUS,1906,3.35
AUS,1907,3.35
AUS,1908,3.35
AUS,1909,3.35
AUS,1910,3.35
AUS,1911,3.51
AUS,1912,3.51
AUS,1913,3.51
AUS,1914,3.51
AUS,1915,3.51
AUS,1916,3.07
AUS,1917,3.07
AUS,1918,3.07
AUS,1919,3.07
AUS,1920,3.07
AUS,1921,3.12
AUS,1922,3.11
AUS,1923,3.02
AUS,1924,2.97
AUS,1925,2.95
AUS,1926,2.85
AUS,1927,2.8
AUS,1928,2.77
AUS,1929,2.64
AUS,1930,2.58
AUS,1931,2.36
AUS,1932,2.19
AUS,1933,2.17
AUS,1934,2.11
AUS,1935,2.12
AUS,1936,2.18
AUS,1937,2.21
AUS,1938,2.21
AUS,1939,2.22
AUS,1940,2.26
AUS,1941,2.36
AUS,1942,2.38
AUS,1943,2.57
AUS,1944,2.63
AUS,1945,2.74
AUS,1946,2.99
AUS,1947,3.08
AUS,1948,2.99
AUS,1949,2.99
AUS,1950,3.07
AUS,1951,3.06
AUS,1952,3.18
AUS,1953,3.19
AUS,1954,3.19
AUS,1955,3.28
AUS,1956,3.33
AUS,1957,3.42
AUS,1958,3.42
AUS,1959,3.44
AUS,1960,3.45
AUS,1961,3.55
AUS,1962,3.43
AUS,1963,3.34
AUS,1964,3.15
AUS,1965,2.97
AUS,1966,2.89
AUS,1967,2.85
AUS,1968,2.89
AUS,1969,2.89
AUS,1970,2.86
AUS,1971,2.95
AUS,1972,2.74
AUS,1973,2.49
AUS,1974,2.32
AUS,1975,2.15
AUS,1976,2.06
AUS,1977,2.01
AUS,1978,1.95
AUS,1979,1.91
AUS,1980,1.89
AUS,1981,1.94
AUS,1982,1.93
AUS,1983,1.92
AUS,1984,1.84
AUS,1985,1.92
AUS,1986,1.87
AUS,1987,1.85
AUS,1988,1.83
AUS,1989,1.84
AUS,1990,1.9
AUS,1991,1.85
AUS,1992,1.89
AUS,1993,1.86
AUS,1994,1.84
AUS,1995,1.82
AUS,1996,1.8
AUS,1997,1.78
AUS,1998,1.76
AUS,1999,1.76
AUS,2000,1.76
AUS,2001,1.73
AUS,2002,1.76
AUS,2003,1.75
AUS,2004,1.76
AUS,2005,1.79
AUS,2006,1.82
AUS,2007,1.92
AUS,2008,1.96
AUS,2009,1.9
AUS,2010,1.89
AUS,2011,1.88
AUS,2012,1.89
AUS,2013,1.88
AUS,2014,1.88
AUS,2015,1.88
AUT,1800,5.1
AUT,1801,5.1
AUT,1802,5.1
AUT,1803,5.1
AUT,1804,5.1
AUT,1805,5.1
AUT,1806,5.1
AUT,1807,5.1
AUT,1808,5.1
AUT,1809,5.1
AUT,1810,5.1
AUT,1811,5.1
AUT,1812,5.1
AUT,1813,5.1
AUT,1814,5.1
AUT,1815,5.1
AUT,1816,5.1
AUT,1817,5.1
AUT,1818,5.1
AUT,1819,5.1
AUT,1820,5.1
AUT,1821,5.1
AUT,1822,5.1
AUT,1823,5.1
AUT,1824,5.1
AUT,1825,5.1
AUT,1826,5.1
AUT,1827,5.1
AUT,1828,5.1
AUT,1829,5.1
AUT,1830,5.1
AUT,1831,5.1
AUT,1832,5.1
AUT,1833,5.1
AUT,1834,5.1
AUT,1835,5.1
AUT,1836,5.1
AUT,1837,5.1
AUT,1838,5.1
AUT,1839,5.1
AUT,1840,5.1
AUT,1841,5.1
AUT,1842,5.1
AUT,1843,5.1
AUT,1844,5.1
AUT,1845,5.1
AUT,1846,5.1
AUT,1847,5.1
AUT,1848,5.1
AUT,1849,5.1
AUT,1850,5.1
AUT,1851,5.1
AUT,1852,5.1
AUT,1853,5.1
AUT,1854,5.1
AUT,1855,5.1
AUT,1856,5.1
AUT,1857,5.1
AUT,1858,5.1
AUT,1859,5.1
AUT,1860,5.1
AUT,1861,5.06
AUT,1862,5.02
AUT,1863,4.98
AUT,1864,4.94
AUT,1865,4.89
AUT,1866,4.85
AUT,1867,4.81
AUT,1868,4.77
AUT,1869,4.73
AUT,1870,4.69
AUT,1871,4.65
AUT,1872,4.75
AUT,1873,4.83
AUT,1874,4.8
AUT,1875,4.81
AUT,1876,4.92
AUT,1877,4.72
AUT,1878,4.61
AUT,1879,4.61
AUT,1880,4.62
AUT,1881,4.55
AUT,1882,4.56
AUT,1883,4.51
AUT,1884,4.58
AUT,1885,4.49
AUT,1886,4.51
AUT,1887,4.49
AUT,1888,4.43
AUT,1889,4.44
AUT,1890,4.24
AUT,1891,4.48
AUT,1892,4.31
AUT,1893,4.36
AUT,1894,4.34
AUT,1895,4.4
AUT,1896,4.4
AUT,1897,4.33
AUT,1898,4.35
AUT,1899,4.35
AUT,1900,4.33
AUT,1901,4.34
AUT,1902,4.35
AUT,1903,4.13
AUT,1904,4.17
AUT,1905,3.99
AUT,1906,4.01
AUT,1907,3.89
AUT,1908,3.83
AUT,1909,3.8
AUT,1910,3.69
AUT,1911,3.5
AUT,1912,3.5
AUT,1913,3.33
AUT,1914,3.2
AUT,1915,3.07
AUT,1916,2.94
AUT,1917,2.81
AUT,1918,2.68
AUT,1919,2.55
AUT,1920,3.14
AUT,1921,3.21
AUT,1922,3.19
AUT,1923,3.1
AUT,1924,2.99
AUT,1925,2.85
AUT,1926,2.66
AUT,1927,2.47
AUT,1928,2.43
AUT,1929,2.32
AUT,1930,2.32
AUT,1931,2.19
AUT,1932,2.1
AUT,1933,1.97
AUT,1934,1.87
AUT,1935,1.81
AUT,1936,1.8
AUT,1937,1.54
AUT,1938,1.92
AUT,1939,2.86
AUT,1940,2.7
AUT,1941,2.53
AUT,1942,2.37
AUT,1943,2.21
AUT,1944,2.04
AUT,1945,1.88
AUT,1946,1.88
AUT,1947,1.87
AUT,1948,1.87
AUT,1949,1.87
AUT,1950,1.87
AUT,1951,2.02
AUT,1952,2.06
AUT,1953,2.09
AUT,1954,2.16
AUT,1955,2.29
AUT,1956,2.49
AUT,1957,2.57
AUT,1958,2.6
AUT,1959,2.69
AUT,1960,2.7
AUT,1961,2.79
AUT,1962,2.8
AUT,1963,2.82
AUT,1964,2.8
AUT,1965,2.7
AUT,1966,2.66
AUT,1967,2.62
AUT,1968,2.59
AUT,1969,2.49
AUT,1970,2.29
AUT,1971,2.2
AUT,1972,2.09
AUT,1973,1.94
AUT,1974,1.91
AUT,1975,1.83
AUT,1976,1.69
AUT,1977,1.63
AUT,1978,1.6
AUT,1979,1.6
AUT,1980,1.65
AUT,1981,1.67
AUT,1982,1.66
AUT,1983,1.56
AUT,1984,1.52
AUT,1985,1.47
AUT,1986,1.45
AUT,1987,1.43
AUT,1988,1.45
AUT,1989,1.45
AUT,1990,1.46
AUT,1991,1.51
AUT,1992,1.51
AUT,1993,1.5
AUT,1994,1.47
AUT,1995,1.42
AUT,1996,1.45
AUT,1997,1.39
AUT,1998,1.37
AUT,1999,1.34
AUT,2000,1.37
AUT,2001,1.33
AUT,2002,1.39
AUT,2003,1.38
AUT,2004,1.42
AUT,2005,1.41
AUT,2006,1.41
AUT,2007,1.38
AUT,2008,1.41
AUT,2009,1.39
AUT,2010,1.44
AUT,2011,1.44
AUT,2012,1.46
AUT,2013,1.47
AUT,2014,1.48
AUT,2015,1.5
AZE,1800,8.1
AZE,1801,8.1
AZE,1802,8.1
AZE,1803,8.1
AZE,1804,8.1
AZE,1805,8.1
AZE,1806,8.1
AZE,1807,8.1
AZE,1808,8.1
AZE,1809,8.1
AZE,1810,8.1
AZE,1811,8.1
AZE,1812,8.1
AZE,1813,8.1
AZE,1814,8.1
AZE,1815,8.1
AZE,1816,8.1
AZE,1817,8.1
AZE,1818,8.1
AZE,1819,8.1
AZE,1820,8.1
AZE,1821,8.1
AZE,1822,8.1
AZE,1823,8.1
AZE,1824,8.1
AZE,1825,8.1
AZE,1826,8.1
AZE,1827,8.1
AZE,1828,8.1
AZE,1829,8.1
AZE,1830,8.1
AZE,1831,8.1
AZE,1832,8.1
AZE,1833,8.1
AZE,1834,8.1
AZE,1835,8.1
AZE,1836,8.1
AZE,1837,8.1
AZE,1838,8.1
AZE,1839,8.1
AZE,1840,8.1
AZE,1841,8.1
AZE,1842,8.1
AZE,1843,8.1
AZE,1844,8.1
AZE,1845,8.1
AZE,1846,8.1
AZE,1847,8.1
AZE,1848,8.1
AZE,1849,8.1
AZE,1850,8.1
AZE,1851,8.1
AZE,1852,8.1
AZE,1853,8.1
AZE,1854,8.1
AZE,1855,8.1
AZE,1856,8.1
AZE,1857,8.1
AZE,1858,8.1
AZE,1859,8.1
AZE,1860,8.1
AZE,1861,8.1
AZE,1862,8.1
AZE,1863,8.1
AZE,1864,8.1
AZE,1865,8.1
AZE,1866,8.1
AZE,1867,8.1
AZE,1868,8.1
AZE,1869,8.1
AZE,1870,8.1
AZE,1871,8.1
AZE,1872,8.1
AZE,1873,8.1
AZE,1874,8.1
AZE,1875,8.1
AZE,1876,8.1
AZE,1877,8.1
AZE,1878,8.1
AZE,1879,8.1
AZE,1880,8.1
AZE,1881,8.1
AZE,1882,8.1
AZE,1883,8.1
AZE,1884,8.1
AZE,1885,8.1
AZE,1886,8.1
AZE,1887,8.1
AZE,1888,8.1
AZE,1889,8.1
AZE,1890,8.1
AZE,1891,8.1
AZE,1892,8.1
AZE,1893,8.1
AZE,1894,8.1
AZE,1895,8.1
AZE,1896,8.07
AZE,1897,8.04
AZE,1898,8.01
AZE,1899,7.98
AZE,1900,7.95
AZE,1901,7.92
AZE,1902,7.89
AZE,1903,7.86
AZE,1904,7.83
AZE,1905,7.8
AZE,1906,7.77
AZE,1907,7.74
AZE,1908,7.71
AZE,1909,7.68
AZE,1910,7.65
AZE,1911,7.62
AZE,1912,7.59
AZE,1913,7.56
AZE,1914,7.53
AZE,1915,7.5
AZE,1916,7.47
AZE,1917,7.44
AZE,1918,7.41
AZE,1919,7.38
AZE,1920,7.35
AZE,1921,7.32
AZE,1922,7.29
AZE,1923,7.26
AZE,1924,7.23
AZE,1925,7.2
AZE,1926,7.14
AZE,1927,7.08
AZE,1928,7.01
AZE,1929,6.95
AZE,1930,6.89
AZE,1931,6.83
AZE,1932,6.76
AZE,1933,6.7
AZE,1934,6.64
AZE,1935,6.58
AZE,1936,6.52
AZE,1937,6.45
AZE,1938,6.39
AZE,1939,6.33
AZE,1940,6.27
AZE,1941,6.2
AZE,1942,6.14
AZE,1943,6.08
AZE,1944,6.02
AZE,1945,5.96
AZE,1946,5.89
AZE,1947,5.83
AZE,1948,5.77
AZE,1949,5.71
AZE,1950,5.64
AZE,1951,5.59
AZE,1952,5.51
AZE,1953,5.44
AZE,1954,5.41
AZE,1955,5.39
AZE,1956,5.4
AZE,1957,5.43
AZE,1958,5.48
AZE,1959,5.53
AZE,1960,5.57
AZE,1961,5.6
AZE,1962,5.59
AZE,1963,5.55
AZE,1964,5.47
AZE,1965,5.35
AZE,1966,5.21
AZE,1967,5.06
AZE,1968,4.9
AZE,1969,4.75
AZE,1970,4.61
AZE,1971,4.48
AZE,1972,4.35
AZE,1973,4.22
AZE,1974,4.08
AZE,1975,3.95
AZE,1976,3.81
AZE,1977,3.68
AZE,1978,3.54
AZE,1979,3.41
AZE,1980,3.29
AZE,1981,3.18
AZE,1982,3.09
AZE,1983,3.03
AZE,1984,2.98
AZE,1985,2.95
AZE,1986,2.95
AZE,1987,2.95
AZE,1988,2.96
AZE,1989,2.97
AZE,1990,2.97
AZE,1991,2.94
AZE,1992,2.88
AZE,1993,2.8
AZE,1994,2.69
AZE,1995,2.56
AZE,1996,2.43
AZE,1997,2.3
AZE,1998,2.19
AZE,1999,2.11
AZE,2000,2.05
AZE,2001,2.01
AZE,2002,2
AZE,2003,1.99
AZE,2004,1.99
AZE,2005,1.99
AZE,2006,1.99
AZE,2007,1.99
AZE,2008,1.99
AZE,2009,1.98
AZE,2010,1.97
AZE,2011,1.96
AZE,2012,1.94
AZE,2013,1.92
AZE,2014,1.91
AZE,2015,1.89
BHS,1800,5.9
BHS,1801,5.9
BHS,1802,5.9
BHS,1803,5.9
BHS,1804,5.9
BHS,1805,5.9
BHS,1806,5.9
BHS,1807,5.9
BHS,1808,5.9
BHS,1809,5.9
BHS,1810,5.9
BHS,1811,5.9
BHS,1812,5.9
BHS,1813,5.9
BHS,1814,5.9
BHS,1815,5.9
BHS,1816,5.9
BHS,1817,5.9
BHS,1818,5.9
BHS,1819,5.9
BHS,1820,5.9
BHS,1821,5.9
BHS,1822,5.9
BHS,1823,5.9
BHS,1824,5.9
BHS,1825,5.9
BHS,1826,5.9
BHS,1827,5.9
BHS,1828,5.9
BHS,1829,5.9
BHS,1830,5.9
BHS,1831,5.9
BHS,1832,5.9
BHS,1833,5.9
BHS,1834,5.9
BHS,1835,5.9
BHS,1836,5.9
BHS,1837,5.9
BHS,1838,5.9
BHS,1839,5.9
BHS,1840,5.9
BHS,1841,5.9
BHS,1842,5.9
BHS,1843,5.9
BHS,1844,5.9
BHS,1845,5.9
BHS,1846,5.9
BHS,1847,5.9
BHS,1848,5.9
BHS,1849,5.9
BHS,1850,5.9
BHS,1851,5.9
BHS,1852,5.9
BHS,1853,5.9
BHS,1854,5.9
BHS,1855,5.9
BHS,1856,5.9
BHS,1857,5.9
BHS,1858,5.9
BHS,1859,5.9
BHS,1860,5.9
BHS,1861,5.9
BHS,1862,5.9
BHS,1863,5.9
BHS,1864,5.9
BHS,1865,5.9
BHS,1866,5.9
BHS,1867,5.9
BHS,1868,5.9
BHS,1869,5.9
BHS,1870,5.9
BHS,1871,5.9
BHS,1872,5.9
BHS,1873,5.9
BHS,1874,5.9
BHS,1875,5.9
BHS,1876,5.9
BHS,1877,5.9
BHS,1878,5.9
BHS,1879,5.9
BHS,1880,5.9
BHS,1881,5.9
BHS,1882,5.9
BHS,1883,5.9
BHS,1884,5.9
BHS,1885,5.9
BHS,1886,5.9
BHS,1887,5.9
BHS,1888,5.9
BHS,1889,5.9
BHS,1890,5.9
BHS,1891,5.9
BHS,1892,5.9
BHS,1893,5.9
BHS,1894,5.9
BHS,1895,5.9
BHS,1896,5.9
BHS,1897,5.9
BHS,1898,5.9
BHS,1899,5.9
BHS,1900,5.9
BHS,1901,5.9
BHS,1902,5.9
BHS,1903,5.9
BHS,1904,5.9
BHS,1905,5.9
BHS,1906,5.9
BHS,1907,5.9
BHS,1908,5.9
BHS,1909,5.9
BHS,1910,5.9
BHS,1911,5.9
BHS,1912,5.9
BHS,1913,5.9
BHS,1914,5.9
BHS,1915,5.9
BHS,1916,5.9
BHS,1917,5.9
BHS,1918,5.9
BHS,1919,5.9
BHS,1920,5.9
BHS,1921,5.9
BHS,1922,5.9
BHS,1923,5.9
BHS,1924,5.9
BHS,1925,5.9
BHS,1926,5.82
BHS,1927,5.75
BHS,1928,5.67
BHS,1929,5.59
BHS,1930,5.52
BHS,1931,5.44
BHS,1932,5.36
BHS,1933,5.28
BHS,1934,5.21
BHS,1935,5.13
BHS,1936,5.05
BHS,1937,4.98
BHS,1938,4.9
BHS,1939,4.82
BHS,1940,4.75
BHS,1941,4.67
BHS,1942,4.59
BHS,1943,4.52
BHS,1944,4.44
BHS,1945,4.36
BHS,1946,4.29
BHS,1947,4.21
BHS,1948,4.13
BHS,1949,4.05
BHS,1950,3.98
BHS,1951,3.99
BHS,1952,4.02
BHS,1953,4.06
BHS,1954,4.12
BHS,1955,4.18
BHS,1956,4.25
BHS,1957,4.32
BHS,1958,4.4
BHS,1959,4.46
BHS,1960,4.5
BHS,1961,4.5
BHS,1962,4.45
BHS,1963,4.36
BHS,1964,4.22
BHS,1965,4.06
BHS,1966,3.89
BHS,1967,3.75
BHS,1968,3.64
BHS,1969,3.57
BHS,1970,3.53
BHS,1971,3.5
BHS,1972,3.47
BHS,1973,3.41
BHS,1974,3.33
BHS,1975,3.23
BHS,1976,3.14
BHS,1977,3.06
BHS,1978,3.01
BHS,1979,2.99
BHS,1980,2.99
BHS,1981,2.99
BHS,1982,2.99
BHS,1983,2.97
BHS,1984,2.92
BHS,1985,2.86
BHS,1986,2.79
BHS,1987,2.73
BHS,1988,2.68
BHS,1989,2.65
BHS,1990,2.64
BHS,1991,2.63
BHS,1992,2.62
BHS,1993,2.6
BHS,1994,2.57
BHS,1995,2.51
BHS,1996,2.44
BHS,1997,2.36
BHS,1998,2.26
BHS,1999,2.17
BHS,2000,2.07
BHS,2001,1.99
BHS,2002,1.92
BHS,2003,1.88
BHS,2004,1.86
BHS,2005,1.85
BHS,2006,1.86
BHS,2007,1.88
BHS,2008,1.89
BHS,2009,1.9
BHS,2010,1.9
BHS,2011,1.9
BHS,2012,1.89
BHS,2013,1.89
BHS,2014,1.88
BHS,2015,1.88
BHR,1800,7.03
BHR,1801,7.03
BHR,1802,7.03
BHR,1803,7.03
BHR,1804,7.03
BHR,1805,7.03
BHR,1806,7.03
BHR,1807,7.03
BHR,1808,7.03
BHR,1809,7.03
BHR,1810,7.03
BHR,1811,7.02
BHR,1812,7.02
BHR,1813,7.02
BHR,1814,7.02
BHR,1815,7.02
BHR,1816,7.02
BHR,1817,7.02
BHR,1818,7.02
BHR,1819,7.02
BHR,1820,7.02
BHR,1821,7.02
BHR,1822,7.02
BHR,1823,7.02
BHR,1824,7.02
BHR,1825,7.02
BHR,1826,7.02
BHR,1827,7.02
BHR,1828,7.02
BHR,1829,7.02
BHR,1830,7.02
BHR,1831,7.02
BHR,1832,7.01
BHR,1833,7.01
BHR,1834,7.01
BHR,1835,7.01
BHR,1836,7.01
BHR,1837,7.01
BHR,1838,7.01
BHR,1839,7.01
BHR,1840,7.01
BHR,1841,7.01
BHR,1842,7.01
BHR,1843,7.01
BHR,1844,7.01
BHR,1845,7.01
BHR,1846,7.01
BHR,1847,7.01
BHR,1848,7.01
BHR,1849,7.01
BHR,1850,7.01
BHR,1851,7.01
BHR,1852,7.01
BHR,1853,7
BHR,1854,7
BHR,1855,7
BHR,1856,7
BHR,1857,7
BHR,1858,7
BHR,1859,7
BHR,1860,7
BHR,1861,7
BHR,1862,7
BHR,1863,7
BHR,1864,7
BHR,1865,7
BHR,1866,7
BHR,1867,7
BHR,1868,7
BHR,1869,7
BHR,1870,7
BHR,1871,7
BHR,1872,7
BHR,1873,6.99
BHR,1874,6.99
BHR,1875,6.99
BHR,1876,6.99
BHR,1877,6.99
BHR,1878,6.99
BHR,1879,6.99
BHR,1880,6.99
BHR,1881,6.99
BHR,1882,6.99
BHR,1883,6.99
BHR,1884,6.99
BHR,1885,6.99
BHR,1886,6.99
BHR,1887,6.99
BHR,1888,6.99
BHR,1889,6.99
BHR,1890,6.99
BHR,1891,6.99
BHR,1892,6.99
BHR,1893,6.99
BHR,1894,6.98
BHR,1895,6.98
BHR,1896,6.98
BHR,1897,6.98
BHR,1898,6.98
BHR,1899,6.98
BHR,1900,6.98
BHR,1901,6.98
BHR,1902,6.98
BHR,1903,6.98
BHR,1904,6.98
BHR,1905,6.98
BHR,1906,6.98
BHR,1907,6.98
BHR,1908,6.98
BHR,1909,6.98
BHR,1910,6.98
BHR,1911,6.98
BHR,1912,6.98
BHR,1913,6.98
BHR,1914,6.98
BHR,1915,6.97
BHR,1916,6.97
BHR,1917,6.97
BHR,1918,6.97
BHR,1919,6.97
BHR,1920,6.97
BHR,1921,6.97
BHR,1922,6.97
BHR,1923,6.97
BHR,1924,6.97
BHR,1925,6.97
BHR,1926,6.97
BHR,1927,6.97
BHR,1928,6.98
BHR,1929,6.98
BHR,1930,6.98
BHR,1931,6.98
BHR,1932,6.99
BHR,1933,6.99
BHR,1934,6.99
BHR,1935,6.99
BHR,1936,7
BHR,1937,7
BHR,1938,7
BHR,1939,7
BHR,1940,7.01
BHR,1941,7.01
BHR,1942,7.01
BHR,1943,7.01
BHR,1944,7.02
BHR,1945,7.02
BHR,1946,7.02
BHR,1947,7.02
BHR,1948,7.03
BHR,1949,7.03
BHR,1950,7.03
BHR,1951,7.01
BHR,1952,6.97
BHR,1953,6.95
BHR,1954,6.94
BHR,1955,6.94
BHR,1956,6.95
BHR,1957,6.97
BHR,1958,7.01
BHR,1959,7.05
BHR,1960,7.09
BHR,1961,7.13
BHR,1962,7.17
BHR,1963,7.19
BHR,1964,7.19
BHR,1965,7.17
BHR,1966,7.1
BHR,1967,7
BHR,1968,6.86
BHR,1969,6.69
BHR,1970,6.5
BHR,1971,6.29
BHR,1972,6.09
BHR,1973,5.9
BHR,1974,5.72
BHR,1975,5.56
BHR,1976,5.41
BHR,1977,5.28
BHR,1978,5.16
BHR,1979,5.04
BHR,1980,4.92
BHR,1981,4.8
BHR,1982,4.69
BHR,1983,4.58
BHR,1984,4.47
BHR,1985,4.36
BHR,1986,4.25
BHR,1987,4.13
BHR,1988,4
BHR,1989,3.87
BHR,1990,3.74
BHR,1991,3.6
BHR,1992,3.47
BHR,1993,3.34
BHR,1994,3.21
BHR,1995,3.1
BHR,1996,3.01
BHR,1997,2.93
BHR,1998,2.86
BHR,1999,2.81
BHR,2000,2.77
BHR,2001,2.72
BHR,2002,2.67
BHR,2003,2.6
BHR,2004,2.53
BHR,2005,2.45
BHR,2006,2.37
BHR,2007,2.29
BHR,2008,2.23
BHR,2009,2.18
BHR,2010,2.14
BHR,2011,2.12
BHR,2012,2.09
BHR,2013,2.08
BHR,2014,2.05
BHR,2015,2.03
BGD,1800,6.7
BGD,1801,6.7
BGD,1802,6.7
BGD,1803,6.7
BGD,1804,6.7
BGD,1805,6.7
BGD,1806,6.7
BGD,1807,6.7
BGD,1808,6.7
BGD,1809,6.7
BGD,1810,6.7
BGD,1811,6.7
BGD,1812,6.7
BGD,1813,6.7
BGD,1814,6.7
BGD,1815,6.7
BGD,1816,6.7
BGD,1817,6.7
BGD,1818,6.7
BGD,1819,6.7
BGD,1820,6.7
BGD,1821,6.7
BGD,1822,6.7
BGD,1823,6.7
BGD,1824,6.7
BGD,1825,6.7
BGD,1826,6.7
BGD,1827,6.7
BGD,1828,6.7
BGD,1829,6.7
BGD,1830,6.7
BGD,1831,6.7
BGD,1832,6.7
BGD,1833,6.7
BGD,1834,6.7
BGD,1835,6.7
BGD,1836,6.7
BGD,1837,6.7
BGD,1838,6.7
BGD,1839,6.7
BGD,1840,6.7
BGD,1841,6.7
BGD,1842,6.7
BGD,1843,6.7
BGD,1844,6.7
BGD,1845,6.7
BGD,1846,6.7
BGD,1847,6.7
BGD,1848,6.7
BGD,1849,6.7
BGD,1850,6.7
BGD,1851,6.7
BGD,1852,6.7
BGD,1853,6.7
BGD,1854,6.7
BGD,1855,6.7
BGD,1856,6.7
BGD,1857,6.7
BGD,1858,6.7
BGD,1859,6.7
BGD,1860,6.7
BGD,1861,6.7
BGD,1862,6.7
BGD,1863,6.7
BGD,1864,6.7
BGD,1865,6.7
BGD,1866,6.7
BGD,1867,6.7
BGD,1868,6.7
BGD,1869,6.7
BGD,1870,6.7
BGD,1871,6.7
BGD,1872,6.7
BGD,1873,6.7
BGD,1874,6.7
BGD,1875,6.7
BGD,1876,6.7
BGD,1877,6.7
BGD,1878,6.7
BGD,1879,6.7
BGD,1880,6.7
BGD,1881,6.7
BGD,1882,6.7
BGD,1883,6.7
BGD,1884,6.7
BGD,1885,6.7
BGD,1886,6.7
BGD,1887,6.7
BGD,1888,6.7
BGD,1889,6.7
BGD,1890,6.7
BGD,1891,6.7
BGD,1892,6.7
BGD,1893,6.7
BGD,1894,6.7
BGD,1895,6.7
BGD,1896,6.7
BGD,1897,6.7
BGD,1898,6.7
BGD,1899,6.7
BGD,1900,6.7
BGD,1901,6.7
BGD,1902,6.7
BGD,1903,6.7
BGD,1904,6.7
BGD,1905,6.7
BGD,1906,6.7
BGD,1907,6.7
BGD,1908,6.7
BGD,1909,6.7
BGD,1910,6.7
BGD,1911,6.7
BGD,1912,6.7
BGD,1913,6.7
BGD,1914,6.7
BGD,1915,6.7
BGD,1916,6.7
BGD,1917,6.7
BGD,1918,6.7
BGD,1919,6.7
BGD,1920,6.7
BGD,1921,6.7
BGD,1922,6.7
BGD,1923,6.7
BGD,1924,6.7
BGD,1925,6.7
BGD,1926,6.68
BGD,1927,6.66
BGD,1928,6.64
BGD,1929,6.63
BGD,1930,6.61
BGD,1931,6.59
BGD,1932,6.57
BGD,1933,6.55
BGD,1934,6.53
BGD,1935,6.51
BGD,1936,6.49
BGD,1937,6.48
BGD,1938,6.46
BGD,1939,6.44
BGD,1940,6.42
BGD,1941,6.4
BGD,1942,6.38
BGD,1943,6.36
BGD,1944,6.35
BGD,1945,6.33
BGD,1946,6.31
BGD,1947,6.29
BGD,1948,6.27
BGD,1949,6.25
BGD,1950,6.23
BGD,1951,6.27
BGD,1952,6.33
BGD,1953,6.39
BGD,1954,6.45
BGD,1955,6.5
BGD,1956,6.56
BGD,1957,6.6
BGD,1958,6.65
BGD,1959,6.69
BGD,1960,6.73
BGD,1961,6.76
BGD,1962,6.79
BGD,1963,6.83
BGD,1964,6.85
BGD,1965,6.88
BGD,1966,6.9
BGD,1967,6.92
BGD,1968,6.94
BGD,1969,6.95
BGD,1970,6.95
BGD,1971,6.94
BGD,1972,6.93
BGD,1973,6.9
BGD,1974,6.87
BGD,1975,6.82
BGD,1976,6.76
BGD,1977,6.68
BGD,1978,6.59
BGD,1979,6.48
BGD,1980,6.36
BGD,1981,6.22
BGD,1982,6.06
BGD,1983,5.89
BGD,1984,5.71
BGD,1985,5.52
BGD,1986,5.33
BGD,1987,5.13
BGD,1988,4.93
BGD,1989,4.74
BGD,1990,4.55
BGD,1991,4.37
BGD,1992,4.2
BGD,1993,4.03
BGD,1994,3.88
BGD,1995,3.73
BGD,1996,3.6
BGD,1997,3.47
BGD,1998,3.35
BGD,1999,3.23
BGD,2000,3.12
BGD,2001,3.01
BGD,2002,2.91
BGD,2003,2.8
BGD,2004,2.7
BGD,2005,2.61
BGD,2006,2.52
BGD,2007,2.44
BGD,2008,2.38
BGD,2009,2.32
BGD,2010,2.28
BGD,2011,2.24
BGD,2012,2.21
BGD,2013,2.18
BGD,2014,2.15
BGD,2015,2.12
BRB,1800,4.96
BRB,1801,4.93
BRB,1802,4.9
BRB,1803,4.87
BRB,1804,4.84
BRB,1805,4.82
BRB,1806,4.79
BRB,1807,4.76
BRB,1808,4.73
BRB,1809,4.7
BRB,1810,4.68
BRB,1811,4.65
BRB,1812,4.62
BRB,1813,4.59
BRB,1814,4.56
BRB,1815,4.53
BRB,1816,4.51
BRB,1817,4.48
BRB,1818,4.45
BRB,1819,4.51
BRB,1820,4.58
BRB,1821,4.64
BRB,1822,4.7
BRB,1823,4.77
BRB,1824,4.83
BRB,1825,4.89
BRB,1826,4.96
BRB,1827,5.02
BRB,1828,5.08
BRB,1829,5.15
BRB,1830,5.21
BRB,1831,5.27
BRB,1832,5.34
BRB,1833,5.4
BRB,1834,5.4
BRB,1835,5.39
BRB,1836,5.39
BRB,1837,5.38
BRB,1838,5.38
BRB,1839,5.37
BRB,1840,5.37
BRB,1841,5.36
BRB,1842,5.36
BRB,1843,5.35
BRB,1844,5.35
BRB,1845,5.34
BRB,1846,5.34
BRB,1847,5.33
BRB,1848,5.33
BRB,1849,5.32
BRB,1850,5.32
BRB,1851,5.31
BRB,1852,5.31
BRB,1853,5.3
BRB,1854,5.3
BRB,1855,5.29
BRB,1856,5.29
BRB,1857,5.28
BRB,1858,5.28
BRB,1859,5.27
BRB,1860,5.27
BRB,1861,5.26
BRB,1862,5.26
BRB,1863,5.25
BRB,1864,5.25
BRB,1865,5.24
BRB,1866,5.24
BRB,1867,5.23
BRB,1868,5.23
BRB,1869,5.22
BRB,1870,5.22
BRB,1871,5.21
BRB,1872,5.21
BRB,1873,5.2
BRB,1874,5.2
BRB,1875,5.19
BRB,1876,5.18
BRB,1877,5.18
BRB,1878,5.17
BRB,1879,5.17
BRB,1880,5.16
BRB,1881,5.16
BRB,1882,5.15
BRB,1883,5.15
BRB,1884,5.14
BRB,1885,5.14
BRB,1886,5.13
BRB,1887,5.13
BRB,1888,5.12
BRB,1889,5.12
BRB,1890,5.11
BRB,1891,5.11
BRB,1892,5.1
BRB,1893,5.1
BRB,1894,5.09
BRB,1895,5.09
BRB,1896,5.08
BRB,1897,5.08
BRB,1898,5.07
BRB,1899,5.07
BRB,1900,5.06
BRB,1901,5.06
BRB,1902,5.05
BRB,1903,5.05
BRB,1904,5.04
BRB,1905,5.04
BRB,1906,5.03
BRB,1907,5.03
BRB,1908,5.02
BRB,1909,5.02
BRB,1910,5.01
BRB,1911,5.01
BRB,1912,5
BRB,1913,5
BRB,1914,4.99
BRB,1915,4.99
BRB,1916,4.98
BRB,1917,4.99
BRB,1918,5
BRB,1919,5.01
BRB,1920,5.03
BRB,1921,4.96
BRB,1922,4.89
BRB,1923,4.82
BRB,1924,4.75
BRB,1925,4.68
BRB,1926,4.62
BRB,1927,4.56
BRB,1928,4.5
BRB,1929,4.44
BRB,1930,4.38
BRB,1931,4.35
BRB,1932,4.32
BRB,1933,4.29
BRB,1934,4.26
BRB,1935,4.23
BRB,1936,4.26
BRB,1937,4.28
BRB,1938,4.3
BRB,1939,4.32
BRB,1940,4.34
BRB,1941,4.34
BRB,1942,4.34
BRB,1943,4.33
BRB,1944,4.33
BRB,1945,4.33
BRB,1946,4.37
BRB,1947,4.4
BRB,1948,4.44
BRB,1949,4.48
BRB,1950,4.52
BRB,1951,4.49
BRB,1952,4.43
BRB,1953,4.39
BRB,1954,4.36
BRB,1955,4.34
BRB,1956,4.33
BRB,1957,4.33
BRB,1958,4.33
BRB,1959,4.34
BRB,1960,4.33
BRB,1961,4.31
BRB,1962,4.27
BRB,1963,4.2
BRB,1964,4.09
BRB,1965,3.96
BRB,1966,3.81
BRB,1967,3.64
BRB,1968,3.46
BRB,1969,3.28
BRB,1970,3.11
BRB,1971,2.95
BRB,1972,2.79
BRB,1973,2.65
BRB,1974,2.51
BRB,1975,2.39
BRB,1976,2.29
BRB,1977,2.2
BRB,1978,2.12
BRB,1979,2.06
BRB,1980,2
BRB,1981,1.96
BRB,1982,1.92
BRB,1983,1.89
BRB,1984,1.86
BRB,1985,1.83
BRB,1986,1.81
BRB,1987,1.78
BRB,1988,1.77
BRB,1989,1.75
BRB,1990,1.74
BRB,1991,1.73
BRB,1992,1.73
BRB,1993,1.73
BRB,1994,1.72
BRB,1995,1.73
BRB,1996,1.73
BRB,1997,1.74
BRB,1998,1.75
BRB,1999,1.76
BRB,2000,1.77
BRB,2001,1.78
BRB,2002,1.79
BRB,2003,1.8
BRB,2004,1.81
BRB,2005,1.82
BRB,2006,1.82
BRB,2007,1.83
BRB,2008,1.83
BRB,2009,1.84
BRB,2010,1.84
BRB,2011,1.84
BRB,2012,1.85
BRB,2013,1.85
BRB,2014,1.85
BRB,2015,1.86
BLR,1800,7
BLR,1801,7
BLR,1802,7
BLR,1803,7
BLR,1804,7
BLR,1805,7
BLR,1806,7
BLR,1807,7
BLR,1808,7
BLR,1809,7
BLR,1810,7
BLR,1811,7
BLR,1812,7
BLR,1813,7
BLR,1814,7
BLR,1815,7
BLR,1816,7
BLR,1817,7
BLR,1818,7
BLR,1819,7
BLR,1820,7
BLR,1821,7
BLR,1822,7
BLR,1823,7
BLR,1824,7
BLR,1825,7
BLR,1826,7
BLR,1827,7
BLR,1828,7
BLR,1829,7
BLR,1830,7
BLR,1831,7
BLR,1832,7
BLR,1833,7
BLR,1834,7
BLR,1835,7
BLR,1836,7
BLR,1837,7
BLR,1838,7
BLR,1839,7
BLR,1840,7
BLR,1841,7
BLR,1842,7
BLR,1843,7
BLR,1844,7
BLR,1845,7
BLR,1846,7
BLR,1847,7
BLR,1848,7
BLR,1849,7
BLR,1850,7
BLR,1851,7
BLR,1852,7
BLR,1853,7
BLR,1854,7
BLR,1855,7
BLR,1856,7
BLR,1857,7
BLR,1858,7
BLR,1859,7
BLR,1860,7
BLR,1861,7
BLR,1862,7
BLR,1863,7
BLR,1864,7
BLR,1865,7
BLR,1866,7
BLR,1867,7
BLR,1868,7
BLR,1869,7
BLR,1870,7
BLR,1871,7
BLR,1872,7
BLR,1873,7
BLR,1874,7
BLR,1875,7
BLR,1876,7
BLR,1877,7
BLR,1878,7
BLR,1879,7
BLR,1880,7
BLR,1881,6.95
BLR,1882,6.89
BLR,1883,6.84
BLR,1884,6.78
BLR,1885,6.73
BLR,1886,6.68
BLR,1887,6.62
BLR,1888,6.57
BLR,1889,6.51
BLR,1890,6.46
BLR,1891,6.41
BLR,1892,6.35
BLR,1893,6.3
BLR,1894,6.24
BLR,1895,6.19
BLR,1896,6.14
BLR,1897,6.08
BLR,1898,6.05
BLR,1899,6.02
BLR,1900,5.99
BLR,1901,5.96
BLR,1902,5.92
BLR,1903,5.89
BLR,1904,5.86
BLR,1905,5.83
BLR,1906,5.8
BLR,1907,5.77
BLR,1908,5.73
BLR,1909,5.7
BLR,1910,5.67
BLR,1911,5.64
BLR,1912,5.61
BLR,1913,5.58
BLR,1914,5.54
BLR,1915,5.51
BLR,1916,5.48
BLR,1917,5.45
BLR,1918,5.42
BLR,1919,5.38
BLR,1920,5.35
BLR,1921,5.32
BLR,1922,5.29
BLR,1923,5.26
BLR,1924,5.23
BLR,1925,5.19
BLR,1926,5.16
BLR,1927,5.05
BLR,1928,4.94
BLR,1929,4.83
BLR,1930,4.71
BLR,1931,4.6
BLR,1932,4.49
BLR,1933,4.38
BLR,1934,4.26
BLR,1935,4.15
BLR,1936,4.04
BLR,1937,3.93
BLR,1938,3.82
BLR,1939,3.7
BLR,1940,3.59
BLR,1941,3.49
BLR,1942,3.38
BLR,1943,3.27
BLR,1944,3.17
BLR,1945,3.06
BLR,1946,2.96
BLR,1947,2.85
BLR,1948,2.74
BLR,1949,2.64
BLR,1950,2.53
BLR,1951,2.55
BLR,1952,2.6
BLR,1953,2.63
BLR,1954,2.67
BLR,1955,2.69
BLR,1956,2.72
BLR,1957,2.73
BLR,1958,2.75
BLR,1959,2.75
BLR,1960,2.74
BLR,1961,2.73
BLR,1962,2.7
BLR,1963,2.65
BLR,1964,2.6
BLR,1965,2.54
BLR,1966,2.48
BLR,1967,2.43
BLR,1968,2.38
BLR,1969,2.34
BLR,1970,2.3
BLR,1971,2.28
BLR,1972,2.25
BLR,1973,2.22
BLR,1974,2.19
BLR,1975,2.16
BLR,1976,2.13
BLR,1977,2.11
BLR,1978,2.09
BLR,1979,2.08
BLR,1980,2.08
BLR,1981,2.08
BLR,1982,2.09
BLR,1983,2.1
BLR,1984,2.1
BLR,1985,2.09
BLR,1986,2.08
BLR,1987,2.05
BLR,1988,2.01
BLR,1989,1.95
BLR,1990,1.89
BLR,1991,1.81
BLR,1992,1.72
BLR,1993,1.64
BLR,1994,1.55
BLR,1995,1.47
BLR,1996,1.4
BLR,1997,1.34
BLR,1998,1.29
BLR,1999,1.25
BLR,2000,1.23
BLR,2001,1.22
BLR,2002,1.23
BLR,2003,1.25
BLR,2004,1.28
BLR,2005,1.32
BLR,2006,1.35
BLR,2007,1.39
BLR,2008,1.42
BLR,2009,1.44
BLR,2010,1.46
BLR,2011,1.47
BLR,2012,1.48
BLR,2013,1.49
BLR,2014,1.5
BLR,2015,1.51
BEL,1800,4.85
BEL,1801,4.85
BEL,1802,4.84
BEL,1803,4.84
BEL,1804,4.83
BEL,1805,4.83
BEL,1806,4.82
BEL,1807,4.82
BEL,1808,4.82
BEL,1809,4.81
BEL,1810,4.81
BEL,1811,4.8
BEL,1812,4.8
BEL,1813,4.79
BEL,1814,4.79
BEL,1815,4.78
BEL,1816,4.78
BEL,1817,4.78
BEL,1818,4.77
BEL,1819,4.77
BEL,1820,4.76
BEL,1821,4.76
BEL,1822,4.75
BEL,1823,4.75
BEL,1824,4.75
BEL,1825,4.74
BEL,1826,4.74
BEL,1827,4.73
BEL,1828,4.73
BEL,1829,4.72
BEL,1830,4.72
BEL,1831,4.77
BEL,1832,4.82
BEL,1833,4.87
BEL,1834,4.92
BEL,1835,4.97
BEL,1836,4.97
BEL,1837,4.98
BEL,1838,4.98
BEL,1839,4.99
BEL,1840,5
BEL,1841,4.94
BEL,1842,4.88
BEL,1843,4.82
BEL,1844,4.76
BEL,1845,4.7
BEL,1846,4.64
BEL,1847,4.58
BEL,1848,4.51
BEL,1849,4.45
BEL,1850,4.38
BEL,1851,4.32
BEL,1852,4.25
BEL,1853,4.18
BEL,1854,4.25
BEL,1855,4.31
BEL,1856,4.38
BEL,1857,4.44
BEL,1858,4.51
BEL,1859,4.53
BEL,1860,4.56
BEL,1861,4.58
BEL,1862,4.61
BEL,1863,4.63
BEL,1864,4.66
BEL,1865,4.68
BEL,1866,4.71
BEL,1867,4.73
BEL,1868,4.76
BEL,1869,4.78
BEL,1870,4.8
BEL,1871,4.83
BEL,1872,4.85
BEL,1873,4.87
BEL,1874,4.85
BEL,1875,4.83
BEL,1876,4.82
BEL,1877,4.8
BEL,1878,4.78
BEL,1879,4.75
BEL,1880,4.71
BEL,1881,4.68
BEL,1882,4.64
BEL,1883,4.61
BEL,1884,4.55
BEL,1885,4.49
BEL,1886,4.42
BEL,1887,4.36
BEL,1888,4.3
BEL,1889,4.27
BEL,1890,4.25
BEL,1891,4.22
BEL,1892,4.2
BEL,1893,4.17
BEL,1894,4.13
BEL,1895,4.09
BEL,1896,4.06
BEL,1897,4.02
BEL,1898,3.98
BEL,1899,3.91
BEL,1900,3.84
BEL,1901,3.79
BEL,1902,3.73
BEL,1903,3.68
BEL,1904,3.63
BEL,1905,3.57
BEL,1906,3.52
BEL,1907,3.47
BEL,1908,3.42
BEL,1909,3.36
BEL,1910,3.31
BEL,1911,3.26
BEL,1912,3.2
BEL,1913,3.15
BEL,1914,3.1
BEL,1915,3.04
BEL,1916,2.99
BEL,1917,2.94
BEL,1918,2.89
BEL,1919,2.83
BEL,1920,2.78
BEL,1921,2.73
BEL,1922,2.67
BEL,1923,2.62
BEL,1924,2.57
BEL,1925,2.51
BEL,1926,2.46
BEL,1927,2.41
BEL,1928,2.36
BEL,1929,2.3
BEL,1930,2.25
BEL,1931,2.22
BEL,1932,2.19
BEL,1933,2.08
BEL,1934,2.04
BEL,1935,1.94
BEL,1936,1.95
BEL,1937,1.99
BEL,1938,2.11
BEL,1939,2.1
BEL,1940,1.84
BEL,1941,1.66
BEL,1942,1.81
BEL,1943,2.06
BEL,1944,2.12
BEL,1945,2.17
BEL,1946,2.53
BEL,1947,2.47
BEL,1948,2.45
BEL,1949,2.39
BEL,1950,2.3
BEL,1951,2.31
BEL,1952,2.33
BEL,1953,2.35
BEL,1954,2.38
BEL,1955,2.42
BEL,1956,2.45
BEL,1957,2.49
BEL,1958,2.53
BEL,1959,2.57
BEL,1960,2.6
BEL,1961,2.63
BEL,1962,2.63
BEL,1963,2.63
BEL,1964,2.6
BEL,1965,2.56
BEL,1966,2.5
BEL,1967,2.43
BEL,1968,2.36
BEL,1969,2.28
BEL,1970,2.21
BEL,1971,2.13
BEL,1972,2.05
BEL,1973,1.98
BEL,1974,1.91
BEL,1975,1.84
BEL,1976,1.78
BEL,1977,1.73
BEL,1978,1.69
BEL,1979,1.66
BEL,1980,1.63
BEL,1981,1.61
BEL,1982,1.59
BEL,1983,1.58
BEL,1984,1.57
BEL,1985,1.56
BEL,1986,1.56
BEL,1987,1.56
BEL,1988,1.57
BEL,1989,1.57
BEL,1990,1.58
BEL,1991,1.59
BEL,1992,1.6
BEL,1993,1.6
BEL,1994,1.61
BEL,1995,1.61
BEL,1996,1.61
BEL,1997,1.61
BEL,1998,1.61
BEL,1999,1.62
BEL,2000,1.63
BEL,2001,1.65
BEL,2002,1.68
BEL,2003,1.7
BEL,2004,1.73
BEL,2005,1.75
BEL,2006,1.78
BEL,2007,1.8
BEL,2008,1.82
BEL,2009,1.83
BEL,2010,1.84
BEL,2011,1.85
BEL,2012,1.85
BEL,2013,1.85
BEL,2014,1.86
BEL,2015,1.86
BLZ,1800,6.69
BLZ,1801,6.69
BLZ,1802,6.69
BLZ,1803,6.69
BLZ,1804,6.69
BLZ,1805,6.69
BLZ,1806,6.69
BLZ,1807,6.69
BLZ,1808,6.69
BLZ,1809,6.69
BLZ,1810,6.69
BLZ,1811,6.69
BLZ,1812,6.69
BLZ,1813,6.69
BLZ,1814,6.69
BLZ,1815,6.69
BLZ,1816,6.68
BLZ,1817,6.68
BLZ,1818,6.68
BLZ,1819,6.68
BLZ,1820,6.68
BLZ,1821,6.68
BLZ,1822,6.68
BLZ,1823,6.68
BLZ,1824,6.68
BLZ,1825,6.68
BLZ,1826,6.68
BLZ,1827,6.68
BLZ,1828,6.68
BLZ,1829,6.68
BLZ,1830,6.68
BLZ,1831,6.68
BLZ,1832,6.68
BLZ,1833,6.68
BLZ,1834,6.68
BLZ,1835,6.68
BLZ,1836,6.68
BLZ,1837,6.68
BLZ,1838,6.68
BLZ,1839,6.68
BLZ,1840,6.68
BLZ,1841,6.68
BLZ,1842,6.68
BLZ,1843,6.68
BLZ,1844,6.68
BLZ,1845,6.68
BLZ,1846,6.68
BLZ,1847,6.67
BLZ,1848,6.67
BLZ,1849,6.67
BLZ,1850,6.67
BLZ,1851,6.67
BLZ,1852,6.67
BLZ,1853,6.67
BLZ,1854,6.67
BLZ,1855,6.67
BLZ,1856,6.67
BLZ,1857,6.67
BLZ,1858,6.67
BLZ,1859,6.67
BLZ,1860,6.67
BLZ,1861,6.67
BLZ,1862,6.67
BLZ,1863,6.67
BLZ,1864,6.67
BLZ,1865,6.67
BLZ,1866,6.67
BLZ,1867,6.67
BLZ,1868,6.67
BLZ,1869,6.67
BLZ,1870,6.67
BLZ,1871,6.67
BLZ,1872,6.67
BLZ,1873,6.67
BLZ,1874,6.67
BLZ,1875,6.67
BLZ,1876,6.67
BLZ,1877,6.67
BLZ,1878,6.67
BLZ,1879,6.66
BLZ,1880,6.66
BLZ,1881,6.66
BLZ,1882,6.66
BLZ,1883,6.66
BLZ,1884,6.66
BLZ,1885,6.66
BLZ,1886,6.66
BLZ,1887,6.66
BLZ,1888,6.66
BLZ,1889,6.66
BLZ,1890,6.66
BLZ,1891,6.66
BLZ,1892,6.66
BLZ,1893,6.66
BLZ,1894,6.66
BLZ,1895,6.66
BLZ,1896,6.66
BLZ,1897,6.66
BLZ,1898,6.66
BLZ,1899,6.66
BLZ,1900,6.66
BLZ,1901,6.66
BLZ,1902,6.66
BLZ,1903,6.66
BLZ,1904,6.66
BLZ,1905,6.66
BLZ,1906,6.66
BLZ,1907,6.66
BLZ,1908,6.66
BLZ,1909,6.66
BLZ,1910,6.65
BLZ,1911,6.65
BLZ,1912,6.65
BLZ,1913,6.65
BLZ,1914,6.65
BLZ,1915,6.65
BLZ,1916,6.65
BLZ,1917,6.65
BLZ,1918,6.65
BLZ,1919,6.65
BLZ,1920,6.65
BLZ,1921,6.65
BLZ,1922,6.65
BLZ,1923,6.65
BLZ,1924,6.65
BLZ,1925,6.65
BLZ,1926,6.65
BLZ,1927,6.65
BLZ,1928,6.65
BLZ,1929,6.66
BLZ,1930,6.66
BLZ,1931,6.66
BLZ,1932,6.66
BLZ,1933,6.66
BLZ,1934,6.66
BLZ,1935,6.67
BLZ,1936,6.67
BLZ,1937,6.67
BLZ,1938,6.67
BLZ,1939,6.67
BLZ,1940,6.67
BLZ,1941,6.68
BLZ,1942,6.68
BLZ,1943,6.68
BLZ,1944,6.68
BLZ,1945,6.68
BLZ,1946,6.68
BLZ,1947,6.69
BLZ,1948,6.69
BLZ,1949,6.69
BLZ,1950,6.69
BLZ,1951,6.68
BLZ,1952,6.66
BLZ,1953,6.64
BLZ,1954,6.62
BLZ,1955,6.6
BLZ,1956,6.58
BLZ,1957,6.56
BLZ,1958,6.54
BLZ,1959,6.52
BLZ,1960,6.5
BLZ,1961,6.48
BLZ,1962,6.46
BLZ,1963,6.44
BLZ,1964,6.42
BLZ,1965,6.4
BLZ,1966,6.38
BLZ,1967,6.36
BLZ,1968,6.34
BLZ,1969,6.32
BLZ,1970,6.3
BLZ,1971,6.29
BLZ,1972,6.28
BLZ,1973,6.29
BLZ,1974,6.29
BLZ,1975,6.28
BLZ,1976,6.25
BLZ,1977,6.2
BLZ,1978,6.11
BLZ,1979,5.99
BLZ,1980,5.85
BLZ,1981,5.68
BLZ,1982,5.51
BLZ,1983,5.34
BLZ,1984,5.17
BLZ,1985,5.02
BLZ,1986,4.89
BLZ,1987,4.77
BLZ,1988,4.67
BLZ,1989,4.58
BLZ,1990,4.51
BLZ,1991,4.44
BLZ,1992,4.36
BLZ,1993,4.29
BLZ,1994,4.2
BLZ,1995,4.11
BLZ,1996,4.01
BLZ,1997,3.91
BLZ,1998,3.8
BLZ,1999,3.7
BLZ,2000,3.59
BLZ,2001,3.49
BLZ,2002,3.4
BLZ,2003,3.3
BLZ,2004,3.21
BLZ,2005,3.12
BLZ,2006,3.04
BLZ,2007,2.97
BLZ,2008,2.91
BLZ,2009,2.85
BLZ,2010,2.8
BLZ,2011,2.76
BLZ,2012,2.72
BLZ,2013,2.68
BLZ,2014,2.64
BLZ,2015,2.6
BEN,1800,5.55
BEN,1801,5.55
BEN,1802,5.55
BEN,1803,5.55
BEN,1804,5.55
BEN,1805,5.55
BEN,1806,5.56
BEN,1807,5.56
BEN,1808,5.56
BEN,1809,5.56
BEN,1810,5.56
BEN,1811,5.56
BEN,1812,5.56
BEN,1813,5.56
BEN,1814,5.56
BEN,1815,5.56
BEN,1816,5.56
BEN,1817,5.56
BEN,1818,5.57
BEN,1819,5.57
BEN,1820,5.57
BEN,1821,5.57
BEN,1822,5.57
BEN,1823,5.57
BEN,1824,5.57
BEN,1825,5.57
BEN,1826,5.57
BEN,1827,5.57
BEN,1828,5.57
BEN,1829,5.58
BEN,1830,5.58
BEN,1831,5.58
BEN,1832,5.58
BEN,1833,5.58
BEN,1834,5.58
BEN,1835,5.58
BEN,1836,5.58
BEN,1837,5.58
BEN,1838,5.58
BEN,1839,5.58
BEN,1840,5.59
BEN,1841,5.59
BEN,1842,5.59
BEN,1843,5.59
BEN,1844,5.59
BEN,1845,5.59
BEN,1846,5.59
BEN,1847,5.59
BEN,1848,5.59
BEN,1849,5.59
BEN,1850,5.59
BEN,1851,5.59
BEN,1852,5.6
BEN,1853,5.6
BEN,1854,5.6
BEN,1855,5.6
BEN,1856,5.6
BEN,1857,5.6
BEN,1858,5.6
BEN,1859,5.6
BEN,1860,5.6
BEN,1861,5.6
BEN,1862,5.6
BEN,1863,5.61
BEN,1864,5.61
BEN,1865,5.61
BEN,1866,5.61
BEN,1867,5.61
BEN,1868,5.61
BEN,1869,5.61
BEN,1870,5.61
BEN,1871,5.61
BEN,1872,5.61
BEN,1873,5.61
BEN,1874,5.62
BEN,1875,5.62
BEN,1876,5.62
BEN,1877,5.62
BEN,1878,5.62
BEN,1879,5.62
BEN,1880,5.62
BEN,1881,5.62
BEN,1882,5.62
BEN,1883,5.62
BEN,1884,5.62
BEN,1885,5.62
BEN,1886,5.63
BEN,1887,5.63
BEN,1888,5.63
BEN,1889,5.63
BEN,1890,5.63
BEN,1891,5.63
BEN,1892,5.63
BEN,1893,5.63
BEN,1894,5.63
BEN,1895,5.63
BEN,1896,5.63
BEN,1897,5.64
BEN,1898,5.64
BEN,1899,5.64
BEN,1900,5.64
BEN,1901,5.64
BEN,1902,5.64
BEN,1903,5.64
BEN,1904,5.64
BEN,1905,5.64
BEN,1906,5.64
BEN,1907,5.64
BEN,1908,5.65
BEN,1909,5.65
BEN,1910,5.65
BEN,1911,5.65
BEN,1912,5.65
BEN,1913,5.65
BEN,1914,5.65
BEN,1915,5.65
BEN,1916,5.65
BEN,1917,5.65
BEN,1918,5.65
BEN,1919,5.65
BEN,1920,5.66
BEN,1921,5.66
BEN,1922,5.66
BEN,1923,5.66
BEN,1924,5.66
BEN,1925,5.66
BEN,1926,5.66
BEN,1927,5.67
BEN,1928,5.67
BEN,1929,5.67
BEN,1930,5.68
BEN,1931,5.68
BEN,1932,5.69
BEN,1933,5.69
BEN,1934,5.69
BEN,1935,5.7
BEN,1936,5.7
BEN,1937,5.7
BEN,1938,5.71
BEN,1939,5.71
BEN,1940,5.71
BEN,1941,5.72
BEN,1942,5.72
BEN,1943,5.73
BEN,1944,5.73
BEN,1945,5.73
BEN,1946,5.74
BEN,1947,5.74
BEN,1948,5.74
BEN,1949,5.75
BEN,1950,5.75
BEN,1951,5.78
BEN,1952,5.83
BEN,1953,5.88
BEN,1954,5.94
BEN,1955,5.99
BEN,1956,6.05
BEN,1957,6.11
BEN,1958,6.17
BEN,1959,6.23
BEN,1960,6.28
BEN,1961,6.34
BEN,1962,6.39
BEN,1963,6.45
BEN,1964,6.5
BEN,1965,6.54
BEN,1966,6.59
BEN,1967,6.63
BEN,1968,6.67
BEN,1969,6.71
BEN,1970,6.75
BEN,1971,6.79
BEN,1972,6.82
BEN,1973,6.86
BEN,1974,6.9
BEN,1975,6.93
BEN,1976,6.96
BEN,1977,6.98
BEN,1978,7
BEN,1979,7.02
BEN,1980,7.03
BEN,1981,7.03
BEN,1982,7.02
BEN,1983,7.01
BEN,1984,6.99
BEN,1985,6.97
BEN,1986,6.94
BEN,1987,6.9
BEN,1988,6.86
BEN,1989,6.81
BEN,1990,6.74
BEN,1991,6.68
BEN,1992,6.6
BEN,1993,6.53
BEN,1994,6.45
BEN,1995,6.37
BEN,1996,6.28
BEN,1997,6.21
BEN,1998,6.13
BEN,1999,6.05
BEN,2000,5.98
BEN,2001,5.9
BEN,2002,5.82
BEN,2003,5.73
BEN,2004,5.65
BEN,2005,5.55
BEN,2006,5.46
BEN,2007,5.37
BEN,2008,5.27
BEN,2009,5.18
BEN,2010,5.1
BEN,2011,5.01
BEN,2012,4.93
BEN,2013,4.85
BEN,2014,4.77
BEN,2015,4.69
BTN,1800,6.67
BTN,1801,6.67
BTN,1802,6.67
BTN,1803,6.67
BTN,1804,6.67
BTN,1805,6.67
BTN,1806,6.67
BTN,1807,6.67
BTN,1808,6.67
BTN,1809,6.67
BTN,1810,6.67
BTN,1811,6.67
BTN,1812,6.67
BTN,1813,6.67
BTN,1814,6.67
BTN,1815,6.67
BTN,1816,6.67
BTN,1817,6.67
BTN,1818,6.67
BTN,1819,6.67
BTN,1820,6.67
BTN,1821,6.67
BTN,1822,6.67
BTN,1823,6.67
BTN,1824,6.67
BTN,1825,6.67
BTN,1826,6.67
BTN,1827,6.67
BTN,1828,6.67
BTN,1829,6.67
BTN,1830,6.67
BTN,1831,6.67
BTN,1832,6.67
BTN,1833,6.67
BTN,1834,6.67
BTN,1835,6.67
BTN,1836,6.67
BTN,1837,6.67
BTN,1838,6.67
BTN,1839,6.67
BTN,1840,6.67
BTN,1841,6.67
BTN,1842,6.67
BTN,1843,6.67
BTN,1844,6.67
BTN,1845,6.67
BTN,1846,6.67
BTN,1847,6.67
BTN,1848,6.67
BTN,1849,6.67
BTN,1850,6.67
BTN,1851,6.67
BTN,1852,6.67
BTN,1853,6.67
BTN,1854,6.67
BTN,1855,6.67
BTN,1856,6.67
BTN,1857,6.67
BTN,1858,6.67
BTN,1859,6.67
BTN,1860,6.67
BTN,1861,6.67
BTN,1862,6.67
BTN,1863,6.67
BTN,1864,6.67
BTN,1865,6.67
BTN,1866,6.67
BTN,1867,6.67
BTN,1868,6.67
BTN,1869,6.67
BTN,1870,6.67
BTN,1871,6.67
BTN,1872,6.67
BTN,1873,6.67
BTN,1874,6.67
BTN,1875,6.67
BTN,1876,6.67
BTN,1877,6.67
BTN,1878,6.67
BTN,1879,6.67
BTN,1880,6.67
BTN,1881,6.67
BTN,1882,6.67
BTN,1883,6.67
BTN,1884,6.67
BTN,1885,6.67
BTN,1886,6.67
BTN,1887,6.67
BTN,1888,6.67
BTN,1889,6.67
BTN,1890,6.67
BTN,1891,6.67
BTN,1892,6.67
BTN,1893,6.67
BTN,1894,6.67
BTN,1895,6.67
BTN,1896,6.67
BTN,1897,6.67
BTN,1898,6.67
BTN,1899,6.67
BTN,1900,6.67
BTN,1901,6.67
BTN,1902,6.67
BTN,1903,6.67
BTN,1904,6.67
BTN,1905,6.67
BTN,1906,6.67
BTN,1907,6.67
BTN,1908,6.67
BTN,1909,6.67
BTN,1910,6.67
BTN,1911,6.67
BTN,1912,6.67
BTN,1913,6.67
BTN,1914,6.67
BTN,1915,6.67
BTN,1916,6.67
BTN,1917,6.67
BTN,1918,6.67
BTN,1919,6.67
BTN,1920,6.67
BTN,1921,6.67
BTN,1922,6.67
BTN,1923,6.67
BTN,1924,6.67
BTN,1925,6.67
BTN,1926,6.67
BTN,1927,6.67
BTN,1928,6.67
BTN,1929,6.67
BTN,1930,6.67
BTN,1931,6.67
BTN,1932,6.67
BTN,1933,6.67
BTN,1934,6.67
BTN,1935,6.67
BTN,1936,6.67
BTN,1937,6.67
BTN,1938,6.67
BTN,1939,6.67
BTN,1940,6.67
BTN,1941,6.67
BTN,1942,6.67
BTN,1943,6.67
BTN,1944,6.67
BTN,1945,6.67
BTN,1946,6.67
BTN,1947,6.67
BTN,1948,6.67
BTN,1949,6.67
BTN,1950,6.67
BTN,1951,6.67
BTN,1952,6.67
BTN,1953,6.67
BTN,1954,6.67
BTN,1955,6.67
BTN,1956,6.67
BTN,1957,6.67
BTN,1958,6.67
BTN,1959,6.67
BTN,1960,6.67
BTN,1961,6.67
BTN,1962,6.67
BTN,1963,6.67
BTN,1964,6.67
BTN,1965,6.67
BTN,1966,6.67
BTN,1967,6.67
BTN,1968,6.67
BTN,1969,6.67
BTN,1970,6.67
BTN,1971,6.67
BTN,1972,6.68
BTN,1973,6.69
BTN,1974,6.69
BTN,1975,6.69
BTN,1976,6.69
BTN,1977,6.67
BTN,1978,6.64
BTN,1979,6.6
BTN,1980,6.55
BTN,1981,6.5
BTN,1982,6.46
BTN,1983,6.41
BTN,1984,6.36
BTN,1985,6.31
BTN,1986,6.23
BTN,1987,6.13
BTN,1988,5.99
BTN,1989,5.83
BTN,1990,5.64
BTN,1991,5.43
BTN,1992,5.22
BTN,1993,5
BTN,1994,4.8
BTN,1995,4.6
BTN,1996,4.4
BTN,1997,4.21
BTN,1998,4.01
BTN,1999,3.81
BTN,2000,3.61
BTN,2001,3.42
BTN,2002,3.24
BTN,2003,3.07
BTN,2004,2.92
BTN,2005,2.79
BTN,2006,2.68
BTN,2007,2.59
BTN,2008,2.51
BTN,2009,2.44
BTN,2010,2.38
BTN,2011,2.32
BTN,2012,2.28
BTN,2013,2.23
BTN,2014,2.19
BTN,2015,2.15
BOL,1800,6.48
BOL,1801,6.48
BOL,1802,6.48
BOL,1803,6.48
BOL,1804,6.48
BOL,1805,6.48
BOL,1806,6.48
BOL,1807,6.48
BOL,1808,6.48
BOL,1809,6.48
BOL,1810,6.48
BOL,1811,6.48
BOL,1812,6.48
BOL,1813,6.48
BOL,1814,6.48
BOL,1815,6.48
BOL,1816,6.48
BOL,1817,6.48
BOL,1818,6.48
BOL,1819,6.48
BOL,1820,6.48
BOL,1821,6.48
BOL,1822,6.48
BOL,1823,6.48
BOL,1824,6.48
BOL,1825,6.48
BOL,1826,6.48
BOL,1827,6.48
BOL,1828,6.48
BOL,1829,6.48
BOL,1830,6.48
BOL,1831,6.48
BOL,1832,6.48
BOL,1833,6.48
BOL,1834,6.48
BOL,1835,6.48
BOL,1836,6.48
BOL,1837,6.48
BOL,1838,6.48
BOL,1839,6.48
BOL,1840,6.48
BOL,1841,6.48
BOL,1842,6.48
BOL,1843,6.48
BOL,1844,6.48
BOL,1845,6.48
BOL,1846,6.48
BOL,1847,6.48
BOL,1848,6.48
BOL,1849,6.48
BOL,1850,6.48
BOL,1851,6.48
BOL,1852,6.48
BOL,1853,6.48
BOL,1854,6.48
BOL,1855,6.48
BOL,1856,6.48
BOL,1857,6.48
BOL,1858,6.48
BOL,1859,6.48
BOL,1860,6.48
BOL,1861,6.48
BOL,1862,6.48
BOL,1863,6.48
BOL,1864,6.48
BOL,1865,6.48
BOL,1866,6.48
BOL,1867,6.48
BOL,1868,6.48
BOL,1869,6.48
BOL,1870,6.48
BOL,1871,6.48
BOL,1872,6.48
BOL,1873,6.48
BOL,1874,6.48
BOL,1875,6.48
BOL,1876,6.48
BOL,1877,6.48
BOL,1878,6.48
BOL,1879,6.48
BOL,1880,6.48
BOL,1881,6.48
BOL,1882,6.48
BOL,1883,6.48
BOL,1884,6.48
BOL,1885,6.48
BOL,1886,6.48
BOL,1887,6.48
BOL,1888,6.48
BOL,1889,6.48
BOL,1890,6.48
BOL,1891,6.48
BOL,1892,6.48
BOL,1893,6.48
BOL,1894,6.48
BOL,1895,6.48
BOL,1896,6.48
BOL,1897,6.48
BOL,1898,6.48
BOL,1899,6.48
BOL,1900,6.48
BOL,1901,6.48
BOL,1902,6.48
BOL,1903,6.48
BOL,1904,6.48
BOL,1905,6.48
BOL,1906,6.48
BOL,1907,6.48
BOL,1908,6.48
BOL,1909,6.48
BOL,1910,6.48
BOL,1911,6.48
BOL,1912,6.48
BOL,1913,6.48
BOL,1914,6.48
BOL,1915,6.48
BOL,1916,6.48
BOL,1917,6.48
BOL,1918,6.48
BOL,1919,6.48
BOL,1920,6.48
BOL,1921,6.48
BOL,1922,6.48
BOL,1923,6.48
BOL,1924,6.48
BOL,1925,6.48
BOL,1926,6.48
BOL,1927,6.48
BOL,1928,6.48
BOL,1929,6.48
BOL,1930,6.48
BOL,1931,6.49
BOL,1932,6.5
BOL,1933,6.52
BOL,1934,6.53
BOL,1935,6.54
BOL,1936,6.55
BOL,1937,6.56
BOL,1938,6.57
BOL,1939,6.59
BOL,1940,6.6
BOL,1941,6.61
BOL,1942,6.62
BOL,1943,6.63
BOL,1944,6.65
BOL,1945,6.66
BOL,1946,6.67
BOL,1947,6.68
BOL,1948,6.69
BOL,1949,6.7
BOL,1950,6.72
BOL,1951,6.73
BOL,1952,6.75
BOL,1953,6.76
BOL,1954,6.77
BOL,1955,6.77
BOL,1956,6.77
BOL,1957,6.75
BOL,1958,6.74
BOL,1959,6.72
BOL,1960,6.7
BOL,1961,6.67
BOL,1962,6.65
BOL,1963,6.63
BOL,1964,6.61
BOL,1965,6.59
BOL,1966,6.59
BOL,1967,6.59
BOL,1968,6.59
BOL,1969,6.59
BOL,1970,6.58
BOL,1971,6.55
BOL,1972,6.5
BOL,1973,6.42
BOL,1974,6.31
BOL,1975,6.18
BOL,1976,6.04
BOL,1977,5.9
BOL,1978,5.76
BOL,1979,5.63
BOL,1980,5.52
BOL,1981,5.42
BOL,1982,5.34
BOL,1983,5.26
BOL,1984,5.19
BOL,1985,5.13
BOL,1986,5.07
BOL,1987,5.03
BOL,1988,4.99
BOL,1989,4.95
BOL,1990,4.91
BOL,1991,4.87
BOL,1992,4.81
BOL,1993,4.74
BOL,1994,4.66
BOL,1995,4.58
BOL,1996,4.48
BOL,1997,4.39
BOL,1998,4.3
BOL,1999,4.22
BOL,2000,4.14
BOL,2001,4.06
BOL,2002,3.98
BOL,2003,3.9
BOL,2004,3.81
BOL,2005,3.72
BOL,2006,3.63
BOL,2007,3.55
BOL,2008,3.48
BOL,2009,3.41
BOL,2010,3.36
BOL,2011,3.31
BOL,2012,3.26
BOL,2013,3.22
BOL,2014,3.18
BOL,2015,3.14
BIH,1800,5.91
BIH,1801,5.91
BIH,1802,5.91
BIH,1803,5.91
BIH,1804,5.91
BIH,1805,5.91
BIH,1806,5.91
BIH,1807,5.91
BIH,1808,5.91
BIH,1809,5.91
BIH,1810,5.91
BIH,1811,5.91
BIH,1812,5.91
BIH,1813,5.91
BIH,1814,5.91
BIH,1815,5.91
BIH,1816,5.91
BIH,1817,5.91
BIH,1818,5.91
BIH,1819,5.91
BIH,1820,5.91
BIH,1821,5.91
BIH,1822,5.91
BIH,1823,5.91
BIH,1824,5.91
BIH,1825,5.91
BIH,1826,5.91
BIH,1827,5.91
BIH,1828,5.91
BIH,1829,5.91
BIH,1830,5.91
BIH,1831,5.91
BIH,1832,5.91
BIH,1833,5.91
BIH,1834,5.91
BIH,1835,5.91
BIH,1836,5.91
BIH,1837,5.91
BIH,1838,5.91
BIH,1839,5.91
BIH,1840,5.91
BIH,1841,5.91
BIH,1842,5.91
BIH,1843,5.91
BIH,1844,5.91
BIH,1845,5.91
BIH,1846,5.91
BIH,1847,5.91
BIH,1848,5.91
BIH,1849,5.91
BIH,1850,5.91
BIH,1851,5.87
BIH,1852,5.83
BIH,1853,5.78
BIH,1854,5.74
BIH,1855,5.7
BIH,1856,5.66
BIH,1857,5.61
BIH,1858,5.57
BIH,1859,5.53
BIH,1860,5.49
BIH,1861,5.44
BIH,1862,5.4
BIH,1863,5.4
BIH,1864,5.39
BIH,1865,5.39
BIH,1866,5.38
BIH,1867,5.38
BIH,1868,5.38
BIH,1869,5.37
BIH,1870,5.37
BIH,1871,5.36
BIH,1872,5.36
BIH,1873,5.35
BIH,1874,5.35
BIH,1875,5.35
BIH,1876,5.34
BIH,1877,5.34
BIH,1878,5.33
BIH,1879,5.33
BIH,1880,5.33
BIH,1881,5.32
BIH,1882,5.32
BIH,1883,5.31
BIH,1884,5.31
BIH,1885,5.3
BIH,1886,5.3
BIH,1887,5.3
BIH,1888,5.29
BIH,1889,5.29
BIH,1890,5.28
BIH,1891,5.28
BIH,1892,5.28
BIH,1893,5.27
BIH,1894,5.27
BIH,1895,5.26
BIH,1896,5.26
BIH,1897,5.25
BIH,1898,5.25
BIH,1899,5.25
BIH,1900,5.24
BIH,1901,5.24
BIH,1902,5.23
BIH,1903,5.23
BIH,1904,5.23
BIH,1905,5.22
BIH,1906,5.22
BIH,1907,5.21
BIH,1908,5.21
BIH,1909,5.2
BIH,1910,5.2
BIH,1911,5.2
BIH,1912,5.19
BIH,1913,5.19
BIH,1914,5.19
BIH,1915,5.18
BIH,1916,5.18
BIH,1917,5.18
BIH,1918,5.17
BIH,1919,5.17
BIH,1920,5.17
BIH,1921,5.16
BIH,1922,5.16
BIH,1923,5.16
BIH,1924,5.15
BIH,1925,5.15
BIH,1926,5.14
BIH,1927,5.14
BIH,1928,5.14
BIH,1929,5.13
BIH,1930,5.13
BIH,1931,5.13
BIH,1932,5.12
BIH,1933,5.12
BIH,1934,5.12
BIH,1935,5.11
BIH,1936,5.11
BIH,1937,5.11
BIH,1938,5.1
BIH,1939,5.1
BIH,1940,5.1
BIH,1941,5.09
BIH,1942,5.09
BIH,1943,5.09
BIH,1944,5.08
BIH,1945,5.08
BIH,1946,5.08
BIH,1947,5.07
BIH,1948,5.07
BIH,1949,5.07
BIH,1950,5.06
BIH,1951,5
BIH,1952,4.88
BIH,1953,4.76
BIH,1954,4.64
BIH,1955,4.54
BIH,1956,4.43
BIH,1957,4.34
BIH,1958,4.24
BIH,1959,4.15
BIH,1960,4.05
BIH,1961,3.95
BIH,1962,3.85
BIH,1963,3.74
BIH,1964,3.62
BIH,1965,3.5
BIH,1966,3.37
BIH,1967,3.24
BIH,1968,3.11
BIH,1969,2.99
BIH,1970,2.88
BIH,1971,2.78
BIH,1972,2.68
BIH,1973,2.58
BIH,1974,2.49
BIH,1975,2.41
BIH,1976,2.34
BIH,1977,2.27
BIH,1978,2.2
BIH,1979,2.14
BIH,1980,2.09
BIH,1981,2.05
BIH,1982,2.02
BIH,1983,1.99
BIH,1984,1.97
BIH,1985,1.95
BIH,1986,1.93
BIH,1987,1.89
BIH,1988,1.84
BIH,1989,1.78
BIH,1990,1.71
BIH,1991,1.65
BIH,1992,1.59
BIH,1993,1.56
BIH,1994,1.54
BIH,1995,1.53
BIH,1996,1.52
BIH,1997,1.5
BIH,1998,1.47
BIH,1999,1.43
BIH,2000,1.38
BIH,2001,1.33
BIH,2002,1.28
BIH,2003,1.24
BIH,2004,1.21
BIH,2005,1.2
BIH,2006,1.2
BIH,2007,1.21
BIH,2008,1.22
BIH,2009,1.23
BIH,2010,1.24
BIH,2011,1.26
BIH,2012,1.27
BIH,2013,1.28
BIH,2014,1.3
BIH,2015,1.32
BWA,1800,6.47
BWA,1801,6.47
BWA,1802,6.47
BWA,1803,6.47
BWA,1804,6.47
BWA,1805,6.47
BWA,1806,6.47
BWA,1807,6.47
BWA,1808,6.47
BWA,1809,6.47
BWA,1810,6.47
BWA,1811,6.47
BWA,1812,6.47
BWA,1813,6.47
BWA,1814,6.47
BWA,1815,6.47
BWA,1816,6.47
BWA,1817,6.47
BWA,1818,6.47
BWA,1819,6.47
BWA,1820,6.47
BWA,1821,6.47
BWA,1822,6.48
BWA,1823,6.48
BWA,1824,6.48
BWA,1825,6.48
BWA,1826,6.48
BWA,1827,6.48
BWA,1828,6.48
BWA,1829,6.48
BWA,1830,6.48
BWA,1831,6.48
BWA,1832,6.48
BWA,1833,6.48
BWA,1834,6.48
BWA,1835,6.48
BWA,1836,6.48
BWA,1837,6.48
BWA,1838,6.48
BWA,1839,6.48
BWA,1840,6.48
BWA,1841,6.48
BWA,1842,6.48
BWA,1843,6.48
BWA,1844,6.48
BWA,1845,6.48
BWA,1846,6.48
BWA,1847,6.48
BWA,1848,6.48
BWA,1849,6.48
BWA,1850,6.48
BWA,1851,6.48
BWA,1852,6.48
BWA,1853,6.48
BWA,1854,6.48
BWA,1855,6.48
BWA,1856,6.48
BWA,1857,6.48
BWA,1858,6.49
BWA,1859,6.49
BWA,1860,6.49
BWA,1861,6.49
BWA,1862,6.49
BWA,1863,6.49
BWA,1864,6.49
BWA,1865,6.49
BWA,1866,6.49
BWA,1867,6.49
BWA,1868,6.49
BWA,1869,6.49
BWA,1870,6.49
BWA,1871,6.49
BWA,1872,6.49
BWA,1873,6.49
BWA,1874,6.49
BWA,1875,6.49
BWA,1876,6.49
BWA,1877,6.49
BWA,1878,6.49
BWA,1879,6.49
BWA,1880,6.49
BWA,1881,6.49
BWA,1882,6.49
BWA,1883,6.49
BWA,1884,6.49
BWA,1885,6.49
BWA,1886,6.49
BWA,1887,6.49
BWA,1888,6.49
BWA,1889,6.49
BWA,1890,6.49
BWA,1891,6.49
BWA,1892,6.49
BWA,1893,6.5
BWA,1894,6.5
BWA,1895,6.5
BWA,1896,6.5
BWA,1897,6.5
BWA,1898,6.5
BWA,1899,6.5
BWA,1900,6.5
BWA,1901,6.5
BWA,1902,6.5
BWA,1903,6.5
BWA,1904,6.5
BWA,1905,6.5
BWA,1906,6.5
BWA,1907,6.5
BWA,1908,6.5
BWA,1909,6.5
BWA,1910,6.5
BWA,1911,6.5
BWA,1912,6.5
BWA,1913,6.5
BWA,1914,6.5
BWA,1915,6.5
BWA,1916,6.5
BWA,1917,6.5
BWA,1918,6.5
BWA,1919,6.5
BWA,1920,6.5
BWA,1921,6.5
BWA,1922,6.5
BWA,1923,6.5
BWA,1924,6.5
BWA,1925,6.5
BWA,1926,6.5
BWA,1927,6.5
BWA,1928,6.5
BWA,1929,6.5
BWA,1930,6.5
BWA,1931,6.5
BWA,1932,6.49
BWA,1933,6.49
BWA,1934,6.49
BWA,1935,6.49
BWA,1936,6.49
BWA,1937,6.49
BWA,1938,6.49
BWA,1939,6.48
BWA,1940,6.48
BWA,1941,6.48
BWA,1942,6.48
BWA,1943,6.48
BWA,1944,6.48
BWA,1945,6.48
BWA,1946,6.47
BWA,1947,6.47
BWA,1948,6.47
BWA,1949,6.47
BWA,1950,6.47
BWA,1951,6.48
BWA,1952,6.49
BWA,1953,6.51
BWA,1954,6.52
BWA,1955,6.54
BWA,1956,6.55
BWA,1957,6.57
BWA,1958,6.58
BWA,1959,6.6
BWA,1960,6.62
BWA,1961,6.63
BWA,1962,6.65
BWA,1963,6.67
BWA,1964,6.68
BWA,1965,6.69
BWA,1966,6.7
BWA,1967,6.7
BWA,1968,6.69
BWA,1969,6.67
BWA,1970,6.64
BWA,1971,6.61
BWA,1972,6.58
BWA,1973,6.55
BWA,1974,6.51
BWA,1975,6.48
BWA,1976,6.44
BWA,1977,6.4
BWA,1978,6.35
BWA,1979,6.29
BWA,1980,6.22
BWA,1981,6.13
BWA,1982,6.01
BWA,1983,5.88
BWA,1984,5.73
BWA,1985,5.57
BWA,1986,5.39
BWA,1987,5.21
BWA,1988,5.04
BWA,1989,4.86
BWA,1990,4.7
BWA,1991,4.54
BWA,1992,4.39
BWA,1993,4.25
BWA,1994,4.12
BWA,1995,3.99
BWA,1996,3.87
BWA,1997,3.75
BWA,1998,3.63
BWA,1999,3.52
BWA,2000,3.41
BWA,2001,3.32
BWA,2002,3.23
BWA,2003,3.15
BWA,2004,3.08
BWA,2005,3.02
BWA,2006,2.96
BWA,2007,2.91
BWA,2008,2.86
BWA,2009,2.81
BWA,2010,2.76
BWA,2011,2.71
BWA,2012,2.67
BWA,2013,2.62
BWA,2014,2.58
BWA,2015,2.54
BRA,1800,6.26
BRA,1801,6.26
BRA,1802,6.26
BRA,1803,6.26
BRA,1804,6.26
BRA,1805,6.26
BRA,1806,6.26
BRA,1807,6.26
BRA,1808,6.26
BRA,1809,6.26
BRA,1810,6.26
BRA,1811,6.26
BRA,1812,6.26
BRA,1813,6.26
BRA,1814,6.26
BRA,1815,6.26
BRA,1816,6.26
BRA,1817,6.26
BRA,1818,6.26
BRA,1819,6.26
BRA,1820,6.26
BRA,1821,6.26
BRA,1822,6.26
BRA,1823,6.26
BRA,1824,6.26
BRA,1825,6.26
BRA,1826,6.26
BRA,1827,6.26
BRA,1828,6.26
BRA,1829,6.26
BRA,1830,6.26
BRA,1831,6.26
BRA,1832,6.26
BRA,1833,6.26
BRA,1834,6.26
BRA,1835,6.26
BRA,1836,6.26
BRA,1837,6.26
BRA,1838,6.26
BRA,1839,6.26
BRA,1840,6.26
BRA,1841,6.26
BRA,1842,6.26
BRA,1843,6.26
BRA,1844,6.26
BRA,1845,6.26
BRA,1846,6.26
BRA,1847,6.26
BRA,1848,6.26
BRA,1849,6.26
BRA,1850,6.26
BRA,1851,6.26
BRA,1852,6.26
BRA,1853,6.26
BRA,1854,6.26
BRA,1855,6.26
BRA,1856,6.26
BRA,1857,6.26
BRA,1858,6.26
BRA,1859,6.26
BRA,1860,6.26
BRA,1861,6.26
BRA,1862,6.26
BRA,1863,6.26
BRA,1864,6.26
BRA,1865,6.26
BRA,1866,6.26
BRA,1867,6.26
BRA,1868,6.26
BRA,1869,6.26
BRA,1870,6.26
BRA,1871,6.26
BRA,1872,6.26
BRA,1873,6.26
BRA,1874,6.26
BRA,1875,6.26
BRA,1876,6.27
BRA,1877,6.27
BRA,1878,6.28
BRA,1879,6.29
BRA,1880,6.29
BRA,1881,6.3
BRA,1882,6.29
BRA,1883,6.28
BRA,1884,6.27
BRA,1885,6.26
BRA,1886,6.25
BRA,1887,6.24
BRA,1888,6.23
BRA,1889,6.22
BRA,1890,6.21
BRA,1891,6.2
BRA,1892,6.19
BRA,1893,6.18
BRA,1894,6.17
BRA,1895,6.16
BRA,1896,6.11
BRA,1897,6.05
BRA,1898,5.99
BRA,1899,5.93
BRA,1900,5.88
BRA,1901,5.82
BRA,1902,5.76
BRA,1903,5.78
BRA,1904,5.8
BRA,1905,5.81
BRA,1906,5.83
BRA,1907,5.85
BRA,1908,5.86
BRA,1909,5.88
BRA,1910,5.9
BRA,1911,5.9
BRA,1912,5.9
BRA,1913,5.9
BRA,1914,5.9
BRA,1915,5.9
BRA,1916,5.9
BRA,1917,5.9
BRA,1918,5.9
BRA,1919,5.9
BRA,1920,5.9
BRA,1921,5.9
BRA,1922,5.9
BRA,1923,5.9
BRA,1924,5.9
BRA,1925,5.9
BRA,1926,5.9
BRA,1927,5.9
BRA,1928,5.9
BRA,1929,5.9
BRA,1930,5.9
BRA,1931,5.9
BRA,1932,5.9
BRA,1933,5.9
BRA,1934,5.9
BRA,1935,5.9
BRA,1936,5.9
BRA,1937,5.9
BRA,1938,5.9
BRA,1939,5.9
BRA,1940,5.9
BRA,1941,5.92
BRA,1942,5.95
BRA,1943,5.98
BRA,1944,6.01
BRA,1945,6.04
BRA,1946,6.07
BRA,1947,6.09
BRA,1948,6.12
BRA,1949,6.15
BRA,1950,6.18
BRA,1951,6.17
BRA,1952,6.15
BRA,1953,6.14
BRA,1954,6.14
BRA,1955,6.14
BRA,1956,6.16
BRA,1957,6.18
BRA,1958,6.2
BRA,1959,6.21
BRA,1960,6.21
BRA,1961,6.19
BRA,1962,6.14
BRA,1963,6.06
BRA,1964,5.95
BRA,1965,5.82
BRA,1966,5.66
BRA,1967,5.49
BRA,1968,5.33
BRA,1969,5.17
BRA,1970,5.02
BRA,1971,4.9
BRA,1972,4.78
BRA,1973,4.68
BRA,1974,4.59
BRA,1975,4.5
BRA,1976,4.42
BRA,1977,4.34
BRA,1978,4.26
BRA,1979,4.17
BRA,1980,4.07
BRA,1981,3.97
BRA,1982,3.85
BRA,1983,3.72
BRA,1984,3.59
BRA,1985,3.45
BRA,1986,3.31
BRA,1987,3.17
BRA,1988,3.04
BRA,1989,2.92
BRA,1990,2.81
BRA,1991,2.72
BRA,1992,2.64
BRA,1993,2.58
BRA,1994,2.54
BRA,1995,2.5
BRA,1996,2.47
BRA,1997,2.45
BRA,1998,2.43
BRA,1999,2.4
BRA,2000,2.36
BRA,2001,2.32
BRA,2002,2.26
BRA,2003,2.2
BRA,2004,2.14
BRA,2005,2.07
BRA,2006,2
BRA,2007,1.94
BRA,2008,1.9
BRA,2009,1.86
BRA,2010,1.84
BRA,2011,1.82
BRA,2012,1.81
BRA,2013,1.8
BRA,2014,1.79
BRA,2015,1.78
BRN,1800,7.06
BRN,1801,7.06
BRN,1802,7.06
BRN,1803,7.06
BRN,1804,7.06
BRN,1805,7.06
BRN,1806,7.06
BRN,1807,7.06
BRN,1808,7.06
BRN,1809,7.06
BRN,1810,7.06
BRN,1811,7.06
BRN,1812,7.06
BRN,1813,7.06
BRN,1814,7.06
BRN,1815,7.06
BRN,1816,7.06
BRN,1817,7.06
BRN,1818,7.06
BRN,1819,7.06
BRN,1820,7.06
BRN,1821,7.06
BRN,1822,7.06
BRN,1823,7.06
BRN,1824,7.06
BRN,1825,7.06
BRN,1826,7.06
BRN,1827,7.06
BRN,1828,7.06
BRN,1829,7.06
BRN,1830,7.06
BRN,1831,7.06
BRN,1832,7.06
BRN,1833,7.06
BRN,1834,7.06
BRN,1835,7.06
BRN,1836,7.06
BRN,1837,7.06
BRN,1838,7.06
BRN,1839,7.06
BRN,1840,7.06
BRN,1841,7.06
BRN,1842,7.06
BRN,1843,7.06
BRN,1844,7.06
BRN,1845,7.06
BRN,1846,7.06
BRN,1847,7.06
BRN,1848,7.06
BRN,1849,7.06
BRN,1850,7.06
BRN,1851,7.06
BRN,1852,7.06
BRN,1853,7.06
BRN,1854,7.06
BRN,1855,7.06
BRN,1856,7.06
BRN,1857,7.06
BRN,1858,7.06
BRN,1859,7.06
BRN,1860,7.06
BRN,1861,7.06
BRN,1862,7.06
BRN,1863,7.06
BRN,1864,7.06
BRN,1865,7.06
BRN,1866,7.06
BRN,1867,7.06
BRN,1868,7.06
BRN,1869,7.06
BRN,1870,7.06
BRN,1871,7.06
BRN,1872,7.06
BRN,1873,7.06
BRN,1874,7.06
BRN,1875,7.06
BRN,1876,7.06
BRN,1877,7.06
BRN,1878,7.06
BRN,1879,7.06
BRN,1880,7.06
BRN,1881,7.06
BRN,1882,7.06
BRN,1883,7.06
BRN,1884,7.06
BRN,1885,7.06
BRN,1886,7.06
BRN,1887,7.06
BRN,1888,7.06
BRN,1889,7.06
BRN,1890,7.06
BRN,1891,7.06
BRN,1892,7.06
BRN,1893,7.06
BRN,1894,7.06
BRN,1895,7.06
BRN,1896,7.06
BRN,1897,7.06
BRN,1898,7.06
BRN,1899,7.06
BRN,1900,7.06
BRN,1901,7.06
BRN,1902,7.06
BRN,1903,7.06
BRN,1904,7.06
BRN,1905,7.06
BRN,1906,7.06
BRN,1907,7.06
BRN,1908,7.06
BRN,1909,7.06
BRN,1910,7.06
BRN,1911,7.06
BRN,1912,7.06
BRN,1913,7.06
BRN,1914,7.06
BRN,1915,7.06
BRN,1916,7.06
BRN,1917,7.06
BRN,1918,7.06
BRN,1919,7.06
BRN,1920,7.06
BRN,1921,7.06
BRN,1922,7.06
BRN,1923,7.06
BRN,1924,7.06
BRN,1925,7.06
BRN,1926,7.08
BRN,1927,7.1
BRN,1928,7.11
BRN,1929,7.13
BRN,1930,7.15
BRN,1931,7.17
BRN,1932,7.19
BRN,1933,7.21
BRN,1934,7.22
BRN,1935,7.24
BRN,1936,7.26
BRN,1937,7.28
BRN,1938,7.3
BRN,1939,7.32
BRN,1940,7.33
BRN,1941,7.35
BRN,1942,7.37
BRN,1943,7.39
BRN,1944,7.41
BRN,1945,7.43
BRN,1946,7.44
BRN,1947,7.46
BRN,1948,7.48
BRN,1949,7.5
BRN,1950,7.52
BRN,1951,7.36
BRN,1952,7.07
BRN,1953,6.84
BRN,1954,6.66
BRN,1955,6.54
BRN,1956,6.47
BRN,1957,6.44
BRN,1958,6.44
BRN,1959,6.47
BRN,1960,6.49
BRN,1961,6.49
BRN,1962,6.45
BRN,1963,6.36
BRN,1964,6.23
BRN,1965,6.07
BRN,1966,5.92
BRN,1967,5.8
BRN,1968,5.74
BRN,1969,5.73
BRN,1970,5.75
BRN,1971,5.77
BRN,1972,5.76
BRN,1973,5.69
BRN,1974,5.56
BRN,1975,5.37
BRN,1976,5.13
BRN,1977,4.88
BRN,1978,4.65
BRN,1979,4.43
BRN,1980,4.25
BRN,1981,4.1
BRN,1982,3.99
BRN,1983,3.91
BRN,1984,3.84
BRN,1985,3.79
BRN,1986,3.76
BRN,1987,3.72
BRN,1988,3.67
BRN,1989,3.61
BRN,1990,3.53
BRN,1991,3.44
BRN,1992,3.32
BRN,1993,3.2
BRN,1994,3.06
BRN,1995,2.93
BRN,1996,2.8
BRN,1997,2.68
BRN,1998,2.57
BRN,1999,2.48
BRN,2000,2.4
BRN,2001,2.34
BRN,2002,2.29
BRN,2003,2.25
BRN,2004,2.21
BRN,2005,2.18
BRN,2006,2.15
BRN,2007,2.12
BRN,2008,2.1
BRN,2009,2.07
BRN,2010,2.05
BRN,2011,2.03
BRN,2012,2.01
BRN,2013,1.99
BRN,2014,1.98
BRN,2015,1.96
BGR,1800,5.16
BGR,1801,5.16
BGR,1802,5.16
BGR,1803,5.16
BGR,1804,5.16
BGR,1805,5.16
BGR,1806,5.16
BGR,1807,5.16
BGR,1808,5.16
BGR,1809,5.16
BGR,1810,5.16
BGR,1811,5.16
BGR,1812,5.16
BGR,1813,5.16
BGR,1814,5.16
BGR,1815,5.16
BGR,1816,5.16
BGR,1817,5.16
BGR,1818,5.16
BGR,1819,5.16
BGR,1820,5.16
BGR,1821,5.16
BGR,1822,5.16
BGR,1823,5.16
BGR,1824,5.16
BGR,1825,5.16
BGR,1826,5.16
BGR,1827,5.16
BGR,1828,5.16
BGR,1829,5.16
BGR,1830,5.16
BGR,1831,5.16
BGR,1832,5.16
BGR,1833,5.16
BGR,1834,5.16
BGR,1835,5.16
BGR,1836,5.16
BGR,1837,5.16
BGR,1838,5.16
BGR,1839,5.16
BGR,1840,5.16
BGR,1841,5.16
BGR,1842,5.16
BGR,1843,5.16
BGR,1844,5.16
BGR,1845,5.16
BGR,1846,5.16
BGR,1847,5.16
BGR,1848,5.16
BGR,1849,5.16
BGR,1850,5.16
BGR,1851,5.16
BGR,1852,5.16
BGR,1853,5.16
BGR,1854,5.16
BGR,1855,5.16
BGR,1856,5.16
BGR,1857,5.16
BGR,1858,5.16
BGR,1859,5.16
BGR,1860,5.16
BGR,1861,5.16
BGR,1862,5.16
BGR,1863,5.16
BGR,1864,5.16
BGR,1865,5.16
BGR,1866,5.16
BGR,1867,5.16
BGR,1868,5.16
BGR,1869,5.16
BGR,1870,5.16
BGR,1871,5.16
BGR,1872,5.16
BGR,1873,5.16
BGR,1874,5.16
BGR,1875,5.16
BGR,1876,5.05
BGR,1877,4.95
BGR,1878,4.84
BGR,1879,4.73
BGR,1880,4.62
BGR,1881,4.52
BGR,1882,4.92
BGR,1883,5.16
BGR,1884,5.16
BGR,1885,5.04
BGR,1886,4.37
BGR,1887,5.15
BGR,1888,5.05
BGR,1889,4.92
BGR,1890,4.7
BGR,1891,5.24
BGR,1892,4.82
BGR,1893,4.69
BGR,1894,5.09
BGR,1895,5.45
BGR,1896,5.55
BGR,1897,5.7
BGR,1898,5.28
BGR,1899,5.45
BGR,1900,5.67
BGR,1901,5.7
BGR,1902,5.73
BGR,1903,5.76
BGR,1904,5.8
BGR,1905,5.83
BGR,1906,5.77
BGR,1907,5.72
BGR,1908,5.66
BGR,1909,5.6
BGR,1910,5.55
BGR,1911,5.52
BGR,1912,5.48
BGR,1913,5.45
BGR,1914,5.42
BGR,1915,5.39
BGR,1916,5.38
BGR,1917,5.37
BGR,1918,5.36
BGR,1919,5.35
BGR,1920,5.35
BGR,1921,5.27
BGR,1922,5.19
BGR,1923,5.11
BGR,1924,5.03
BGR,1925,4.94
BGR,1926,4.8
BGR,1927,4.65
BGR,1928,4.5
BGR,1929,4.36
BGR,1930,4.21
BGR,1931,4.07
BGR,1932,3.94
BGR,1933,3.81
BGR,1934,3.67
BGR,1935,3.54
BGR,1936,3.43
BGR,1937,3.31
BGR,1938,3.2
BGR,1939,3.09
BGR,1940,2.97
BGR,1941,3.03
BGR,1942,3.08
BGR,1943,3.13
BGR,1944,3.18
BGR,1945,3.23
BGR,1946,3.12
BGR,1947,3
BGR,1948,2.89
BGR,1949,2.77
BGR,1950,2.66
BGR,1951,2.62
BGR,1952,2.55
BGR,1953,2.49
BGR,1954,2.43
BGR,1955,2.39
BGR,1956,2.35
BGR,1957,2.31
BGR,1958,2.29
BGR,1959,2.26
BGR,1960,2.25
BGR,1961,2.23
BGR,1962,2.21
BGR,1963,2.2
BGR,1964,2.18
BGR,1965,2.17
BGR,1966,2.15
BGR,1967,2.14
BGR,1968,2.13
BGR,1969,2.13
BGR,1970,2.14
BGR,1971,2.14
BGR,1972,2.16
BGR,1973,2.17
BGR,1974,2.18
BGR,1975,2.19
BGR,1976,2.19
BGR,1977,2.18
BGR,1978,2.17
BGR,1979,2.14
BGR,1980,2.11
BGR,1981,2.08
BGR,1982,2.06
BGR,1983,2.03
BGR,1984,2.02
BGR,1985,2
BGR,1986,1.98
BGR,1987,1.94
BGR,1988,1.9
BGR,1989,1.84
BGR,1990,1.77
BGR,1991,1.69
BGR,1992,1.6
BGR,1993,1.51
BGR,1994,1.42
BGR,1995,1.34
BGR,1996,1.28
BGR,1997,1.23
BGR,1998,1.2
BGR,1999,1.18
BGR,2000,1.18
BGR,2001,1.2
BGR,2002,1.22
BGR,2003,1.25
BGR,2004,1.29
BGR,2005,1.33
BGR,2006,1.37
BGR,2007,1.4
BGR,2008,1.43
BGR,2009,1.46
BGR,2010,1.49
BGR,2011,1.51
BGR,2012,1.52
BGR,2013,1.54
BGR,2014,1.56
BGR,2015,1.57
BFA,1800,6.03
BFA,1801,6.03
BFA,1802,6.03
BFA,1803,6.03
BFA,1804,6.03
BFA,1805,6.03
BFA,1806,6.03
BFA,1807,6.03
BFA,1808,6.04
BFA,1809,6.04
BFA,1810,6.04
BFA,1811,6.04
BFA,1812,6.04
BFA,1813,6.04
BFA,1814,6.04
BFA,1815,6.04
BFA,1816,6.04
BFA,1817,6.04
BFA,1818,6.04
BFA,1819,6.04
BFA,1820,6.04
BFA,1821,6.04
BFA,1822,6.04
BFA,1823,6.04
BFA,1824,6.05
BFA,1825,6.05
BFA,1826,6.05
BFA,1827,6.05
BFA,1828,6.05
BFA,1829,6.05
BFA,1830,6.05
BFA,1831,6.05
BFA,1832,6.05
BFA,1833,6.05
BFA,1834,6.05
BFA,1835,6.05
BFA,1836,6.05
BFA,1837,6.05
BFA,1838,6.05
BFA,1839,6.05
BFA,1840,6.06
BFA,1841,6.06
BFA,1842,6.06
BFA,1843,6.06
BFA,1844,6.06
BFA,1845,6.06
BFA,1846,6.06
BFA,1847,6.06
BFA,1848,6.06
BFA,1849,6.06
BFA,1850,6.06
BFA,1851,6.06
BFA,1852,6.06
BFA,1853,6.06
BFA,1854,6.06
BFA,1855,6.07
BFA,1856,6.07
BFA,1857,6.07
BFA,1858,6.07
BFA,1859,6.07
BFA,1860,6.07
BFA,1861,6.07
BFA,1862,6.07
BFA,1863,6.07
BFA,1864,6.07
BFA,1865,6.07
BFA,1866,6.07
BFA,1867,6.07
BFA,1868,6.07
BFA,1869,6.07
BFA,1870,6.07
BFA,1871,6.08
BFA,1872,6.08
BFA,1873,6.08
BFA,1874,6.08
BFA,1875,6.08
BFA,1876,6.08
BFA,1877,6.08
BFA,1878,6.08
BFA,1879,6.08
BFA,1880,6.08
BFA,1881,6.08
BFA,1882,6.08
BFA,1883,6.08
BFA,1884,6.08
BFA,1885,6.08
BFA,1886,6.09
BFA,1887,6.09
BFA,1888,6.09
BFA,1889,6.09
BFA,1890,6.09
BFA,1891,6.09
BFA,1892,6.09
BFA,1893,6.09
BFA,1894,6.09
BFA,1895,6.09
BFA,1896,6.09
BFA,1897,6.09
BFA,1898,6.09
BFA,1899,6.09
BFA,1900,6.09
BFA,1901,6.09
BFA,1902,6.1
BFA,1903,6.1
BFA,1904,6.1
BFA,1905,6.1
BFA,1906,6.1
BFA,1907,6.1
BFA,1908,6.1
BFA,1909,6.1
BFA,1910,6.1
BFA,1911,6.1
BFA,1912,6.1
BFA,1913,6.1
BFA,1914,6.1
BFA,1915,6.1
BFA,1916,6.1
BFA,1917,6.1
BFA,1918,6.11
BFA,1919,6.11
BFA,1920,6.11
BFA,1921,6.11
BFA,1922,6.11
BFA,1923,6.11
BFA,1924,6.11
BFA,1925,6.11
BFA,1926,6.11
BFA,1927,6.1
BFA,1928,6.1
BFA,1929,6.1
BFA,1930,6.09
BFA,1931,6.09
BFA,1932,6.09
BFA,1933,6.09
BFA,1934,6.08
BFA,1935,6.08
BFA,1936,6.08
BFA,1937,6.07
BFA,1938,6.07
BFA,1939,6.07
BFA,1940,6.06
BFA,1941,6.06
BFA,1942,6.06
BFA,1943,6.06
BFA,1944,6.05
BFA,1945,6.05
BFA,1946,6.05
BFA,1947,6.04
BFA,1948,6.04
BFA,1949,6.04
BFA,1950,6.03
BFA,1951,6.05
BFA,1952,6.09
BFA,1953,6.12
BFA,1954,6.15
BFA,1955,6.18
BFA,1956,6.21
BFA,1957,6.23
BFA,1958,6.25
BFA,1959,6.27
BFA,1960,6.29
BFA,1961,6.32
BFA,1962,6.34
BFA,1963,6.38
BFA,1964,6.41
BFA,1965,6.45
BFA,1966,6.49
BFA,1967,6.53
BFA,1968,6.56
BFA,1969,6.59
BFA,1970,6.62
BFA,1971,6.66
BFA,1972,6.7
BFA,1973,6.74
BFA,1974,6.8
BFA,1975,6.86
BFA,1976,6.92
BFA,1977,6.98
BFA,1978,7.04
BFA,1979,7.09
BFA,1980,7.13
BFA,1981,7.15
BFA,1982,7.17
BFA,1983,7.17
BFA,1984,7.16
BFA,1985,7.14
BFA,1986,7.12
BFA,1987,7.09
BFA,1988,7.06
BFA,1989,7.04
BFA,1990,7.01
BFA,1991,6.98
BFA,1992,6.95
BFA,1993,6.92
BFA,1994,6.88
BFA,1995,6.84
BFA,1996,6.8
BFA,1997,6.75
BFA,1998,6.7
BFA,1999,6.65
BFA,2000,6.59
BFA,2001,6.53
BFA,2002,6.47
BFA,2003,6.4
BFA,2004,6.34
BFA,2005,6.27
BFA,2006,6.19
BFA,2007,6.12
BFA,2008,6.04
BFA,2009,5.95
BFA,2010,5.87
BFA,2011,5.78
BFA,2012,5.69
BFA,2013,5.61
BFA,2014,5.52
BFA,2015,5.43
BDI,1800,6.8
BDI,1801,6.8
BDI,1802,6.8
BDI,1803,6.8
BDI,1804,6.8
BDI,1805,6.8
BDI,1806,6.8
BDI,1807,6.8
BDI,1808,6.8
BDI,1809,6.8
BDI,1810,6.8
BDI,1811,6.8
BDI,1812,6.8
BDI,1813,6.8
BDI,1814,6.8
BDI,1815,6.8
BDI,1816,6.8
BDI,1817,6.8
BDI,1818,6.8
BDI,1819,6.8
BDI,1820,6.8
BDI,1821,6.8
BDI,1822,6.8
BDI,1823,6.8
BDI,1824,6.8
BDI,1825,6.8
BDI,1826,6.8
BDI,1827,6.8
BDI,1828,6.8
BDI,1829,6.8
BDI,1830,6.8
BDI,1831,6.8
BDI,1832,6.8
BDI,1833,6.8
BDI,1834,6.8
BDI,1835,6.8
BDI,1836,6.8
BDI,1837,6.8
BDI,1838,6.8
BDI,1839,6.8
BDI,1840,6.8
BDI,1841,6.8
BDI,1842,6.8
BDI,1843,6.8
BDI,1844,6.8
BDI,1845,6.8
BDI,1846,6.8
BDI,1847,6.8
BDI,1848,6.8
BDI,1849,6.8
BDI,1850,6.8
BDI,1851,6.8
BDI,1852,6.8
BDI,1853,6.8
BDI,1854,6.8
BDI,1855,6.8
BDI,1856,6.8
BDI,1857,6.8
BDI,1858,6.8
BDI,1859,6.8
BDI,1860,6.8
BDI,1861,6.8
BDI,1862,6.8
BDI,1863,6.81
BDI,1864,6.81
BDI,1865,6.81
BDI,1866,6.81
BDI,1867,6.81
BDI,1868,6.81
BDI,1869,6.81
BDI,1870,6.81
BDI,1871,6.81
BDI,1872,6.81
BDI,1873,6.81
BDI,1874,6.81
BDI,1875,6.81
BDI,1876,6.81
BDI,1877,6.81
BDI,1878,6.81
BDI,1879,6.81
BDI,1880,6.81
BDI,1881,6.81
BDI,1882,6.81
BDI,1883,6.81
BDI,1884,6.81
BDI,1885,6.81
BDI,1886,6.81
BDI,1887,6.81
BDI,1888,6.81
BDI,1889,6.81
BDI,1890,6.81
BDI,1891,6.81
BDI,1892,6.81
BDI,1893,6.81
BDI,1894,6.81
BDI,1895,6.81
BDI,1896,6.81
BDI,1897,6.81
BDI,1898,6.81
BDI,1899,6.81
BDI,1900,6.81
BDI,1901,6.81
BDI,1902,6.81
BDI,1903,6.81
BDI,1904,6.81
BDI,1905,6.81
BDI,1906,6.81
BDI,1907,6.81
BDI,1908,6.81
BDI,1909,6.81
BDI,1910,6.81
BDI,1911,6.81
BDI,1912,6.81
BDI,1913,6.81
BDI,1914,6.81
BDI,1915,6.81
BDI,1916,6.81
BDI,1917,6.81
BDI,1918,6.81
BDI,1919,6.81
BDI,1920,6.81
BDI,1921,6.81
BDI,1922,6.81
BDI,1923,6.81
BDI,1924,6.81
BDI,1925,6.81
BDI,1926,6.81
BDI,1927,6.81
BDI,1928,6.81
BDI,1929,6.81
BDI,1930,6.81
BDI,1931,6.81
BDI,1932,6.81
BDI,1933,6.81
BDI,1934,6.81
BDI,1935,6.81
BDI,1936,6.81
BDI,1937,6.81
BDI,1938,6.82
BDI,1939,6.82
BDI,1940,6.82
BDI,1941,6.82
BDI,1942,6.82
BDI,1943,6.82
BDI,1944,6.82
BDI,1945,6.82
BDI,1946,6.82
BDI,1947,6.82
BDI,1948,6.82
BDI,1949,6.82
BDI,1950,6.82
BDI,1951,6.81
BDI,1952,6.8
BDI,1953,6.79
BDI,1954,6.79
BDI,1955,6.8
BDI,1956,6.82
BDI,1957,6.85
BDI,1958,6.88
BDI,1959,6.91
BDI,1960,6.95
BDI,1961,7
BDI,1962,7.05
BDI,1963,7.09
BDI,1964,7.14
BDI,1965,7.18
BDI,1966,7.22
BDI,1967,7.25
BDI,1968,7.27
BDI,1969,7.29
BDI,1970,7.31
BDI,1971,7.33
BDI,1972,7.35
BDI,1973,7.37
BDI,1974,7.4
BDI,1975,7.42
BDI,1976,7.44
BDI,1977,7.45
BDI,1978,7.46
BDI,1979,7.46
BDI,1980,7.45
BDI,1981,7.45
BDI,1982,7.45
BDI,1983,7.47
BDI,1984,7.49
BDI,1985,7.52
BDI,1986,7.55
BDI,1987,7.57
BDI,1988,7.57
BDI,1989,7.56
BDI,1990,7.54
BDI,1991,7.51
BDI,1992,7.47
BDI,1993,7.42
BDI,1994,7.37
BDI,1995,7.32
BDI,1996,7.27
BDI,1997,7.22
BDI,1998,7.17
BDI,1999,7.11
BDI,2000,7.06
BDI,2001,7
BDI,2002,6.94
BDI,2003,6.87
BDI,2004,6.8
BDI,2005,6.73
BDI,2006,6.65
BDI,2007,6.57
BDI,2008,6.48
BDI,2009,6.39
BDI,2010,6.3
BDI,2011,6.21
BDI,2012,6.12
BDI,2013,6.03
BDI,2014,5.94
BDI,2015,5.85
KHM,1800,6.95
KHM,1801,6.95
KHM,1802,6.95
KHM,1803,6.95
KHM,1804,6.95
KHM,1805,6.95
KHM,1806,6.95
KHM,1807,6.95
KHM,1808,6.95
KHM,1809,6.95
KHM,1810,6.95
KHM,1811,6.95
KHM,1812,6.95
KHM,1813,6.95
KHM,1814,6.95
KHM,1815,6.95
KHM,1816,6.95
KHM,1817,6.95
KHM,1818,6.95
KHM,1819,6.95
KHM,1820,6.95
KHM,1821,6.95
KHM,1822,6.95
KHM,1823,6.95
KHM,1824,6.95
KHM,1825,6.95
KHM,1826,6.95
KHM,1827,6.95
KHM,1828,6.95
KHM,1829,6.95
KHM,1830,6.95
KHM,1831,6.95
KHM,1832,6.95
KHM,1833,6.95
KHM,1834,6.95
KHM,1835,6.95
KHM,1836,6.95
KHM,1837,6.95
KHM,1838,6.95
KHM,1839,6.95
KHM,1840,6.95
KHM,1841,6.95
KHM,1842,6.95
KHM,1843,6.95
KHM,1844,6.95
KHM,1845,6.95
KHM,1846,6.95
KHM,1847,6.95
KHM,1848,6.95
KHM,1849,6.95
KHM,1850,6.95
KHM,1851,6.95
KHM,1852,6.95
KHM,1853,6.95
KHM,1854,6.95
KHM,1855,6.95
KHM,1856,6.95
KHM,1857,6.95
KHM,1858,6.95
KHM,1859,6.95
KHM,1860,6.95
KHM,1861,6.95
KHM,1862,6.95
KHM,1863,6.95
KHM,1864,6.95
KHM,1865,6.95
KHM,1866,6.95
KHM,1867,6.95
KHM,1868,6.95
KHM,1869,6.95
KHM,1870,6.95
KHM,1871,6.95
KHM,1872,6.95
KHM,1873,6.95
KHM,1874,6.95
KHM,1875,6.95
KHM,1876,6.95
KHM,1877,6.95
KHM,1878,6.95
KHM,1879,6.95
KHM,1880,6.95
KHM,1881,6.95
KHM,1882,6.95
KHM,1883,6.95
KHM,1884,6.95
KHM,1885,6.95
KHM,1886,6.95
KHM,1887,6.95
KHM,1888,6.95
KHM,1889,6.95
KHM,1890,6.95
KHM,1891,6.95
KHM,1892,6.95
KHM,1893,6.95
KHM,1894,6.95
KHM,1895,6.95
KHM,1896,6.95
KHM,1897,6.95
KHM,1898,6.95
KHM,1899,6.95
KHM,1900,6.95
KHM,1901,6.95
KHM,1902,6.95
KHM,1903,6.95
KHM,1904,6.95
KHM,1905,6.95
KHM,1906,6.95
KHM,1907,6.95
KHM,1908,6.95
KHM,1909,6.95
KHM,1910,6.95
KHM,1911,6.95
KHM,1912,6.95
KHM,1913,6.95
KHM,1914,6.95
KHM,1915,6.95
KHM,1916,6.95
KHM,1917,6.95
KHM,1918,6.95
KHM,1919,6.95
KHM,1920,6.95
KHM,1921,6.95
KHM,1922,6.95
KHM,1923,6.95
KHM,1924,6.95
KHM,1925,6.95
KHM,1926,6.95
KHM,1927,6.95
KHM,1928,6.95
KHM,1929,6.95
KHM,1930,6.95
KHM,1931,6.95
KHM,1932,6.95
KHM,1933,6.95
KHM,1934,6.95
KHM,1935,6.95
KHM,1936,6.95
KHM,1937,6.95
KHM,1938,6.95
KHM,1939,6.95
KHM,1940,6.95
KHM,1941,6.95
KHM,1942,6.95
KHM,1943,6.95
KHM,1944,6.95
KHM,1945,6.95
KHM,1946,6.95
KHM,1947,6.95
KHM,1948,6.95
KHM,1949,6.95
KHM,1950,6.95
KHM,1951,6.95
KHM,1952,6.95
KHM,1953,6.95
KHM,1954,6.95
KHM,1955,6.95
KHM,1956,6.95
KHM,1957,6.96
KHM,1958,6.96
KHM,1959,6.97
KHM,1960,6.97
KHM,1961,6.96
KHM,1962,6.96
KHM,1963,6.94
KHM,1964,6.91
KHM,1965,6.87
KHM,1966,6.82
KHM,1967,6.75
KHM,1968,6.67
KHM,1969,6.58
KHM,1970,6.48
KHM,1971,6.34
KHM,1972,6.17
KHM,1973,5.99
KHM,1974,5.8
KHM,1975,5.62
KHM,1976,5.5
KHM,1977,5.44
KHM,1978,5.46
KHM,1979,5.55
KHM,1980,5.69
KHM,1981,5.85
KHM,1982,6.01
KHM,1983,6.13
KHM,1984,6.2
KHM,1985,6.21
KHM,1986,6.16
KHM,1987,6.07
KHM,1988,5.94
KHM,1989,5.79
KHM,1990,5.62
KHM,1991,5.44
KHM,1992,5.24
KHM,1993,5.03
KHM,1994,4.83
KHM,1995,4.62
KHM,1996,4.42
KHM,1997,4.24
KHM,1998,4.06
KHM,1999,3.9
KHM,2000,3.75
KHM,2001,3.62
KHM,2002,3.5
KHM,2003,3.4
KHM,2004,3.31
KHM,2005,3.23
KHM,2006,3.16
KHM,2007,3.1
KHM,2008,3.05
KHM,2009,3.01
KHM,2010,2.97
KHM,2011,2.93
KHM,2012,2.89
KHM,2013,2.86
KHM,2014,2.83
KHM,2015,2.8
CMR,1800,5.54
CMR,1801,5.54
CMR,1802,5.54
CMR,1803,5.54
CMR,1804,5.54
CMR,1805,5.54
CMR,1806,5.54
CMR,1807,5.54
CMR,1808,5.54
CMR,1809,5.54
CMR,1810,5.54
CMR,1811,5.54
CMR,1812,5.54
CMR,1813,5.54
CMR,1814,5.54
CMR,1815,5.54
CMR,1816,5.54
CMR,1817,5.54
CMR,1818,5.54
CMR,1819,5.54
CMR,1820,5.54
CMR,1821,5.54
CMR,1822,5.54
CMR,1823,5.54
CMR,1824,5.54
CMR,1825,5.54
CMR,1826,5.54
CMR,1827,5.54
CMR,1828,5.54
CMR,1829,5.54
CMR,1830,5.54
CMR,1831,5.54
CMR,1832,5.54
CMR,1833,5.54
CMR,1834,5.54
CMR,1835,5.54
CMR,1836,5.54
CMR,1837,5.54
CMR,1838,5.54
CMR,1839,5.54
CMR,1840,5.54
CMR,1841,5.54
CMR,1842,5.54
CMR,1843,5.54
CMR,1844,5.54
CMR,1845,5.54
CMR,1846,5.54
CMR,1847,5.54
CMR,1848,5.54
CMR,1849,5.54
CMR,1850,5.54
CMR,1851,5.54
CMR,1852,5.54
CMR,1853,5.54
CMR,1854,5.54
CMR,1855,5.54
CMR,1856,5.54
CMR,1857,5.54
CMR,1858,5.54
CMR,1859,5.54
CMR,1860,5.54
CMR,1861,5.54
CMR,1862,5.54
CMR,1863,5.54
CMR,1864,5.54
CMR,1865,5.54
CMR,1866,5.54
CMR,1867,5.54
CMR,1868,5.54
CMR,1869,5.54
CMR,1870,5.54
CMR,1871,5.54
CMR,1872,5.54
CMR,1873,5.54
CMR,1874,5.54
CMR,1875,5.54
CMR,1876,5.54
CMR,1877,5.54
CMR,1878,5.54
CMR,1879,5.54
CMR,1880,5.54
CMR,1881,5.54
CMR,1882,5.54
CMR,1883,5.54
CMR,1884,5.54
CMR,1885,5.54
CMR,1886,5.54
CMR,1887,5.54
CMR,1888,5.54
CMR,1889,5.54
CMR,1890,5.54
CMR,1891,5.54
CMR,1892,5.54
CMR,1893,5.54
CMR,1894,5.54
CMR,1895,5.54
CMR,1896,5.54
CMR,1897,5.54
CMR,1898,5.54
CMR,1899,5.54
CMR,1900,5.54
CMR,1901,5.54
CMR,1902,5.54
CMR,1903,5.54
CMR,1904,5.54
CMR,1905,5.54
CMR,1906,5.54
CMR,1907,5.54
CMR,1908,5.54
CMR,1909,5.54
CMR,1910,5.54
CMR,1911,5.54
CMR,1912,5.54
CMR,1913,5.54
CMR,1914,5.54
CMR,1915,5.54
CMR,1916,5.54
CMR,1917,5.54
CMR,1918,5.54
CMR,1919,5.54
CMR,1920,5.54
CMR,1921,5.54
CMR,1922,5.54
CMR,1923,5.54
CMR,1924,5.54
CMR,1925,5.54
CMR,1926,5.54
CMR,1927,5.54
CMR,1928,5.54
CMR,1929,5.54
CMR,1930,5.54
CMR,1931,5.54
CMR,1932,5.54
CMR,1933,5.54
CMR,1934,5.54
CMR,1935,5.54
CMR,1936,5.54
CMR,1937,5.54
CMR,1938,5.54
CMR,1939,5.54
CMR,1940,5.54
CMR,1941,5.54
CMR,1942,5.54
CMR,1943,5.54
CMR,1944,5.54
CMR,1945,5.54
CMR,1946,5.54
CMR,1947,5.54
CMR,1948,5.54
CMR,1949,5.54
CMR,1950,5.54
CMR,1951,5.52
CMR,1952,5.49
CMR,1953,5.47
CMR,1954,5.47
CMR,1955,5.47
CMR,1956,5.49
CMR,1957,5.51
CMR,1958,5.55
CMR,1959,5.59
CMR,1960,5.65
CMR,1961,5.71
CMR,1962,5.77
CMR,1963,5.83
CMR,1964,5.89
CMR,1965,5.95
CMR,1966,6.01
CMR,1967,6.06
CMR,1968,6.11
CMR,1969,6.16
CMR,1970,6.21
CMR,1971,6.25
CMR,1972,6.29
CMR,1973,6.32
CMR,1974,6.36
CMR,1975,6.39
CMR,1976,6.43
CMR,1977,6.47
CMR,1978,6.52
CMR,1979,6.56
CMR,1980,6.61
CMR,1981,6.65
CMR,1982,6.68
CMR,1983,6.7
CMR,1984,6.71
CMR,1985,6.7
CMR,1986,6.67
CMR,1987,6.63
CMR,1988,6.57
CMR,1989,6.51
CMR,1990,6.43
CMR,1991,6.35
CMR,1992,6.26
CMR,1993,6.17
CMR,1994,6.08
CMR,1995,5.99
CMR,1996,5.9
CMR,1997,5.82
CMR,1998,5.75
CMR,1999,5.68
CMR,2000,5.62
CMR,2001,5.57
CMR,2002,5.52
CMR,2003,5.46
CMR,2004,5.41
CMR,2005,5.36
CMR,2006,5.3
CMR,2007,5.24
CMR,2008,5.17
CMR,2009,5.09
CMR,2010,5.02
CMR,2011,4.94
CMR,2012,4.86
CMR,2013,4.78
CMR,2014,4.7
CMR,2015,4.63
CAN,1800,5.72
CAN,1801,5.72
CAN,1802,5.72
CAN,1803,5.72
CAN,1804,5.72
CAN,1805,5.72
CAN,1806,5.72
CAN,1807,5.72
CAN,1808,5.72
CAN,1809,5.72
CAN,1810,5.72
CAN,1811,5.72
CAN,1812,5.72
CAN,1813,5.72
CAN,1814,5.72
CAN,1815,5.72
CAN,1816,5.72
CAN,1817,5.72
CAN,1818,5.72
CAN,1819,5.72
CAN,1820,5.72
CAN,1821,5.72
CAN,1822,5.72
CAN,1823,5.72
CAN,1824,5.72
CAN,1825,5.72
CAN,1826,5.72
CAN,1827,5.72
CAN,1828,5.72
CAN,1829,5.72
CAN,1830,5.72
CAN,1831,5.72
CAN,1832,5.72
CAN,1833,5.72
CAN,1834,5.72
CAN,1835,5.72
CAN,1836,5.72
CAN,1837,5.72
CAN,1838,5.72
CAN,1839,5.72
CAN,1840,5.72
CAN,1841,5.72
CAN,1842,5.72
CAN,1843,5.72
CAN,1844,5.72
CAN,1845,5.72
CAN,1846,5.72
CAN,1847,5.72
CAN,1848,5.72
CAN,1849,5.72
CAN,1850,5.72
CAN,1851,5.72
CAN,1852,5.72
CAN,1853,5.72
CAN,1854,5.72
CAN,1855,5.72
CAN,1856,5.72
CAN,1857,5.72
CAN,1858,5.72
CAN,1859,5.72
CAN,1860,5.72
CAN,1861,5.72
CAN,1862,5.63
CAN,1863,5.54
CAN,1864,5.44
CAN,1865,5.35
CAN,1866,5.26
CAN,1867,5.17
CAN,1868,5.07
CAN,1869,4.98
CAN,1870,4.89
CAN,1871,4.8
CAN,1872,4.77
CAN,1873,4.75
CAN,1874,4.72
CAN,1875,4.7
CAN,1876,4.68
CAN,1877,4.65
CAN,1878,4.63
CAN,1879,4.6
CAN,1880,4.58
CAN,1881,4.56
CAN,1882,4.52
CAN,1883,4.49
CAN,1884,4.45
CAN,1885,4.42
CAN,1886,4.38
CAN,1887,4.35
CAN,1888,4.31
CAN,1889,4.27
CAN,1890,4.24
CAN,1891,4.2
CAN,1892,4.19
CAN,1893,4.17
CAN,1894,4.15
CAN,1895,4.13
CAN,1896,4.11
CAN,1897,4.1
CAN,1898,4.08
CAN,1899,4.06
CAN,1900,4.04
CAN,1901,4.02
CAN,1902,4.03
CAN,1903,4.03
CAN,1904,4.03
CAN,1905,4.03
CAN,1906,4.04
CAN,1907,4.04
CAN,1908,4.04
CAN,1909,4.04
CAN,1910,4.05
CAN,1911,4.05
CAN,1912,4
CAN,1913,3.95
CAN,1914,3.89
CAN,1915,3.84
CAN,1916,3.79
CAN,1917,3.74
CAN,1918,3.68
CAN,1919,3.63
CAN,1920,3.58
CAN,1921,3.53
CAN,1922,3.4
CAN,1923,3.23
CAN,1924,3.22
CAN,1925,3.13
CAN,1926,3.35
CAN,1927,3.32
CAN,1928,3.29
CAN,1929,3.22
CAN,1930,3.28
CAN,1931,3.19
CAN,1932,3.08
CAN,1933,2.86
CAN,1934,2.8
CAN,1935,2.75
CAN,1936,2.69
CAN,1937,2.64
CAN,1938,2.7
CAN,1939,2.65
CAN,1940,2.76
CAN,1941,2.82
CAN,1942,2.95
CAN,1943,3.03
CAN,1944,3
CAN,1945,3
CAN,1946,3.36
CAN,1947,3.58
CAN,1948,3.42
CAN,1949,3.44
CAN,1950,3.43
CAN,1951,3.47
CAN,1952,3.62
CAN,1953,3.7
CAN,1954,3.81
CAN,1955,3.81
CAN,1956,3.84
CAN,1957,3.93
CAN,1958,3.89
CAN,1959,3.94
CAN,1960,3.91
CAN,1961,3.85
CAN,1962,3.77
CAN,1963,3.68
CAN,1964,3.51
CAN,1965,3.15
CAN,1966,2.81
CAN,1967,2.6
CAN,1968,2.46
CAN,1969,2.41
CAN,1970,2.31
CAN,1971,2.14
CAN,1972,1.97
CAN,1973,1.88
CAN,1974,1.83
CAN,1975,1.83
CAN,1976,1.78
CAN,1977,1.75
CAN,1978,1.7
CAN,1979,1.7
CAN,1980,1.68
CAN,1981,1.65
CAN,1982,1.64
CAN,1983,1.62
CAN,1984,1.62
CAN,1985,1.61
CAN,1986,1.59
CAN,1987,1.58
CAN,1988,1.6
CAN,1989,1.66
CAN,1990,1.72
CAN,1991,1.71
CAN,1992,1.71
CAN,1993,1.68
CAN,1994,1.69
CAN,1995,1.67
CAN,1996,1.63
CAN,1997,1.57
CAN,1998,1.56
CAN,1999,1.54
CAN,2000,1.51
CAN,2001,1.54
CAN,2002,1.51
CAN,2003,1.54
CAN,2004,1.55
CAN,2005,1.57
CAN,2006,1.61
CAN,2007,1.66
CAN,2008,1.68
CAN,2009,1.67
CAN,2010,1.63
CAN,2011,1.61
CAN,2012,1.66
CAN,2013,1.67
CAN,2014,1.68
CAN,2015,1.68
CPV,1800,6.43
CPV,1801,6.43
CPV,1802,6.43
CPV,1803,6.43
CPV,1804,6.44
CPV,1805,6.44
CPV,1806,6.44
CPV,1807,6.44
CPV,1808,6.44
CPV,1809,6.44
CPV,1810,6.45
CPV,1811,6.45
CPV,1812,6.45
CPV,1813,6.45
CPV,1814,6.45
CPV,1815,6.45
CPV,1816,6.45
CPV,1817,6.46
CPV,1818,6.46
CPV,1819,6.46
CPV,1820,6.46
CPV,1821,6.46
CPV,1822,6.46
CPV,1823,6.46
CPV,1824,6.47
CPV,1825,6.47
CPV,1826,6.47
CPV,1827,6.47
CPV,1828,6.47
CPV,1829,6.47
CPV,1830,6.48
CPV,1831,6.48
CPV,1832,6.48
CPV,1833,6.48
CPV,1834,6.48
CPV,1835,6.48
CPV,1836,6.48
CPV,1837,6.49
CPV,1838,6.49
CPV,1839,6.49
CPV,1840,6.49
CPV,1841,6.49
CPV,1842,6.49
CPV,1843,6.5
CPV,1844,6.5
CPV,1845,6.5
CPV,1846,6.5
CPV,1847,6.5
CPV,1848,6.5
CPV,1849,6.5
CPV,1850,6.51
CPV,1851,6.51
CPV,1852,6.51
CPV,1853,6.51
CPV,1854,6.51
CPV,1855,6.51
CPV,1856,6.52
CPV,1857,6.52
CPV,1858,6.52
CPV,1859,6.52
CPV,1860,6.52
CPV,1861,6.52
CPV,1862,6.52
CPV,1863,6.53
CPV,1864,6.53
CPV,1865,6.53
CPV,1866,6.53
CPV,1867,6.53
CPV,1868,6.53
CPV,1869,6.53
CPV,1870,6.54
CPV,1871,6.54
CPV,1872,6.54
CPV,1873,6.54
CPV,1874,6.54
CPV,1875,6.54
CPV,1876,6.55
CPV,1877,6.55
CPV,1878,6.55
CPV,1879,6.55
CPV,1880,6.55
CPV,1881,6.55
CPV,1882,6.55
CPV,1883,6.56
CPV,1884,6.56
CPV,1885,6.56
CPV,1886,6.56
CPV,1887,6.56
CPV,1888,6.56
CPV,1889,6.57
CPV,1890,6.57
CPV,1891,6.57
CPV,1892,6.57
CPV,1893,6.57
CPV,1894,6.57
CPV,1895,6.57
CPV,1896,6.58
CPV,1897,6.58
CPV,1898,6.58
CPV,1899,6.58
CPV,1900,6.58
CPV,1901,6.58
CPV,1902,6.59
CPV,1903,6.59
CPV,1904,6.59
CPV,1905,6.59
CPV,1906,6.59
CPV,1907,6.59
CPV,1908,6.59
CPV,1909,6.6
CPV,1910,6.6
CPV,1911,6.6
CPV,1912,6.6
CPV,1913,6.6
CPV,1914,6.6
CPV,1915,6.6
CPV,1916,6.61
CPV,1917,6.61
CPV,1918,6.61
CPV,1919,6.61
CPV,1920,6.61
CPV,1921,6.61
CPV,1922,6.62
CPV,1923,6.62
CPV,1924,6.62
CPV,1925,6.62
CPV,1926,6.62
CPV,1927,6.61
CPV,1928,6.61
CPV,1929,6.6
CPV,1930,6.6
CPV,1931,6.59
CPV,1932,6.59
CPV,1933,6.58
CPV,1934,6.58
CPV,1935,6.57
CPV,1936,6.57
CPV,1937,6.56
CPV,1938,6.56
CPV,1939,6.55
CPV,1940,6.55
CPV,1941,6.54
CPV,1942,6.54
CPV,1943,6.53
CPV,1944,6.53
CPV,1945,6.52
CPV,1946,6.52
CPV,1947,6.51
CPV,1948,6.51
CPV,1949,6.5
CPV,1950,6.5
CPV,1951,6.51
CPV,1952,6.55
CPV,1953,6.58
CPV,1954,6.62
CPV,1955,6.66
CPV,1956,6.71
CPV,1957,6.75
CPV,1958,6.8
CPV,1959,6.84
CPV,1960,6.89
CPV,1961,6.92
CPV,1962,6.95
CPV,1963,6.98
CPV,1964,6.99
CPV,1965,6.99
CPV,1966,6.99
CPV,1967,6.98
CPV,1968,6.97
CPV,1969,6.95
CPV,1970,6.94
CPV,1971,6.91
CPV,1972,6.89
CPV,1973,6.86
CPV,1974,6.82
CPV,1975,6.77
CPV,1976,6.71
CPV,1977,6.65
CPV,1978,6.56
CPV,1979,6.47
CPV,1980,6.38
CPV,1981,6.27
CPV,1982,6.17
CPV,1983,6.08
CPV,1984,5.98
CPV,1985,5.88
CPV,1986,5.78
CPV,1987,5.68
CPV,1988,5.57
CPV,1989,5.44
CPV,1990,5.31
CPV,1991,5.16
CPV,1992,5.02
CPV,1993,4.86
CPV,1994,4.71
CPV,1995,4.55
CPV,1996,4.39
CPV,1997,4.22
CPV,1998,4.05
CPV,1999,3.88
CPV,2000,3.7
CPV,2001,3.53
CPV,2002,3.36
CPV,2003,3.19
CPV,2004,3.04
CPV,2005,2.9
CPV,2006,2.77
CPV,2007,2.66
CPV,2008,2.57
CPV,2009,2.49
CPV,2010,2.43
CPV,2011,2.38
CPV,2012,2.33
CPV,2013,2.29
CPV,2014,2.26
CPV,2015,2.22
CAF,1800,6.51
CAF,1801,6.51
CAF,1802,6.51
CAF,1803,6.51
CAF,1804,6.51
CAF,1805,6.51
CAF,1806,6.51
CAF,1807,6.51
CAF,1808,6.51
CAF,1809,6.51
CAF,1810,6.51
CAF,1811,6.51
CAF,1812,6.51
CAF,1813,6.51
CAF,1814,6.51
CAF,1815,6.51
CAF,1816,6.51
CAF,1817,6.51
CAF,1818,6.51
CAF,1819,6.51
CAF,1820,6.51
CAF,1821,6.51
CAF,1822,6.51
CAF,1823,6.51
CAF,1824,6.51
CAF,1825,6.51
CAF,1826,6.51
CAF,1827,6.51
CAF,1828,6.51
CAF,1829,6.51
CAF,1830,6.51
CAF,1831,6.51
CAF,1832,6.51
CAF,1833,6.51
CAF,1834,6.51
CAF,1835,6.51
CAF,1836,6.51
CAF,1837,6.51
CAF,1838,6.51
CAF,1839,6.51
CAF,1840,6.51
CAF,1841,6.51
CAF,1842,6.51
CAF,1843,6.51
CAF,1844,6.51
CAF,1845,6.51
CAF,1846,6.51
CAF,1847,6.51
CAF,1848,6.51
CAF,1849,6.51
CAF,1850,6.51
CAF,1851,6.51
CAF,1852,6.51
CAF,1853,6.51
CAF,1854,6.51
CAF,1855,6.51
CAF,1856,6.51
CAF,1857,6.51
CAF,1858,6.51
CAF,1859,6.51
CAF,1860,6.51
CAF,1861,6.51
CAF,1862,6.51
CAF,1863,6.51
CAF,1864,6.51
CAF,1865,6.51
CAF,1866,6.51
CAF,1867,6.51
CAF,1868,6.51
CAF,1869,6.51
CAF,1870,6.51
CAF,1871,6.51
CAF,1872,6.51
CAF,1873,6.51
CAF,1874,6.51
CAF,1875,6.51
CAF,1876,6.51
CAF,1877,6.51
CAF,1878,6.51
CAF,1879,6.51
CAF,1880,6.51
CAF,1881,6.51
CAF,1882,6.51
CAF,1883,6.51
CAF,1884,6.51
CAF,1885,6.51
CAF,1886,6.51
CAF,1887,6.51
CAF,1888,6.51
CAF,1889,6.51
CAF,1890,6.51
CAF,1891,6.51
CAF,1892,6.51
CAF,1893,6.51
CAF,1894,6.51
CAF,1895,6.51
CAF,1896,6.51
CAF,1897,6.51
CAF,1898,6.51
CAF,1899,6.51
CAF,1900,6.51
CAF,1901,6.51
CAF,1902,6.51
CAF,1903,6.51
CAF,1904,6.51
CAF,1905,6.51
CAF,1906,6.51
CAF,1907,6.51
CAF,1908,6.51
CAF,1909,6.51
CAF,1910,6.51
CAF,1911,6.51
CAF,1912,6.51
CAF,1913,6.51
CAF,1914,6.51
CAF,1915,6.51
CAF,1916,6.51
CAF,1917,6.51
CAF,1918,6.51
CAF,1919,6.51
CAF,1920,6.51
CAF,1921,6.51
CAF,1922,6.51
CAF,1923,6.51
CAF,1924,6.51
CAF,1925,6.51
CAF,1926,6.46
CAF,1927,6.42
CAF,1928,6.38
CAF,1929,6.33
CAF,1930,6.29
CAF,1931,6.24
CAF,1932,6.2
CAF,1933,6.15
CAF,1934,6.11
CAF,1935,6.07
CAF,1936,6.02
CAF,1937,5.98
CAF,1938,5.93
CAF,1939,5.89
CAF,1940,5.85
CAF,1941,5.8
CAF,1942,5.76
CAF,1943,5.71
CAF,1944,5.67
CAF,1945,5.62
CAF,1946,5.58
CAF,1947,5.54
CAF,1948,5.49
CAF,1949,5.45
CAF,1950,5.4
CAF,1951,5.43
CAF,1952,5.49
CAF,1953,5.55
CAF,1954,5.6
CAF,1955,5.65
CAF,1956,5.69
CAF,1957,5.73
CAF,1958,5.77
CAF,1959,5.81
CAF,1960,5.84
CAF,1961,5.87
CAF,1962,5.89
CAF,1963,5.91
CAF,1964,5.93
CAF,1965,5.94
CAF,1966,5.95
CAF,1967,5.95
CAF,1968,5.95
CAF,1969,5.95
CAF,1970,5.95
CAF,1971,5.95
CAF,1972,5.95
CAF,1973,5.95
CAF,1974,5.95
CAF,1975,5.95
CAF,1976,5.95
CAF,1977,5.95
CAF,1978,5.95
CAF,1979,5.95
CAF,1980,5.95
CAF,1981,5.96
CAF,1982,5.96
CAF,1983,5.96
CAF,1984,5.95
CAF,1985,5.94
CAF,1986,5.93
CAF,1987,5.9
CAF,1988,5.87
CAF,1989,5.83
CAF,1990,5.78
CAF,1991,5.73
CAF,1992,5.69
CAF,1993,5.65
CAF,1994,5.62
CAF,1995,5.6
CAF,1996,5.57
CAF,1997,5.55
CAF,1998,5.52
CAF,1999,5.49
CAF,2000,5.45
CAF,2001,5.39
CAF,2002,5.33
CAF,2003,5.26
CAF,2004,5.18
CAF,2005,5.09
CAF,2006,5
CAF,2007,4.9
CAF,2008,4.81
CAF,2009,4.72
CAF,2010,4.63
CAF,2011,4.54
CAF,2012,4.45
CAF,2013,4.37
CAF,2014,4.28
CAF,2015,4.2
TCD,1800,6.06
TCD,1801,6.06
TCD,1802,6.06
TCD,1803,6.06
TCD,1804,6.06
TCD,1805,6.06
TCD,1806,6.06
TCD,1807,6.06
TCD,1808,6.06
TCD,1809,6.06
TCD,1810,6.06
TCD,1811,6.06
TCD,1812,6.06
TCD,1813,6.06
TCD,1814,6.06
TCD,1815,6.06
TCD,1816,6.06
TCD,1817,6.06
TCD,1818,6.06
TCD,1819,6.06
TCD,1820,6.06
TCD,1821,6.06
TCD,1822,6.06
TCD,1823,6.06
TCD,1824,6.06
TCD,1825,6.06
TCD,1826,6.06
TCD,1827,6.06
TCD,1828,6.06
TCD,1829,6.06
TCD,1830,6.06
TCD,1831,6.06
TCD,1832,6.06
TCD,1833,6.06
TCD,1834,6.06
TCD,1835,6.06
TCD,1836,6.06
TCD,1837,6.06
TCD,1838,6.06
TCD,1839,6.06
TCD,1840,6.06
TCD,1841,6.06
TCD,1842,6.06
TCD,1843,6.06
TCD,1844,6.06
TCD,1845,6.06
TCD,1846,6.06
TCD,1847,6.06
TCD,1848,6.06
TCD,1849,6.06
TCD,1850,6.06
TCD,1851,6.06
TCD,1852,6.06
TCD,1853,6.06
TCD,1854,6.06
TCD,1855,6.06
TCD,1856,6.06
TCD,1857,6.06
TCD,1858,6.06
TCD,1859,6.06
TCD,1860,6.06
TCD,1861,6.06
TCD,1862,6.06
TCD,1863,6.06
TCD,1864,6.06
TCD,1865,6.06
TCD,1866,6.06
TCD,1867,6.06
TCD,1868,6.06
TCD,1869,6.06
TCD,1870,6.06
TCD,1871,6.06
TCD,1872,6.06
TCD,1873,6.06
TCD,1874,6.06
TCD,1875,6.06
TCD,1876,6.06
TCD,1877,6.06
TCD,1878,6.06
TCD,1879,6.06
TCD,1880,6.06
TCD,1881,6.06
TCD,1882,6.06
TCD,1883,6.06
TCD,1884,6.06
TCD,1885,6.06
TCD,1886,6.06
TCD,1887,6.06
TCD,1888,6.06
TCD,1889,6.06
TCD,1890,6.06
TCD,1891,6.06
TCD,1892,6.06
TCD,1893,6.06
TCD,1894,6.06
TCD,1895,6.06
TCD,1896,6.06
TCD,1897,6.06
TCD,1898,6.06
TCD,1899,6.06
TCD,1900,6.06
TCD,1901,6.06
TCD,1902,6.06
TCD,1903,6.06
TCD,1904,6.06
TCD,1905,6.06
TCD,1906,6.06
TCD,1907,6.06
TCD,1908,6.06
TCD,1909,6.06
TCD,1910,6.06
TCD,1911,6.06
TCD,1912,6.06
TCD,1913,6.06
TCD,1914,6.06
TCD,1915,6.06
TCD,1916,6.06
TCD,1917,6.06
TCD,1918,6.06
TCD,1919,6.06
TCD,1920,6.06
TCD,1921,6.06
TCD,1922,6.06
TCD,1923,6.06
TCD,1924,6.06
TCD,1925,6.06
TCD,1926,6.06
TCD,1927,6.06
TCD,1928,6.06
TCD,1929,6.06
TCD,1930,6.06
TCD,1931,6.06
TCD,1932,6.06
TCD,1933,6.06
TCD,1934,6.06
TCD,1935,6.06
TCD,1936,6.06
TCD,1937,6.06
TCD,1938,6.06
TCD,1939,6.06
TCD,1940,6.06
TCD,1941,6.06
TCD,1942,6.06
TCD,1943,6.06
TCD,1944,6.06
TCD,1945,6.06
TCD,1946,6.06
TCD,1947,6.06
TCD,1948,6.06
TCD,1949,6.06
TCD,1950,6.06
TCD,1951,6.07
TCD,1952,6.09
TCD,1953,6.11
TCD,1954,6.13
TCD,1955,6.15
TCD,1956,6.17
TCD,1957,6.19
TCD,1958,6.21
TCD,1959,6.23
TCD,1960,6.25
TCD,1961,6.27
TCD,1962,6.29
TCD,1963,6.3
TCD,1964,6.32
TCD,1965,6.34
TCD,1966,6.36
TCD,1967,6.39
TCD,1968,6.43
TCD,1969,6.48
TCD,1970,6.53
TCD,1971,6.58
TCD,1972,6.64
TCD,1973,6.69
TCD,1974,6.74
TCD,1975,6.78
TCD,1976,6.82
TCD,1977,6.86
TCD,1978,6.89
TCD,1979,6.93
TCD,1980,6.96
TCD,1981,6.99
TCD,1982,7.02
TCD,1983,7.06
TCD,1984,7.09
TCD,1985,7.12
TCD,1986,7.16
TCD,1987,7.2
TCD,1988,7.24
TCD,1989,7.28
TCD,1990,7.31
TCD,1991,7.35
TCD,1992,7.38
TCD,1993,7.4
TCD,1994,7.42
TCD,1995,7.43
TCD,1996,7.43
TCD,1997,7.42
TCD,1998,7.41
TCD,1999,7.38
TCD,2000,7.35
TCD,2001,7.32
TCD,2002,7.27
TCD,2003,7.21
TCD,2004,7.15
TCD,2005,7.07
TCD,2006,6.99
TCD,2007,6.9
TCD,2008,6.81
TCD,2009,6.7
TCD,2010,6.6
TCD,2011,6.49
TCD,2012,6.38
TCD,2013,6.26
TCD,2014,6.15
TCD,2015,6.04
CHANISL,1800,5.07
CHANISL,1801,5.07
CHANISL,1802,5.07
CHANISL,1803,5.07
CHANISL,1804,5.07
CHANISL,1805,5.07
CHANISL,1806,5.07
CHANISL,1807,5.07
CHANISL,1808,5.07
CHANISL,1809,5.07
CHANISL,1810,5.07
CHANISL,1811,5.07
CHANISL,1812,5.07
CHANISL,1813,5.07
CHANISL,1814,5.07
CHANISL,1815,5.07
CHANISL,1816,5.07
CHANISL,1817,5.07
CHANISL,1818,5.07
CHANISL,1819,5.07
CHANISL,1820,5.07
CHANISL,1821,5.07
CHANISL,1822,5.07
CHANISL,1823,5.07
CHANISL,1824,5.07
CHANISL,1825,5.07
CHANISL,1826,5.07
CHANISL,1827,5.07
CHANISL,1828,5.07
CHANISL,1829,5.07
CHANISL,1830,5.07
CHANISL,1831,5.07
CHANISL,1832,5.07
CHANISL,1833,5.07
CHANISL,1834,5.07
CHANISL,1835,5.07
CHANISL,1836,5.07
CHANISL,1837,5.07
CHANISL,1838,5.07
CHANISL,1839,5.07
CHANISL,1840,5.07
CHANISL,1841,5.07
CHANISL,1842,5.07
CHANISL,1843,5.07
CHANISL,1844,5.07
CHANISL,1845,5.07
CHANISL,1846,5.07
CHANISL,1847,5.07
CHANISL,1848,5.07
CHANISL,1849,5.07
CHANISL,1850,5.07
CHANISL,1851,5.07
CHANISL,1852,5.07
CHANISL,1853,5.07
CHANISL,1854,5.07
CHANISL,1855,5.07
CHANISL,1856,5.07
CHANISL,1857,5.07
CHANISL,1858,5.07
CHANISL,1859,5.07
CHANISL,1860,5.07
CHANISL,1861,5.07
CHANISL,1862,5.07
CHANISL,1863,5.07
CHANISL,1864,5.07
CHANISL,1865,5.07
CHANISL,1866,5.07
CHANISL,1867,5.07
CHANISL,1868,5.07
CHANISL,1869,5.07
CHANISL,1870,5.07
CHANISL,1871,5.02
CHANISL,1872,4.97
CHANISL,1873,4.92
CHANISL,1874,4.87
CHANISL,1875,4.82
CHANISL,1876,4.77
CHANISL,1877,4.73
CHANISL,1878,4.68
CHANISL,1879,4.63
CHANISL,1880,4.58
CHANISL,1881,4.53
CHANISL,1882,4.48
CHANISL,1883,4.43
CHANISL,1884,4.38
CHANISL,1885,4.33
CHANISL,1886,4.28
CHANISL,1887,4.23
CHANISL,1888,4.18
CHANISL,1889,4.13
CHANISL,1890,4.09
CHANISL,1891,4.04
CHANISL,1892,3.99
CHANISL,1893,3.94
CHANISL,1894,3.89
CHANISL,1895,3.84
CHANISL,1896,3.79
CHANISL,1897,3.74
CHANISL,1898,3.69
CHANISL,1899,3.64
CHANISL,1900,3.59
CHANISL,1901,3.54
CHANISL,1902,3.49
CHANISL,1903,3.44
CHANISL,1904,3.4
CHANISL,1905,3.35
CHANISL,1906,3.3
CHANISL,1907,3.25
CHANISL,1908,3.2
CHANISL,1909,3.15
CHANISL,1910,3.1
CHANISL,1911,3.07
CHANISL,1912,3.05
CHANISL,1913,3.02
CHANISL,1914,3
CHANISL,1915,2.97
CHANISL,1916,2.94
CHANISL,1917,2.92
CHANISL,1918,2.89
CHANISL,1919,2.86
CHANISL,1920,2.84
CHANISL,1921,2.81
CHANISL,1922,2.79
CHANISL,1923,2.76
CHANISL,1924,2.73
CHANISL,1925,2.71
CHANISL,1926,2.68
CHANISL,1927,2.66
CHANISL,1928,2.63
CHANISL,1929,2.6
CHANISL,1930,2.58
CHANISL,1931,2.55
CHANISL,1932,2.52
CHANISL,1933,2.5
CHANISL,1934,2.47
CHANISL,1935,2.45
CHANISL,1936,2.42
CHANISL,1937,2.39
CHANISL,1938,2.37
CHANISL,1939,2.34
CHANISL,1940,2.31
CHANISL,1941,2.29
CHANISL,1942,2.26
CHANISL,1943,2.24
CHANISL,1944,2.21
CHANISL,1945,2.18
CHANISL,1946,2.16
CHANISL,1947,2.13
CHANISL,1948,2.11
CHANISL,1949,2.08
CHANISL,1950,2.05
CHANISL,1951,2.05
CHANISL,1952,2.04
CHANISL,1953,2.05
CHANISL,1954,2.07
CHANISL,1955,2.11
CHANISL,1956,2.16
CHANISL,1957,2.22
CHANISL,1958,2.28
CHANISL,1959,2.35
CHANISL,1960,2.42
CHANISL,1961,2.48
CHANISL,1962,2.53
CHANISL,1963,2.55
CHANISL,1964,2.55
CHANISL,1965,2.53
CHANISL,1966,2.48
CHANISL,1967,2.4
CHANISL,1968,2.32
CHANISL,1969,2.22
CHANISL,1970,2.12
CHANISL,1971,2.02
CHANISL,1972,1.92
CHANISL,1973,1.82
CHANISL,1974,1.74
CHANISL,1975,1.66
CHANISL,1976,1.6
CHANISL,1977,1.55
CHANISL,1978,1.51
CHANISL,1979,1.48
CHANISL,1980,1.45
CHANISL,1981,1.44
CHANISL,1982,1.43
CHANISL,1983,1.43
CHANISL,1984,1.43
CHANISL,1985,1.44
CHANISL,1986,1.44
CHANISL,1987,1.45
CHANISL,1988,1.45
CHANISL,1989,1.46
CHANISL,1990,1.46
CHANISL,1991,1.46
CHANISL,1992,1.46
CHANISL,1993,1.45
CHANISL,1994,1.44
CHANISL,1995,1.43
CHANISL,1996,1.42
CHANISL,1997,1.41
CHANISL,1998,1.41
CHANISL,1999,1.4
CHANISL,2000,1.4
CHANISL,2001,1.4
CHANISL,2002,1.41
CHANISL,2003,1.41
CHANISL,2004,1.41
CHANISL,2005,1.42
CHANISL,2006,1.42
CHANISL,2007,1.42
CHANISL,2008,1.42
CHANISL,2009,1.43
CHANISL,2010,1.44
CHANISL,2011,1.44
CHANISL,2012,1.45
CHANISL,2013,1.46
CHANISL,2014,1.47
CHANISL,2015,1.47
CHL,1800,5.98
CHL,1801,5.98
CHL,1802,5.98
CHL,1803,5.98
CHL,1804,5.98
CHL,1805,5.98
CHL,1806,5.98
CHL,1807,5.98
CHL,1808,5.98
CHL,1809,5.98
CHL,1810,5.98
CHL,1811,5.98
CHL,1812,5.98
CHL,1813,5.98
CHL,1814,5.98
CHL,1815,5.98
CHL,1816,5.98
CHL,1817,5.98
CHL,1818,5.98
CHL,1819,5.98
CHL,1820,5.98
CHL,1821,5.98
CHL,1822,5.98
CHL,1823,5.98
CHL,1824,5.98
CHL,1825,5.98
CHL,1826,5.98
CHL,1827,5.98
CHL,1828,5.98
CHL,1829,5.98
CHL,1830,5.98
CHL,1831,5.98
CHL,1832,5.98
CHL,1833,5.98
CHL,1834,5.98
CHL,1835,5.98
CHL,1836,5.98
CHL,1837,5.98
CHL,1838,5.98
CHL,1839,5.98
CHL,1840,5.98
CHL,1841,6
CHL,1842,6.02
CHL,1843,6.05
CHL,1844,6.07
CHL,1845,6.09
CHL,1846,6.11
CHL,1847,6.13
CHL,1848,6.16
CHL,1849,6.18
CHL,1850,6.2
CHL,1851,6.22
CHL,1852,6.24
CHL,1853,5.99
CHL,1854,5.8
CHL,1855,5.99
CHL,1856,6.1
CHL,1857,6
CHL,1858,5.57
CHL,1859,5.57
CHL,1860,6.38
CHL,1861,5.31
CHL,1862,5.47
CHL,1863,5.47
CHL,1864,5.67
CHL,1865,4.82
CHL,1866,5.15
CHL,1867,5.29
CHL,1868,5.53
CHL,1869,5.64
CHL,1870,5.67
CHL,1871,5.56
CHL,1872,5.91
CHL,1873,6.02
CHL,1874,5.99
CHL,1875,5.71
CHL,1876,5.44
CHL,1877,5.21
CHL,1878,4.89
CHL,1879,5.44
CHL,1880,5.12
CHL,1881,6.19
CHL,1882,5.61
CHL,1883,5.72
CHL,1884,5.4
CHL,1885,3.46
CHL,1886,4.29
CHL,1887,4.42
CHL,1888,4.74
CHL,1889,5.19
CHL,1890,5.04
CHL,1891,4.6
CHL,1892,5.13
CHL,1893,5.05
CHL,1894,5.29
CHL,1895,4.85
CHL,1896,4.64
CHL,1897,4.66
CHL,1898,4.44
CHL,1899,4.49
CHL,1900,5.11
CHL,1901,5.72
CHL,1902,6.34
CHL,1903,6.3
CHL,1904,6.25
CHL,1905,6.21
CHL,1906,6.17
CHL,1907,6.12
CHL,1908,6.13
CHL,1909,6.14
CHL,1910,6.15
CHL,1911,6.16
CHL,1912,6.16
CHL,1913,6.08
CHL,1914,6
CHL,1915,5.92
CHL,1916,5.84
CHL,1917,5.76
CHL,1918,5.75
CHL,1919,5.73
CHL,1920,5.71
CHL,1921,5.7
CHL,1922,5.68
CHL,1923,5.67
CHL,1924,5.65
CHL,1925,5.64
CHL,1926,5.63
CHL,1927,5.61
CHL,1928,5.58
CHL,1929,5.54
CHL,1930,5.5
CHL,1931,5.46
CHL,1932,5.43
CHL,1933,5.32
CHL,1934,5.22
CHL,1935,5.11
CHL,1936,5.01
CHL,1937,4.9
CHL,1938,4.9
CHL,1939,4.89
CHL,1940,4.89
CHL,1941,4.88
CHL,1942,4.88
CHL,1943,4.86
CHL,1944,4.84
CHL,1945,4.82
CHL,1946,4.8
CHL,1947,4.78
CHL,1948,4.73
CHL,1949,4.67
CHL,1950,4.62
CHL,1951,4.71
CHL,1952,4.88
CHL,1953,5.04
CHL,1954,5.18
CHL,1955,5.3
CHL,1956,5.41
CHL,1957,5.49
CHL,1958,5.55
CHL,1959,5.58
CHL,1960,5.58
CHL,1961,5.54
CHL,1962,5.46
CHL,1963,5.34
CHL,1964,5.19
CHL,1965,5
CHL,1966,4.8
CHL,1967,4.59
CHL,1968,4.39
CHL,1969,4.2
CHL,1970,4.02
CHL,1971,3.85
CHL,1972,3.68
CHL,1973,3.5
CHL,1974,3.33
CHL,1975,3.16
CHL,1976,3.01
CHL,1977,2.89
CHL,1978,2.79
CHL,1979,2.72
CHL,1980,2.68
CHL,1981,2.66
CHL,1982,2.65
CHL,1983,2.65
CHL,1984,2.66
CHL,1985,2.66
CHL,1986,2.66
CHL,1987,2.65
CHL,1988,2.65
CHL,1989,2.64
CHL,1990,2.62
CHL,1991,2.6
CHL,1992,2.56
CHL,1993,2.51
CHL,1994,2.45
CHL,1995,2.39
CHL,1996,2.32
CHL,1997,2.25
CHL,1998,2.19
CHL,1999,2.14
CHL,2000,2.09
CHL,2001,2.05
CHL,2002,2.01
CHL,2003,1.99
CHL,2004,1.96
CHL,2005,1.94
CHL,2006,1.92
CHL,2007,1.9
CHL,2008,1.89
CHL,2009,1.87
CHL,2010,1.86
CHL,2011,1.84
CHL,2012,1.83
CHL,2013,1.82
CHL,2014,1.81
CHL,2015,1.8
CHN,1800,5.5
CHN,1801,5.5
CHN,1802,5.5
CHN,1803,5.5
CHN,1804,5.5
CHN,1805,5.5
CHN,1806,5.5
CHN,1807,5.5
CHN,1808,5.5
CHN,1809,5.5
CHN,1810,5.5
CHN,1811,5.5
CHN,1812,5.5
CHN,1813,5.5
CHN,1814,5.5
CHN,1815,5.5
CHN,1816,5.5
CHN,1817,5.5
CHN,1818,5.5
CHN,1819,5.5
CHN,1820,5.5
CHN,1821,5.5
CHN,1822,5.5
CHN,1823,5.5
CHN,1824,5.5
CHN,1825,5.5
CHN,1826,5.5
CHN,1827,5.5
CHN,1828,5.5
CHN,1829,5.5
CHN,1830,5.5
CHN,1831,5.5
CHN,1832,5.5
CHN,1833,5.5
CHN,1834,5.5
CHN,1835,5.5
CHN,1836,5.5
CHN,1837,5.5
CHN,1838,5.5
CHN,1839,5.5
CHN,1840,5.5
CHN,1841,5.5
CHN,1842,5.5
CHN,1843,5.5
CHN,1844,5.5
CHN,1845,5.5
CHN,1846,5.5
CHN,1847,5.5
CHN,1848,5.5
CHN,1849,5.5
CHN,1850,5.5
CHN,1851,5.5
CHN,1852,5.5
CHN,1853,5.5
CHN,1854,5.5
CHN,1855,5.5
CHN,1856,5.5
CHN,1857,5.5
CHN,1858,5.5
CHN,1859,5.5
CHN,1860,5.5
CHN,1861,5.5
CHN,1862,5.5
CHN,1863,5.5
CHN,1864,5.5
CHN,1865,5.5
CHN,1866,5.5
CHN,1867,5.5
CHN,1868,5.5
CHN,1869,5.5
CHN,1870,5.5
CHN,1871,5.5
CHN,1872,5.5
CHN,1873,5.5
CHN,1874,5.5
CHN,1875,5.5
CHN,1876,5.5
CHN,1877,5.5
CHN,1878,5.5
CHN,1879,5.5
CHN,1880,5.5
CHN,1881,5.5
CHN,1882,5.5
CHN,1883,5.5
CHN,1884,5.5
CHN,1885,5.5
CHN,1886,5.5
CHN,1887,5.5
CHN,1888,5.5
CHN,1889,5.5
CHN,1890,5.5
CHN,1891,5.5
CHN,1892,5.5
CHN,1893,5.5
CHN,1894,5.5
CHN,1895,5.5
CHN,1896,5.5
CHN,1897,5.5
CHN,1898,5.5
CHN,1899,5.5
CHN,1900,5.5
CHN,1901,5.5
CHN,1902,5.5
CHN,1903,5.5
CHN,1904,5.5
CHN,1905,5.5
CHN,1906,5.5
CHN,1907,5.5
CHN,1908,5.5
CHN,1909,5.5
CHN,1910,5.5
CHN,1911,5.5
CHN,1912,5.5
CHN,1913,5.5
CHN,1914,5.5
CHN,1915,5.5
CHN,1916,5.5
CHN,1917,5.5
CHN,1918,5.5
CHN,1919,5.5
CHN,1920,5.5
CHN,1921,5.5
CHN,1922,5.5
CHN,1923,5.5
CHN,1924,5.5
CHN,1925,5.5
CHN,1926,5.5
CHN,1927,5.5
CHN,1928,5.5
CHN,1929,5.5
CHN,1930,5.5
CHN,1931,5.48
CHN,1932,5.45
CHN,1933,5.43
CHN,1934,5.4
CHN,1935,5.38
CHN,1936,5.35
CHN,1937,5.33
CHN,1938,5.3
CHN,1939,5.28
CHN,1940,5.25
CHN,1941,5.15
CHN,1942,5.06
CHN,1943,4.96
CHN,1944,4.86
CHN,1945,4.77
CHN,1946,5
CHN,1947,5.2
CHN,1948,4.91
CHN,1949,5.54
CHN,1950,5.29
CHN,1951,5.26
CHN,1952,5.97
CHN,1953,5.67
CHN,1954,5.96
CHN,1955,5.98
CHN,1956,5.61
CHN,1957,6.21
CHN,1958,5.5
CHN,1959,4.27
CHN,1960,3.99
CHN,1961,3.28
CHN,1962,5.97
CHN,1963,7.41
CHN,1964,6.12
CHN,1965,6.02
CHN,1966,6.21
CHN,1967,5.25
CHN,1968,6.37
CHN,1969,5.67
CHN,1970,5.75
CHN,1971,5.4
CHN,1972,4.92
CHN,1973,4.51
CHN,1974,4.15
CHN,1975,3.58
CHN,1976,3.25
CHN,1977,2.87
CHN,1978,2.74
CHN,1979,2.8
CHN,1980,2.32
CHN,1981,2.71
CHN,1982,2.62
CHN,1983,2.56
CHN,1984,2.6
CHN,1985,2.65
CHN,1986,2.68
CHN,1987,2.68
CHN,1988,2.63
CHN,1989,2.55
CHN,1990,2.43
CHN,1991,2.28
CHN,1992,2.11
CHN,1993,1.95
CHN,1994,1.81
CHN,1995,1.68
CHN,1996,1.59
CHN,1997,1.52
CHN,1998,1.48
CHN,1999,1.45
CHN,2000,1.45
CHN,2001,1.46
CHN,2002,1.47
CHN,2003,1.49
CHN,2004,1.5
CHN,2005,1.51
CHN,2006,1.52
CHN,2007,1.53
CHN,2008,1.53
CHN,2009,1.54
CHN,2010,1.54
CHN,2011,1.54
CHN,2012,1.55
CHN,2013,1.56
CHN,2014,1.56
CHN,2015,1.57
COL,1800,6.19
COL,1801,6.19
COL,1802,6.19
COL,1803,6.19
COL,1804,6.19
COL,1805,6.19
COL,1806,6.19
COL,1807,6.19
COL,1808,6.19
COL,1809,6.19
COL,1810,6.19
COL,1811,6.19
COL,1812,6.19
COL,1813,6.19
COL,1814,6.19
COL,1815,6.19
COL,1816,6.19
COL,1817,6.19
COL,1818,6.19
COL,1819,6.19
COL,1820,6.19
COL,1821,6.19
COL,1822,6.19
COL,1823,6.19
COL,1824,6.19
COL,1825,6.19
COL,1826,6.19
COL,1827,6.19
COL,1828,6.19
COL,1829,6.19
COL,1830,6.19
COL,1831,6.19
COL,1832,6.19
COL,1833,6.19
COL,1834,6.19
COL,1835,6.19
COL,1836,6.19
COL,1837,6.19
COL,1838,6.19
COL,1839,6.19
COL,1840,6.19
COL,1841,6.19
COL,1842,6.19
COL,1843,6.19
COL,1844,6.19
COL,1845,6.19
COL,1846,6.19
COL,1847,6.19
COL,1848,6.19
COL,1849,6.19
COL,1850,6.19
COL,1851,6.19
COL,1852,6.19
COL,1853,6.19
COL,1854,6.19
COL,1855,6.19
COL,1856,6.19
COL,1857,6.19
COL,1858,6.19
COL,1859,6.19
COL,1860,6.19
COL,1861,6.19
COL,1862,6.19
COL,1863,6.19
COL,1864,6.19
COL,1865,6.19
COL,1866,6.19
COL,1867,6.19
COL,1868,6.19
COL,1869,6.19
COL,1870,6.19
COL,1871,6.19
COL,1872,6.19
COL,1873,6.19
COL,1874,6.19
COL,1875,6.19
COL,1876,6.19
COL,1877,6.19
COL,1878,6.19
COL,1879,6.19
COL,1880,6.19
COL,1881,6.19
COL,1882,6.19
COL,1883,6.19
COL,1884,6.19
COL,1885,6.19
COL,1886,6.19
COL,1887,6.19
COL,1888,6.19
COL,1889,6.19
COL,1890,6.19
COL,1891,6.19
COL,1892,6.19
COL,1893,6.19
COL,1894,6.19
COL,1895,6.19
COL,1896,6.19
COL,1897,6.19
COL,1898,6.19
COL,1899,6.19
COL,1900,6.19
COL,1901,6.21
COL,1902,6.23
COL,1903,6.25
COL,1904,6.27
COL,1905,6.29
COL,1906,6.32
COL,1907,6.34
COL,1908,6.34
COL,1909,6.34
COL,1910,6.34
COL,1911,6.35
COL,1912,6.35
COL,1913,6.35
COL,1914,6.35
COL,1915,6.35
COL,1916,6.35
COL,1917,6.35
COL,1918,6.36
COL,1919,6.38
COL,1920,6.39
COL,1921,6.41
COL,1922,6.42
COL,1923,6.43
COL,1924,6.44
COL,1925,6.45
COL,1926,6.46
COL,1927,6.47
COL,1928,6.42
COL,1929,6.37
COL,1930,6.33
COL,1931,6.28
COL,1932,6.24
COL,1933,6.22
COL,1934,6.19
COL,1935,6.17
COL,1936,6.15
COL,1937,6.13
COL,1938,6.13
COL,1939,6.12
COL,1940,6.12
COL,1941,6.11
COL,1942,6.11
COL,1943,6.13
COL,1944,6.16
COL,1945,6.19
COL,1946,6.22
COL,1947,6.25
COL,1948,6.42
COL,1949,6.6
COL,1950,6.78
COL,1951,6.77
COL,1952,6.76
COL,1953,6.75
COL,1954,6.75
COL,1955,6.76
COL,1956,6.77
COL,1957,6.78
COL,1958,6.79
COL,1959,6.8
COL,1960,6.81
COL,1961,6.8
COL,1962,6.78
COL,1963,6.73
COL,1964,6.66
COL,1965,6.56
COL,1966,6.42
COL,1967,6.25
COL,1968,6.05
COL,1969,5.83
COL,1970,5.6
COL,1971,5.37
COL,1972,5.15
COL,1973,4.96
COL,1974,4.78
COL,1975,4.63
COL,1976,4.5
COL,1977,4.37
COL,1978,4.25
COL,1979,4.12
COL,1980,3.99
COL,1981,3.87
COL,1982,3.74
COL,1983,3.63
COL,1984,3.53
COL,1985,3.43
COL,1986,3.35
COL,1987,3.28
COL,1988,3.21
COL,1989,3.16
COL,1990,3.1
COL,1991,3.06
COL,1992,3.01
COL,1993,2.97
COL,1994,2.92
COL,1995,2.87
COL,1996,2.82
COL,1997,2.78
COL,1998,2.73
COL,1999,2.68
COL,2000,2.64
COL,2001,2.6
COL,2002,2.57
COL,2003,2.54
COL,2004,2.52
COL,2005,2.5
COL,2006,2.48
COL,2007,2.45
COL,2008,2.43
COL,2009,2.41
COL,2010,2.38
COL,2011,2.35
COL,2012,2.32
COL,2013,2.29
COL,2014,2.26
COL,2015,2.23
COM,1800,6.01
COM,1801,6.01
COM,1802,6.01
COM,1803,6.01
COM,1804,6.01
COM,1805,6.01
COM,1806,6.01
COM,1807,6.01
COM,1808,6.01
COM,1809,6.01
COM,1810,6.01
COM,1811,6.01
COM,1812,6.01
COM,1813,6.01
COM,1814,6.01
COM,1815,6.01
COM,1816,6.01
COM,1817,6.01
COM,1818,6.01
COM,1819,6.01
COM,1820,6.01
COM,1821,6.01
COM,1822,6.01
COM,1823,6.01
COM,1824,6.01
COM,1825,6.01
COM,1826,6.01
COM,1827,6.01
COM,1828,6.01
COM,1829,6.01
COM,1830,6.01
COM,1831,6.01
COM,1832,6.01
COM,1833,6.01
COM,1834,6.01
COM,1835,6.01
COM,1836,6.01
COM,1837,6.01
COM,1838,6.01
COM,1839,6.01
COM,1840,6.01
COM,1841,6.01
COM,1842,6.01
COM,1843,6.01
COM,1844,6.01
COM,1845,6.01
COM,1846,6.01
COM,1847,6.01
COM,1848,6.01
COM,1849,6.01
COM,1850,6.01
COM,1851,6.01
COM,1852,6.01
COM,1853,6.01
COM,1854,6.01
COM,1855,6.01
COM,1856,6.01
COM,1857,6.01
COM,1858,6.01
COM,1859,6.01
COM,1860,6.01
COM,1861,6.01
COM,1862,6.01
COM,1863,6.01
COM,1864,6.01
COM,1865,6.01
COM,1866,6.01
COM,1867,6.01
COM,1868,6.01
COM,1869,6.01
COM,1870,6.01
COM,1871,6.01
COM,1872,6.01
COM,1873,6.01
COM,1874,6.01
COM,1875,6.01
COM,1876,6.01
COM,1877,6.01
COM,1878,6.01
COM,1879,6.01
COM,1880,6.01
COM,1881,6.01
COM,1882,6.01
COM,1883,6.01
COM,1884,6.01
COM,1885,6.01
COM,1886,6.01
COM,1887,6.01
COM,1888,6.01
COM,1889,6.01
COM,1890,6.01
COM,1891,6.01
COM,1892,6.01
COM,1893,6.01
COM,1894,6.01
COM,1895,6.01
COM,1896,6.01
COM,1897,6.01
COM,1898,6.01
COM,1899,6.01
COM,1900,6.01
COM,1901,6.01
COM,1902,6.01
COM,1903,6.01
COM,1904,6.01
COM,1905,6.01
COM,1906,6.01
COM,1907,6.01
COM,1908,6.01
COM,1909,6.01
COM,1910,6.01
COM,1911,6.01
COM,1912,6.01
COM,1913,6.01
COM,1914,6.01
COM,1915,6.01
COM,1916,6.01
COM,1917,6.01
COM,1918,6.01
COM,1919,6.01
COM,1920,6.01
COM,1921,6.01
COM,1922,6.01
COM,1923,6.01
COM,1924,6.01
COM,1925,6.01
COM,1926,6
COM,1927,5.98
COM,1928,5.97
COM,1929,5.96
COM,1930,5.95
COM,1931,5.93
COM,1932,5.92
COM,1933,5.91
COM,1934,5.89
COM,1935,5.88
COM,1936,5.87
COM,1937,5.85
COM,1938,5.84
COM,1939,5.83
COM,1940,5.82
COM,1941,5.8
COM,1942,5.79
COM,1943,5.78
COM,1944,5.76
COM,1945,5.75
COM,1946,5.74
COM,1947,5.72
COM,1948,5.71
COM,1949,5.7
COM,1950,5.69
COM,1951,5.77
COM,1952,5.93
COM,1953,6.09
COM,1954,6.22
COM,1955,6.35
COM,1956,6.46
COM,1957,6.56
COM,1958,6.65
COM,1959,6.73
COM,1960,6.79
COM,1961,6.85
COM,1962,6.9
COM,1963,6.94
COM,1964,6.98
COM,1965,7
COM,1966,7.03
COM,1967,7.04
COM,1968,7.06
COM,1969,7.06
COM,1970,7.06
COM,1971,7.06
COM,1972,7.06
COM,1973,7.06
COM,1974,7.05
COM,1975,7.05
COM,1976,7.07
COM,1977,7.08
COM,1978,7.11
COM,1979,7.13
COM,1980,7.13
COM,1981,7.1
COM,1982,7.03
COM,1983,6.92
COM,1984,6.77
COM,1985,6.58
COM,1986,6.36
COM,1987,6.14
COM,1988,5.93
COM,1989,5.74
COM,1990,5.57
COM,1991,5.45
COM,1992,5.36
COM,1993,5.29
COM,1994,5.26
COM,1995,5.25
COM,1996,5.25
COM,1997,5.27
COM,1998,5.29
COM,1999,5.31
COM,2000,5.32
COM,2001,5.31
COM,2002,5.3
COM,2003,5.28
COM,2004,5.25
COM,2005,5.22
COM,2006,5.17
COM,2007,5.11
COM,2008,5.05
COM,2009,4.99
COM,2010,4.92
COM,2011,4.85
COM,2012,4.78
COM,2013,4.71
COM,2014,4.65
COM,2015,4.58
COD,1800,5.99
COD,1801,5.99
COD,1802,5.99
COD,1803,5.99
COD,1804,5.99
COD,1805,5.99
COD,1806,5.99
COD,1807,5.99
COD,1808,5.99
COD,1809,5.99
COD,1810,5.99
COD,1811,5.99
COD,1812,5.99
COD,1813,5.99
COD,1814,5.99
COD,1815,5.99
COD,1816,5.99
COD,1817,5.99
COD,1818,5.99
COD,1819,5.99
COD,1820,5.99
COD,1821,5.99
COD,1822,5.99
COD,1823,5.99
COD,1824,5.99
COD,1825,5.99
COD,1826,5.99
COD,1827,5.99
COD,1828,5.99
COD,1829,5.99
COD,1830,5.99
COD,1831,5.99
COD,1832,5.99
COD,1833,5.99
COD,1834,5.99
COD,1835,5.99
COD,1836,5.99
COD,1837,5.99
COD,1838,5.99
COD,1839,5.99
COD,1840,5.99
COD,1841,5.99
COD,1842,5.99
COD,1843,5.99
COD,1844,5.99
COD,1845,5.99
COD,1846,5.99
COD,1847,5.99
COD,1848,5.99
COD,1849,5.99
COD,1850,5.99
COD,1851,5.99
COD,1852,5.99
COD,1853,5.99
COD,1854,5.99
COD,1855,5.99
COD,1856,5.99
COD,1857,5.99
COD,1858,5.99
COD,1859,5.99
COD,1860,5.99
COD,1861,5.99
COD,1862,5.99
COD,1863,5.99
COD,1864,5.99
COD,1865,5.99
COD,1866,5.99
COD,1867,5.99
COD,1868,5.99
COD,1869,5.99
COD,1870,5.99
COD,1871,5.99
COD,1872,5.99
COD,1873,5.99
COD,1874,5.99
COD,1875,5.99
COD,1876,5.99
COD,1877,5.99
COD,1878,5.99
COD,1879,5.99
COD,1880,5.99
COD,1881,5.99
COD,1882,5.99
COD,1883,5.99
COD,1884,5.99
COD,1885,5.99
COD,1886,5.99
COD,1887,5.99
COD,1888,5.99
COD,1889,5.99
COD,1890,5.99
COD,1891,5.99
COD,1892,5.99
COD,1893,5.99
COD,1894,5.99
COD,1895,5.99
COD,1896,5.99
COD,1897,5.99
COD,1898,5.99
COD,1899,5.99
COD,1900,5.99
COD,1901,5.99
COD,1902,5.99
COD,1903,5.99
COD,1904,5.99
COD,1905,5.99
COD,1906,5.99
COD,1907,5.99
COD,1908,5.99
COD,1909,5.99
COD,1910,5.99
COD,1911,5.99
COD,1912,5.99
COD,1913,5.99
COD,1914,5.99
COD,1915,5.99
COD,1916,5.99
COD,1917,5.99
COD,1918,5.99
COD,1919,5.99
COD,1920,5.99
COD,1921,5.99
COD,1922,5.99
COD,1923,5.99
COD,1924,5.99
COD,1925,5.99
COD,1926,5.99
COD,1927,5.99
COD,1928,5.99
COD,1929,5.99
COD,1930,5.99
COD,1931,5.99
COD,1932,5.99
COD,1933,5.99
COD,1934,5.99
COD,1935,5.99
COD,1936,5.99
COD,1937,5.99
COD,1938,5.99
COD,1939,5.99
COD,1940,5.99
COD,1941,5.99
COD,1942,5.99
COD,1943,5.99
COD,1944,5.99
COD,1945,5.99
COD,1946,5.99
COD,1947,5.99
COD,1948,5.99
COD,1949,5.99
COD,1950,5.99
COD,1951,5.99
COD,1952,5.98
COD,1953,5.98
COD,1954,5.97
COD,1955,5.97
COD,1956,5.97
COD,1957,5.98
COD,1958,5.98
COD,1959,5.99
COD,1960,6
COD,1961,6.02
COD,1962,6.03
COD,1963,6.05
COD,1964,6.07
COD,1965,6.09
COD,1966,6.11
COD,1967,6.14
COD,1968,6.16
COD,1969,6.19
COD,1970,6.21
COD,1971,6.24
COD,1972,6.27
COD,1973,6.3
COD,1974,6.33
COD,1975,6.37
COD,1976,6.4
COD,1977,6.44
COD,1978,6.49
COD,1979,6.54
COD,1980,6.59
COD,1981,6.64
COD,1982,6.69
COD,1983,6.74
COD,1984,6.79
COD,1985,6.85
COD,1986,6.9
COD,1987,6.96
COD,1988,7.02
COD,1989,7.08
COD,1990,7.13
COD,1991,7.18
COD,1992,7.22
COD,1993,7.25
COD,1994,7.27
COD,1995,7.27
COD,1996,7.25
COD,1997,7.23
COD,1998,7.19
COD,1999,7.14
COD,2000,7.09
COD,2001,7.03
COD,2002,6.96
COD,2003,6.89
COD,2004,6.81
COD,2005,6.73
COD,2006,6.64
COD,2007,6.55
COD,2008,6.45
COD,2009,6.35
COD,2010,6.25
COD,2011,6.15
COD,2012,6.04
COD,2013,5.93
COD,2014,5.83
COD,2015,5.72
COG,1800,5.67
COG,1801,5.67
COG,1802,5.67
COG,1803,5.67
COG,1804,5.67
COG,1805,5.67
COG,1806,5.67
COG,1807,5.67
COG,1808,5.67
COG,1809,5.67
COG,1810,5.67
COG,1811,5.67
COG,1812,5.67
COG,1813,5.67
COG,1814,5.67
COG,1815,5.67
COG,1816,5.67
COG,1817,5.67
COG,1818,5.67
COG,1819,5.67
COG,1820,5.67
COG,1821,5.67
COG,1822,5.67
COG,1823,5.67
COG,1824,5.67
COG,1825,5.67
COG,1826,5.67
COG,1827,5.67
COG,1828,5.67
COG,1829,5.67
COG,1830,5.67
COG,1831,5.67
COG,1832,5.67
COG,1833,5.67
COG,1834,5.67
COG,1835,5.67
COG,1836,5.67
COG,1837,5.67
COG,1838,5.67
COG,1839,5.67
COG,1840,5.67
COG,1841,5.67
COG,1842,5.67
COG,1843,5.67
COG,1844,5.67
COG,1845,5.67
COG,1846,5.67
COG,1847,5.67
COG,1848,5.67
COG,1849,5.67
COG,1850,5.67
COG,1851,5.67
COG,1852,5.67
COG,1853,5.67
COG,1854,5.67
COG,1855,5.67
COG,1856,5.67
COG,1857,5.67
COG,1858,5.67
COG,1859,5.67
COG,1860,5.67
COG,1861,5.67
COG,1862,5.67
COG,1863,5.67
COG,1864,5.67
COG,1865,5.67
COG,1866,5.67
COG,1867,5.67
COG,1868,5.67
COG,1869,5.67
COG,1870,5.67
COG,1871,5.67
COG,1872,5.67
COG,1873,5.67
COG,1874,5.67
COG,1875,5.67
COG,1876,5.67
COG,1877,5.67
COG,1878,5.67
COG,1879,5.67
COG,1880,5.67
COG,1881,5.67
COG,1882,5.67
COG,1883,5.67
COG,1884,5.67
COG,1885,5.67
COG,1886,5.67
COG,1887,5.67
COG,1888,5.67
COG,1889,5.67
COG,1890,5.67
COG,1891,5.67
COG,1892,5.67
COG,1893,5.67
COG,1894,5.67
COG,1895,5.67
COG,1896,5.67
COG,1897,5.67
COG,1898,5.67
COG,1899,5.67
COG,1900,5.67
COG,1901,5.67
COG,1902,5.67
COG,1903,5.67
COG,1904,5.67
COG,1905,5.67
COG,1906,5.67
COG,1907,5.67
COG,1908,5.67
COG,1909,5.67
COG,1910,5.67
COG,1911,5.67
COG,1912,5.67
COG,1913,5.67
COG,1914,5.67
COG,1915,5.67
COG,1916,5.67
COG,1917,5.67
COG,1918,5.67
COG,1919,5.67
COG,1920,5.67
COG,1921,5.67
COG,1922,5.67
COG,1923,5.67
COG,1924,5.67
COG,1925,5.67
COG,1926,5.67
COG,1927,5.67
COG,1928,5.67
COG,1929,5.67
COG,1930,5.67
COG,1931,5.67
COG,1932,5.67
COG,1933,5.67
COG,1934,5.67
COG,1935,5.67
COG,1936,5.67
COG,1937,5.67
COG,1938,5.67
COG,1939,5.67
COG,1940,5.67
COG,1941,5.67
COG,1942,5.67
COG,1943,5.67
COG,1944,5.67
COG,1945,5.67
COG,1946,5.67
COG,1947,5.67
COG,1948,5.67
COG,1949,5.67
COG,1950,5.67
COG,1951,5.67
COG,1952,5.68
COG,1953,5.69
COG,1954,5.7
COG,1955,5.72
COG,1956,5.74
COG,1957,5.77
COG,1958,5.8
COG,1959,5.84
COG,1960,5.88
COG,1961,5.92
COG,1962,5.97
COG,1963,6.01
COG,1964,6.06
COG,1965,6.1
COG,1966,6.14
COG,1967,6.17
COG,1968,6.21
COG,1969,6.24
COG,1970,6.26
COG,1971,6.28
COG,1972,6.3
COG,1973,6.31
COG,1974,6.32
COG,1975,6.33
COG,1976,6.32
COG,1977,6.3
COG,1978,6.27
COG,1979,6.23
COG,1980,6.18
COG,1981,6.11
COG,1982,6.04
COG,1983,5.95
COG,1984,5.86
COG,1985,5.77
COG,1986,5.68
COG,1987,5.59
COG,1988,5.5
COG,1989,5.42
COG,1990,5.35
COG,1991,5.29
COG,1992,5.24
COG,1993,5.2
COG,1994,5.17
COG,1995,5.15
COG,1996,5.15
COG,1997,5.14
COG,1998,5.14
COG,1999,5.14
COG,2000,5.13
COG,2001,5.13
COG,2002,5.13
COG,2003,5.13
COG,2004,5.12
COG,2005,5.12
COG,2006,5.11
COG,2007,5.11
COG,2008,5.1
COG,2009,5.09
COG,2010,5.07
COG,2011,5.05
COG,2012,5.01
COG,2013,4.97
COG,2014,4.92
COG,2015,4.86
CRI,1800,6.93
CRI,1801,6.93
CRI,1802,6.93
CRI,1803,6.93
CRI,1804,6.93
CRI,1805,6.93
CRI,1806,6.93
CRI,1807,6.93
CRI,1808,6.93
CRI,1809,6.93
CRI,1810,6.93
CRI,1811,6.93
CRI,1812,6.93
CRI,1813,6.93
CRI,1814,6.93
CRI,1815,6.93
CRI,1816,6.93
CRI,1817,6.93
CRI,1818,6.93
CRI,1819,6.93
CRI,1820,6.93
CRI,1821,6.93
CRI,1822,6.93
CRI,1823,6.93
CRI,1824,6.93
CRI,1825,6.93
CRI,1826,6.93
CRI,1827,6.93
CRI,1828,6.93
CRI,1829,6.93
CRI,1830,6.93
CRI,1831,6.93
CRI,1832,6.93
CRI,1833,6.93
CRI,1834,6.93
CRI,1835,6.93
CRI,1836,6.93
CRI,1837,6.93
CRI,1838,6.93
CRI,1839,6.93
CRI,1840,6.93
CRI,1841,6.93
CRI,1842,6.93
CRI,1843,6.93
CRI,1844,6.93
CRI,1845,6.93
CRI,1846,6.93
CRI,1847,6.93
CRI,1848,6.93
CRI,1849,6.93
CRI,1850,6.93
CRI,1851,6.93
CRI,1852,6.93
CRI,1853,6.93
CRI,1854,6.93
CRI,1855,6.93
CRI,1856,6.93
CRI,1857,6.93
CRI,1858,6.93
CRI,1859,6.93
CRI,1860,6.93
CRI,1861,6.93
CRI,1862,6.93
CRI,1863,6.93
CRI,1864,6.93
CRI,1865,6.93
CRI,1866,6.93
CRI,1867,6.93
CRI,1868,6.93
CRI,1869,6.93
CRI,1870,6.93
CRI,1871,6.93
CRI,1872,6.93
CRI,1873,6.93
CRI,1874,6.93
CRI,1875,6.93
CRI,1876,6.93
CRI,1877,6.93
CRI,1878,6.93
CRI,1879,6.93
CRI,1880,6.93
CRI,1881,6.93
CRI,1882,6.93
CRI,1883,6.92
CRI,1884,6.92
CRI,1885,6.92
CRI,1886,6.92
CRI,1887,6.91
CRI,1888,6.91
CRI,1889,6.91
CRI,1890,6.91
CRI,1891,6.9
CRI,1892,6.9
CRI,1893,6.92
CRI,1894,6.94
CRI,1895,6.96
CRI,1896,6.98
CRI,1897,7.01
CRI,1898,7.01
CRI,1899,7.02
CRI,1900,7.02
CRI,1901,7.03
CRI,1902,7.04
CRI,1903,7.07
CRI,1904,7.11
CRI,1905,7.15
CRI,1906,7.19
CRI,1907,7.23
CRI,1908,7.25
CRI,1909,7.27
CRI,1910,7.29
CRI,1911,7.31
CRI,1912,7.34
CRI,1913,7.21
CRI,1914,7.08
CRI,1915,6.96
CRI,1916,6.83
CRI,1917,6.71
CRI,1918,6.71
CRI,1919,6.72
CRI,1920,6.72
CRI,1921,6.73
CRI,1922,6.74
CRI,1923,6.77
CRI,1924,6.81
CRI,1925,6.85
CRI,1926,6.89
CRI,1927,6.93
CRI,1928,6.88
CRI,1929,6.83
CRI,1930,6.79
CRI,1931,6.74
CRI,1932,6.69
CRI,1933,6.65
CRI,1934,6.61
CRI,1935,6.57
CRI,1936,6.53
CRI,1937,6.5
CRI,1938,6.6
CRI,1939,6.7
CRI,1940,6.8
CRI,1941,6.84
CRI,1942,6.89
CRI,1943,6.93
CRI,1944,6.98
CRI,1945,7.02
CRI,1946,6.93
CRI,1947,6.83
CRI,1948,6.74
CRI,1949,6.64
CRI,1950,6.55
CRI,1951,6.59
CRI,1952,6.68
CRI,1953,6.77
CRI,1954,6.86
CRI,1955,6.95
CRI,1956,7.05
CRI,1957,7.14
CRI,1958,7.22
CRI,1959,7.28
CRI,1960,7.31
CRI,1961,7.3
CRI,1962,7.22
CRI,1963,7.09
CRI,1964,6.89
CRI,1965,6.63
CRI,1966,6.33
CRI,1967,6
CRI,1968,5.66
CRI,1969,5.32
CRI,1970,5.01
CRI,1971,4.73
CRI,1972,4.49
CRI,1973,4.28
CRI,1974,4.11
CRI,1975,3.97
CRI,1976,3.86
CRI,1977,3.78
CRI,1978,3.72
CRI,1979,3.67
CRI,1980,3.62
CRI,1981,3.58
CRI,1982,3.54
CRI,1983,3.52
CRI,1984,3.49
CRI,1985,3.46
CRI,1986,3.43
CRI,1987,3.38
CRI,1988,3.32
CRI,1989,3.25
CRI,1990,3.18
CRI,1991,3.09
CRI,1992,3
CRI,1993,2.92
CRI,1994,2.84
CRI,1995,2.76
CRI,1996,2.69
CRI,1997,2.62
CRI,1998,2.55
CRI,1999,2.48
CRI,2000,2.41
CRI,2001,2.35
CRI,2002,2.28
CRI,2003,2.2
CRI,2004,2.13
CRI,2005,2.07
CRI,2006,2.01
CRI,2007,1.95
CRI,2008,1.91
CRI,2009,1.87
CRI,2010,1.85
CRI,2011,1.83
CRI,2012,1.81
CRI,2013,1.8
CRI,2014,1.78
CRI,2015,1.77
CIV,1800,6.78
CIV,1801,6.78
CIV,1802,6.78
CIV,1803,6.78
CIV,1804,6.78
CIV,1805,6.78
CIV,1806,6.78
CIV,1807,6.78
CIV,1808,6.78
CIV,1809,6.78
CIV,1810,6.78
CIV,1811,6.78
CIV,1812,6.78
CIV,1813,6.78
CIV,1814,6.78
CIV,1815,6.78
CIV,1816,6.78
CIV,1817,6.78
CIV,1818,6.78
CIV,1819,6.78
CIV,1820,6.78
CIV,1821,6.78
CIV,1822,6.78
CIV,1823,6.78
CIV,1824,6.78
CIV,1825,6.78
CIV,1826,6.78
CIV,1827,6.78
CIV,1828,6.78
CIV,1829,6.78
CIV,1830,6.78
CIV,1831,6.78
CIV,1832,6.78
CIV,1833,6.78
CIV,1834,6.78
CIV,1835,6.78
CIV,1836,6.78
CIV,1837,6.78
CIV,1838,6.78
CIV,1839,6.78
CIV,1840,6.78
CIV,1841,6.78
CIV,1842,6.78
CIV,1843,6.78
CIV,1844,6.78
CIV,1845,6.78
CIV,1846,6.78
CIV,1847,6.78
CIV,1848,6.78
CIV,1849,6.78
CIV,1850,6.78
CIV,1851,6.78
CIV,1852,6.78
CIV,1853,6.78
CIV,1854,6.78
CIV,1855,6.78
CIV,1856,6.78
CIV,1857,6.78
CIV,1858,6.78
CIV,1859,6.78
CIV,1860,6.78
CIV,1861,6.78
CIV,1862,6.78
CIV,1863,6.78
CIV,1864,6.78
CIV,1865,6.78
CIV,1866,6.78
CIV,1867,6.78
CIV,1868,6.78
CIV,1869,6.78
CIV,1870,6.78
CIV,1871,6.78
CIV,1872,6.78
CIV,1873,6.78
CIV,1874,6.78
CIV,1875,6.78
CIV,1876,6.78
CIV,1877,6.78
CIV,1878,6.78
CIV,1879,6.78
CIV,1880,6.78
CIV,1881,6.78
CIV,1882,6.78
CIV,1883,6.78
CIV,1884,6.78
CIV,1885,6.78
CIV,1886,6.78
CIV,1887,6.78
CIV,1888,6.78
CIV,1889,6.78
CIV,1890,6.78
CIV,1891,6.78
CIV,1892,6.78
CIV,1893,6.78
CIV,1894,6.78
CIV,1895,6.78
CIV,1896,6.78
CIV,1897,6.78
CIV,1898,6.78
CIV,1899,6.78
CIV,1900,6.78
CIV,1901,6.78
CIV,1902,6.78
CIV,1903,6.78
CIV,1904,6.78
CIV,1905,6.78
CIV,1906,6.78
CIV,1907,6.78
CIV,1908,6.78
CIV,1909,6.78
CIV,1910,6.78
CIV,1911,6.78
CIV,1912,6.78
CIV,1913,6.78
CIV,1914,6.78
CIV,1915,6.78
CIV,1916,6.78
CIV,1917,6.78
CIV,1918,6.78
CIV,1919,6.78
CIV,1920,6.78
CIV,1921,6.78
CIV,1922,6.78
CIV,1923,6.78
CIV,1924,6.78
CIV,1925,6.78
CIV,1926,6.77
CIV,1927,6.77
CIV,1928,6.76
CIV,1929,6.75
CIV,1930,6.75
CIV,1931,6.74
CIV,1932,6.74
CIV,1933,6.73
CIV,1934,6.72
CIV,1935,6.72
CIV,1936,6.71
CIV,1937,6.7
CIV,1938,6.7
CIV,1939,6.69
CIV,1940,6.69
CIV,1941,6.68
CIV,1942,6.67
CIV,1943,6.67
CIV,1944,6.66
CIV,1945,6.65
CIV,1946,6.65
CIV,1947,6.64
CIV,1948,6.63
CIV,1949,6.63
CIV,1950,6.62
CIV,1951,6.66
CIV,1952,6.74
CIV,1953,6.81
CIV,1954,6.89
CIV,1955,6.97
CIV,1956,7.04
CIV,1957,7.12
CIV,1958,7.2
CIV,1959,7.27
CIV,1960,7.35
CIV,1961,7.43
CIV,1962,7.5
CIV,1963,7.57
CIV,1964,7.64
CIV,1965,7.7
CIV,1966,7.76
CIV,1967,7.81
CIV,1968,7.85
CIV,1969,7.88
CIV,1970,7.91
CIV,1971,7.93
CIV,1972,7.94
CIV,1973,7.94
CIV,1974,7.93
CIV,1975,7.92
CIV,1976,7.88
CIV,1977,7.84
CIV,1978,7.77
CIV,1979,7.7
CIV,1980,7.6
CIV,1981,7.5
CIV,1982,7.38
CIV,1983,7.26
CIV,1984,7.14
CIV,1985,7.01
CIV,1986,6.88
CIV,1987,6.75
CIV,1988,6.62
CIV,1989,6.49
CIV,1990,6.36
CIV,1991,6.23
CIV,1992,6.11
CIV,1993,6.01
CIV,1994,5.9
CIV,1995,5.81
CIV,1996,5.72
CIV,1997,5.63
CIV,1998,5.55
CIV,1999,5.46
CIV,2000,5.38
CIV,2001,5.29
CIV,2002,5.21
CIV,2003,5.13
CIV,2004,5.06
CIV,2005,5
CIV,2006,4.96
CIV,2007,4.93
CIV,2008,4.91
CIV,2009,4.91
CIV,2010,4.91
CIV,2011,4.91
CIV,2012,4.89
CIV,2013,4.87
CIV,2014,4.82
CIV,2015,4.76
HRV,1800,5.75
HRV,1801,5.75
HRV,1802,5.75
HRV,1803,5.75
HRV,1804,5.75
HRV,1805,5.75
HRV,1806,5.75
HRV,1807,5.75
HRV,1808,5.75
HRV,1809,5.75
HRV,1810,5.75
HRV,1811,5.75
HRV,1812,5.75
HRV,1813,5.75
HRV,1814,5.75
HRV,1815,5.75
HRV,1816,5.75
HRV,1817,5.75
HRV,1818,5.75
HRV,1819,5.75
HRV,1820,5.75
HRV,1821,5.75
HRV,1822,5.75
HRV,1823,5.75
HRV,1824,5.75
HRV,1825,5.75
HRV,1826,5.75
HRV,1827,5.75
HRV,1828,5.75
HRV,1829,5.75
HRV,1830,5.75
HRV,1831,5.75
HRV,1832,5.75
HRV,1833,5.75
HRV,1834,5.75
HRV,1835,5.75
HRV,1836,5.75
HRV,1837,5.75
HRV,1838,5.75
HRV,1839,5.75
HRV,1840,5.75
HRV,1841,5.75
HRV,1842,5.75
HRV,1843,5.75
HRV,1844,5.75
HRV,1845,5.75
HRV,1846,5.75
HRV,1847,5.75
HRV,1848,5.75
HRV,1849,5.75
HRV,1850,5.75
HRV,1851,5.75
HRV,1852,5.75
HRV,1853,5.75
HRV,1854,5.75
HRV,1855,5.75
HRV,1856,5.75
HRV,1857,5.75
HRV,1858,5.75
HRV,1859,5.75
HRV,1860,5.75
HRV,1861,5.75
HRV,1862,5.75
HRV,1863,5.75
HRV,1864,5.75
HRV,1865,5.75
HRV,1866,5.75
HRV,1867,5.75
HRV,1868,5.75
HRV,1869,5.75
HRV,1870,5.75
HRV,1871,5.75
HRV,1872,5.75
HRV,1873,5.75
HRV,1874,5.75
HRV,1875,5.75
HRV,1876,5.75
HRV,1877,5.75
HRV,1878,5.75
HRV,1879,5.75
HRV,1880,5.75
HRV,1881,5.75
HRV,1882,5.86
HRV,1883,5.96
HRV,1884,6.07
HRV,1885,6.18
HRV,1886,6
HRV,1887,5.83
HRV,1888,5.65
HRV,1889,5.48
HRV,1890,5.31
HRV,1891,5.42
HRV,1892,5.53
HRV,1893,5.64
HRV,1894,5.76
HRV,1895,5.87
HRV,1896,5.79
HRV,1897,5.7
HRV,1898,5.62
HRV,1899,5.54
HRV,1900,5.45
HRV,1901,5.41
HRV,1902,5.38
HRV,1903,5.34
HRV,1904,5.3
HRV,1905,5.26
HRV,1906,5.22
HRV,1907,5.18
HRV,1908,5.14
HRV,1909,5.1
HRV,1910,5.06
HRV,1911,5.02
HRV,1912,4.98
HRV,1913,4.94
HRV,1914,4.9
HRV,1915,5
HRV,1916,5.09
HRV,1917,5.19
HRV,1918,5.28
HRV,1919,5.37
HRV,1920,5.31
HRV,1921,5.26
HRV,1922,5.2
HRV,1923,5.14
HRV,1924,5.08
HRV,1925,4.98
HRV,1926,4.87
HRV,1927,4.77
HRV,1928,4.67
HRV,1929,4.57
HRV,1930,4.47
HRV,1931,4.36
HRV,1932,4.26
HRV,1933,4.16
HRV,1934,4.06
HRV,1935,3.96
HRV,1936,3.85
HRV,1937,3.75
HRV,1938,3.65
HRV,1939,3.55
HRV,1940,3.45
HRV,1941,3.34
HRV,1942,3.24
HRV,1943,3.14
HRV,1944,3.04
HRV,1945,2.94
HRV,1946,2.83
HRV,1947,2.73
HRV,1948,2.87
HRV,1949,3.1
HRV,1950,2.95
HRV,1951,2.9
HRV,1952,2.8
HRV,1953,2.71
HRV,1954,2.63
HRV,1955,2.56
HRV,1956,2.5
HRV,1957,2.45
HRV,1958,2.4
HRV,1959,2.37
HRV,1960,2.33
HRV,1961,2.3
HRV,1962,2.27
HRV,1963,2.24
HRV,1964,2.21
HRV,1965,2.18
HRV,1966,2.14
HRV,1967,2.1
HRV,1968,2.07
HRV,1969,2.04
HRV,1970,2.01
HRV,1971,1.99
HRV,1972,1.98
HRV,1973,1.97
HRV,1974,1.98
HRV,1975,1.99
HRV,1976,2
HRV,1977,2.01
HRV,1978,2.01
HRV,1979,2.01
HRV,1980,2
HRV,1981,1.99
HRV,1982,1.98
HRV,1983,1.96
HRV,1984,1.94
HRV,1985,1.92
HRV,1986,1.89
HRV,1987,1.84
HRV,1988,1.79
HRV,1989,1.73
HRV,1990,1.67
HRV,1991,1.62
HRV,1992,1.57
HRV,1993,1.54
HRV,1994,1.52
HRV,1995,1.52
HRV,1996,1.51
HRV,1997,1.51
HRV,1998,1.49
HRV,1999,1.47
HRV,2000,1.44
HRV,2001,1.42
HRV,2002,1.39
HRV,2003,1.38
HRV,2004,1.37
HRV,2005,1.38
HRV,2006,1.4
HRV,2007,1.41
HRV,2008,1.43
HRV,2009,1.45
HRV,2010,1.47
HRV,2011,1.48
HRV,2012,1.49
HRV,2013,1.5
HRV,2014,1.51
HRV,2015,1.52
CUB,1800,5.78
CUB,1801,5.78
CUB,1802,5.78
CUB,1803,5.78
CUB,1804,5.78
CUB,1805,5.78
CUB,1806,5.78
CUB,1807,5.78
CUB,1808,5.78
CUB,1809,5.78
CUB,1810,5.78
CUB,1811,5.78
CUB,1812,5.78
CUB,1813,5.78
CUB,1814,5.78
CUB,1815,5.78
CUB,1816,5.78
CUB,1817,5.78
CUB,1818,5.78
CUB,1819,5.78
CUB,1820,5.78
CUB,1821,5.78
CUB,1822,5.78
CUB,1823,5.78
CUB,1824,5.78
CUB,1825,5.78
CUB,1826,5.78
CUB,1827,5.78
CUB,1828,5.78
CUB,1829,5.78
CUB,1830,5.78
CUB,1831,5.78
CUB,1832,5.78
CUB,1833,5.78
CUB,1834,5.78
CUB,1835,5.78
CUB,1836,5.78
CUB,1837,5.78
CUB,1838,5.78
CUB,1839,5.78
CUB,1840,5.78
CUB,1841,5.78
CUB,1842,5.78
CUB,1843,5.78
CUB,1844,5.78
CUB,1845,5.78
CUB,1846,5.78
CUB,1847,5.78
CUB,1848,5.78
CUB,1849,5.78
CUB,1850,5.78
CUB,1851,5.78
CUB,1852,5.78
CUB,1853,5.78
CUB,1854,5.78
CUB,1855,5.78
CUB,1856,5.78
CUB,1857,5.78
CUB,1858,5.78
CUB,1859,5.78
CUB,1860,5.78
CUB,1861,5.78
CUB,1862,5.78
CUB,1863,5.78
CUB,1864,5.78
CUB,1865,5.78
CUB,1866,5.78
CUB,1867,5.78
CUB,1868,5.78
CUB,1869,5.78
CUB,1870,5.78
CUB,1871,5.78
CUB,1872,5.78
CUB,1873,5.78
CUB,1874,5.78
CUB,1875,5.78
CUB,1876,5.78
CUB,1877,5.78
CUB,1878,5.78
CUB,1879,5.78
CUB,1880,5.78
CUB,1881,5.78
CUB,1882,5.78
CUB,1883,5.78
CUB,1884,5.78
CUB,1885,5.78
CUB,1886,5.78
CUB,1887,5.78
CUB,1888,5.78
CUB,1889,5.78
CUB,1890,5.78
CUB,1891,5.58
CUB,1892,5.39
CUB,1893,5.19
CUB,1894,4.99
CUB,1895,4.8
CUB,1896,4.6
CUB,1897,4.4
CUB,1898,4.21
CUB,1899,4.01
CUB,1900,4.55
CUB,1901,5.09
CUB,1902,5.63
CUB,1903,5.67
CUB,1904,5.7
CUB,1905,5.74
CUB,1906,5.78
CUB,1907,5.82
CUB,1908,5.82
CUB,1909,5.81
CUB,1910,5.81
CUB,1911,5.81
CUB,1912,5.8
CUB,1913,5.8
CUB,1914,5.8
CUB,1915,5.79
CUB,1916,5.79
CUB,1917,5.79
CUB,1918,5.78
CUB,1919,5.78
CUB,1920,5.67
CUB,1921,5.57
CUB,1922,5.46
CUB,1923,5.35
CUB,1924,5.25
CUB,1925,5.14
CUB,1926,5.03
CUB,1927,4.93
CUB,1928,4.82
CUB,1929,4.71
CUB,1930,4.61
CUB,1931,4.5
CUB,1932,4.46
CUB,1933,4.42
CUB,1934,4.38
CUB,1935,4.33
CUB,1936,4.29
CUB,1937,4.25
CUB,1938,4.21
CUB,1939,4.17
CUB,1940,4.13
CUB,1941,4.08
CUB,1942,4.04
CUB,1943,4
CUB,1944,4.11
CUB,1945,4.22
CUB,1946,4.32
CUB,1947,4.43
CUB,1948,4.54
CUB,1949,4.65
CUB,1950,4.76
CUB,1951,4.56
CUB,1952,4.22
CUB,1953,3.96
CUB,1954,3.78
CUB,1955,3.68
CUB,1956,3.67
CUB,1957,3.72
CUB,1958,3.84
CUB,1959,4
CUB,1960,4.18
CUB,1961,4.36
CUB,1962,4.51
CUB,1963,4.61
CUB,1964,4.64
CUB,1965,4.62
CUB,1966,4.54
CUB,1967,4.43
CUB,1968,4.31
CUB,1969,4.18
CUB,1970,4.03
CUB,1971,3.86
CUB,1972,3.65
CUB,1973,3.4
CUB,1974,3.13
CUB,1975,2.84
CUB,1976,2.57
CUB,1977,2.33
CUB,1978,2.13
CUB,1979,1.99
CUB,1980,1.89
CUB,1981,1.84
CUB,1982,1.83
CUB,1983,1.83
CUB,1984,1.83
CUB,1985,1.84
CUB,1986,1.84
CUB,1987,1.83
CUB,1988,1.81
CUB,1989,1.79
CUB,1990,1.75
CUB,1991,1.72
CUB,1992,1.68
CUB,1993,1.65
CUB,1994,1.63
CUB,1995,1.61
CUB,1996,1.61
CUB,1997,1.61
CUB,1998,1.62
CUB,1999,1.62
CUB,2000,1.63
CUB,2001,1.63
CUB,2002,1.62
CUB,2003,1.61
CUB,2004,1.59
CUB,2005,1.57
CUB,2006,1.55
CUB,2007,1.52
CUB,2008,1.5
CUB,2009,1.48
CUB,2010,1.47
CUB,2011,1.46
CUB,2012,1.45
CUB,2013,1.45
CUB,2014,1.45
CUB,2015,1.45
CYP,1800,6.03
CYP,1801,6.03
CYP,1802,6.03
CYP,1803,6.03
CYP,1804,6.03
CYP,1805,6.03
CYP,1806,6.03
CYP,1807,6.03
CYP,1808,6.03
CYP,1809,6.03
CYP,1810,6.03
CYP,1811,6.03
CYP,1812,6.03
CYP,1813,6.03
CYP,1814,6.03
CYP,1815,6.03
CYP,1816,6.03
CYP,1817,6.03
CYP,1818,6.03
CYP,1819,6.03
CYP,1820,6.03
CYP,1821,6.03
CYP,1822,6.03
CYP,1823,6.03
CYP,1824,6.03
CYP,1825,6.03
CYP,1826,6.03
CYP,1827,6.03
CYP,1828,6.03
CYP,1829,6.03
CYP,1830,6.03
CYP,1831,6.03
CYP,1832,6.03
CYP,1833,6.03
CYP,1834,6.03
CYP,1835,6.03
CYP,1836,6.03
CYP,1837,6.03
CYP,1838,6.03
CYP,1839,6.03
CYP,1840,6.03
CYP,1841,6.03
CYP,1842,6.03
CYP,1843,6.03
CYP,1844,6.03
CYP,1845,6.03
CYP,1846,6.03
CYP,1847,6.03
CYP,1848,6.03
CYP,1849,6.03
CYP,1850,6.03
CYP,1851,6.03
CYP,1852,6.03
CYP,1853,6.03
CYP,1854,6.03
CYP,1855,6.03
CYP,1856,6.03
CYP,1857,6.03
CYP,1858,6.03
CYP,1859,6.03
CYP,1860,6.03
CYP,1861,6.03
CYP,1862,6.03
CYP,1863,6.03
CYP,1864,6.03
CYP,1865,6.03
CYP,1866,6.03
CYP,1867,6.03
CYP,1868,6.03
CYP,1869,6.03
CYP,1870,6.03
CYP,1871,6.03
CYP,1872,6.03
CYP,1873,6.03
CYP,1874,6.03
CYP,1875,6.03
CYP,1876,5.96
CYP,1877,5.88
CYP,1878,5.81
CYP,1879,5.73
CYP,1880,5.66
CYP,1881,5.58
CYP,1882,5.51
CYP,1883,5.44
CYP,1884,5.36
CYP,1885,5.29
CYP,1886,5.21
CYP,1887,5.14
CYP,1888,5.07
CYP,1889,4.99
CYP,1890,4.92
CYP,1891,4.84
CYP,1892,4.77
CYP,1893,4.69
CYP,1894,4.62
CYP,1895,4.55
CYP,1896,4.47
CYP,1897,4.4
CYP,1898,4.32
CYP,1899,4.25
CYP,1900,4.17
CYP,1901,4.1
CYP,1902,4.07
CYP,1903,4.03
CYP,1904,4
CYP,1905,3.97
CYP,1906,4.03
CYP,1907,4.1
CYP,1908,4.17
CYP,1909,4.23
CYP,1910,4.3
CYP,1911,4.36
CYP,1912,4.42
CYP,1913,4.48
CYP,1914,4.54
CYP,1915,4.6
CYP,1916,4.48
CYP,1917,4.36
CYP,1918,4.25
CYP,1919,4.13
CYP,1920,4.01
CYP,1921,3.9
CYP,1922,3.78
CYP,1923,3.66
CYP,1924,3.55
CYP,1925,3.43
CYP,1926,3.6
CYP,1927,3.78
CYP,1928,3.95
CYP,1929,4.13
CYP,1930,4.3
CYP,1931,4.31
CYP,1932,4.31
CYP,1933,4.32
CYP,1934,4.32
CYP,1935,4.33
CYP,1936,4.35
CYP,1937,4.37
CYP,1938,4.39
CYP,1939,4.41
CYP,1940,4.44
CYP,1941,4.37
CYP,1942,4.3
CYP,1943,4.23
CYP,1944,4.16
CYP,1945,4.09
CYP,1946,4.04
CYP,1947,3.99
CYP,1948,3.95
CYP,1949,3.9
CYP,1950,3.85
CYP,1951,3.81
CYP,1952,3.73
CYP,1953,3.66
CYP,1954,3.61
CYP,1955,3.57
CYP,1956,3.55
CYP,1957,3.53
CYP,1958,3.52
CYP,1959,3.51
CYP,1960,3.5
CYP,1961,3.47
CYP,1962,3.42
CYP,1963,3.35
CYP,1964,3.25
CYP,1965,3.13
CYP,1966,3.01
CYP,1967,2.89
CYP,1968,2.78
CYP,1969,2.69
CYP,1970,2.61
CYP,1971,2.55
CYP,1972,2.49
CYP,1973,2.44
CYP,1974,2.39
CYP,1975,2.35
CYP,1976,2.32
CYP,1977,2.31
CYP,1978,2.31
CYP,1979,2.33
CYP,1980,2.35
CYP,1981,2.39
CYP,1982,2.42
CYP,1983,2.44
CYP,1984,2.45
CYP,1985,2.46
CYP,1986,2.46
CYP,1987,2.45
CYP,1988,2.44
CYP,1989,2.43
CYP,1990,2.41
CYP,1991,2.38
CYP,1992,2.34
CYP,1993,2.28
CYP,1994,2.21
CYP,1995,2.12
CYP,1996,2.04
CYP,1997,1.95
CYP,1998,1.86
CYP,1999,1.78
CYP,2000,1.71
CYP,2001,1.66
CYP,2002,1.61
CYP,2003,1.58
CYP,2004,1.55
CYP,2005,1.53
CYP,2006,1.51
CYP,2007,1.5
CYP,2008,1.49
CYP,2009,1.49
CYP,2010,1.48
CYP,2011,1.47
CYP,2012,1.47
CYP,2013,1.46
CYP,2014,1.46
CYP,2015,1.46
CZE,1800,5.33
CZE,1801,5.32
CZE,1802,5.31
CZE,1803,5.3
CZE,1804,5.3
CZE,1805,5.29
CZE,1806,5.28
CZE,1807,5.28
CZE,1808,5.27
CZE,1809,5.26
CZE,1810,5.25
CZE,1811,5.25
CZE,1812,5.24
CZE,1813,5.23
CZE,1814,5.22
CZE,1815,5.22
CZE,1816,5.21
CZE,1817,5.2
CZE,1818,5.19
CZE,1819,5.19
CZE,1820,5.18
CZE,1821,5.17
CZE,1822,5.16
CZE,1823,5.16
CZE,1824,5.15
CZE,1825,5.14
CZE,1826,5.14
CZE,1827,5.14
CZE,1828,5.14
CZE,1829,5.14
CZE,1830,5.14
CZE,1831,5.14
CZE,1832,5.14
CZE,1833,5.14
CZE,1834,5.14
CZE,1835,5.14
CZE,1836,5.14
CZE,1837,5.14
CZE,1838,5.14
CZE,1839,5.14
CZE,1840,5.14
CZE,1841,5.15
CZE,1842,5.15
CZE,1843,5.15
CZE,1844,5.15
CZE,1845,5.15
CZE,1846,5.15
CZE,1847,5.15
CZE,1848,5.15
CZE,1849,5.15
CZE,1850,5.15
CZE,1851,5.14
CZE,1852,5.13
CZE,1853,5.12
CZE,1854,5.11
CZE,1855,5.11
CZE,1856,5.1
CZE,1857,5.09
CZE,1858,5.08
CZE,1859,5.07
CZE,1860,5.07
CZE,1861,5.07
CZE,1862,5.08
CZE,1863,5.09
CZE,1864,5.1
CZE,1865,5.1
CZE,1866,5.11
CZE,1867,5.12
CZE,1868,5.13
CZE,1869,5.14
CZE,1870,5.14
CZE,1871,5.14
CZE,1872,5.13
CZE,1873,5.12
CZE,1874,5.11
CZE,1875,5.1
CZE,1876,5.09
CZE,1877,5.08
CZE,1878,5.07
CZE,1879,5.07
CZE,1880,5.06
CZE,1881,5.04
CZE,1882,5.03
CZE,1883,5.02
CZE,1884,5
CZE,1885,4.99
CZE,1886,4.97
CZE,1887,4.96
CZE,1888,4.95
CZE,1889,4.93
CZE,1890,4.92
CZE,1891,4.91
CZE,1892,4.9
CZE,1893,4.9
CZE,1894,4.89
CZE,1895,4.88
CZE,1896,4.88
CZE,1897,4.87
CZE,1898,4.86
CZE,1899,4.85
CZE,1900,4.85
CZE,1901,4.76
CZE,1902,4.68
CZE,1903,4.6
CZE,1904,4.52
CZE,1905,4.44
CZE,1906,4.36
CZE,1907,4.27
CZE,1908,4.19
CZE,1909,4.11
CZE,1910,4.03
CZE,1911,3.92
CZE,1912,3.82
CZE,1913,3.71
CZE,1914,3.6
CZE,1915,3.5
CZE,1916,3.39
CZE,1917,3.28
CZE,1918,3.18
CZE,1919,3.07
CZE,1920,2.96
CZE,1921,3.04
CZE,1922,2.88
CZE,1923,2.77
CZE,1924,2.59
CZE,1925,2.48
CZE,1926,2.39
CZE,1927,2.24
CZE,1928,2.21
CZE,1929,2.12
CZE,1930,2.15
CZE,1931,2.03
CZE,1932,1.97
CZE,1933,1.83
CZE,1934,1.77
CZE,1935,1.68
CZE,1936,1.66
CZE,1937,1.69
CZE,1938,1.82
CZE,1939,1.94
CZE,1940,2.21
CZE,1941,2.26
CZE,1942,2.42
CZE,1943,2.78
CZE,1944,2.8
CZE,1945,2.67
CZE,1946,3.25
CZE,1947,3.05
CZE,1948,2.89
CZE,1949,2.74
CZE,1950,2.85
CZE,1951,2.8
CZE,1952,2.71
CZE,1953,2.63
CZE,1954,2.56
CZE,1955,2.5
CZE,1956,2.45
CZE,1957,2.4
CZE,1958,2.37
CZE,1959,2.34
CZE,1960,2.3
CZE,1961,2.27
CZE,1962,2.23
CZE,1963,2.18
CZE,1964,2.12
CZE,1965,2.07
CZE,1966,2.03
CZE,1967,2
CZE,1968,1.99
CZE,1969,2.01
CZE,1970,2.05
CZE,1971,2.1
CZE,1972,2.15
CZE,1973,2.21
CZE,1974,2.26
CZE,1975,2.29
CZE,1976,2.31
CZE,1977,2.3
CZE,1978,2.28
CZE,1979,2.23
CZE,1980,2.18
CZE,1981,2.12
CZE,1982,2.07
CZE,1983,2.02
CZE,1984,1.99
CZE,1985,1.97
CZE,1986,1.95
CZE,1987,1.93
CZE,1988,1.91
CZE,1989,1.87
CZE,1990,1.82
CZE,1991,1.76
CZE,1992,1.68
CZE,1993,1.59
CZE,1994,1.49
CZE,1995,1.39
CZE,1996,1.31
CZE,1997,1.23
CZE,1998,1.18
CZE,1999,1.14
CZE,2000,1.13
CZE,2001,1.14
CZE,2002,1.17
CZE,2003,1.2
CZE,2004,1.25
CZE,2005,1.3
CZE,2006,1.35
CZE,2007,1.39
CZE,2008,1.43
CZE,2009,1.47
CZE,2010,1.5
CZE,2011,1.53
CZE,2012,1.55
CZE,2013,1.57
CZE,2014,1.58
CZE,2015,1.6
DNK,1800,4.04
DNK,1801,4.04
DNK,1802,4.05
DNK,1803,4.05
DNK,1804,4.06
DNK,1805,4.06
DNK,1806,4.07
DNK,1807,4.07
DNK,1808,4.08
DNK,1809,4.09
DNK,1810,4.09
DNK,1811,4.1
DNK,1812,4.11
DNK,1813,4.12
DNK,1814,4.13
DNK,1815,4.14
DNK,1816,4.14
DNK,1817,4.15
DNK,1818,4.16
DNK,1819,4.17
DNK,1820,4.18
DNK,1821,4.19
DNK,1822,4.2
DNK,1823,4.21
DNK,1824,4.22
DNK,1825,4.23
DNK,1826,4.16
DNK,1827,4.1
DNK,1828,4.03
DNK,1829,3.97
DNK,1830,3.9
DNK,1831,3.92
DNK,1832,3.94
DNK,1833,3.96
DNK,1834,3.98
DNK,1835,4
DNK,1836,4.02
DNK,1837,4.04
DNK,1838,4.06
DNK,1839,4.08
DNK,1840,4.1
DNK,1841,4.12
DNK,1842,4.13
DNK,1843,4.15
DNK,1844,4.16
DNK,1845,4.17
DNK,1846,4.19
DNK,1847,4.2
DNK,1848,4.22
DNK,1849,4.23
DNK,1850,4.24
DNK,1851,4.06
DNK,1852,4.48
DNK,1853,4.27
DNK,1854,4.41
DNK,1855,4.31
DNK,1856,4.37
DNK,1857,4.44
DNK,1858,4.48
DNK,1859,4.53
DNK,1860,4.4
DNK,1861,4.27
DNK,1862,4.17
DNK,1863,4.17
DNK,1864,4.06
DNK,1865,4.21
DNK,1866,4.32
DNK,1867,4.09
DNK,1868,4.18
DNK,1869,3.96
DNK,1870,4.1
DNK,1871,4.06
DNK,1872,4.09
DNK,1873,4.16
DNK,1874,4.17
DNK,1875,4.31
DNK,1876,4.4
DNK,1877,4.36
DNK,1878,4.27
DNK,1879,4.3
DNK,1880,4.28
DNK,1881,4.34
DNK,1882,4.36
DNK,1883,4.29
DNK,1884,4.5
DNK,1885,4.39
DNK,1886,4.37
DNK,1887,4.28
DNK,1888,4.25
DNK,1889,4.21
DNK,1890,4.11
DNK,1891,4.18
DNK,1892,4
DNK,1893,4.16
DNK,1894,4.1
DNK,1895,4.09
DNK,1896,4.11
DNK,1897,4.02
DNK,1898,4.08
DNK,1899,4.01
DNK,1900,4.07
DNK,1901,4.14
DNK,1902,4.05
DNK,1903,3.96
DNK,1904,3.97
DNK,1905,3.87
DNK,1906,3.87
DNK,1907,3.81
DNK,1908,3.83
DNK,1909,3.78
DNK,1910,3.67
DNK,1911,3.6
DNK,1912,3.58
DNK,1913,3.43
DNK,1914,3.42
DNK,1915,3.23
DNK,1916,3.23
DNK,1917,3.11
DNK,1918,3.16
DNK,1919,2.96
DNK,1920,3.29
DNK,1921,3.11
DNK,1922,2.87
DNK,1923,2.86
DNK,1924,2.78
DNK,1925,2.66
DNK,1926,2.58
DNK,1927,2.44
DNK,1928,2.43
DNK,1929,2.3
DNK,1930,2.3
DNK,1931,2.2
DNK,1932,2.19
DNK,1933,2.1
DNK,1934,2.15
DNK,1935,2.12
DNK,1936,2.14
DNK,1937,2.16
DNK,1938,2.18
DNK,1939,2.16
DNK,1940,2.22
DNK,1941,2.24
DNK,1942,2.5
DNK,1943,2.65
DNK,1944,2.84
DNK,1945,2.98
DNK,1946,3.02
DNK,1947,2.9
DNK,1948,2.71
DNK,1949,2.57
DNK,1950,2.58
DNK,1951,2.5
DNK,1952,2.54
DNK,1953,2.6
DNK,1954,2.54
DNK,1955,2.58
DNK,1956,2.59
DNK,1957,2.56
DNK,1958,2.54
DNK,1959,2.49
DNK,1960,2.54
DNK,1961,2.55
DNK,1962,2.54
DNK,1963,2.64
DNK,1964,2.6
DNK,1965,2.61
DNK,1966,2.62
DNK,1967,2.35
DNK,1968,2.12
DNK,1969,2
DNK,1970,1.95
DNK,1971,2.04
DNK,1972,2.03
DNK,1973,1.92
DNK,1974,1.9
DNK,1975,1.92
DNK,1976,1.75
DNK,1977,1.66
DNK,1978,1.67
DNK,1979,1.6
DNK,1980,1.55
DNK,1981,1.44
DNK,1982,1.43
DNK,1983,1.38
DNK,1984,1.4
DNK,1985,1.45
DNK,1986,1.48
DNK,1987,1.5
DNK,1988,1.56
DNK,1989,1.62
DNK,1990,1.67
DNK,1991,1.68
DNK,1992,1.76
DNK,1993,1.75
DNK,1994,1.81
DNK,1995,1.81
DNK,1996,1.75
DNK,1997,1.75
DNK,1998,1.72
DNK,1999,1.74
DNK,2000,1.77
DNK,2001,1.75
DNK,2002,1.72
DNK,2003,1.76
DNK,2004,1.78
DNK,2005,1.8
DNK,2006,1.85
DNK,2007,1.85
DNK,2008,1.89
DNK,2009,1.84
DNK,2010,1.88
DNK,2011,1.76
DNK,2012,1.73
DNK,2013,1.88
DNK,2014,1.88
DNK,2015,1.89
DJI,1800,6.3
DJI,1801,6.3
DJI,1802,6.3
DJI,1803,6.3
DJI,1804,6.3
DJI,1805,6.3
DJI,1806,6.3
DJI,1807,6.3
DJI,1808,6.3
DJI,1809,6.3
DJI,1810,6.3
DJI,1811,6.3
DJI,1812,6.3
DJI,1813,6.3
DJI,1814,6.3
DJI,1815,6.3
DJI,1816,6.3
DJI,1817,6.3
DJI,1818,6.3
DJI,1819,6.3
DJI,1820,6.3
DJI,1821,6.3
DJI,1822,6.3
DJI,1823,6.3
DJI,1824,6.3
DJI,1825,6.3
DJI,1826,6.3
DJI,1827,6.3
DJI,1828,6.3
DJI,1829,6.3
DJI,1830,6.3
DJI,1831,6.3
DJI,1832,6.3
DJI,1833,6.3
DJI,1834,6.3
DJI,1835,6.3
DJI,1836,6.3
DJI,1837,6.3
DJI,1838,6.3
DJI,1839,6.3
DJI,1840,6.3
DJI,1841,6.3
DJI,1842,6.3
DJI,1843,6.3
DJI,1844,6.3
DJI,1845,6.3
DJI,1846,6.3
DJI,1847,6.3
DJI,1848,6.3
DJI,1849,6.3
DJI,1850,6.3
DJI,1851,6.3
DJI,1852,6.3
DJI,1853,6.3
DJI,1854,6.3
DJI,1855,6.3
DJI,1856,6.3
DJI,1857,6.3
DJI,1858,6.3
DJI,1859,6.3
DJI,1860,6.3
DJI,1861,6.3
DJI,1862,6.3
DJI,1863,6.3
DJI,1864,6.3
DJI,1865,6.3
DJI,1866,6.3
DJI,1867,6.3
DJI,1868,6.3
DJI,1869,6.3
DJI,1870,6.3
DJI,1871,6.3
DJI,1872,6.3
DJI,1873,6.3
DJI,1874,6.3
DJI,1875,6.3
DJI,1876,6.3
DJI,1877,6.3
DJI,1878,6.3
DJI,1879,6.3
DJI,1880,6.3
DJI,1881,6.3
DJI,1882,6.3
DJI,1883,6.3
DJI,1884,6.3
DJI,1885,6.3
DJI,1886,6.3
DJI,1887,6.3
DJI,1888,6.3
DJI,1889,6.3
DJI,1890,6.3
DJI,1891,6.3
DJI,1892,6.3
DJI,1893,6.3
DJI,1894,6.3
DJI,1895,6.3
DJI,1896,6.3
DJI,1897,6.3
DJI,1898,6.3
DJI,1899,6.3
DJI,1900,6.3
DJI,1901,6.3
DJI,1902,6.3
DJI,1903,6.3
DJI,1904,6.3
DJI,1905,6.3
DJI,1906,6.3
DJI,1907,6.3
DJI,1908,6.3
DJI,1909,6.3
DJI,1910,6.3
DJI,1911,6.3
DJI,1912,6.3
DJI,1913,6.3
DJI,1914,6.3
DJI,1915,6.3
DJI,1916,6.3
DJI,1917,6.3
DJI,1918,6.3
DJI,1919,6.3
DJI,1920,6.3
DJI,1921,6.3
DJI,1922,6.3
DJI,1923,6.3
DJI,1924,6.3
DJI,1925,6.3
DJI,1926,6.3
DJI,1927,6.3
DJI,1928,6.3
DJI,1929,6.3
DJI,1930,6.3
DJI,1931,6.3
DJI,1932,6.3
DJI,1933,6.3
DJI,1934,6.3
DJI,1935,6.3
DJI,1936,6.3
DJI,1937,6.3
DJI,1938,6.3
DJI,1939,6.3
DJI,1940,6.3
DJI,1941,6.3
DJI,1942,6.3
DJI,1943,6.3
DJI,1944,6.3
DJI,1945,6.3
DJI,1946,6.3
DJI,1947,6.3
DJI,1948,6.3
DJI,1949,6.3
DJI,1950,6.3
DJI,1951,6.3
DJI,1952,6.31
DJI,1953,6.31
DJI,1954,6.32
DJI,1955,6.34
DJI,1956,6.35
DJI,1957,6.38
DJI,1958,6.4
DJI,1959,6.43
DJI,1960,6.46
DJI,1961,6.49
DJI,1962,6.53
DJI,1963,6.56
DJI,1964,6.6
DJI,1965,6.63
DJI,1966,6.67
DJI,1967,6.7
DJI,1968,6.74
DJI,1969,6.77
DJI,1970,6.8
DJI,1971,6.83
DJI,1972,6.84
DJI,1973,6.83
DJI,1974,6.82
DJI,1975,6.78
DJI,1976,6.73
DJI,1977,6.67
DJI,1978,6.6
DJI,1979,6.52
DJI,1980,6.44
DJI,1981,6.37
DJI,1982,6.32
DJI,1983,6.27
DJI,1984,6.24
DJI,1985,6.22
DJI,1986,6.21
DJI,1987,6.19
DJI,1988,6.17
DJI,1989,6.14
DJI,1990,6.09
DJI,1991,6
DJI,1992,5.88
DJI,1993,5.73
DJI,1994,5.55
DJI,1995,5.35
DJI,1996,5.15
DJI,1997,4.95
DJI,1998,4.77
DJI,1999,4.61
DJI,2000,4.47
DJI,2001,4.35
DJI,2002,4.25
DJI,2003,4.16
DJI,2004,4.07
DJI,2005,3.99
DJI,2006,3.91
DJI,2007,3.83
DJI,2008,3.76
DJI,2009,3.68
DJI,2010,3.6
DJI,2011,3.53
DJI,2012,3.46
DJI,2013,3.39
DJI,2014,3.32
DJI,2015,3.26
DOM,1800,6.16
DOM,1801,6.16
DOM,1802,6.16
DOM,1803,6.16
DOM,1804,6.16
DOM,1805,6.16
DOM,1806,6.16
DOM,1807,6.16
DOM,1808,6.16
DOM,1809,6.16
DOM,1810,6.16
DOM,1811,6.16
DOM,1812,6.16
DOM,1813,6.16
DOM,1814,6.16
DOM,1815,6.16
DOM,1816,6.16
DOM,1817,6.16
DOM,1818,6.16
DOM,1819,6.16
DOM,1820,6.16
DOM,1821,6.16
DOM,1822,6.16
DOM,1823,6.16
DOM,1824,6.16
DOM,1825,6.16
DOM,1826,6.16
DOM,1827,6.16
DOM,1828,6.16
DOM,1829,6.16
DOM,1830,6.16
DOM,1831,6.16
DOM,1832,6.16
DOM,1833,6.16
DOM,1834,6.16
DOM,1835,6.16
DOM,1836,6.16
DOM,1837,6.16
DOM,1838,6.16
DOM,1839,6.16
DOM,1840,6.16
DOM,1841,6.16
DOM,1842,6.16
DOM,1843,6.16
DOM,1844,6.16
DOM,1845,6.16
DOM,1846,6.16
DOM,1847,6.16
DOM,1848,6.16
DOM,1849,6.16
DOM,1850,6.16
DOM,1851,6.16
DOM,1852,6.16
DOM,1853,6.16
DOM,1854,6.16
DOM,1855,6.16
DOM,1856,6.16
DOM,1857,6.16
DOM,1858,6.16
DOM,1859,6.16
DOM,1860,6.16
DOM,1861,6.16
DOM,1862,6.16
DOM,1863,6.16
DOM,1864,6.16
DOM,1865,6.16
DOM,1866,6.16
DOM,1867,6.16
DOM,1868,6.16
DOM,1869,6.16
DOM,1870,6.16
DOM,1871,6.16
DOM,1872,6.16
DOM,1873,6.16
DOM,1874,6.16
DOM,1875,6.16
DOM,1876,6.16
DOM,1877,6.16
DOM,1878,6.16
DOM,1879,6.16
DOM,1880,6.16
DOM,1881,6.16
DOM,1882,6.16
DOM,1883,6.16
DOM,1884,6.16
DOM,1885,6.16
DOM,1886,6.16
DOM,1887,6.16
DOM,1888,6.16
DOM,1889,6.16
DOM,1890,6.16
DOM,1891,6.16
DOM,1892,6.16
DOM,1893,6.16
DOM,1894,6.16
DOM,1895,6.16
DOM,1896,6.16
DOM,1897,6.16
DOM,1898,6.16
DOM,1899,6.16
DOM,1900,6.16
DOM,1901,6.16
DOM,1902,6.16
DOM,1903,6.16
DOM,1904,6.16
DOM,1905,6.16
DOM,1906,6.16
DOM,1907,6.16
DOM,1908,6.16
DOM,1909,6.16
DOM,1910,6.16
DOM,1911,6.16
DOM,1912,6.16
DOM,1913,6.16
DOM,1914,6.16
DOM,1915,6.16
DOM,1916,6.16
DOM,1917,6.16
DOM,1918,6.16
DOM,1919,6.16
DOM,1920,6.16
DOM,1921,6.16
DOM,1922,6.16
DOM,1923,6.16
DOM,1924,6.16
DOM,1925,6.16
DOM,1926,6.16
DOM,1927,6.16
DOM,1928,6.16
DOM,1929,6.16
DOM,1930,6.16
DOM,1931,6.16
DOM,1932,6.16
DOM,1933,6.16
DOM,1934,6.16
DOM,1935,6.16
DOM,1936,6.25
DOM,1937,6.34
DOM,1938,6.43
DOM,1939,6.52
DOM,1940,6.61
DOM,1941,6.7
DOM,1942,6.79
DOM,1943,6.88
DOM,1944,6.97
DOM,1945,7.06
DOM,1946,7.15
DOM,1947,7.24
DOM,1948,7.33
DOM,1949,7.42
DOM,1950,7.51
DOM,1951,7.54
DOM,1952,7.59
DOM,1953,7.63
DOM,1954,7.66
DOM,1955,7.67
DOM,1956,7.68
DOM,1957,7.67
DOM,1958,7.64
DOM,1959,7.61
DOM,1960,7.56
DOM,1961,7.49
DOM,1962,7.4
DOM,1963,7.3
DOM,1964,7.19
DOM,1965,7.05
DOM,1966,6.9
DOM,1967,6.74
DOM,1968,6.56
DOM,1969,6.38
DOM,1970,6.18
DOM,1971,5.98
DOM,1972,5.78
DOM,1973,5.58
DOM,1974,5.38
DOM,1975,5.19
DOM,1976,5.01
DOM,1977,4.85
DOM,1978,4.69
DOM,1979,4.55
DOM,1980,4.42
DOM,1981,4.3
DOM,1982,4.19
DOM,1983,4.08
DOM,1984,3.98
DOM,1985,3.88
DOM,1986,3.78
DOM,1987,3.7
DOM,1988,3.61
DOM,1989,3.54
DOM,1990,3.47
DOM,1991,3.4
DOM,1992,3.33
DOM,1993,3.26
DOM,1994,3.2
DOM,1995,3.13
DOM,1996,3.07
DOM,1997,3.01
DOM,1998,2.97
DOM,1999,2.93
DOM,2000,2.89
DOM,2001,2.86
DOM,2002,2.84
DOM,2003,2.81
DOM,2004,2.78
DOM,2005,2.75
DOM,2006,2.72
DOM,2007,2.69
DOM,2008,2.65
DOM,2009,2.62
DOM,2010,2.58
DOM,2011,2.55
DOM,2012,2.52
DOM,2013,2.48
DOM,2014,2.45
DOM,2015,2.42
ECU,1800,6.98
ECU,1801,6.98
ECU,1802,6.98
ECU,1803,6.98
ECU,1804,6.98
ECU,1805,6.98
ECU,1806,6.98
ECU,1807,6.98
ECU,1808,6.98
ECU,1809,6.98
ECU,1810,6.98
ECU,1811,6.98
ECU,1812,6.98
ECU,1813,6.98
ECU,1814,6.98
ECU,1815,6.98
ECU,1816,6.98
ECU,1817,6.98
ECU,1818,6.99
ECU,1819,6.99
ECU,1820,6.99
ECU,1821,6.99
ECU,1822,6.99
ECU,1823,6.99
ECU,1824,6.99
ECU,1825,6.99
ECU,1826,6.99
ECU,1827,6.99
ECU,1828,6.99
ECU,1829,6.99
ECU,1830,6.99
ECU,1831,6.99
ECU,1832,6.99
ECU,1833,6.99
ECU,1834,6.99
ECU,1835,6.99
ECU,1836,6.99
ECU,1837,6.99
ECU,1838,6.99
ECU,1839,6.99
ECU,1840,6.99
ECU,1841,6.99
ECU,1842,6.99
ECU,1843,6.99
ECU,1844,6.99
ECU,1845,6.99
ECU,1846,6.99
ECU,1847,6.99
ECU,1848,6.99
ECU,1849,6.99
ECU,1850,6.99
ECU,1851,6.99
ECU,1852,6.99
ECU,1853,6.99
ECU,1854,7
ECU,1855,7
ECU,1856,7
ECU,1857,7
ECU,1858,7
ECU,1859,7
ECU,1860,7
ECU,1861,7
ECU,1862,7
ECU,1863,7
ECU,1864,7
ECU,1865,7
ECU,1866,7
ECU,1867,7
ECU,1868,7
ECU,1869,7
ECU,1870,7
ECU,1871,7
ECU,1872,7
ECU,1873,7
ECU,1874,7
ECU,1875,7
ECU,1876,7
ECU,1877,7
ECU,1878,7
ECU,1879,7
ECU,1880,7
ECU,1881,7
ECU,1882,7
ECU,1883,7
ECU,1884,7
ECU,1885,7
ECU,1886,7
ECU,1887,7
ECU,1888,7
ECU,1889,7
ECU,1890,7.01
ECU,1891,7.01
ECU,1892,7.01
ECU,1893,7.01
ECU,1894,7.01
ECU,1895,7.01
ECU,1896,7.01
ECU,1897,7.01
ECU,1898,7.01
ECU,1899,7.01
ECU,1900,7.01
ECU,1901,7
ECU,1902,6.98
ECU,1903,6.97
ECU,1904,6.96
ECU,1905,6.94
ECU,1906,6.93
ECU,1907,6.92
ECU,1908,6.9
ECU,1909,6.89
ECU,1910,6.88
ECU,1911,6.87
ECU,1912,6.85
ECU,1913,6.84
ECU,1914,6.83
ECU,1915,6.81
ECU,1916,6.8
ECU,1917,6.79
ECU,1918,6.82
ECU,1919,6.86
ECU,1920,6.89
ECU,1921,6.93
ECU,1922,6.96
ECU,1923,7.01
ECU,1924,7.05
ECU,1925,7.09
ECU,1926,7.13
ECU,1927,7.17
ECU,1928,7.15
ECU,1929,7.13
ECU,1930,7.12
ECU,1931,7.1
ECU,1932,7.08
ECU,1933,7.06
ECU,1934,7.03
ECU,1935,7.01
ECU,1936,6.99
ECU,1937,6.96
ECU,1938,6.91
ECU,1939,6.86
ECU,1940,6.82
ECU,1941,6.77
ECU,1942,6.72
ECU,1943,6.71
ECU,1944,6.71
ECU,1945,6.71
ECU,1946,6.7
ECU,1947,6.7
ECU,1948,6.7
ECU,1949,6.69
ECU,1950,6.69
ECU,1951,6.69
ECU,1952,6.71
ECU,1953,6.72
ECU,1954,6.72
ECU,1955,6.72
ECU,1956,6.72
ECU,1957,6.72
ECU,1958,6.71
ECU,1959,6.7
ECU,1960,6.69
ECU,1961,6.67
ECU,1962,6.65
ECU,1963,6.62
ECU,1964,6.59
ECU,1965,6.55
ECU,1966,6.49
ECU,1967,6.42
ECU,1968,6.34
ECU,1969,6.24
ECU,1970,6.13
ECU,1971,6.01
ECU,1972,5.87
ECU,1973,5.74
ECU,1974,5.59
ECU,1975,5.45
ECU,1976,5.3
ECU,1977,5.16
ECU,1978,5.02
ECU,1979,4.88
ECU,1980,4.74
ECU,1981,4.62
ECU,1982,4.51
ECU,1983,4.4
ECU,1984,4.31
ECU,1985,4.22
ECU,1986,4.13
ECU,1987,4.04
ECU,1988,3.96
ECU,1989,3.86
ECU,1990,3.77
ECU,1991,3.67
ECU,1992,3.58
ECU,1993,3.49
ECU,1994,3.41
ECU,1995,3.34
ECU,1996,3.27
ECU,1997,3.21
ECU,1998,3.16
ECU,1999,3.11
ECU,2000,3.07
ECU,2001,3.03
ECU,2002,2.98
ECU,2003,2.94
ECU,2004,2.9
ECU,2005,2.85
ECU,2006,2.81
ECU,2007,2.77
ECU,2008,2.73
ECU,2009,2.69
ECU,2010,2.66
ECU,2011,2.62
ECU,2012,2.59
ECU,2013,2.56
ECU,2014,2.53
ECU,2015,2.5
EGY,1800,6.06
EGY,1801,6.06
EGY,1802,6.06
EGY,1803,6.06
EGY,1804,6.06
EGY,1805,6.06
EGY,1806,6.06
EGY,1807,6.06
EGY,1808,6.06
EGY,1809,6.06
EGY,1810,6.06
EGY,1811,6.06
EGY,1812,6.06
EGY,1813,6.06
EGY,1814,6.06
EGY,1815,6.05
EGY,1816,6.05
EGY,1817,6.05
EGY,1818,6.05
EGY,1819,6.05
EGY,1820,6.05
EGY,1821,6.05
EGY,1822,6.05
EGY,1823,6.05
EGY,1824,6.05
EGY,1825,6.05
EGY,1826,6.05
EGY,1827,6.05
EGY,1828,6.05
EGY,1829,6.05
EGY,1830,6.05
EGY,1831,6.05
EGY,1832,6.05
EGY,1833,6.05
EGY,1834,6.05
EGY,1835,6.05
EGY,1836,6.05
EGY,1837,6.05
EGY,1838,6.05
EGY,1839,6.05
EGY,1840,6.05
EGY,1841,6.05
EGY,1842,6.05
EGY,1843,6.05
EGY,1844,6.05
EGY,1845,6.04
EGY,1846,6.04
EGY,1847,6.04
EGY,1848,6.04
EGY,1849,6.04
EGY,1850,6.04
EGY,1851,6.04
EGY,1852,6.04
EGY,1853,6.04
EGY,1854,6.04
EGY,1855,6.04
EGY,1856,6.04
EGY,1857,6.04
EGY,1858,6.04
EGY,1859,6.04
EGY,1860,6.04
EGY,1861,6.04
EGY,1862,6.04
EGY,1863,6.04
EGY,1864,6.04
EGY,1865,6.04
EGY,1866,6.04
EGY,1867,6.04
EGY,1868,6.04
EGY,1869,6.04
EGY,1870,6.04
EGY,1871,6.04
EGY,1872,6.04
EGY,1873,6.04
EGY,1874,6.04
EGY,1875,6.03
EGY,1876,6.03
EGY,1877,6.03
EGY,1878,6.03
EGY,1879,6.03
EGY,1880,6.03
EGY,1881,6.03
EGY,1882,6.03
EGY,1883,6.03
EGY,1884,6.03
EGY,1885,6.03
EGY,1886,6.03
EGY,1887,6.03
EGY,1888,6.03
EGY,1889,6.03
EGY,1890,6.03
EGY,1891,6.03
EGY,1892,6.03
EGY,1893,6.03
EGY,1894,6.03
EGY,1895,6.03
EGY,1896,6.03
EGY,1897,6.03
EGY,1898,6.03
EGY,1899,6.03
EGY,1900,6.03
EGY,1901,6.03
EGY,1902,6.03
EGY,1903,6.03
EGY,1904,6.03
EGY,1905,6.02
EGY,1906,6.02
EGY,1907,6.02
EGY,1908,6.02
EGY,1909,6.02
EGY,1910,6.02
EGY,1911,6.02
EGY,1912,6.02
EGY,1913,5.99
EGY,1914,5.97
EGY,1915,5.94
EGY,1916,5.97
EGY,1917,5.99
EGY,1918,6.02
EGY,1919,6.05
EGY,1920,6.08
EGY,1921,6.08
EGY,1922,6.07
EGY,1923,6.07
EGY,1924,6.07
EGY,1925,6.07
EGY,1926,6.15
EGY,1927,6.24
EGY,1928,6.33
EGY,1929,6.42
EGY,1930,6.51
EGY,1931,6.4
EGY,1932,6.29
EGY,1933,6.18
EGY,1934,6.07
EGY,1935,5.97
EGY,1936,5.95
EGY,1937,5.93
EGY,1938,5.91
EGY,1939,5.89
EGY,1940,5.87
EGY,1941,5.91
EGY,1942,5.95
EGY,1943,5.99
EGY,1944,6.03
EGY,1945,6.07
EGY,1946,6.17
EGY,1947,6.27
EGY,1948,6.38
EGY,1949,6.48
EGY,1950,6.59
EGY,1951,6.6
EGY,1952,6.62
EGY,1953,6.64
EGY,1954,6.65
EGY,1955,6.66
EGY,1956,6.66
EGY,1957,6.66
EGY,1958,6.66
EGY,1959,6.65
EGY,1960,6.63
EGY,1961,6.61
EGY,1962,6.57
EGY,1963,6.53
EGY,1964,6.47
EGY,1965,6.41
EGY,1966,6.33
EGY,1967,6.24
EGY,1968,6.14
EGY,1969,6.04
EGY,1970,5.94
EGY,1971,5.85
EGY,1972,5.76
EGY,1973,5.69
EGY,1974,5.63
EGY,1975,5.59
EGY,1976,5.55
EGY,1977,5.51
EGY,1978,5.47
EGY,1979,5.42
EGY,1980,5.37
EGY,1981,5.31
EGY,1982,5.25
EGY,1983,5.19
EGY,1984,5.12
EGY,1985,5.05
EGY,1986,4.95
EGY,1987,4.83
EGY,1988,4.68
EGY,1989,4.52
EGY,1990,4.35
EGY,1991,4.18
EGY,1992,4.02
EGY,1993,3.88
EGY,1994,3.76
EGY,1995,3.66
EGY,1996,3.58
EGY,1997,3.51
EGY,1998,3.44
EGY,1999,3.37
EGY,2000,3.31
EGY,2001,3.24
EGY,2002,3.18
EGY,2003,3.13
EGY,2004,3.09
EGY,2005,3.05
EGY,2006,3.02
EGY,2007,2.99
EGY,2008,2.95
EGY,2009,2.92
EGY,2010,2.88
EGY,2011,2.85
EGY,2012,2.81
EGY,2013,2.77
EGY,2014,2.73
EGY,2015,2.7
SLV,1800,5.9
SLV,1801,5.9
SLV,1802,5.9
SLV,1803,5.9
SLV,1804,5.9
SLV,1805,5.9
SLV,1806,5.9
SLV,1807,5.9
SLV,1808,5.9
SLV,1809,5.9
SLV,1810,5.9
SLV,1811,5.9
SLV,1812,5.9
SLV,1813,5.9
SLV,1814,5.9
SLV,1815,5.9
SLV,1816,5.9
SLV,1817,5.9
SLV,1818,5.9
SLV,1819,5.9
SLV,1820,5.9
SLV,1821,5.9
SLV,1822,5.9
SLV,1823,5.9
SLV,1824,5.9
SLV,1825,5.9
SLV,1826,5.9
SLV,1827,5.9
SLV,1828,5.9
SLV,1829,5.9
SLV,1830,5.9
SLV,1831,5.9
SLV,1832,5.9
SLV,1833,5.9
SLV,1834,5.9
SLV,1835,5.9
SLV,1836,5.9
SLV,1837,5.9
SLV,1838,5.9
SLV,1839,5.9
SLV,1840,5.9
SLV,1841,5.9
SLV,1842,5.9
SLV,1843,5.9
SLV,1844,5.9
SLV,1845,5.9
SLV,1846,5.9
SLV,1847,5.9
SLV,1848,5.9
SLV,1849,5.9
SLV,1850,5.9
SLV,1851,5.9
SLV,1852,5.9
SLV,1853,5.9
SLV,1854,5.9
SLV,1855,5.9
SLV,1856,5.9
SLV,1857,5.9
SLV,1858,5.9
SLV,1859,5.9
SLV,1860,5.9
SLV,1861,5.9
SLV,1862,5.9
SLV,1863,5.9
SLV,1864,5.9
SLV,1865,5.9
SLV,1866,5.9
SLV,1867,5.9
SLV,1868,5.9
SLV,1869,5.9
SLV,1870,5.9
SLV,1871,5.9
SLV,1872,5.9
SLV,1873,5.9
SLV,1874,5.9
SLV,1875,5.9
SLV,1876,5.9
SLV,1877,5.9
SLV,1878,5.9
SLV,1879,5.9
SLV,1880,5.9
SLV,1881,5.9
SLV,1882,5.9
SLV,1883,5.9
SLV,1884,5.9
SLV,1885,5.9
SLV,1886,5.9
SLV,1887,5.9
SLV,1888,5.9
SLV,1889,5.9
SLV,1890,5.9
SLV,1891,5.9
SLV,1892,5.9
SLV,1893,5.9
SLV,1894,5.9
SLV,1895,5.9
SLV,1896,5.9
SLV,1897,5.9
SLV,1898,5.9
SLV,1899,5.9
SLV,1900,5.9
SLV,1901,5.88
SLV,1902,5.87
SLV,1903,5.86
SLV,1904,5.85
SLV,1905,5.85
SLV,1906,5.84
SLV,1907,5.83
SLV,1908,5.86
SLV,1909,5.89
SLV,1910,5.93
SLV,1911,5.96
SLV,1912,5.99
SLV,1913,5.94
SLV,1914,5.89
SLV,1915,5.85
SLV,1916,5.8
SLV,1917,5.75
SLV,1918,5.85
SLV,1919,5.95
SLV,1920,6.05
SLV,1921,6.15
SLV,1922,6.24
SLV,1923,6.26
SLV,1924,6.27
SLV,1925,6.28
SLV,1926,6.3
SLV,1927,6.31
SLV,1928,6.3
SLV,1929,6.28
SLV,1930,6.26
SLV,1931,6.25
SLV,1932,6.23
SLV,1933,6.2
SLV,1934,6.17
SLV,1935,6.14
SLV,1936,6.11
SLV,1937,6.08
SLV,1938,6.08
SLV,1939,6.07
SLV,1940,6.07
SLV,1941,6.06
SLV,1942,6.06
SLV,1943,6.05
SLV,1944,6.04
SLV,1945,6.02
SLV,1946,6.01
SLV,1947,6
SLV,1948,6.05
SLV,1949,6.11
SLV,1950,6.16
SLV,1951,6.19
SLV,1952,6.27
SLV,1953,6.33
SLV,1954,6.4
SLV,1955,6.47
SLV,1956,6.53
SLV,1957,6.59
SLV,1958,6.65
SLV,1959,6.69
SLV,1960,6.73
SLV,1961,6.75
SLV,1962,6.75
SLV,1963,6.74
SLV,1964,6.7
SLV,1965,6.64
SLV,1966,6.57
SLV,1967,6.49
SLV,1968,6.4
SLV,1969,6.3
SLV,1970,6.2
SLV,1971,6.11
SLV,1972,6.01
SLV,1973,5.91
SLV,1974,5.82
SLV,1975,5.72
SLV,1976,5.62
SLV,1977,5.51
SLV,1978,5.39
SLV,1979,5.27
SLV,1980,5.14
SLV,1981,5
SLV,1982,4.87
SLV,1983,4.74
SLV,1984,4.61
SLV,1985,4.49
SLV,1986,4.37
SLV,1987,4.26
SLV,1988,4.15
SLV,1989,4.05
SLV,1990,3.95
SLV,1991,3.86
SLV,1992,3.78
SLV,1993,3.7
SLV,1994,3.61
SLV,1995,3.53
SLV,1996,3.43
SLV,1997,3.32
SLV,1998,3.2
SLV,1999,3.07
SLV,2000,2.93
SLV,2001,2.8
SLV,2002,2.68
SLV,2003,2.58
SLV,2004,2.5
SLV,2005,2.43
SLV,2006,2.39
SLV,2007,2.35
SLV,2008,2.32
SLV,2009,2.29
SLV,2010,2.26
SLV,2011,2.24
SLV,2012,2.21
SLV,2013,2.18
SLV,2014,2.16
SLV,2015,2.14
GNQ,1800,5.51
GNQ,1801,5.51
GNQ,1802,5.51
GNQ,1803,5.51
GNQ,1804,5.51
GNQ,1805,5.51
GNQ,1806,5.51
GNQ,1807,5.51
GNQ,1808,5.51
GNQ,1809,5.51
GNQ,1810,5.51
GNQ,1811,5.51
GNQ,1812,5.51
GNQ,1813,5.51
GNQ,1814,5.51
GNQ,1815,5.51
GNQ,1816,5.51
GNQ,1817,5.51
GNQ,1818,5.51
GNQ,1819,5.51
GNQ,1820,5.51
GNQ,1821,5.51
GNQ,1822,5.51
GNQ,1823,5.51
GNQ,1824,5.51
GNQ,1825,5.51
GNQ,1826,5.51
GNQ,1827,5.51
GNQ,1828,5.51
GNQ,1829,5.51
GNQ,1830,5.51
GNQ,1831,5.51
GNQ,1832,5.51
GNQ,1833,5.51
GNQ,1834,5.51
GNQ,1835,5.51
GNQ,1836,5.51
GNQ,1837,5.51
GNQ,1838,5.51
GNQ,1839,5.51
GNQ,1840,5.51
GNQ,1841,5.51
GNQ,1842,5.51
GNQ,1843,5.51
GNQ,1844,5.51
GNQ,1845,5.51
GNQ,1846,5.51
GNQ,1847,5.51
GNQ,1848,5.51
GNQ,1849,5.51
GNQ,1850,5.51
GNQ,1851,5.51
GNQ,1852,5.51
GNQ,1853,5.51
GNQ,1854,5.51
GNQ,1855,5.51
GNQ,1856,5.51
GNQ,1857,5.51
GNQ,1858,5.51
GNQ,1859,5.51
GNQ,1860,5.51
GNQ,1861,5.51
GNQ,1862,5.51
GNQ,1863,5.51
GNQ,1864,5.51
GNQ,1865,5.51
GNQ,1866,5.51
GNQ,1867,5.51
GNQ,1868,5.51
GNQ,1869,5.51
GNQ,1870,5.51
GNQ,1871,5.51
GNQ,1872,5.51
GNQ,1873,5.51
GNQ,1874,5.51
GNQ,1875,5.51
GNQ,1876,5.51
GNQ,1877,5.51
GNQ,1878,5.51
GNQ,1879,5.51
GNQ,1880,5.51
GNQ,1881,5.51
GNQ,1882,5.51
GNQ,1883,5.51
GNQ,1884,5.51
GNQ,1885,5.51
GNQ,1886,5.51
GNQ,1887,5.51
GNQ,1888,5.51
GNQ,1889,5.51
GNQ,1890,5.51
GNQ,1891,5.51
GNQ,1892,5.51
GNQ,1893,5.51
GNQ,1894,5.51
GNQ,1895,5.51
GNQ,1896,5.51
GNQ,1897,5.51
GNQ,1898,5.51
GNQ,1899,5.51
GNQ,1900,5.51
GNQ,1901,5.51
GNQ,1902,5.51
GNQ,1903,5.51
GNQ,1904,5.51
GNQ,1905,5.51
GNQ,1906,5.51
GNQ,1907,5.51
GNQ,1908,5.51
GNQ,1909,5.51
GNQ,1910,5.51
GNQ,1911,5.51
GNQ,1912,5.51
GNQ,1913,5.51
GNQ,1914,5.51
GNQ,1915,5.51
GNQ,1916,5.51
GNQ,1917,5.51
GNQ,1918,5.51
GNQ,1919,5.51
GNQ,1920,5.51
GNQ,1921,5.51
GNQ,1922,5.51
GNQ,1923,5.51
GNQ,1924,5.51
GNQ,1925,5.51
GNQ,1926,5.51
GNQ,1927,5.51
GNQ,1928,5.51
GNQ,1929,5.51
GNQ,1930,5.51
GNQ,1931,5.51
GNQ,1932,5.51
GNQ,1933,5.51
GNQ,1934,5.51
GNQ,1935,5.51
GNQ,1936,5.51
GNQ,1937,5.51
GNQ,1938,5.51
GNQ,1939,5.51
GNQ,1940,5.51
GNQ,1941,5.51
GNQ,1942,5.51
GNQ,1943,5.51
GNQ,1944,5.51
GNQ,1945,5.51
GNQ,1946,5.51
GNQ,1947,5.51
GNQ,1948,5.51
GNQ,1949,5.51
GNQ,1950,5.51
GNQ,1951,5.5
GNQ,1952,5.5
GNQ,1953,5.5
GNQ,1954,5.5
GNQ,1955,5.5
GNQ,1956,5.5
GNQ,1957,5.5
GNQ,1958,5.5
GNQ,1959,5.5
GNQ,1960,5.51
GNQ,1961,5.52
GNQ,1962,5.53
GNQ,1963,5.55
GNQ,1964,5.57
GNQ,1965,5.6
GNQ,1966,5.62
GNQ,1967,5.64
GNQ,1968,5.66
GNQ,1969,5.67
GNQ,1970,5.68
GNQ,1971,5.68
GNQ,1972,5.68
GNQ,1973,5.68
GNQ,1974,5.68
GNQ,1975,5.67
GNQ,1976,5.68
GNQ,1977,5.68
GNQ,1978,5.69
GNQ,1979,5.71
GNQ,1980,5.73
GNQ,1981,5.75
GNQ,1982,5.78
GNQ,1983,5.8
GNQ,1984,5.83
GNQ,1985,5.85
GNQ,1986,5.87
GNQ,1987,5.88
GNQ,1988,5.89
GNQ,1989,5.9
GNQ,1990,5.9
GNQ,1991,5.9
GNQ,1992,5.9
GNQ,1993,5.9
GNQ,1994,5.9
GNQ,1995,5.9
GNQ,1996,5.89
GNQ,1997,5.87
GNQ,1998,5.85
GNQ,1999,5.81
GNQ,2000,5.77
GNQ,2001,5.73
GNQ,2002,5.68
GNQ,2003,5.63
GNQ,2004,5.57
GNQ,2005,5.52
GNQ,2006,5.46
GNQ,2007,5.39
GNQ,2008,5.31
GNQ,2009,5.23
GNQ,2010,5.14
GNQ,2011,5.04
GNQ,2012,4.95
GNQ,2013,4.85
GNQ,2014,4.75
GNQ,2015,4.65
ERI,1800,6.96
ERI,1801,6.96
ERI,1802,6.96
ERI,1803,6.96
ERI,1804,6.96
ERI,1805,6.96
ERI,1806,6.96
ERI,1807,6.96
ERI,1808,6.96
ERI,1809,6.96
ERI,1810,6.96
ERI,1811,6.96
ERI,1812,6.96
ERI,1813,6.96
ERI,1814,6.96
ERI,1815,6.96
ERI,1816,6.96
ERI,1817,6.96
ERI,1818,6.96
ERI,1819,6.96
ERI,1820,6.96
ERI,1821,6.96
ERI,1822,6.96
ERI,1823,6.96
ERI,1824,6.96
ERI,1825,6.96
ERI,1826,6.96
ERI,1827,6.96
ERI,1828,6.96
ERI,1829,6.96
ERI,1830,6.96
ERI,1831,6.96
ERI,1832,6.96
ERI,1833,6.96
ERI,1834,6.96
ERI,1835,6.96
ERI,1836,6.96
ERI,1837,6.96
ERI,1838,6.96
ERI,1839,6.96
ERI,1840,6.96
ERI,1841,6.96
ERI,1842,6.96
ERI,1843,6.96
ERI,1844,6.96
ERI,1845,6.96
ERI,1846,6.96
ERI,1847,6.96
ERI,1848,6.96
ERI,1849,6.96
ERI,1850,6.96
ERI,1851,6.96
ERI,1852,6.96
ERI,1853,6.96
ERI,1854,6.96
ERI,1855,6.96
ERI,1856,6.96
ERI,1857,6.96
ERI,1858,6.96
ERI,1859,6.96
ERI,1860,6.96
ERI,1861,6.96
ERI,1862,6.96
ERI,1863,6.96
ERI,1864,6.96
ERI,1865,6.96
ERI,1866,6.96
ERI,1867,6.96
ERI,1868,6.96
ERI,1869,6.96
ERI,1870,6.96
ERI,1871,6.96
ERI,1872,6.96
ERI,1873,6.96
ERI,1874,6.96
ERI,1875,6.96
ERI,1876,6.96
ERI,1877,6.96
ERI,1878,6.96
ERI,1879,6.96
ERI,1880,6.96
ERI,1881,6.96
ERI,1882,6.96
ERI,1883,6.96
ERI,1884,6.96
ERI,1885,6.96
ERI,1886,6.96
ERI,1887,6.96
ERI,1888,6.96
ERI,1889,6.96
ERI,1890,6.96
ERI,1891,6.96
ERI,1892,6.96
ERI,1893,6.96
ERI,1894,6.96
ERI,1895,6.96
ERI,1896,6.96
ERI,1897,6.96
ERI,1898,6.96
ERI,1899,6.96
ERI,1900,6.96
ERI,1901,6.96
ERI,1902,6.96
ERI,1903,6.96
ERI,1904,6.96
ERI,1905,6.96
ERI,1906,6.96
ERI,1907,6.96
ERI,1908,6.96
ERI,1909,6.96
ERI,1910,6.96
ERI,1911,6.96
ERI,1912,6.96
ERI,1913,6.96
ERI,1914,6.96
ERI,1915,6.96
ERI,1916,6.96
ERI,1917,6.96
ERI,1918,6.96
ERI,1919,6.96
ERI,1920,6.96
ERI,1921,6.96
ERI,1922,6.96
ERI,1923,6.96
ERI,1924,6.96
ERI,1925,6.96
ERI,1926,6.96
ERI,1927,6.96
ERI,1928,6.96
ERI,1929,6.95
ERI,1930,6.95
ERI,1931,6.95
ERI,1932,6.95
ERI,1933,6.95
ERI,1934,6.95
ERI,1935,6.95
ERI,1936,6.94
ERI,1937,6.94
ERI,1938,6.94
ERI,1939,6.94
ERI,1940,6.94
ERI,1941,6.94
ERI,1942,6.94
ERI,1943,6.93
ERI,1944,6.93
ERI,1945,6.93
ERI,1946,6.93
ERI,1947,6.93
ERI,1948,6.93
ERI,1949,6.93
ERI,1950,6.92
ERI,1951,6.94
ERI,1952,6.96
ERI,1953,6.98
ERI,1954,6.99
ERI,1955,6.99
ERI,1956,6.98
ERI,1957,6.97
ERI,1958,6.95
ERI,1959,6.93
ERI,1960,6.9
ERI,1961,6.87
ERI,1962,6.84
ERI,1963,6.81
ERI,1964,6.78
ERI,1965,6.75
ERI,1966,6.73
ERI,1967,6.71
ERI,1968,6.69
ERI,1969,6.67
ERI,1970,6.65
ERI,1971,6.64
ERI,1972,6.63
ERI,1973,6.62
ERI,1974,6.62
ERI,1975,6.61
ERI,1976,6.62
ERI,1977,6.62
ERI,1978,6.62
ERI,1979,6.63
ERI,1980,6.63
ERI,1981,6.63
ERI,1982,6.62
ERI,1983,6.61
ERI,1984,6.59
ERI,1985,6.57
ERI,1986,6.55
ERI,1987,6.54
ERI,1988,6.52
ERI,1989,6.5
ERI,1990,6.49
ERI,1991,6.47
ERI,1992,6.44
ERI,1993,6.4
ERI,1994,6.35
ERI,1995,6.29
ERI,1996,6.23
ERI,1997,6.16
ERI,1998,6.09
ERI,1999,6.02
ERI,2000,5.94
ERI,2001,5.86
ERI,2002,5.77
ERI,2003,5.68
ERI,2004,5.58
ERI,2005,5.48
ERI,2006,5.37
ERI,2007,5.27
ERI,2008,5.16
ERI,2009,5.06
ERI,2010,4.97
ERI,2011,4.88
ERI,2012,4.79
ERI,2013,4.7
ERI,2014,4.61
ERI,2015,4.52
EST,1800,5.59
EST,1801,5.5
EST,1802,5.41
EST,1803,5.32
EST,1804,5.25
EST,1805,5.18
EST,1806,5.1
EST,1807,5.03
EST,1808,4.96
EST,1809,4.97
EST,1810,4.99
EST,1811,5.01
EST,1812,5.02
EST,1813,5.04
EST,1814,5.02
EST,1815,5
EST,1816,4.97
EST,1817,4.95
EST,1818,4.93
EST,1819,4.97
EST,1820,5.01
EST,1821,5.05
EST,1822,5.09
EST,1823,5.13
EST,1824,5.12
EST,1825,5.11
EST,1826,5.09
EST,1827,5.08
EST,1828,5.07
EST,1829,5.03
EST,1830,5
EST,1831,4.96
EST,1832,4.93
EST,1833,4.89
EST,1834,4.82
EST,1835,4.75
EST,1836,4.68
EST,1837,4.61
EST,1838,4.54
EST,1839,4.51
EST,1840,4.48
EST,1841,4.45
EST,1842,4.42
EST,1843,4.4
EST,1844,4.38
EST,1845,4.37
EST,1846,4.36
EST,1847,4.34
EST,1848,4.33
EST,1849,4.39
EST,1850,4.46
EST,1851,4.52
EST,1852,4.59
EST,1853,4.65
EST,1854,4.66
EST,1855,4.68
EST,1856,4.69
EST,1857,4.7
EST,1858,4.72
EST,1859,4.82
EST,1860,4.93
EST,1861,5.03
EST,1862,5.13
EST,1863,5.24
EST,1864,5.04
EST,1865,4.85
EST,1866,4.65
EST,1867,4.46
EST,1868,4.26
EST,1869,4.31
EST,1870,4.36
EST,1871,4.41
EST,1872,4.46
EST,1873,4.52
EST,1874,4.46
EST,1875,4.4
EST,1876,4.35
EST,1877,4.29
EST,1878,4.23
EST,1879,4.2
EST,1880,4.16
EST,1881,4.13
EST,1882,4.1
EST,1883,4.06
EST,1884,4.04
EST,1885,4.01
EST,1886,3.99
EST,1887,3.96
EST,1888,3.94
EST,1889,3.9
EST,1890,3.87
EST,1891,3.84
EST,1892,3.8
EST,1893,3.77
EST,1894,3.79
EST,1895,3.82
EST,1896,3.85
EST,1897,3.88
EST,1898,3.91
EST,1899,3.89
EST,1900,3.88
EST,1901,3.86
EST,1902,3.84
EST,1903,3.82
EST,1904,3.76
EST,1905,3.7
EST,1906,3.63
EST,1907,3.57
EST,1908,3.51
EST,1909,3.47
EST,1910,3.43
EST,1911,3.38
EST,1912,3.34
EST,1913,3.3
EST,1914,3.15
EST,1915,3.01
EST,1916,2.87
EST,1917,2.73
EST,1918,2.59
EST,1919,2.58
EST,1920,2.57
EST,1921,2.56
EST,1922,2.55
EST,1923,2.54
EST,1924,2.53
EST,1925,2.52
EST,1926,2.51
EST,1927,2.47
EST,1928,2.42
EST,1929,2.38
EST,1930,2.33
EST,1931,2.29
EST,1932,2.25
EST,1933,2.21
EST,1934,2.17
EST,1935,2.13
EST,1936,2.14
EST,1937,2.14
EST,1938,2.15
EST,1939,2.15
EST,1940,2.16
EST,1941,2.15
EST,1942,2.14
EST,1943,2.14
EST,1944,2.13
EST,1945,2.12
EST,1946,2.12
EST,1947,2.11
EST,1948,2.1
EST,1949,2.1
EST,1950,2.09
EST,1951,2.08
EST,1952,2.07
EST,1953,2.05
EST,1954,2.04
EST,1955,2.02
EST,1956,2.01
EST,1957,1.99
EST,1958,1.98
EST,1959,1.96
EST,1960,1.95
EST,1961,1.95
EST,1962,1.94
EST,1963,1.95
EST,1964,1.95
EST,1965,1.97
EST,1966,1.99
EST,1967,2.01
EST,1968,2.04
EST,1969,2.07
EST,1970,2.1
EST,1971,2.12
EST,1972,2.13
EST,1973,2.13
EST,1974,2.13
EST,1975,2.11
EST,1976,2.1
EST,1977,2.08
EST,1978,2.07
EST,1979,2.06
EST,1980,2.06
EST,1981,2.08
EST,1982,2.1
EST,1983,2.13
EST,1984,2.17
EST,1985,2.19
EST,1986,2.19
EST,1987,2.17
EST,1988,2.12
EST,1989,2.04
EST,1990,1.94
EST,1991,1.83
EST,1992,1.71
EST,1993,1.6
EST,1994,1.51
EST,1995,1.43
EST,1996,1.38
EST,1997,1.34
EST,1998,1.32
EST,1999,1.31
EST,2000,1.32
EST,2001,1.34
EST,2002,1.38
EST,2003,1.42
EST,2004,1.47
EST,2005,1.52
EST,2006,1.57
EST,2007,1.6
EST,2008,1.62
EST,2009,1.63
EST,2010,1.63
EST,2011,1.62
EST,2012,1.61
EST,2013,1.6
EST,2014,1.61
EST,2015,1.62
ETH,1800,7.17
ETH,1801,7.17
ETH,1802,7.17
ETH,1803,7.17
ETH,1804,7.17
ETH,1805,7.17
ETH,1806,7.17
ETH,1807,7.17
ETH,1808,7.17
ETH,1809,7.17
ETH,1810,7.17
ETH,1811,7.17
ETH,1812,7.17
ETH,1813,7.17
ETH,1814,7.17
ETH,1815,7.17
ETH,1816,7.17
ETH,1817,7.17
ETH,1818,7.17
ETH,1819,7.17
ETH,1820,7.17
ETH,1821,7.17
ETH,1822,7.17
ETH,1823,7.17
ETH,1824,7.17
ETH,1825,7.17
ETH,1826,7.17
ETH,1827,7.17
ETH,1828,7.17
ETH,1829,7.17
ETH,1830,7.17
ETH,1831,7.17
ETH,1832,7.17
ETH,1833,7.17
ETH,1834,7.17
ETH,1835,7.17
ETH,1836,7.17
ETH,1837,7.17
ETH,1838,7.17
ETH,1839,7.17
ETH,1840,7.17
ETH,1841,7.17
ETH,1842,7.17
ETH,1843,7.17
ETH,1844,7.17
ETH,1845,7.17
ETH,1846,7.17
ETH,1847,7.17
ETH,1848,7.17
ETH,1849,7.17
ETH,1850,7.17
ETH,1851,7.17
ETH,1852,7.17
ETH,1853,7.17
ETH,1854,7.17
ETH,1855,7.17
ETH,1856,7.17
ETH,1857,7.17
ETH,1858,7.17
ETH,1859,7.17
ETH,1860,7.17
ETH,1861,7.17
ETH,1862,7.17
ETH,1863,7.17
ETH,1864,7.17
ETH,1865,7.17
ETH,1866,7.17
ETH,1867,7.17
ETH,1868,7.17
ETH,1869,7.17
ETH,1870,7.17
ETH,1871,7.17
ETH,1872,7.17
ETH,1873,7.17
ETH,1874,7.17
ETH,1875,7.17
ETH,1876,7.17
ETH,1877,7.17
ETH,1878,7.17
ETH,1879,7.17
ETH,1880,7.17
ETH,1881,7.17
ETH,1882,7.17
ETH,1883,7.17
ETH,1884,7.17
ETH,1885,7.17
ETH,1886,7.17
ETH,1887,7.17
ETH,1888,7.17
ETH,1889,7.17
ETH,1890,7.17
ETH,1891,7.17
ETH,1892,7.17
ETH,1893,7.17
ETH,1894,7.17
ETH,1895,7.17
ETH,1896,7.17
ETH,1897,7.17
ETH,1898,7.17
ETH,1899,7.17
ETH,1900,7.17
ETH,1901,7.17
ETH,1902,7.17
ETH,1903,7.17
ETH,1904,7.17
ETH,1905,7.17
ETH,1906,7.17
ETH,1907,7.17
ETH,1908,7.17
ETH,1909,7.17
ETH,1910,7.17
ETH,1911,7.17
ETH,1912,7.17
ETH,1913,7.17
ETH,1914,7.17
ETH,1915,7.17
ETH,1916,7.17
ETH,1917,7.17
ETH,1918,7.17
ETH,1919,7.17
ETH,1920,7.17
ETH,1921,7.17
ETH,1922,7.17
ETH,1923,7.17
ETH,1924,7.17
ETH,1925,7.17
ETH,1926,7.18
ETH,1927,7.18
ETH,1928,7.19
ETH,1929,7.2
ETH,1930,7.21
ETH,1931,7.21
ETH,1932,7.22
ETH,1933,7.23
ETH,1934,7.23
ETH,1935,7.24
ETH,1936,7.25
ETH,1937,7.26
ETH,1938,7.26
ETH,1939,7.27
ETH,1940,7.28
ETH,1941,7.29
ETH,1942,7.29
ETH,1943,7.3
ETH,1944,7.31
ETH,1945,7.31
ETH,1946,7.32
ETH,1947,7.33
ETH,1948,7.34
ETH,1949,7.34
ETH,1950,7.35
ETH,1951,7.3
ETH,1952,7.2
ETH,1953,7.12
ETH,1954,7.05
ETH,1955,6.99
ETH,1956,6.95
ETH,1957,6.92
ETH,1958,6.9
ETH,1959,6.89
ETH,1960,6.88
ETH,1961,6.88
ETH,1962,6.88
ETH,1963,6.87
ETH,1964,6.87
ETH,1965,6.86
ETH,1966,6.87
ETH,1967,6.88
ETH,1968,6.9
ETH,1969,6.94
ETH,1970,6.98
ETH,1971,7.02
ETH,1972,7.06
ETH,1973,7.09
ETH,1974,7.12
ETH,1975,7.14
ETH,1976,7.17
ETH,1977,7.2
ETH,1978,7.23
ETH,1979,7.27
ETH,1980,7.32
ETH,1981,7.36
ETH,1982,7.4
ETH,1983,7.42
ETH,1984,7.44
ETH,1985,7.44
ETH,1986,7.42
ETH,1987,7.39
ETH,1988,7.35
ETH,1989,7.3
ETH,1990,7.25
ETH,1991,7.19
ETH,1992,7.14
ETH,1993,7.09
ETH,1994,7.05
ETH,1995,7
ETH,1996,6.94
ETH,1997,6.86
ETH,1998,6.77
ETH,1999,6.66
ETH,2000,6.53
ETH,2001,6.38
ETH,2002,6.22
ETH,2003,6.05
ETH,2004,5.87
ETH,2005,5.69
ETH,2006,5.52
ETH,2007,5.35
ETH,2008,5.19
ETH,2009,5.04
ETH,2010,4.9
ETH,2011,4.77
ETH,2012,4.64
ETH,2013,4.52
ETH,2014,4.4
ETH,2015,4.28
FJI,1800,6.45
FJI,1801,6.45
FJI,1802,6.45
FJI,1803,6.45
FJI,1804,6.45
FJI,1805,6.45
FJI,1806,6.45
FJI,1807,6.45
FJI,1808,6.45
FJI,1809,6.45
FJI,1810,6.45
FJI,1811,6.45
FJI,1812,6.45
FJI,1813,6.45
FJI,1814,6.45
FJI,1815,6.45
FJI,1816,6.45
FJI,1817,6.45
FJI,1818,6.45
FJI,1819,6.45
FJI,1820,6.45
FJI,1821,6.45
FJI,1822,6.45
FJI,1823,6.45
FJI,1824,6.45
FJI,1825,6.45
FJI,1826,6.45
FJI,1827,6.45
FJI,1828,6.45
FJI,1829,6.45
FJI,1830,6.45
FJI,1831,6.45
FJI,1832,6.45
FJI,1833,6.45
FJI,1834,6.45
FJI,1835,6.45
FJI,1836,6.45
FJI,1837,6.45
FJI,1838,6.45
FJI,1839,6.45
FJI,1840,6.45
FJI,1841,6.45
FJI,1842,6.45
FJI,1843,6.45
FJI,1844,6.45
FJI,1845,6.45
FJI,1846,6.45
FJI,1847,6.45
FJI,1848,6.45
FJI,1849,6.45
FJI,1850,6.45
FJI,1851,6.45
FJI,1852,6.45
FJI,1853,6.45
FJI,1854,6.45
FJI,1855,6.45
FJI,1856,6.45
FJI,1857,6.45
FJI,1858,6.45
FJI,1859,6.45
FJI,1860,6.45
FJI,1861,6.45
FJI,1862,6.45
FJI,1863,6.45
FJI,1864,6.45
FJI,1865,6.45
FJI,1866,6.45
FJI,1867,6.45
FJI,1868,6.45
FJI,1869,6.45
FJI,1870,6.45
FJI,1871,6.45
FJI,1872,6.45
FJI,1873,6.45
FJI,1874,6.45
FJI,1875,6.45
FJI,1876,6.45
FJI,1877,6.45
FJI,1878,6.45
FJI,1879,6.45
FJI,1880,6.45
FJI,1881,6.45
FJI,1882,6.45
FJI,1883,6.45
FJI,1884,6.45
FJI,1885,6.45
FJI,1886,6.45
FJI,1887,6.45
FJI,1888,6.45
FJI,1889,6.45
FJI,1890,6.45
FJI,1891,6.45
FJI,1892,6.45
FJI,1893,6.45
FJI,1894,6.45
FJI,1895,6.45
FJI,1896,6.45
FJI,1897,6.45
FJI,1898,6.45
FJI,1899,6.45
FJI,1900,6.45
FJI,1901,6.39
FJI,1902,6.34
FJI,1903,6.28
FJI,1904,6.23
FJI,1905,6.17
FJI,1906,6.12
FJI,1907,6.06
FJI,1908,6.01
FJI,1909,5.95
FJI,1910,5.89
FJI,1911,5.84
FJI,1912,5.78
FJI,1913,5.73
FJI,1914,5.67
FJI,1915,5.62
FJI,1916,5.56
FJI,1917,5.51
FJI,1918,5.45
FJI,1919,5.39
FJI,1920,5.34
FJI,1921,5.28
FJI,1922,5.23
FJI,1923,5.17
FJI,1924,5.12
FJI,1925,5.06
FJI,1926,5.01
FJI,1927,4.95
FJI,1928,4.89
FJI,1929,4.84
FJI,1930,4.78
FJI,1931,4.81
FJI,1932,4.84
FJI,1933,4.86
FJI,1934,4.89
FJI,1935,4.92
FJI,1936,4.97
FJI,1937,5.02
FJI,1938,5.07
FJI,1939,5.12
FJI,1940,5.17
FJI,1941,5.21
FJI,1942,5.24
FJI,1943,5.28
FJI,1944,5.31
FJI,1945,5.35
FJI,1946,5.54
FJI,1947,5.73
FJI,1948,5.92
FJI,1949,6.11
FJI,1950,6.3
FJI,1951,6.4
FJI,1952,6.59
FJI,1953,6.73
FJI,1954,6.82
FJI,1955,6.87
FJI,1956,6.87
FJI,1957,6.83
FJI,1958,6.74
FJI,1959,6.62
FJI,1960,6.46
FJI,1961,6.28
FJI,1962,6.09
FJI,1963,5.88
FJI,1964,5.68
FJI,1965,5.48
FJI,1966,5.28
FJI,1967,5.08
FJI,1968,4.89
FJI,1969,4.71
FJI,1970,4.54
FJI,1971,4.4
FJI,1972,4.28
FJI,1973,4.18
FJI,1974,4.11
FJI,1975,4.05
FJI,1976,4.02
FJI,1977,3.99
FJI,1978,3.97
FJI,1979,3.94
FJI,1980,3.91
FJI,1981,3.86
FJI,1982,3.81
FJI,1983,3.76
FJI,1984,3.69
FJI,1985,3.63
FJI,1986,3.57
FJI,1987,3.51
FJI,1988,3.47
FJI,1989,3.43
FJI,1990,3.4
FJI,1991,3.37
FJI,1992,3.35
FJI,1993,3.33
FJI,1994,3.31
FJI,1995,3.28
FJI,1996,3.24
FJI,1997,3.21
FJI,1998,3.17
FJI,1999,3.13
FJI,2000,3.09
FJI,2001,3.05
FJI,2002,3
FJI,2003,2.95
FJI,2004,2.91
FJI,2005,2.86
FJI,2006,2.82
FJI,2007,2.77
FJI,2008,2.74
FJI,2009,2.7
FJI,2010,2.67
FJI,2011,2.64
FJI,2012,2.62
FJI,2013,2.59
FJI,2014,2.56
FJI,2015,2.54
FIN,1800,4.92
FIN,1801,5.07
FIN,1802,5.23
FIN,1803,4.78
FIN,1804,5.24
FIN,1805,5.21
FIN,1806,4.84
FIN,1807,4.97
FIN,1808,4.16
FIN,1809,3.69
FIN,1810,5.1
FIN,1811,4.66
FIN,1812,4.95
FIN,1813,4.6
FIN,1814,4.72
FIN,1815,4.84
FIN,1816,4.82
FIN,1817,4.84
FIN,1818,4.78
FIN,1819,4.51
FIN,1820,4.55
FIN,1821,5.34
FIN,1822,4.59
FIN,1823,5.21
FIN,1824,4.84
FIN,1825,4.83
FIN,1826,4.89
FIN,1827,4.77
FIN,1828,5.12
FIN,1829,4.98
FIN,1830,4.85
FIN,1831,4.58
FIN,1832,4.47
FIN,1833,3.96
FIN,1834,4.75
FIN,1835,4.57
FIN,1836,4.17
FIN,1837,4.17
FIN,1838,4.32
FIN,1839,4.47
FIN,1840,4.59
FIN,1841,4.56
FIN,1842,4.96
FIN,1843,4.77
FIN,1844,4.64
FIN,1845,4.76
FIN,1846,4.39
FIN,1847,4.46
FIN,1848,4.84
FIN,1849,4.92
FIN,1850,4.78
FIN,1851,5.17
FIN,1852,4.79
FIN,1853,4.8
FIN,1854,5.02
FIN,1855,4.82
FIN,1856,4.86
FIN,1857,4.48
FIN,1858,4.87
FIN,1859,4.74
FIN,1860,4.84
FIN,1861,5.2
FIN,1862,5.03
FIN,1863,4.85
FIN,1864,5.28
FIN,1865,4.79
FIN,1866,4.46
FIN,1867,4.47
FIN,1868,3.4
FIN,1869,4.52
FIN,1870,4.86
FIN,1871,4.95
FIN,1872,4.87
FIN,1873,4.97
FIN,1874,5.12
FIN,1875,4.95
FIN,1876,4.97
FIN,1877,5.19
FIN,1878,4.81
FIN,1879,5.14
FIN,1880,5.01
FIN,1881,4.79
FIN,1882,4.99
FIN,1883,4.96
FIN,1884,5.04
FIN,1885,4.79
FIN,1886,4.98
FIN,1887,5.17
FIN,1888,5.07
FIN,1889,4.89
FIN,1890,4.83
FIN,1891,5.04
FIN,1892,4.65
FIN,1893,4.43
FIN,1894,4.59
FIN,1895,4.87
FIN,1896,4.8
FIN,1897,4.77
FIN,1898,5.07
FIN,1899,4.96
FIN,1900,4.83
FIN,1901,4.92
FIN,1902,4.79
FIN,1903,4.62
FIN,1904,4.85
FIN,1905,4.67
FIN,1906,4.81
FIN,1907,4.76
FIN,1908,4.65
FIN,1909,4.72
FIN,1910,4.6
FIN,1911,4.46
FIN,1912,4.45
FIN,1913,4.15
FIN,1914,4.13
FIN,1915,3.89
FIN,1916,3.69
FIN,1917,3.71
FIN,1918,3.6
FIN,1919,2.87
FIN,1920,3.76
FIN,1921,3.58
FIN,1922,3.43
FIN,1923,3.44
FIN,1924,3.22
FIN,1925,3.17
FIN,1926,3.02
FIN,1927,2.92
FIN,1928,2.92
FIN,1929,2.83
FIN,1930,2.75
FIN,1931,2.59
FIN,1932,2.46
FIN,1933,2.27
FIN,1934,2.33
FIN,1935,2.37
FIN,1936,2.31
FIN,1937,2.52
FIN,1938,2.52
FIN,1939,2.56
FIN,1940,2.15
FIN,1941,2.9
FIN,1942,2
FIN,1943,2.46
FIN,1944,2.56
FIN,1945,3.07
FIN,1946,3.41
FIN,1947,3.47
FIN,1948,3.47
FIN,1949,3.33
FIN,1950,3.16
FIN,1951,3.01
FIN,1952,3.06
FIN,1953,2.96
FIN,1954,2.93
FIN,1955,2.93
FIN,1956,2.91
FIN,1957,2.86
FIN,1958,2.68
FIN,1959,2.75
FIN,1960,2.71
FIN,1961,2.65
FIN,1962,2.66
FIN,1963,2.66
FIN,1964,2.58
FIN,1965,2.46
FIN,1966,2.41
FIN,1967,2.32
FIN,1968,2.15
FIN,1969,1.94
FIN,1970,1.83
FIN,1971,1.7
FIN,1972,1.59
FIN,1973,1.5
FIN,1974,1.62
FIN,1975,1.69
FIN,1976,1.72
FIN,1977,1.69
FIN,1978,1.65
FIN,1979,1.64
FIN,1980,1.63
FIN,1981,1.65
FIN,1982,1.72
FIN,1983,1.74
FIN,1984,1.7
FIN,1985,1.64
FIN,1986,1.6
FIN,1987,1.59
FIN,1988,1.7
FIN,1989,1.71
FIN,1990,1.79
FIN,1991,1.8
FIN,1992,1.85
FIN,1993,1.81
FIN,1994,1.85
FIN,1995,1.81
FIN,1996,1.76
FIN,1997,1.75
FIN,1998,1.71
FIN,1999,1.73
FIN,2000,1.73
FIN,2001,1.73
FIN,2002,1.72
FIN,2003,1.76
FIN,2004,1.8
FIN,2005,1.8
FIN,2006,1.84
FIN,2007,1.83
FIN,2008,1.85
FIN,2009,1.86
FIN,2010,1.87
FIN,2011,1.83
FIN,2012,1.8
FIN,2013,1.85
FIN,2014,1.85
FIN,2015,1.86
FRA,1800,4.41
FRA,1801,4.36
FRA,1802,4.31
FRA,1803,4.26
FRA,1804,4.21
FRA,1805,4.16
FRA,1806,4.1
FRA,1807,4.05
FRA,1808,4
FRA,1809,3.95
FRA,1810,3.9
FRA,1811,3.89
FRA,1812,3.89
FRA,1813,3.88
FRA,1814,3.88
FRA,1815,3.87
FRA,1816,3.86
FRA,1817,3.86
FRA,1818,3.85
FRA,1819,3.85
FRA,1820,3.84
FRA,1821,3.83
FRA,1822,3.82
FRA,1823,3.8
FRA,1824,3.79
FRA,1825,3.78
FRA,1826,3.77
FRA,1827,3.76
FRA,1828,3.74
FRA,1829,3.73
FRA,1830,3.72
FRA,1831,3.7
FRA,1832,3.69
FRA,1833,3.67
FRA,1834,3.65
FRA,1835,3.64
FRA,1836,3.62
FRA,1837,3.6
FRA,1838,3.59
FRA,1839,3.57
FRA,1840,3.56
FRA,1841,3.55
FRA,1842,3.54
FRA,1843,3.53
FRA,1844,3.53
FRA,1845,3.52
FRA,1846,3.51
FRA,1847,3.51
FRA,1848,3.5
FRA,1849,3.49
FRA,1850,3.49
FRA,1851,3.45
FRA,1852,3.42
FRA,1853,3.38
FRA,1854,3.31
FRA,1855,3.24
FRA,1856,3.4
FRA,1857,3.36
FRA,1858,3.46
FRA,1859,3.61
FRA,1860,3.4
FRA,1861,3.51
FRA,1862,3.46
FRA,1863,3.53
FRA,1864,3.51
FRA,1865,3.53
FRA,1866,3.53
FRA,1867,3.55
FRA,1868,3.49
FRA,1869,3.49
FRA,1870,3.44
FRA,1871,3.08
FRA,1872,3.59
FRA,1873,3.51
FRA,1874,3.53
FRA,1875,3.51
FRA,1876,3.57
FRA,1877,3.49
FRA,1878,3.44
FRA,1879,3.44
FRA,1880,3.36
FRA,1881,3.4
FRA,1882,3.4
FRA,1883,3.38
FRA,1884,3.38
FRA,1885,3.32
FRA,1886,3.26
FRA,1887,3.22
FRA,1888,3.16
FRA,1889,3.12
FRA,1890,2.95
FRA,1891,3.03
FRA,1892,2.96
FRA,1893,3.02
FRA,1894,2.94
FRA,1895,2.86
FRA,1896,2.98
FRA,1897,2.92
FRA,1898,2.87
FRA,1899,2.88
FRA,1900,2.8
FRA,1901,2.9
FRA,1902,2.85
FRA,1903,2.78
FRA,1904,2.75
FRA,1905,2.71
FRA,1906,2.7
FRA,1907,2.58
FRA,1908,2.64
FRA,1909,2.56
FRA,1910,2.57
FRA,1911,2.46
FRA,1912,2.49
FRA,1913,2.47
FRA,1914,2.34
FRA,1915,1.52
FRA,1916,1.23
FRA,1917,1.34
FRA,1918,1.56
FRA,1919,1.59
FRA,1920,2.69
FRA,1921,2.6
FRA,1922,2.42
FRA,1923,2.41
FRA,1924,2.36
FRA,1925,2.39
FRA,1926,2.37
FRA,1927,2.29
FRA,1928,2.31
FRA,1929,2.24
FRA,1930,2.3
FRA,1931,2.25
FRA,1932,2.23
FRA,1933,2.11
FRA,1934,2.14
FRA,1935,2.07
FRA,1936,2.09
FRA,1937,2.1
FRA,1938,2.13
FRA,1939,2.17
FRA,1940,2
FRA,1941,1.85
FRA,1942,2.04
FRA,1943,2.19
FRA,1944,2.25
FRA,1945,2.31
FRA,1946,3
FRA,1947,3.04
FRA,1948,3.02
FRA,1949,3
FRA,1950,2.83
FRA,1951,2.81
FRA,1952,2.76
FRA,1953,2.72
FRA,1954,2.7
FRA,1955,2.68
FRA,1956,2.69
FRA,1957,2.7
FRA,1958,2.72
FRA,1959,2.74
FRA,1960,2.77
FRA,1961,2.8
FRA,1962,2.81
FRA,1963,2.81
FRA,1964,2.8
FRA,1965,2.77
FRA,1966,2.73
FRA,1967,2.68
FRA,1968,2.62
FRA,1969,2.56
FRA,1970,2.49
FRA,1971,2.41
FRA,1972,2.33
FRA,1973,2.24
FRA,1974,2.14
FRA,1975,2.06
FRA,1976,1.98
FRA,1977,1.92
FRA,1978,1.87
FRA,1979,1.85
FRA,1980,1.83
FRA,1981,1.84
FRA,1982,1.84
FRA,1983,1.85
FRA,1984,1.85
FRA,1985,1.84
FRA,1986,1.83
FRA,1987,1.81
FRA,1988,1.79
FRA,1989,1.77
FRA,1990,1.75
FRA,1991,1.74
FRA,1992,1.72
FRA,1993,1.72
FRA,1994,1.72
FRA,1995,1.72
FRA,1996,1.74
FRA,1997,1.75
FRA,1998,1.77
FRA,1999,1.8
FRA,2000,1.82
FRA,2001,1.84
FRA,2002,1.87
FRA,2003,1.89
FRA,2004,1.92
FRA,2005,1.94
FRA,2006,1.95
FRA,2007,1.96
FRA,2008,1.97
FRA,2009,1.98
FRA,2010,1.98
FRA,2011,1.98
FRA,2012,1.98
FRA,2013,1.98
FRA,2014,1.98
FRA,2015,1.98
GUF,1800,6.27
GUF,1801,6.27
GUF,1802,6.27
GUF,1803,6.27
GUF,1804,6.27
GUF,1805,6.27
GUF,1806,6.27
GUF,1807,6.27
GUF,1808,6.27
GUF,1809,6.27
GUF,1810,6.27
GUF,1811,6.27
GUF,1812,6.27
GUF,1813,6.27
GUF,1814,6.27
GUF,1815,6.27
GUF,1816,6.27
GUF,1817,6.27
GUF,1818,6.27
GUF,1819,6.27
GUF,1820,6.27
GUF,1821,6.27
GUF,1822,6.27
GUF,1823,6.27
GUF,1824,6.27
GUF,1825,6.27
GUF,1826,6.27
GUF,1827,6.27
GUF,1828,6.27
GUF,1829,6.27
GUF,1830,6.27
GUF,1831,6.27
GUF,1832,6.27
GUF,1833,6.27
GUF,1834,6.27
GUF,1835,6.27
GUF,1836,6.27
GUF,1837,6.27
GUF,1838,6.27
GUF,1839,6.27
GUF,1840,6.27
GUF,1841,6.27
GUF,1842,6.27
GUF,1843,6.27
GUF,1844,6.27
GUF,1845,6.27
GUF,1846,6.27
GUF,1847,6.27
GUF,1848,6.27
GUF,1849,6.27
GUF,1850,6.27
GUF,1851,6.27
GUF,1852,6.27
GUF,1853,6.27
GUF,1854,6.27
GUF,1855,6.27
GUF,1856,6.27
GUF,1857,6.27
GUF,1858,6.27
GUF,1859,6.27
GUF,1860,6.27
GUF,1861,6.27
GUF,1862,6.27
GUF,1863,6.27
GUF,1864,6.27
GUF,1865,6.27
GUF,1866,6.27
GUF,1867,6.27
GUF,1868,6.27
GUF,1869,6.27
GUF,1870,6.27
GUF,1871,6.27
GUF,1872,6.27
GUF,1873,6.27
GUF,1874,6.27
GUF,1875,6.27
GUF,1876,6.27
GUF,1877,6.27
GUF,1878,6.27
GUF,1879,6.27
GUF,1880,6.27
GUF,1881,6.27
GUF,1882,6.27
GUF,1883,6.27
GUF,1884,6.27
GUF,1885,6.27
GUF,1886,6.27
GUF,1887,6.27
GUF,1888,6.27
GUF,1889,6.27
GUF,1890,6.27
GUF,1891,6.27
GUF,1892,6.27
GUF,1893,6.27
GUF,1894,6.27
GUF,1895,6.27
GUF,1896,6.27
GUF,1897,6.27
GUF,1898,6.27
GUF,1899,6.27
GUF,1900,6.27
GUF,1901,6.27
GUF,1902,6.27
GUF,1903,6.27
GUF,1904,6.27
GUF,1905,6.27
GUF,1906,6.27
GUF,1907,6.27
GUF,1908,6.27
GUF,1909,6.27
GUF,1910,6.27
GUF,1911,6.27
GUF,1912,6.27
GUF,1913,6.27
GUF,1914,6.27
GUF,1915,6.27
GUF,1916,6.27
GUF,1917,6.27
GUF,1918,6.27
GUF,1919,6.27
GUF,1920,6.27
GUF,1921,6.27
GUF,1922,6.27
GUF,1923,6.27
GUF,1924,6.27
GUF,1925,6.27
GUF,1926,6.22
GUF,1927,6.17
GUF,1928,6.13
GUF,1929,6.08
GUF,1930,6.03
GUF,1931,5.98
GUF,1932,5.94
GUF,1933,5.89
GUF,1934,5.84
GUF,1935,5.79
GUF,1936,5.74
GUF,1937,5.7
GUF,1938,5.65
GUF,1939,5.6
GUF,1940,5.55
GUF,1941,5.51
GUF,1942,5.46
GUF,1943,5.41
GUF,1944,5.36
GUF,1945,5.31
GUF,1946,5.27
GUF,1947,5.22
GUF,1948,5.17
GUF,1949,5.12
GUF,1950,5.08
GUF,1951,5.05
GUF,1952,5.01
GUF,1953,4.98
GUF,1954,4.95
GUF,1955,4.93
GUF,1956,4.93
GUF,1957,4.92
GUF,1958,4.93
GUF,1959,4.95
GUF,1960,4.97
GUF,1961,5
GUF,1962,5.03
GUF,1963,5.05
GUF,1964,5.08
GUF,1965,5.08
GUF,1966,5.06
GUF,1967,5.01
GUF,1968,4.92
GUF,1969,4.8
GUF,1970,4.65
GUF,1971,4.47
GUF,1972,4.27
GUF,1973,4.06
GUF,1974,3.85
GUF,1975,3.66
GUF,1976,3.51
GUF,1977,3.4
GUF,1978,3.34
GUF,1979,3.33
GUF,1980,3.36
GUF,1981,3.42
GUF,1982,3.48
GUF,1983,3.55
GUF,1984,3.6
GUF,1985,3.65
GUF,1986,3.69
GUF,1987,3.74
GUF,1988,3.79
GUF,1989,3.85
GUF,1990,3.91
GUF,1991,3.97
GUF,1992,4.01
GUF,1993,4.04
GUF,1994,4.04
GUF,1995,4.03
GUF,1996,4.01
GUF,1997,3.97
GUF,1998,3.92
GUF,1999,3.88
GUF,2000,3.82
GUF,2001,3.77
GUF,2002,3.7
GUF,2003,3.63
GUF,2004,3.55
GUF,2005,3.47
GUF,2006,3.39
GUF,2007,3.32
GUF,2008,3.26
GUF,2009,3.2
GUF,2010,3.16
GUF,2011,3.12
GUF,2012,3.09
GUF,2013,3.06
GUF,2014,3.03
GUF,2015,3
PYF,1800,5.97
PYF,1801,5.97
PYF,1802,5.97
PYF,1803,5.97
PYF,1804,5.97
PYF,1805,5.97
PYF,1806,5.97
PYF,1807,5.97
PYF,1808,5.97
PYF,1809,5.97
PYF,1810,5.97
PYF,1811,5.97
PYF,1812,5.97
PYF,1813,5.97
PYF,1814,5.97
PYF,1815,5.97
PYF,1816,5.97
PYF,1817,5.97
PYF,1818,5.97
PYF,1819,5.97
PYF,1820,5.97
PYF,1821,5.97
PYF,1822,5.97
PYF,1823,5.97
PYF,1824,5.97
PYF,1825,5.97
PYF,1826,5.97
PYF,1827,5.97
PYF,1828,5.97
PYF,1829,5.97
PYF,1830,5.97
PYF,1831,5.97
PYF,1832,5.97
PYF,1833,5.97
PYF,1834,5.97
PYF,1835,5.97
PYF,1836,5.97
PYF,1837,5.97
PYF,1838,5.97
PYF,1839,5.97
PYF,1840,5.97
PYF,1841,5.97
PYF,1842,5.97
PYF,1843,5.97
PYF,1844,5.97
PYF,1845,5.97
PYF,1846,5.97
PYF,1847,5.97
PYF,1848,5.97
PYF,1849,5.97
PYF,1850,5.97
PYF,1851,5.97
PYF,1852,5.97
PYF,1853,5.97
PYF,1854,5.97
PYF,1855,5.97
PYF,1856,5.97
PYF,1857,5.97
PYF,1858,5.97
PYF,1859,5.97
PYF,1860,5.97
PYF,1861,5.97
PYF,1862,5.97
PYF,1863,5.97
PYF,1864,5.97
PYF,1865,5.97
PYF,1866,5.97
PYF,1867,5.97
PYF,1868,5.97
PYF,1869,5.97
PYF,1870,5.97
PYF,1871,5.97
PYF,1872,5.97
PYF,1873,5.97
PYF,1874,5.97
PYF,1875,5.97
PYF,1876,5.97
PYF,1877,5.97
PYF,1878,5.97
PYF,1879,5.97
PYF,1880,5.97
PYF,1881,5.97
PYF,1882,5.97
PYF,1883,5.97
PYF,1884,5.97
PYF,1885,5.97
PYF,1886,5.97
PYF,1887,5.97
PYF,1888,5.97
PYF,1889,5.97
PYF,1890,5.97
PYF,1891,5.97
PYF,1892,5.97
PYF,1893,5.97
PYF,1894,5.97
PYF,1895,5.97
PYF,1896,5.97
PYF,1897,5.97
PYF,1898,5.97
PYF,1899,5.97
PYF,1900,5.97
PYF,1901,5.97
PYF,1902,5.97
PYF,1903,5.97
PYF,1904,5.97
PYF,1905,5.97
PYF,1906,5.97
PYF,1907,5.97
PYF,1908,5.97
PYF,1909,5.97
PYF,1910,5.97
PYF,1911,5.97
PYF,1912,5.97
PYF,1913,5.97
PYF,1914,5.97
PYF,1915,5.97
PYF,1916,5.97
PYF,1917,5.97
PYF,1918,5.97
PYF,1919,5.97
PYF,1920,5.97
PYF,1921,5.97
PYF,1922,5.97
PYF,1923,5.97
PYF,1924,5.97
PYF,1925,5.97
PYF,1926,5.97
PYF,1927,5.97
PYF,1928,5.97
PYF,1929,5.97
PYF,1930,5.97
PYF,1931,5.97
PYF,1932,5.97
PYF,1933,5.97
PYF,1934,5.97
PYF,1935,5.97
PYF,1936,5.97
PYF,1937,5.97
PYF,1938,5.97
PYF,1939,5.97
PYF,1940,5.97
PYF,1941,5.97
PYF,1942,5.97
PYF,1943,5.97
PYF,1944,5.97
PYF,1945,5.97
PYF,1946,5.97
PYF,1947,5.97
PYF,1948,5.97
PYF,1949,5.97
PYF,1950,5.97
PYF,1951,5.99
PYF,1952,6.01
PYF,1953,6.02
PYF,1954,6.01
PYF,1955,5.98
PYF,1956,5.94
PYF,1957,5.88
PYF,1958,5.82
PYF,1959,5.74
PYF,1960,5.66
PYF,1961,5.58
PYF,1962,5.5
PYF,1963,5.43
PYF,1964,5.37
PYF,1965,5.31
PYF,1966,5.27
PYF,1967,5.22
PYF,1968,5.17
PYF,1969,5.12
PYF,1970,5.06
PYF,1971,4.98
PYF,1972,4.89
PYF,1973,4.79
PYF,1974,4.67
PYF,1975,4.55
PYF,1976,4.42
PYF,1977,4.3
PYF,1978,4.19
PYF,1979,4.08
PYF,1980,3.99
PYF,1981,3.92
PYF,1982,3.86
PYF,1983,3.81
PYF,1984,3.77
PYF,1985,3.74
PYF,1986,3.7
PYF,1987,3.65
PYF,1988,3.58
PYF,1989,3.5
PYF,1990,3.4
PYF,1991,3.29
PYF,1992,3.18
PYF,1993,3.06
PYF,1994,2.95
PYF,1995,2.84
PYF,1996,2.75
PYF,1997,2.66
PYF,1998,2.59
PYF,1999,2.52
PYF,2000,2.46
PYF,2001,2.41
PYF,2002,2.37
PYF,2003,2.33
PYF,2004,2.29
PYF,2005,2.25
PYF,2006,2.22
PYF,2007,2.18
PYF,2008,2.16
PYF,2009,2.13
PYF,2010,2.11
PYF,2011,2.09
PYF,2012,2.08
PYF,2013,2.06
PYF,2014,2.04
PYF,2015,2.03
GAB,1800,6.5
GAB,1801,6.5
GAB,1802,6.5
GAB,1803,6.5
GAB,1804,6.5
GAB,1805,6.5
GAB,1806,6.5
GAB,1807,6.5
GAB,1808,6.5
GAB,1809,6.5
GAB,1810,6.5
GAB,1811,6.5
GAB,1812,6.5
GAB,1813,6.5
GAB,1814,6.5
GAB,1815,6.5
GAB,1816,6.5
GAB,1817,6.5
GAB,1818,6.5
GAB,1819,6.5
GAB,1820,6.5
GAB,1821,6.5
GAB,1822,6.5
GAB,1823,6.5
GAB,1824,6.5
GAB,1825,6.5
GAB,1826,6.5
GAB,1827,6.5
GAB,1828,6.5
GAB,1829,6.5
GAB,1830,6.5
GAB,1831,6.5
GAB,1832,6.5
GAB,1833,6.5
GAB,1834,6.5
GAB,1835,6.5
GAB,1836,6.5
GAB,1837,6.5
GAB,1838,6.5
GAB,1839,6.5
GAB,1840,6.5
GAB,1841,6.5
GAB,1842,6.5
GAB,1843,6.5
GAB,1844,6.5
GAB,1845,6.5
GAB,1846,6.5
GAB,1847,6.5
GAB,1848,6.5
GAB,1849,6.5
GAB,1850,6.5
GAB,1851,6.5
GAB,1852,6.5
GAB,1853,6.5
GAB,1854,6.5
GAB,1855,6.5
GAB,1856,6.5
GAB,1857,6.5
GAB,1858,6.5
GAB,1859,6.5
GAB,1860,6.5
GAB,1861,6.5
GAB,1862,6.5
GAB,1863,6.5
GAB,1864,6.5
GAB,1865,6.5
GAB,1866,6.5
GAB,1867,6.5
GAB,1868,6.5
GAB,1869,6.5
GAB,1870,6.5
GAB,1871,6.5
GAB,1872,6.5
GAB,1873,6.5
GAB,1874,6.5
GAB,1875,6.5
GAB,1876,6.5
GAB,1877,6.5
GAB,1878,6.5
GAB,1879,6.5
GAB,1880,6.5
GAB,1881,6.5
GAB,1882,6.5
GAB,1883,6.5
GAB,1884,6.5
GAB,1885,6.5
GAB,1886,6.5
GAB,1887,6.5
GAB,1888,6.5
GAB,1889,6.5
GAB,1890,6.5
GAB,1891,6.5
GAB,1892,6.5
GAB,1893,6.5
GAB,1894,6.5
GAB,1895,6.5
GAB,1896,6.5
GAB,1897,6.5
GAB,1898,6.5
GAB,1899,6.5
GAB,1900,6.5
GAB,1901,6.5
GAB,1902,6.5
GAB,1903,6.5
GAB,1904,6.5
GAB,1905,6.5
GAB,1906,6.5
GAB,1907,6.5
GAB,1908,6.5
GAB,1909,6.5
GAB,1910,6.5
GAB,1911,6.5
GAB,1912,6.5
GAB,1913,6.5
GAB,1914,6.5
GAB,1915,6.5
GAB,1916,6.5
GAB,1917,6.5
GAB,1918,6.5
GAB,1919,6.5
GAB,1920,6.5
GAB,1921,6.5
GAB,1922,6.5
GAB,1923,6.5
GAB,1924,6.5
GAB,1925,6.5
GAB,1926,6.4
GAB,1927,6.3
GAB,1928,6.19
GAB,1929,6.09
GAB,1930,5.99
GAB,1931,5.89
GAB,1932,5.79
GAB,1933,5.68
GAB,1934,5.58
GAB,1935,5.48
GAB,1936,5.38
GAB,1937,5.28
GAB,1938,5.17
GAB,1939,5.07
GAB,1940,4.97
GAB,1941,4.87
GAB,1942,4.76
GAB,1943,4.66
GAB,1944,4.56
GAB,1945,4.46
GAB,1946,4.36
GAB,1947,4.25
GAB,1948,4.15
GAB,1949,4.05
GAB,1950,3.95
GAB,1951,3.95
GAB,1952,3.97
GAB,1953,3.99
GAB,1954,4.03
GAB,1955,4.07
GAB,1956,4.12
GAB,1957,4.17
GAB,1958,4.24
GAB,1959,4.31
GAB,1960,4.38
GAB,1961,4.46
GAB,1962,4.54
GAB,1963,4.62
GAB,1964,4.69
GAB,1965,4.77
GAB,1966,4.83
GAB,1967,4.9
GAB,1968,4.96
GAB,1969,5.02
GAB,1970,5.08
GAB,1971,5.14
GAB,1972,5.21
GAB,1973,5.28
GAB,1974,5.34
GAB,1975,5.41
GAB,1976,5.48
GAB,1977,5.54
GAB,1978,5.6
GAB,1979,5.65
GAB,1980,5.68
GAB,1981,5.71
GAB,1982,5.72
GAB,1983,5.72
GAB,1984,5.71
GAB,1985,5.69
GAB,1986,5.65
GAB,1987,5.61
GAB,1988,5.55
GAB,1989,5.49
GAB,1990,5.42
GAB,1991,5.34
GAB,1992,5.26
GAB,1993,5.17
GAB,1994,5.08
GAB,1995,4.99
GAB,1996,4.9
GAB,1997,4.81
GAB,1998,4.74
GAB,1999,4.66
GAB,2000,4.6
GAB,2001,4.54
GAB,2002,4.49
GAB,2003,4.45
GAB,2004,4.41
GAB,2005,4.37
GAB,2006,4.34
GAB,2007,4.3
GAB,2008,4.28
GAB,2009,4.25
GAB,2010,4.21
GAB,2011,4.18
GAB,2012,4.14
GAB,2013,4.09
GAB,2014,4.03
GAB,2015,3.97
GMB,1800,6.51
GMB,1801,6.51
GMB,1802,6.51
GMB,1803,6.51
GMB,1804,6.51
GMB,1805,6.51
GMB,1806,6.51
GMB,1807,6.51
GMB,1808,6.51
GMB,1809,6.51
GMB,1810,6.51
GMB,1811,6.51
GMB,1812,6.51
GMB,1813,6.51
GMB,1814,6.51
GMB,1815,6.51
GMB,1816,6.51
GMB,1817,6.51
GMB,1818,6.51
GMB,1819,6.51
GMB,1820,6.51
GMB,1821,6.51
GMB,1822,6.51
GMB,1823,6.51
GMB,1824,6.51
GMB,1825,6.51
GMB,1826,6.51
GMB,1827,6.51
GMB,1828,6.51
GMB,1829,6.51
GMB,1830,6.51
GMB,1831,6.51
GMB,1832,6.51
GMB,1833,6.51
GMB,1834,6.51
GMB,1835,6.51
GMB,1836,6.51
GMB,1837,6.51
GMB,1838,6.51
GMB,1839,6.51
GMB,1840,6.51
GMB,1841,6.51
GMB,1842,6.51
GMB,1843,6.51
GMB,1844,6.51
GMB,1845,6.51
GMB,1846,6.51
GMB,1847,6.51
GMB,1848,6.51
GMB,1849,6.51
GMB,1850,6.51
GMB,1851,6.51
GMB,1852,6.51
GMB,1853,6.51
GMB,1854,6.51
GMB,1855,6.51
GMB,1856,6.51
GMB,1857,6.51
GMB,1858,6.51
GMB,1859,6.51
GMB,1860,6.51
GMB,1861,6.51
GMB,1862,6.51
GMB,1863,6.51
GMB,1864,6.51
GMB,1865,6.51
GMB,1866,6.51
GMB,1867,6.51
GMB,1868,6.51
GMB,1869,6.51
GMB,1870,6.51
GMB,1871,6.51
GMB,1872,6.51
GMB,1873,6.51
GMB,1874,6.51
GMB,1875,6.51
GMB,1876,6.51
GMB,1877,6.51
GMB,1878,6.51
GMB,1879,6.51
GMB,1880,6.51
GMB,1881,6.51
GMB,1882,6.51
GMB,1883,6.51
GMB,1884,6.51
GMB,1885,6.51
GMB,1886,6.51
GMB,1887,6.51
GMB,1888,6.51
GMB,1889,6.51
GMB,1890,6.51
GMB,1891,6.51
GMB,1892,6.51
GMB,1893,6.51
GMB,1894,6.51
GMB,1895,6.51
GMB,1896,6.51
GMB,1897,6.51
GMB,1898,6.51
GMB,1899,6.51
GMB,1900,6.51
GMB,1901,6.51
GMB,1902,6.51
GMB,1903,6.51
GMB,1904,6.51
GMB,1905,6.51
GMB,1906,6.51
GMB,1907,6.51
GMB,1908,6.51
GMB,1909,6.51
GMB,1910,6.51
GMB,1911,6.51
GMB,1912,6.51
GMB,1913,6.51
GMB,1914,6.51
GMB,1915,6.51
GMB,1916,6.51
GMB,1917,6.51
GMB,1918,6.51
GMB,1919,6.51
GMB,1920,6.51
GMB,1921,6.51
GMB,1922,6.51
GMB,1923,6.51
GMB,1924,6.51
GMB,1925,6.51
GMB,1926,6.46
GMB,1927,6.41
GMB,1928,6.36
GMB,1929,6.31
GMB,1930,6.26
GMB,1931,6.2
GMB,1932,6.15
GMB,1933,6.1
GMB,1934,6.05
GMB,1935,6
GMB,1936,5.95
GMB,1937,5.9
GMB,1938,5.85
GMB,1939,5.79
GMB,1940,5.74
GMB,1941,5.69
GMB,1942,5.64
GMB,1943,5.59
GMB,1944,5.54
GMB,1945,5.49
GMB,1946,5.44
GMB,1947,5.38
GMB,1948,5.33
GMB,1949,5.28
GMB,1950,5.23
GMB,1951,5.24
GMB,1952,5.27
GMB,1953,5.3
GMB,1954,5.33
GMB,1955,5.37
GMB,1956,5.4
GMB,1957,5.44
GMB,1958,5.48
GMB,1959,5.53
GMB,1960,5.57
GMB,1961,5.62
GMB,1962,5.67
GMB,1963,5.72
GMB,1964,5.78
GMB,1965,5.83
GMB,1966,5.88
GMB,1967,5.94
GMB,1968,5.99
GMB,1969,6.04
GMB,1970,6.09
GMB,1971,6.14
GMB,1972,6.19
GMB,1973,6.23
GMB,1974,6.26
GMB,1975,6.29
GMB,1976,6.32
GMB,1977,6.33
GMB,1978,6.34
GMB,1979,6.34
GMB,1980,6.34
GMB,1981,6.32
GMB,1982,6.3
GMB,1983,6.28
GMB,1984,6.25
GMB,1985,6.22
GMB,1986,6.19
GMB,1987,6.16
GMB,1988,6.14
GMB,1989,6.12
GMB,1990,6.11
GMB,1991,6.1
GMB,1992,6.08
GMB,1993,6.07
GMB,1994,6.06
GMB,1995,6.04
GMB,1996,6.02
GMB,1997,6
GMB,1998,5.97
GMB,1999,5.94
GMB,2000,5.92
GMB,2001,5.89
GMB,2002,5.87
GMB,2003,5.85
GMB,2004,5.83
GMB,2005,5.81
GMB,2006,5.8
GMB,2007,5.8
GMB,2008,5.8
GMB,2009,5.8
GMB,2010,5.8
GMB,2011,5.79
GMB,2012,5.78
GMB,2013,5.75
GMB,2014,5.72
GMB,2015,5.67
GEO,1800,7.8
GEO,1801,7.8
GEO,1802,7.8
GEO,1803,7.8
GEO,1804,7.8
GEO,1805,7.8
GEO,1806,7.8
GEO,1807,7.8
GEO,1808,7.8
GEO,1809,7.8
GEO,1810,7.8
GEO,1811,7.8
GEO,1812,7.8
GEO,1813,7.8
GEO,1814,7.8
GEO,1815,7.8
GEO,1816,7.8
GEO,1817,7.8
GEO,1818,7.8
GEO,1819,7.8
GEO,1820,7.8
GEO,1821,7.8
GEO,1822,7.8
GEO,1823,7.8
GEO,1824,7.8
GEO,1825,7.8
GEO,1826,7.8
GEO,1827,7.8
GEO,1828,7.8
GEO,1829,7.8
GEO,1830,7.8
GEO,1831,7.8
GEO,1832,7.8
GEO,1833,7.8
GEO,1834,7.8
GEO,1835,7.8
GEO,1836,7.8
GEO,1837,7.8
GEO,1838,7.8
GEO,1839,7.8
GEO,1840,7.8
GEO,1841,7.8
GEO,1842,7.8
GEO,1843,7.8
GEO,1844,7.8
GEO,1845,7.8
GEO,1846,7.8
GEO,1847,7.8
GEO,1848,7.8
GEO,1849,7.8
GEO,1850,7.8
GEO,1851,7.8
GEO,1852,7.8
GEO,1853,7.8
GEO,1854,7.8
GEO,1855,7.8
GEO,1856,7.8
GEO,1857,7.8
GEO,1858,7.8
GEO,1859,7.8
GEO,1860,7.8
GEO,1861,7.8
GEO,1862,7.8
GEO,1863,7.8
GEO,1864,7.8
GEO,1865,7.8
GEO,1866,7.8
GEO,1867,7.8
GEO,1868,7.8
GEO,1869,7.8
GEO,1870,7.8
GEO,1871,7.8
GEO,1872,7.8
GEO,1873,7.8
GEO,1874,7.8
GEO,1875,7.8
GEO,1876,7.8
GEO,1877,7.8
GEO,1878,7.8
GEO,1879,7.8
GEO,1880,7.8
GEO,1881,7.8
GEO,1882,7.8
GEO,1883,7.8
GEO,1884,7.8
GEO,1885,7.8
GEO,1886,7.8
GEO,1887,7.8
GEO,1888,7.8
GEO,1889,7.8
GEO,1890,7.8
GEO,1891,7.8
GEO,1892,7.8
GEO,1893,7.8
GEO,1894,7.8
GEO,1895,7.8
GEO,1896,7.8
GEO,1897,7.8
GEO,1898,7.8
GEO,1899,7.8
GEO,1900,7.8
GEO,1901,7.72
GEO,1902,7.65
GEO,1903,7.57
GEO,1904,7.49
GEO,1905,7.42
GEO,1906,7.34
GEO,1907,7.26
GEO,1908,7.19
GEO,1909,7.11
GEO,1910,7.03
GEO,1911,6.96
GEO,1912,6.88
GEO,1913,6.8
GEO,1914,6.73
GEO,1915,6.65
GEO,1916,6.57
GEO,1917,6.5
GEO,1918,6.42
GEO,1919,6.34
GEO,1920,6.27
GEO,1921,6.19
GEO,1922,6.11
GEO,1923,6.04
GEO,1924,5.96
GEO,1925,5.88
GEO,1926,5.81
GEO,1927,5.73
GEO,1928,5.65
GEO,1929,5.58
GEO,1930,5.5
GEO,1931,5.32
GEO,1932,5.13
GEO,1933,4.95
GEO,1934,4.77
GEO,1935,4.59
GEO,1936,4.4
GEO,1937,4.22
GEO,1938,4.04
GEO,1939,3.85
GEO,1940,3.67
GEO,1941,3.61
GEO,1942,3.56
GEO,1943,3.5
GEO,1944,3.44
GEO,1945,3.39
GEO,1946,3.33
GEO,1947,3.27
GEO,1948,3.21
GEO,1949,3.16
GEO,1950,3.1
GEO,1951,3.07
GEO,1952,3.01
GEO,1953,2.97
GEO,1954,2.94
GEO,1955,2.92
GEO,1956,2.92
GEO,1957,2.93
GEO,1958,2.94
GEO,1959,2.95
GEO,1960,2.96
GEO,1961,2.97
GEO,1962,2.95
GEO,1963,2.92
GEO,1964,2.86
GEO,1965,2.8
GEO,1966,2.74
GEO,1967,2.68
GEO,1968,2.64
GEO,1969,2.61
GEO,1970,2.6
GEO,1971,2.59
GEO,1972,2.58
GEO,1973,2.56
GEO,1974,2.54
GEO,1975,2.5
GEO,1976,2.46
GEO,1977,2.42
GEO,1978,2.38
GEO,1979,2.34
GEO,1980,2.32
GEO,1981,2.3
GEO,1982,2.28
GEO,1983,2.28
GEO,1984,2.28
GEO,1985,2.27
GEO,1986,2.27
GEO,1987,2.26
GEO,1988,2.24
GEO,1989,2.22
GEO,1990,2.18
GEO,1991,2.13
GEO,1992,2.08
GEO,1993,2.01
GEO,1994,1.95
GEO,1995,1.88
GEO,1996,1.81
GEO,1997,1.75
GEO,1998,1.69
GEO,1999,1.64
GEO,2000,1.61
GEO,2001,1.59
GEO,2002,1.59
GEO,2003,1.61
GEO,2004,1.64
GEO,2005,1.68
GEO,2006,1.72
GEO,2007,1.76
GEO,2008,1.79
GEO,2009,1.81
GEO,2010,1.82
GEO,2011,1.82
GEO,2012,1.82
GEO,2013,1.82
GEO,2014,1.82
GEO,2015,1.81
DEU,1800,5.4
DEU,1801,5.4
DEU,1802,5.39
DEU,1803,5.39
DEU,1804,5.38
DEU,1805,5.38
DEU,1806,5.37
DEU,1807,5.37
DEU,1808,5.36
DEU,1809,5.36
DEU,1810,5.35
DEU,1811,5.35
DEU,1812,5.34
DEU,1813,5.34
DEU,1814,5.33
DEU,1815,5.33
DEU,1816,5.32
DEU,1817,5.32
DEU,1818,5.33
DEU,1819,5.35
DEU,1820,5.37
DEU,1821,5.35
DEU,1822,5.33
DEU,1823,5.31
DEU,1824,5.28
DEU,1825,5.26
DEU,1826,5.17
DEU,1827,5.07
DEU,1828,4.97
DEU,1829,4.88
DEU,1830,4.78
DEU,1831,4.8
DEU,1832,4.83
DEU,1833,4.85
DEU,1834,4.88
DEU,1835,4.9
DEU,1836,4.9
DEU,1837,4.9
DEU,1838,4.9
DEU,1839,4.9
DEU,1840,4.9
DEU,1841,4.92
DEU,1842,4.95
DEU,1843,4.97
DEU,1844,5
DEU,1845,5.02
DEU,1846,5.02
DEU,1847,5.02
DEU,1848,5.01
DEU,1849,5.01
DEU,1850,5.01
DEU,1851,4.87
DEU,1852,4.74
DEU,1853,4.6
DEU,1854,4.47
DEU,1855,4.33
DEU,1856,4.45
DEU,1857,4.56
DEU,1858,4.67
DEU,1859,4.79
DEU,1860,4.9
DEU,1861,4.93
DEU,1862,4.96
DEU,1863,5
DEU,1864,5.03
DEU,1865,5.06
DEU,1866,5.09
DEU,1867,5.11
DEU,1868,5.13
DEU,1869,5.16
DEU,1870,5.18
DEU,1871,5.24
DEU,1872,5.3
DEU,1873,5.35
DEU,1874,5.41
DEU,1875,5.46
DEU,1876,5.38
DEU,1877,5.3
DEU,1878,5.22
DEU,1879,5.14
DEU,1880,5.06
DEU,1881,5.14
DEU,1882,5.21
DEU,1883,5.29
DEU,1884,5.28
DEU,1885,5.26
DEU,1886,5.25
DEU,1887,5.23
DEU,1888,5.22
DEU,1889,5.21
DEU,1890,5.2
DEU,1891,5.18
DEU,1892,5.17
DEU,1893,5.16
DEU,1894,5.14
DEU,1895,5.11
DEU,1896,5.09
DEU,1897,5.06
DEU,1898,5.04
DEU,1899,4.99
DEU,1900,4.93
DEU,1901,4.88
DEU,1902,4.82
DEU,1903,4.77
DEU,1904,4.68
DEU,1905,4.6
DEU,1906,4.51
DEU,1907,4.43
DEU,1908,4.34
DEU,1909,4.18
DEU,1910,4.01
DEU,1911,3.85
DEU,1912,3.68
DEU,1913,3.52
DEU,1914,3.27
DEU,1915,3.02
DEU,1916,2.76
DEU,1917,2.51
DEU,1918,2.26
DEU,1919,2.33
DEU,1920,2.4
DEU,1921,2.48
DEU,1922,2.55
DEU,1923,2.62
DEU,1924,2.42
DEU,1925,2.21
DEU,1926,2.1
DEU,1927,1.98
DEU,1928,1.99
DEU,1929,1.93
DEU,1930,1.88
DEU,1931,1.71
DEU,1932,1.62
DEU,1933,1.58
DEU,1934,1.93
DEU,1935,2.03
DEU,1936,2.07
DEU,1937,2.09
DEU,1938,2.25
DEU,1939,2.39
DEU,1940,2.4
DEU,1941,2.25
DEU,1942,1.83
DEU,1943,2
DEU,1944,1.89
DEU,1945,1.53
DEU,1946,2
DEU,1947,2.03
DEU,1948,2.09
DEU,1949,2.15
DEU,1950,2.07
DEU,1951,2.08
DEU,1952,2.11
DEU,1953,2.14
DEU,1954,2.17
DEU,1955,2.21
DEU,1956,2.25
DEU,1957,2.29
DEU,1958,2.33
DEU,1959,2.37
DEU,1960,2.41
DEU,1961,2.44
DEU,1962,2.47
DEU,1963,2.49
DEU,1964,2.49
DEU,1965,2.48
DEU,1966,2.44
DEU,1967,2.37
DEU,1968,2.28
DEU,1969,2.17
DEU,1970,2.04
DEU,1971,1.92
DEU,1972,1.8
DEU,1973,1.7
DEU,1974,1.62
DEU,1975,1.56
DEU,1976,1.53
DEU,1977,1.5
DEU,1978,1.49
DEU,1979,1.48
DEU,1980,1.47
DEU,1981,1.47
DEU,1982,1.46
DEU,1983,1.46
DEU,1984,1.46
DEU,1985,1.45
DEU,1986,1.44
DEU,1987,1.43
DEU,1988,1.41
DEU,1989,1.38
DEU,1990,1.36
DEU,1991,1.34
DEU,1992,1.32
DEU,1993,1.31
DEU,1994,1.31
DEU,1995,1.31
DEU,1996,1.32
DEU,1997,1.33
DEU,1998,1.34
DEU,1999,1.35
DEU,2000,1.35
DEU,2001,1.35
DEU,2002,1.35
DEU,2003,1.35
DEU,2004,1.35
DEU,2005,1.35
DEU,2006,1.36
DEU,2007,1.36
DEU,2008,1.37
DEU,2009,1.38
DEU,2010,1.39
DEU,2011,1.4
DEU,2012,1.41
DEU,2013,1.42
DEU,2014,1.43
DEU,2015,1.44
GHA,1800,6.43
GHA,1801,6.43
GHA,1802,6.43
GHA,1803,6.43
GHA,1804,6.43
GHA,1805,6.43
GHA,1806,6.43
GHA,1807,6.43
GHA,1808,6.43
GHA,1809,6.43
GHA,1810,6.43
GHA,1811,6.43
GHA,1812,6.43
GHA,1813,6.43
GHA,1814,6.43
GHA,1815,6.43
GHA,1816,6.43
GHA,1817,6.43
GHA,1818,6.43
GHA,1819,6.43
GHA,1820,6.43
GHA,1821,6.43
GHA,1822,6.43
GHA,1823,6.43
GHA,1824,6.43
GHA,1825,6.43
GHA,1826,6.43
GHA,1827,6.43
GHA,1828,6.43
GHA,1829,6.43
GHA,1830,6.43
GHA,1831,6.43
GHA,1832,6.43
GHA,1833,6.43
GHA,1834,6.43
GHA,1835,6.43
GHA,1836,6.43
GHA,1837,6.43
GHA,1838,6.43
GHA,1839,6.43
GHA,1840,6.43
GHA,1841,6.43
GHA,1842,6.43
GHA,1843,6.43
GHA,1844,6.43
GHA,1845,6.43
GHA,1846,6.43
GHA,1847,6.43
GHA,1848,6.43
GHA,1849,6.43
GHA,1850,6.43
GHA,1851,6.43
GHA,1852,6.43
GHA,1853,6.43
GHA,1854,6.43
GHA,1855,6.43
GHA,1856,6.43
GHA,1857,6.43
GHA,1858,6.43
GHA,1859,6.43
GHA,1860,6.43
GHA,1861,6.43
GHA,1862,6.43
GHA,1863,6.43
GHA,1864,6.43
GHA,1865,6.43
GHA,1866,6.43
GHA,1867,6.43
GHA,1868,6.43
GHA,1869,6.43
GHA,1870,6.43
GHA,1871,6.43
GHA,1872,6.43
GHA,1873,6.43
GHA,1874,6.43
GHA,1875,6.43
GHA,1876,6.43
GHA,1877,6.43
GHA,1878,6.43
GHA,1879,6.43
GHA,1880,6.43
GHA,1881,6.43
GHA,1882,6.43
GHA,1883,6.43
GHA,1884,6.43
GHA,1885,6.43
GHA,1886,6.43
GHA,1887,6.43
GHA,1888,6.43
GHA,1889,6.43
GHA,1890,6.43
GHA,1891,6.43
GHA,1892,6.43
GHA,1893,6.43
GHA,1894,6.43
GHA,1895,6.43
GHA,1896,6.43
GHA,1897,6.43
GHA,1898,6.43
GHA,1899,6.43
GHA,1900,6.43
GHA,1901,6.43
GHA,1902,6.43
GHA,1903,6.43
GHA,1904,6.43
GHA,1905,6.43
GHA,1906,6.43
GHA,1907,6.43
GHA,1908,6.43
GHA,1909,6.43
GHA,1910,6.43
GHA,1911,6.43
GHA,1912,6.43
GHA,1913,6.43
GHA,1914,6.43
GHA,1915,6.43
GHA,1916,6.43
GHA,1917,6.43
GHA,1918,6.43
GHA,1919,6.43
GHA,1920,6.43
GHA,1921,6.43
GHA,1922,6.43
GHA,1923,6.43
GHA,1924,6.43
GHA,1925,6.43
GHA,1926,6.43
GHA,1927,6.42
GHA,1928,6.42
GHA,1929,6.42
GHA,1930,6.42
GHA,1931,6.41
GHA,1932,6.41
GHA,1933,6.41
GHA,1934,6.41
GHA,1935,6.4
GHA,1936,6.4
GHA,1937,6.4
GHA,1938,6.4
GHA,1939,6.39
GHA,1940,6.39
GHA,1941,6.39
GHA,1942,6.39
GHA,1943,6.38
GHA,1944,6.38
GHA,1945,6.38
GHA,1946,6.38
GHA,1947,6.37
GHA,1948,6.37
GHA,1949,6.37
GHA,1950,6.37
GHA,1951,6.39
GHA,1952,6.42
GHA,1953,6.46
GHA,1954,6.5
GHA,1955,6.54
GHA,1956,6.58
GHA,1957,6.62
GHA,1958,6.67
GHA,1959,6.71
GHA,1960,6.75
GHA,1961,6.79
GHA,1962,6.83
GHA,1963,6.86
GHA,1964,6.89
GHA,1965,6.92
GHA,1966,6.94
GHA,1967,6.95
GHA,1968,6.96
GHA,1969,6.96
GHA,1970,6.95
GHA,1971,6.94
GHA,1972,6.92
GHA,1973,6.89
GHA,1974,6.86
GHA,1975,6.82
GHA,1976,6.77
GHA,1977,6.72
GHA,1978,6.67
GHA,1979,6.61
GHA,1980,6.54
GHA,1981,6.47
GHA,1982,6.39
GHA,1983,6.31
GHA,1984,6.22
GHA,1985,6.13
GHA,1986,6.04
GHA,1987,5.94
GHA,1988,5.83
GHA,1989,5.73
GHA,1990,5.62
GHA,1991,5.51
GHA,1992,5.39
GHA,1993,5.28
GHA,1994,5.17
GHA,1995,5.06
GHA,1996,4.96
GHA,1997,4.87
GHA,1998,4.79
GHA,1999,4.73
GHA,2000,4.67
GHA,2001,4.62
GHA,2002,4.57
GHA,2003,4.51
GHA,2004,4.46
GHA,2005,4.39
GHA,2006,4.33
GHA,2007,4.26
GHA,2008,4.19
GHA,2009,4.12
GHA,2010,4.05
GHA,2011,3.99
GHA,2012,3.92
GHA,2013,3.86
GHA,2014,3.8
GHA,2015,3.74
GRC,1800,6.03
GRC,1801,6.03
GRC,1802,6.03
GRC,1803,6.03
GRC,1804,6.03
GRC,1805,6.03
GRC,1806,6.03
GRC,1807,6.03
GRC,1808,6.03
GRC,1809,6.03
GRC,1810,6.03
GRC,1811,6.03
GRC,1812,6.03
GRC,1813,6.03
GRC,1814,6.03
GRC,1815,6.03
GRC,1816,6.03
GRC,1817,6.03
GRC,1818,6.03
GRC,1819,6.03
GRC,1820,6.03
GRC,1821,6.03
GRC,1822,6.03
GRC,1823,6.03
GRC,1824,6.03
GRC,1825,6.03
GRC,1826,6.03
GRC,1827,6.03
GRC,1828,6.03
GRC,1829,6.03
GRC,1830,6.03
GRC,1831,6.03
GRC,1832,6.03
GRC,1833,6.03
GRC,1834,6.03
GRC,1835,6.03
GRC,1836,6.03
GRC,1837,6.03
GRC,1838,6.03
GRC,1839,6.03
GRC,1840,6.03
GRC,1841,6.03
GRC,1842,6.03
GRC,1843,6.03
GRC,1844,6.03
GRC,1845,6.03
GRC,1846,6.03
GRC,1847,6.03
GRC,1848,6.03
GRC,1849,6.03
GRC,1850,6.03
GRC,1851,5.81
GRC,1852,5.59
GRC,1853,5.36
GRC,1854,5.14
GRC,1855,4.92
GRC,1856,4.7
GRC,1857,4.47
GRC,1858,4.25
GRC,1859,4.03
GRC,1860,3.81
GRC,1861,3.95
GRC,1862,3.87
GRC,1863,3.78
GRC,1864,3.94
GRC,1865,3.73
GRC,1866,4.03
GRC,1867,3.83
GRC,1868,3.85
GRC,1869,3.86
GRC,1870,3.77
GRC,1871,3.81
GRC,1872,3.83
GRC,1873,3.7
GRC,1874,3.91
GRC,1875,3.78
GRC,1876,3.97
GRC,1877,3.82
GRC,1878,3.64
GRC,1879,3.32
GRC,1880,3.27
GRC,1881,3.28
GRC,1882,3.38
GRC,1883,3.35
GRC,1884,3.83
GRC,1885,3.82
GRC,1886,4.01
GRC,1887,4.19
GRC,1888,4.38
GRC,1889,4.57
GRC,1890,4.73
GRC,1891,4.8
GRC,1892,4.88
GRC,1893,4.95
GRC,1894,5.03
GRC,1895,5.1
GRC,1896,5.18
GRC,1897,5.25
GRC,1898,5.32
GRC,1899,5.4
GRC,1900,5.47
GRC,1901,5.35
GRC,1902,5.22
GRC,1903,5.1
GRC,1904,4.97
GRC,1905,4.85
GRC,1906,4.72
GRC,1907,4.6
GRC,1908,4.47
GRC,1909,4.35
GRC,1910,4.22
GRC,1911,4.09
GRC,1912,3.97
GRC,1913,3.84
GRC,1914,3.72
GRC,1915,3.59
GRC,1916,3.47
GRC,1917,3.34
GRC,1918,3.22
GRC,1919,3.09
GRC,1920,2.97
GRC,1921,2.84
GRC,1922,2.88
GRC,1923,2.55
GRC,1924,2.61
GRC,1925,3.52
GRC,1926,4.02
GRC,1927,3.86
GRC,1928,4.09
GRC,1929,3.87
GRC,1930,4.19
GRC,1931,3.83
GRC,1932,3.8
GRC,1933,3.84
GRC,1934,4.16
GRC,1935,3.77
GRC,1936,3.68
GRC,1937,3.51
GRC,1938,3.47
GRC,1939,3.32
GRC,1940,3.29
GRC,1941,3.19
GRC,1942,3.08
GRC,1943,2.98
GRC,1944,2.88
GRC,1945,2.78
GRC,1946,2.68
GRC,1947,2.58
GRC,1948,2.48
GRC,1949,2.37
GRC,1950,2.27
GRC,1951,2.28
GRC,1952,2.29
GRC,1953,2.3
GRC,1954,2.3
GRC,1955,2.29
GRC,1956,2.28
GRC,1957,2.27
GRC,1958,2.25
GRC,1959,2.23
GRC,1960,2.22
GRC,1961,2.22
GRC,1962,2.22
GRC,1963,2.23
GRC,1964,2.26
GRC,1965,2.29
GRC,1966,2.32
GRC,1967,2.35
GRC,1968,2.36
GRC,1969,2.37
GRC,1970,2.36
GRC,1971,2.36
GRC,1972,2.35
GRC,1973,2.35
GRC,1974,2.35
GRC,1975,2.34
GRC,1976,2.34
GRC,1977,2.32
GRC,1978,2.28
GRC,1979,2.24
GRC,1980,2.17
GRC,1981,2.09
GRC,1982,2.01
GRC,1983,1.91
GRC,1984,1.82
GRC,1985,1.73
GRC,1986,1.65
GRC,1987,1.58
GRC,1988,1.51
GRC,1989,1.46
GRC,1990,1.42
GRC,1991,1.39
GRC,1992,1.37
GRC,1993,1.35
GRC,1994,1.34
GRC,1995,1.32
GRC,1996,1.31
GRC,1997,1.29
GRC,1998,1.28
GRC,1999,1.27
GRC,2000,1.27
GRC,2001,1.27
GRC,2002,1.28
GRC,2003,1.3
GRC,2004,1.33
GRC,2005,1.36
GRC,2006,1.4
GRC,2007,1.43
GRC,2008,1.46
GRC,2009,1.48
GRC,2010,1.5
GRC,2011,1.51
GRC,2012,1.52
GRC,2013,1.53
GRC,2014,1.54
GRC,2015,1.55
GRL,1800,4.9
GRL,1801,4.89
GRL,1802,4.88
GRL,1803,4.87
GRL,1804,4.86
GRL,1805,4.84
GRL,1806,4.83
GRL,1807,4.82
GRL,1808,4.81
GRL,1809,4.8
GRL,1810,4.79
GRL,1811,4.78
GRL,1812,4.77
GRL,1813,4.76
GRL,1814,4.74
GRL,1815,4.73
GRL,1816,4.72
GRL,1817,4.71
GRL,1818,4.7
GRL,1819,4.69
GRL,1820,4.68
GRL,1821,4.67
GRL,1822,4.66
GRL,1823,4.64
GRL,1824,4.63
GRL,1825,4.62
GRL,1826,4.61
GRL,1827,4.6
GRL,1828,4.59
GRL,1829,4.58
GRL,1830,4.57
GRL,1831,4.56
GRL,1832,4.54
GRL,1833,4.53
GRL,1834,4.52
GRL,1835,4.51
GRL,1836,4.5
GRL,1837,4.49
GRL,1838,4.48
GRL,1839,4.47
GRL,1840,4.46
GRL,1841,4.44
GRL,1842,4.43
GRL,1843,4.42
GRL,1844,4.41
GRL,1845,4.4
GRL,1846,4.39
GRL,1847,4.38
GRL,1848,4.37
GRL,1849,4.36
GRL,1850,4.34
GRL,1851,4.33
GRL,1852,4.32
GRL,1853,4.31
GRL,1854,4.3
GRL,1855,4.29
GRL,1856,4.28
GRL,1857,4.27
GRL,1858,4.26
GRL,1859,4.24
GRL,1860,4.23
GRL,1861,4.22
GRL,1862,4.21
GRL,1863,4.2
GRL,1864,4.19
GRL,1865,4.18
GRL,1866,4.22
GRL,1867,4.27
GRL,1868,4.31
GRL,1869,4.36
GRL,1870,4.4
GRL,1871,4.45
GRL,1872,4.49
GRL,1873,4.54
GRL,1874,4.58
GRL,1875,4.63
GRL,1876,4.61
GRL,1877,4.6
GRL,1878,4.58
GRL,1879,4.57
GRL,1880,4.55
GRL,1881,4.54
GRL,1882,4.52
GRL,1883,4.51
GRL,1884,4.49
GRL,1885,4.48
GRL,1886,4.51
GRL,1887,4.54
GRL,1888,4.57
GRL,1889,4.6
GRL,1890,4.63
GRL,1891,4.65
GRL,1892,4.68
GRL,1893,4.71
GRL,1894,4.74
GRL,1895,4.77
GRL,1896,4.77
GRL,1897,4.77
GRL,1898,4.77
GRL,1899,4.77
GRL,1900,4.77
GRL,1901,4.77
GRL,1902,4.77
GRL,1903,4.77
GRL,1904,4.77
GRL,1905,4.77
GRL,1906,4.78
GRL,1907,4.79
GRL,1908,4.8
GRL,1909,4.8
GRL,1910,4.81
GRL,1911,4.82
GRL,1912,4.83
GRL,1913,4.83
GRL,1914,4.84
GRL,1915,4.85
GRL,1916,4.91
GRL,1917,4.97
GRL,1918,5.04
GRL,1919,5.1
GRL,1920,5.16
GRL,1921,5.22
GRL,1922,5.28
GRL,1923,5.35
GRL,1924,5.41
GRL,1925,5.47
GRL,1926,5.51
GRL,1927,5.54
GRL,1928,5.58
GRL,1929,5.62
GRL,1930,5.65
GRL,1931,5.69
GRL,1932,5.73
GRL,1933,5.77
GRL,1934,5.8
GRL,1935,5.79
GRL,1936,5.79
GRL,1937,5.78
GRL,1938,5.77
GRL,1939,5.76
GRL,1940,5.76
GRL,1941,5.75
GRL,1942,5.74
GRL,1943,5.73
GRL,1944,5.73
GRL,1945,5.72
GRL,1946,5.71
GRL,1947,5.7
GRL,1948,5.7
GRL,1949,6.05
GRL,1950,6.93
GRL,1951,5.77
GRL,1952,5.96
GRL,1953,6.15
GRL,1954,6.31
GRL,1955,6.61
GRL,1956,6.67
GRL,1957,6.93
GRL,1958,6.82
GRL,1959,7.15
GRL,1960,7.25
GRL,1961,7.31
GRL,1962,7.09
GRL,1963,7.04
GRL,1964,7.27
GRL,1965,6.96
GRL,1966,7
GRL,1967,6.4
GRL,1968,5.85
GRL,1969,4.58
GRL,1970,3.9
GRL,1971,3.25
GRL,1972,2.77
GRL,1973,2.69
GRL,1974,2.3
GRL,1975,2.35
GRL,1976,2.26
GRL,1977,2.35
GRL,1978,2.2
GRL,1979,2.19
GRL,1980,2.44
GRL,1981,2.33
GRL,1982,2.24
GRL,1983,2.05
GRL,1984,2.11
GRL,1985,2.24
GRL,1986,2.04
GRL,1987,2.08
GRL,1988,2.32
GRL,1989,2.3
GRL,1990,2.44
GRL,1991,2.42
GRL,1992,2.61
GRL,1993,2.58
GRL,1994,2.53
GRL,1995,2.51
GRL,1996,2.49
GRL,1997,2.69
GRL,1998,2.46
GRL,1999,2.42
GRL,2000,2.33
GRL,2001,2.51
GRL,2002,2.57
GRL,2003,2.37
GRL,2004,2.42
GRL,2005,2.38
GRL,2006,2.26
GRL,2007,2.3
GRL,2008,2.25
GRL,2009,2.36
GRL,2010,2.2
GRL,2011,2.12
GRL,2012,2.02
GRL,2013,2.08
GRD,1800,5.81
GRD,1801,5.81
GRD,1802,5.81
GRD,1803,5.81
GRD,1804,5.81
GRD,1805,5.81
GRD,1806,5.81
GRD,1807,5.81
GRD,1808,5.81
GRD,1809,5.81
GRD,1810,5.81
GRD,1811,5.81
GRD,1812,5.81
GRD,1813,5.81
GRD,1814,5.81
GRD,1815,5.81
GRD,1816,5.81
GRD,1817,5.81
GRD,1818,5.81
GRD,1819,5.81
GRD,1820,5.81
GRD,1821,5.81
GRD,1822,5.81
GRD,1823,5.81
GRD,1824,5.81
GRD,1825,5.81
GRD,1826,5.81
GRD,1827,5.81
GRD,1828,5.81
GRD,1829,5.81
GRD,1830,5.81
GRD,1831,5.81
GRD,1832,5.81
GRD,1833,5.81
GRD,1834,5.81
GRD,1835,5.81
GRD,1836,5.81
GRD,1837,5.81
GRD,1838,5.81
GRD,1839,5.81
GRD,1840,5.81
GRD,1841,5.81
GRD,1842,5.81
GRD,1843,5.81
GRD,1844,5.81
GRD,1845,5.81
GRD,1846,5.81
GRD,1847,5.81
GRD,1848,5.81
GRD,1849,5.81
GRD,1850,5.81
GRD,1851,5.81
GRD,1852,5.81
GRD,1853,5.81
GRD,1854,5.81
GRD,1855,5.81
GRD,1856,5.81
GRD,1857,5.81
GRD,1858,5.81
GRD,1859,5.81
GRD,1860,5.81
GRD,1861,5.81
GRD,1862,5.81
GRD,1863,5.81
GRD,1864,5.81
GRD,1865,5.81
GRD,1866,5.81
GRD,1867,5.81
GRD,1868,5.81
GRD,1869,5.81
GRD,1870,5.81
GRD,1871,5.81
GRD,1872,5.81
GRD,1873,5.81
GRD,1874,5.81
GRD,1875,5.81
GRD,1876,5.81
GRD,1877,5.81
GRD,1878,5.81
GRD,1879,5.81
GRD,1880,5.81
GRD,1881,5.81
GRD,1882,5.81
GRD,1883,5.81
GRD,1884,5.81
GRD,1885,5.81
GRD,1886,5.81
GRD,1887,5.81
GRD,1888,5.81
GRD,1889,5.81
GRD,1890,5.81
GRD,1891,5.81
GRD,1892,5.81
GRD,1893,5.81
GRD,1894,5.81
GRD,1895,5.81
GRD,1896,5.81
GRD,1897,5.81
GRD,1898,5.81
GRD,1899,5.81
GRD,1900,5.81
GRD,1901,5.81
GRD,1902,5.81
GRD,1903,5.81
GRD,1904,5.81
GRD,1905,5.81
GRD,1906,5.81
GRD,1907,5.81
GRD,1908,5.81
GRD,1909,5.81
GRD,1910,5.81
GRD,1911,5.81
GRD,1912,5.81
GRD,1913,5.81
GRD,1914,5.81
GRD,1915,5.81
GRD,1916,5.81
GRD,1917,5.81
GRD,1918,5.81
GRD,1919,5.81
GRD,1920,5.81
GRD,1921,5.81
GRD,1922,5.81
GRD,1923,5.81
GRD,1924,5.81
GRD,1925,5.81
GRD,1926,5.78
GRD,1927,5.76
GRD,1928,5.73
GRD,1929,5.71
GRD,1930,5.68
GRD,1931,5.66
GRD,1932,5.63
GRD,1933,5.61
GRD,1934,5.58
GRD,1935,5.56
GRD,1936,5.53
GRD,1937,5.51
GRD,1938,5.48
GRD,1939,5.46
GRD,1940,5.43
GRD,1941,5.41
GRD,1942,5.38
GRD,1943,5.36
GRD,1944,5.33
GRD,1945,5.31
GRD,1946,5.28
GRD,1947,5.26
GRD,1948,5.23
GRD,1949,5.21
GRD,1950,5.18
GRD,1951,5.36
GRD,1952,5.69
GRD,1953,5.97
GRD,1954,6.22
GRD,1955,6.43
GRD,1956,6.59
GRD,1957,6.71
GRD,1958,6.78
GRD,1959,6.79
GRD,1960,6.74
GRD,1961,6.63
GRD,1962,6.44
GRD,1963,6.2
GRD,1964,5.91
GRD,1965,5.6
GRD,1966,5.3
GRD,1967,5.04
GRD,1968,4.84
GRD,1969,4.69
GRD,1970,4.6
GRD,1971,4.56
GRD,1972,4.54
GRD,1973,4.51
GRD,1974,4.48
GRD,1975,4.44
GRD,1976,4.39
GRD,1977,4.34
GRD,1978,4.3
GRD,1979,4.27
GRD,1980,4.25
GRD,1981,4.24
GRD,1982,4.24
GRD,1983,4.25
GRD,1984,4.24
GRD,1985,4.23
GRD,1986,4.2
GRD,1987,4.15
GRD,1988,4.07
GRD,1989,3.97
GRD,1990,3.84
GRD,1991,3.7
GRD,1992,3.55
GRD,1993,3.4
GRD,1994,3.25
GRD,1995,3.12
GRD,1996,2.99
GRD,1997,2.87
GRD,1998,2.76
GRD,1999,2.67
GRD,2000,2.58
GRD,2001,2.51
GRD,2002,2.46
GRD,2003,2.41
GRD,2004,2.37
GRD,2005,2.34
GRD,2006,2.32
GRD,2007,2.3
GRD,2008,2.28
GRD,2009,2.26
GRD,2010,2.24
GRD,2011,2.22
GRD,2012,2.19
GRD,2013,2.17
GRD,2014,2.15
GRD,2015,2.13
GLP,1800,5.62
GLP,1801,5.62
GLP,1802,5.62
GLP,1803,5.62
GLP,1804,5.62
GLP,1805,5.62
GLP,1806,5.62
GLP,1807,5.62
GLP,1808,5.62
GLP,1809,5.62
GLP,1810,5.62
GLP,1811,5.62
GLP,1812,5.62
GLP,1813,5.62
GLP,1814,5.62
GLP,1815,5.62
GLP,1816,5.62
GLP,1817,5.62
GLP,1818,5.62
GLP,1819,5.62
GLP,1820,5.62
GLP,1821,5.62
GLP,1822,5.62
GLP,1823,5.62
GLP,1824,5.62
GLP,1825,5.62
GLP,1826,5.62
GLP,1827,5.62
GLP,1828,5.62
GLP,1829,5.62
GLP,1830,5.62
GLP,1831,5.62
GLP,1832,5.62
GLP,1833,5.62
GLP,1834,5.62
GLP,1835,5.62
GLP,1836,5.62
GLP,1837,5.62
GLP,1838,5.62
GLP,1839,5.62
GLP,1840,5.62
GLP,1841,5.62
GLP,1842,5.62
GLP,1843,5.62
GLP,1844,5.62
GLP,1845,5.62
GLP,1846,5.62
GLP,1847,5.62
GLP,1848,5.62
GLP,1849,5.62
GLP,1850,5.62
GLP,1851,5.62
GLP,1852,5.62
GLP,1853,5.62
GLP,1854,5.62
GLP,1855,5.62
GLP,1856,5.62
GLP,1857,5.62
GLP,1858,5.62
GLP,1859,5.62
GLP,1860,5.62
GLP,1861,5.62
GLP,1862,5.62
GLP,1863,5.62
GLP,1864,5.62
GLP,1865,5.62
GLP,1866,5.62
GLP,1867,5.62
GLP,1868,5.62
GLP,1869,5.62
GLP,1870,5.62
GLP,1871,5.62
GLP,1872,5.62
GLP,1873,5.62
GLP,1874,5.62
GLP,1875,5.62
GLP,1876,5.62
GLP,1877,5.62
GLP,1878,5.62
GLP,1879,5.62
GLP,1880,5.62
GLP,1881,5.62
GLP,1882,5.62
GLP,1883,5.62
GLP,1884,5.62
GLP,1885,5.62
GLP,1886,5.62
GLP,1887,5.62
GLP,1888,5.62
GLP,1889,5.62
GLP,1890,5.62
GLP,1891,5.62
GLP,1892,5.62
GLP,1893,5.62
GLP,1894,5.62
GLP,1895,5.62
GLP,1896,5.62
GLP,1897,5.62
GLP,1898,5.62
GLP,1899,5.62
GLP,1900,5.62
GLP,1901,5.62
GLP,1902,5.62
GLP,1903,5.62
GLP,1904,5.62
GLP,1905,5.62
GLP,1906,5.62
GLP,1907,5.62
GLP,1908,5.62
GLP,1909,5.62
GLP,1910,5.62
GLP,1911,5.62
GLP,1912,5.62
GLP,1913,5.62
GLP,1914,5.62
GLP,1915,5.62
GLP,1916,5.62
GLP,1917,5.62
GLP,1918,5.62
GLP,1919,5.62
GLP,1920,5.62
GLP,1921,5.62
GLP,1922,5.62
GLP,1923,5.62
GLP,1924,5.62
GLP,1925,5.62
GLP,1926,5.62
GLP,1927,5.62
GLP,1928,5.62
GLP,1929,5.62
GLP,1930,5.62
GLP,1931,5.62
GLP,1932,5.62
GLP,1933,5.62
GLP,1934,5.62
GLP,1935,5.62
GLP,1936,5.62
GLP,1937,5.62
GLP,1938,5.62
GLP,1939,5.62
GLP,1940,5.62
GLP,1941,5.62
GLP,1942,5.62
GLP,1943,5.62
GLP,1944,5.62
GLP,1945,5.62
GLP,1946,5.62
GLP,1947,5.62
GLP,1948,5.62
GLP,1949,5.62
GLP,1950,5.62
GLP,1951,5.62
GLP,1952,5.61
GLP,1953,5.61
GLP,1954,5.61
GLP,1955,5.61
GLP,1956,5.62
GLP,1957,5.62
GLP,1958,5.63
GLP,1959,5.64
GLP,1960,5.64
GLP,1961,5.64
GLP,1962,5.62
GLP,1963,5.59
GLP,1964,5.54
GLP,1965,5.47
GLP,1966,5.39
GLP,1967,5.3
GLP,1968,5.2
GLP,1969,5.08
GLP,1970,4.93
GLP,1971,4.76
GLP,1972,4.55
GLP,1973,4.31
GLP,1974,4.04
GLP,1975,3.76
GLP,1976,3.48
GLP,1977,3.23
GLP,1978,3.02
GLP,1979,2.84
GLP,1980,2.71
GLP,1981,2.62
GLP,1982,2.56
GLP,1983,2.53
GLP,1984,2.5
GLP,1985,2.48
GLP,1986,2.46
GLP,1987,2.43
GLP,1988,2.38
GLP,1989,2.33
GLP,1990,2.26
GLP,1991,2.2
GLP,1992,2.15
GLP,1993,2.11
GLP,1994,2.09
GLP,1995,2.08
GLP,1996,2.07
GLP,1997,2.08
GLP,1998,2.08
GLP,1999,2.08
GLP,2000,2.07
GLP,2001,2.07
GLP,2002,2.07
GLP,2003,2.08
GLP,2004,2.09
GLP,2005,2.1
GLP,2006,2.12
GLP,2007,2.13
GLP,2008,2.13
GLP,2009,2.13
GLP,2010,2.12
GLP,2011,2.11
GLP,2012,2.1
GLP,2013,2.08
GLP,2014,2.07
GLP,2015,2.05
GUM,1800,6.37
GUM,1801,6.37
GUM,1802,6.37
GUM,1803,6.37
GUM,1804,6.37
GUM,1805,6.37
GUM,1806,6.37
GUM,1807,6.37
GUM,1808,6.37
GUM,1809,6.37
GUM,1810,6.37
GUM,1811,6.37
GUM,1812,6.37
GUM,1813,6.37
GUM,1814,6.37
GUM,1815,6.37
GUM,1816,6.37
GUM,1817,6.37
GUM,1818,6.37
GUM,1819,6.37
GUM,1820,6.37
GUM,1821,6.37
GUM,1822,6.37
GUM,1823,6.37
GUM,1824,6.37
GUM,1825,6.37
GUM,1826,6.37
GUM,1827,6.37
GUM,1828,6.37
GUM,1829,6.37
GUM,1830,6.37
GUM,1831,6.37
GUM,1832,6.37
GUM,1833,6.37
GUM,1834,6.37
GUM,1835,6.37
GUM,1836,6.37
GUM,1837,6.37
GUM,1838,6.37
GUM,1839,6.37
GUM,1840,6.37
GUM,1841,6.37
GUM,1842,6.37
GUM,1843,6.37
GUM,1844,6.37
GUM,1845,6.37
GUM,1846,6.37
GUM,1847,6.37
GUM,1848,6.37
GUM,1849,6.37
GUM,1850,6.37
GUM,1851,6.37
GUM,1852,6.37
GUM,1853,6.37
GUM,1854,6.37
GUM,1855,6.37
GUM,1856,6.37
GUM,1857,6.37
GUM,1858,6.37
GUM,1859,6.37
GUM,1860,6.37
GUM,1861,6.37
GUM,1862,6.37
GUM,1863,6.37
GUM,1864,6.37
GUM,1865,6.37
GUM,1866,6.37
GUM,1867,6.37
GUM,1868,6.37
GUM,1869,6.37
GUM,1870,6.37
GUM,1871,6.37
GUM,1872,6.37
GUM,1873,6.37
GUM,1874,6.37
GUM,1875,6.37
GUM,1876,6.37
GUM,1877,6.37
GUM,1878,6.37
GUM,1879,6.37
GUM,1880,6.37
GUM,1881,6.37
GUM,1882,6.37
GUM,1883,6.37
GUM,1884,6.37
GUM,1885,6.37
GUM,1886,6.37
GUM,1887,6.37
GUM,1888,6.37
GUM,1889,6.37
GUM,1890,6.37
GUM,1891,6.37
GUM,1892,6.37
GUM,1893,6.37
GUM,1894,6.37
GUM,1895,6.37
GUM,1896,6.37
GUM,1897,6.37
GUM,1898,6.37
GUM,1899,6.37
GUM,1900,6.37
GUM,1901,6.37
GUM,1902,6.37
GUM,1903,6.37
GUM,1904,6.37
GUM,1905,6.37
GUM,1906,6.37
GUM,1907,6.37
GUM,1908,6.37
GUM,1909,6.37
GUM,1910,6.37
GUM,1911,6.37
GUM,1912,6.37
GUM,1913,6.37
GUM,1914,6.37
GUM,1915,6.37
GUM,1916,6.37
GUM,1917,6.37
GUM,1918,6.37
GUM,1919,6.37
GUM,1920,6.37
GUM,1921,6.37
GUM,1922,6.37
GUM,1923,6.37
GUM,1924,6.37
GUM,1925,6.37
GUM,1926,6.33
GUM,1927,6.3
GUM,1928,6.26
GUM,1929,6.22
GUM,1930,6.18
GUM,1931,6.15
GUM,1932,6.11
GUM,1933,6.07
GUM,1934,6.04
GUM,1935,6
GUM,1936,5.96
GUM,1937,5.93
GUM,1938,5.89
GUM,1939,5.85
GUM,1940,5.81
GUM,1941,5.78
GUM,1942,5.74
GUM,1943,5.7
GUM,1944,5.67
GUM,1945,5.63
GUM,1946,5.59
GUM,1947,5.56
GUM,1948,5.52
GUM,1949,5.48
GUM,1950,5.44
GUM,1951,5.46
GUM,1952,5.49
GUM,1953,5.54
GUM,1954,5.6
GUM,1955,5.68
GUM,1956,5.76
GUM,1957,5.85
GUM,1958,5.94
GUM,1959,6.01
GUM,1960,6.05
GUM,1961,6.05
GUM,1962,5.98
GUM,1963,5.86
GUM,1964,5.67
GUM,1965,5.44
GUM,1966,5.19
GUM,1967,4.94
GUM,1968,4.72
GUM,1969,4.53
GUM,1970,4.37
GUM,1971,4.25
GUM,1972,4.14
GUM,1973,4.03
GUM,1974,3.92
GUM,1975,3.8
GUM,1976,3.68
GUM,1977,3.56
GUM,1978,3.45
GUM,1979,3.34
GUM,1980,3.25
GUM,1981,3.18
GUM,1982,3.13
GUM,1983,3.1
GUM,1984,3.09
GUM,1985,3.1
GUM,1986,3.1
GUM,1987,3.1
GUM,1988,3.08
GUM,1989,3.05
GUM,1990,3.01
GUM,1991,2.97
GUM,1992,2.93
GUM,1993,2.9
GUM,1994,2.88
GUM,1995,2.87
GUM,1996,2.87
GUM,1997,2.87
GUM,1998,2.86
GUM,1999,2.85
GUM,2000,2.82
GUM,2001,2.79
GUM,2002,2.76
GUM,2003,2.72
GUM,2004,2.68
GUM,2005,2.64
GUM,2006,2.6
GUM,2007,2.56
GUM,2008,2.53
GUM,2009,2.5
GUM,2010,2.47
GUM,2011,2.45
GUM,2012,2.43
GUM,2013,2.41
GUM,2014,2.38
GUM,2015,2.36
GTM,1800,6.45
GTM,1801,6.45
GTM,1802,6.45
GTM,1803,6.45
GTM,1804,6.45
GTM,1805,6.45
GTM,1806,6.45
GTM,1807,6.45
GTM,1808,6.45
GTM,1809,6.45
GTM,1810,6.45
GTM,1811,6.45
GTM,1812,6.45
GTM,1813,6.45
GTM,1814,6.45
GTM,1815,6.45
GTM,1816,6.45
GTM,1817,6.45
GTM,1818,6.45
GTM,1819,6.45
GTM,1820,6.45
GTM,1821,6.45
GTM,1822,6.45
GTM,1823,6.45
GTM,1824,6.45
GTM,1825,6.45
GTM,1826,6.45
GTM,1827,6.45
GTM,1828,6.45
GTM,1829,6.45
GTM,1830,6.45
GTM,1831,6.45
GTM,1832,6.45
GTM,1833,6.45
GTM,1834,6.45
GTM,1835,6.45
GTM,1836,6.45
GTM,1837,6.45
GTM,1838,6.45
GTM,1839,6.45
GTM,1840,6.45
GTM,1841,6.45
GTM,1842,6.45
GTM,1843,6.45
GTM,1844,6.45
GTM,1845,6.45
GTM,1846,6.45
GTM,1847,6.45
GTM,1848,6.45
GTM,1849,6.45
GTM,1850,6.45
GTM,1851,6.45
GTM,1852,6.45
GTM,1853,6.45
GTM,1854,6.45
GTM,1855,6.45
GTM,1856,6.45
GTM,1857,6.45
GTM,1858,6.45
GTM,1859,6.45
GTM,1860,6.45
GTM,1861,6.45
GTM,1862,6.45
GTM,1863,6.45
GTM,1864,6.45
GTM,1865,6.45
GTM,1866,6.45
GTM,1867,6.45
GTM,1868,6.45
GTM,1869,6.45
GTM,1870,6.45
GTM,1871,6.45
GTM,1872,6.45
GTM,1873,6.45
GTM,1874,6.45
GTM,1875,6.45
GTM,1876,6.45
GTM,1877,6.45
GTM,1878,6.45
GTM,1879,6.45
GTM,1880,6.45
GTM,1881,6.45
GTM,1882,6.45
GTM,1883,6.45
GTM,1884,6.45
GTM,1885,6.45
GTM,1886,6.45
GTM,1887,6.45
GTM,1888,6.45
GTM,1889,6.45
GTM,1890,6.45
GTM,1891,6.45
GTM,1892,6.45
GTM,1893,6.45
GTM,1894,6.45
GTM,1895,6.45
GTM,1896,6.45
GTM,1897,6.45
GTM,1898,6.45
GTM,1899,6.45
GTM,1900,6.45
GTM,1901,6.39
GTM,1902,6.34
GTM,1903,6.28
GTM,1904,6.23
GTM,1905,6.17
GTM,1906,6.12
GTM,1907,6.06
GTM,1908,6.14
GTM,1909,6.23
GTM,1910,6.31
GTM,1911,6.39
GTM,1912,6.48
GTM,1913,6.38
GTM,1914,6.29
GTM,1915,6.19
GTM,1916,6.1
GTM,1917,6
GTM,1918,6.15
GTM,1919,6.29
GTM,1920,6.43
GTM,1921,6.57
GTM,1922,6.71
GTM,1923,6.74
GTM,1924,6.76
GTM,1925,6.79
GTM,1926,6.81
GTM,1927,6.84
GTM,1928,6.76
GTM,1929,6.67
GTM,1930,6.59
GTM,1931,6.51
GTM,1932,6.42
GTM,1933,6.37
GTM,1934,6.31
GTM,1935,6.26
GTM,1936,6.2
GTM,1937,6.14
GTM,1938,6.17
GTM,1939,6.2
GTM,1940,6.23
GTM,1941,6.26
GTM,1942,6.28
GTM,1943,6.39
GTM,1944,6.5
GTM,1945,6.61
GTM,1946,6.72
GTM,1947,6.82
GTM,1948,6.96
GTM,1949,7.1
GTM,1950,7.25
GTM,1951,7.18
GTM,1952,7.05
GTM,1953,6.93
GTM,1954,6.83
GTM,1955,6.75
GTM,1956,6.68
GTM,1957,6.63
GTM,1958,6.59
GTM,1959,6.56
GTM,1960,6.53
GTM,1961,6.51
GTM,1962,6.49
GTM,1963,6.46
GTM,1964,6.43
GTM,1965,6.4
GTM,1966,6.36
GTM,1967,6.32
GTM,1968,6.29
GTM,1969,6.26
GTM,1970,6.24
GTM,1971,6.22
GTM,1972,6.21
GTM,1973,6.2
GTM,1974,6.2
GTM,1975,6.2
GTM,1976,6.2
GTM,1977,6.2
GTM,1978,6.2
GTM,1979,6.2
GTM,1980,6.18
GTM,1981,6.15
GTM,1982,6.11
GTM,1983,6.05
GTM,1984,5.99
GTM,1985,5.91
GTM,1986,5.84
GTM,1987,5.76
GTM,1988,5.7
GTM,1989,5.64
GTM,1990,5.58
GTM,1991,5.53
GTM,1992,5.47
GTM,1993,5.4
GTM,1994,5.32
GTM,1995,5.24
GTM,1996,5.15
GTM,1997,5.06
GTM,1998,4.97
GTM,1999,4.88
GTM,2000,4.8
GTM,2001,4.72
GTM,2002,4.63
GTM,2003,4.55
GTM,2004,4.46
GTM,2005,4.37
GTM,2006,4.28
GTM,2007,4.2
GTM,2008,4.12
GTM,2009,4.04
GTM,2010,3.97
GTM,2011,3.91
GTM,2012,3.84
GTM,2013,3.78
GTM,2014,3.72
GTM,2015,3.66
GIN,1800,6.11
GIN,1801,6.11
GIN,1802,6.11
GIN,1803,6.11
GIN,1804,6.11
GIN,1805,6.11
GIN,1806,6.11
GIN,1807,6.11
GIN,1808,6.11
GIN,1809,6.11
GIN,1810,6.11
GIN,1811,6.11
GIN,1812,6.11
GIN,1813,6.11
GIN,1814,6.11
GIN,1815,6.11
GIN,1816,6.11
GIN,1817,6.11
GIN,1818,6.11
GIN,1819,6.11
GIN,1820,6.11
GIN,1821,6.11
GIN,1822,6.11
GIN,1823,6.11
GIN,1824,6.11
GIN,1825,6.11
GIN,1826,6.11
GIN,1827,6.11
GIN,1828,6.11
GIN,1829,6.11
GIN,1830,6.11
GIN,1831,6.11
GIN,1832,6.11
GIN,1833,6.11
GIN,1834,6.11
GIN,1835,6.11
GIN,1836,6.11
GIN,1837,6.11
GIN,1838,6.11
GIN,1839,6.11
GIN,1840,6.11
GIN,1841,6.11
GIN,1842,6.11
GIN,1843,6.11
GIN,1844,6.11
GIN,1845,6.11
GIN,1846,6.11
GIN,1847,6.11
GIN,1848,6.11
GIN,1849,6.11
GIN,1850,6.11
GIN,1851,6.11
GIN,1852,6.11
GIN,1853,6.11
GIN,1854,6.11
GIN,1855,6.11
GIN,1856,6.11
GIN,1857,6.11
GIN,1858,6.11
GIN,1859,6.11
GIN,1860,6.11
GIN,1861,6.11
GIN,1862,6.11
GIN,1863,6.11
GIN,1864,6.11
GIN,1865,6.11
GIN,1866,6.11
GIN,1867,6.11
GIN,1868,6.11
GIN,1869,6.11
GIN,1870,6.11
GIN,1871,6.11
GIN,1872,6.11
GIN,1873,6.11
GIN,1874,6.11
GIN,1875,6.11
GIN,1876,6.11
GIN,1877,6.11
GIN,1878,6.11
GIN,1879,6.11
GIN,1880,6.11
GIN,1881,6.11
GIN,1882,6.11
GIN,1883,6.11
GIN,1884,6.11
GIN,1885,6.11
GIN,1886,6.11
GIN,1887,6.11
GIN,1888,6.11
GIN,1889,6.11
GIN,1890,6.11
GIN,1891,6.11
GIN,1892,6.11
GIN,1893,6.11
GIN,1894,6.11
GIN,1895,6.11
GIN,1896,6.11
GIN,1897,6.11
GIN,1898,6.11
GIN,1899,6.11
GIN,1900,6.11
GIN,1901,6.11
GIN,1902,6.11
GIN,1903,6.11
GIN,1904,6.11
GIN,1905,6.11
GIN,1906,6.11
GIN,1907,6.11
GIN,1908,6.11
GIN,1909,6.11
GIN,1910,6.11
GIN,1911,6.11
GIN,1912,6.11
GIN,1913,6.11
GIN,1914,6.11
GIN,1915,6.11
GIN,1916,6.11
GIN,1917,6.11
GIN,1918,6.11
GIN,1919,6.11
GIN,1920,6.11
GIN,1921,6.11
GIN,1922,6.11
GIN,1923,6.11
GIN,1924,6.11
GIN,1925,6.11
GIN,1926,6.1
GIN,1927,6.1
GIN,1928,6.09
GIN,1929,6.09
GIN,1930,6.08
GIN,1931,6.08
GIN,1932,6.07
GIN,1933,6.07
GIN,1934,6.06
GIN,1935,6.06
GIN,1936,6.05
GIN,1937,6.05
GIN,1938,6.04
GIN,1939,6.04
GIN,1940,6.03
GIN,1941,6.02
GIN,1942,6.02
GIN,1943,6.01
GIN,1944,6.01
GIN,1945,6
GIN,1946,6
GIN,1947,5.99
GIN,1948,5.99
GIN,1949,5.98
GIN,1950,5.98
GIN,1951,5.98
GIN,1952,5.99
GIN,1953,6.01
GIN,1954,6.02
GIN,1955,6.03
GIN,1956,6.05
GIN,1957,6.06
GIN,1958,6.08
GIN,1959,6.09
GIN,1960,6.1
GIN,1961,6.11
GIN,1962,6.12
GIN,1963,6.13
GIN,1964,6.13
GIN,1965,6.14
GIN,1966,6.14
GIN,1967,6.15
GIN,1968,6.16
GIN,1969,6.17
GIN,1970,6.2
GIN,1971,6.22
GIN,1972,6.25
GIN,1973,6.28
GIN,1974,6.32
GIN,1975,6.35
GIN,1976,6.39
GIN,1977,6.43
GIN,1978,6.47
GIN,1979,6.5
GIN,1980,6.53
GIN,1981,6.56
GIN,1982,6.59
GIN,1983,6.61
GIN,1984,6.63
GIN,1985,6.64
GIN,1986,6.65
GIN,1987,6.64
GIN,1988,6.63
GIN,1989,6.61
GIN,1990,6.58
GIN,1991,6.54
GIN,1992,6.49
GIN,1993,6.44
GIN,1994,6.38
GIN,1995,6.31
GIN,1996,6.24
GIN,1997,6.16
GIN,1998,6.09
GIN,1999,6.01
GIN,2000,5.94
GIN,2001,5.87
GIN,2002,5.79
GIN,2003,5.72
GIN,2004,5.65
GIN,2005,5.58
GIN,2006,5.5
GIN,2007,5.42
GIN,2008,5.34
GIN,2009,5.26
GIN,2010,5.17
GIN,2011,5.09
GIN,2012,5
GIN,2013,4.92
GIN,2014,4.83
GIN,2015,4.75
GNB,1800,7.25
GNB,1801,7.25
GNB,1802,7.25
GNB,1803,7.25
GNB,1804,7.25
GNB,1805,7.25
GNB,1806,7.25
GNB,1807,7.25
GNB,1808,7.25
GNB,1809,7.25
GNB,1810,7.25
GNB,1811,7.25
GNB,1812,7.25
GNB,1813,7.25
GNB,1814,7.25
GNB,1815,7.25
GNB,1816,7.25
GNB,1817,7.25
GNB,1818,7.25
GNB,1819,7.25
GNB,1820,7.25
GNB,1821,7.25
GNB,1822,7.25
GNB,1823,7.25
GNB,1824,7.25
GNB,1825,7.25
GNB,1826,7.25
GNB,1827,7.25
GNB,1828,7.25
GNB,1829,7.25
GNB,1830,7.25
GNB,1831,7.25
GNB,1832,7.25
GNB,1833,7.25
GNB,1834,7.25
GNB,1835,7.25
GNB,1836,7.25
GNB,1837,7.25
GNB,1838,7.25
GNB,1839,7.25
GNB,1840,7.25
GNB,1841,7.25
GNB,1842,7.25
GNB,1843,7.25
GNB,1844,7.25
GNB,1845,7.25
GNB,1846,7.25
GNB,1847,7.25
GNB,1848,7.25
GNB,1849,7.25
GNB,1850,7.25
GNB,1851,7.25
GNB,1852,7.25
GNB,1853,7.25
GNB,1854,7.25
GNB,1855,7.25
GNB,1856,7.25
GNB,1857,7.25
GNB,1858,7.25
GNB,1859,7.25
GNB,1860,7.25
GNB,1861,7.25
GNB,1862,7.25
GNB,1863,7.25
GNB,1864,7.25
GNB,1865,7.25
GNB,1866,7.25
GNB,1867,7.25
GNB,1868,7.25
GNB,1869,7.25
GNB,1870,7.25
GNB,1871,7.25
GNB,1872,7.25
GNB,1873,7.25
GNB,1874,7.25
GNB,1875,7.25
GNB,1876,7.25
GNB,1877,7.25
GNB,1878,7.25
GNB,1879,7.25
GNB,1880,7.25
GNB,1881,7.25
GNB,1882,7.25
GNB,1883,7.25
GNB,1884,7.25
GNB,1885,7.25
GNB,1886,7.25
GNB,1887,7.25
GNB,1888,7.25
GNB,1889,7.25
GNB,1890,7.25
GNB,1891,7.25
GNB,1892,7.25
GNB,1893,7.25
GNB,1894,7.25
GNB,1895,7.25
GNB,1896,7.25
GNB,1897,7.25
GNB,1898,7.25
GNB,1899,7.25
GNB,1900,7.25
GNB,1901,7.25
GNB,1902,7.25
GNB,1903,7.25
GNB,1904,7.25
GNB,1905,7.25
GNB,1906,7.25
GNB,1907,7.25
GNB,1908,7.25
GNB,1909,7.25
GNB,1910,7.25
GNB,1911,7.25
GNB,1912,7.25
GNB,1913,7.25
GNB,1914,7.25
GNB,1915,7.25
GNB,1916,7.25
GNB,1917,7.25
GNB,1918,7.25
GNB,1919,7.25
GNB,1920,7.25
GNB,1921,7.25
GNB,1922,7.25
GNB,1923,7.25
GNB,1924,7.25
GNB,1925,7.25
GNB,1926,7.3
GNB,1927,7.35
GNB,1928,7.4
GNB,1929,7.45
GNB,1930,7.51
GNB,1931,7.56
GNB,1932,7.61
GNB,1933,7.66
GNB,1934,7.71
GNB,1935,7.76
GNB,1936,7.81
GNB,1937,7.86
GNB,1938,7.91
GNB,1939,7.96
GNB,1940,8.01
GNB,1941,8.06
GNB,1942,8.11
GNB,1943,8.16
GNB,1944,8.21
GNB,1945,8.26
GNB,1946,8.31
GNB,1947,8.36
GNB,1948,8.41
GNB,1949,8.46
GNB,1950,8.51
GNB,1951,8.19
GNB,1952,7.59
GNB,1953,7.09
GNB,1954,6.68
GNB,1955,6.36
GNB,1956,6.14
GNB,1957,5.99
GNB,1958,5.91
GNB,1959,5.86
GNB,1960,5.83
GNB,1961,5.77
GNB,1962,5.67
GNB,1963,5.52
GNB,1964,5.32
GNB,1965,5.14
GNB,1966,5.05
GNB,1967,5.09
GNB,1968,5.3
GNB,1969,5.64
GNB,1970,6.07
GNB,1971,6.49
GNB,1972,6.81
GNB,1973,6.98
GNB,1974,6.99
GNB,1975,6.87
GNB,1976,6.66
GNB,1977,6.46
GNB,1978,6.33
GNB,1979,6.28
GNB,1980,6.32
GNB,1981,6.42
GNB,1982,6.54
GNB,1983,6.64
GNB,1984,6.71
GNB,1985,6.74
GNB,1986,6.74
GNB,1987,6.73
GNB,1988,6.71
GNB,1989,6.68
GNB,1990,6.65
GNB,1991,6.61
GNB,1992,6.55
GNB,1993,6.49
GNB,1994,6.4
GNB,1995,6.31
GNB,1996,6.21
GNB,1997,6.12
GNB,1998,6.02
GNB,1999,5.93
GNB,2000,5.85
GNB,2001,5.77
GNB,2002,5.69
GNB,2003,5.61
GNB,2004,5.54
GNB,2005,5.46
GNB,2006,5.39
GNB,2007,5.32
GNB,2008,5.25
GNB,2009,5.18
GNB,2010,5.12
GNB,2011,5.05
GNB,2012,4.99
GNB,2013,4.93
GNB,2014,4.87
GNB,2015,4.8
GUY,1800,5.01
GUY,1801,5.01
GUY,1802,5.01
GUY,1803,5.01
GUY,1804,5.01
GUY,1805,5.01
GUY,1806,5.01
GUY,1807,5.01
GUY,1808,5.01
GUY,1809,5.01
GUY,1810,5.01
GUY,1811,5.01
GUY,1812,5.01
GUY,1813,5.01
GUY,1814,5.01
GUY,1815,5.01
GUY,1816,5.01
GUY,1817,5.01
GUY,1818,5.01
GUY,1819,5.01
GUY,1820,5.01
GUY,1821,5.01
GUY,1822,5.01
GUY,1823,5.01
GUY,1824,5.01
GUY,1825,5.01
GUY,1826,5.01
GUY,1827,5.01
GUY,1828,5.01
GUY,1829,5.01
GUY,1830,5.01
GUY,1831,5.01
GUY,1832,5.01
GUY,1833,5.01
GUY,1834,5.01
GUY,1835,5.01
GUY,1836,5.01
GUY,1837,5.01
GUY,1838,5.01
GUY,1839,5.01
GUY,1840,5.01
GUY,1841,5.01
GUY,1842,5.01
GUY,1843,5.01
GUY,1844,5.01
GUY,1845,5.01
GUY,1846,5.01
GUY,1847,5.01
GUY,1848,5.01
GUY,1849,5.01
GUY,1850,5.01
GUY,1851,5.01
GUY,1852,5.01
GUY,1853,5.01
GUY,1854,5.01
GUY,1855,5.01
GUY,1856,5.01
GUY,1857,5.01
GUY,1858,5.01
GUY,1859,5.01
GUY,1860,5.01
GUY,1861,5.01
GUY,1862,5.01
GUY,1863,5.01
GUY,1864,5.01
GUY,1865,5.01
GUY,1866,5.01
GUY,1867,5.01
GUY,1868,5.01
GUY,1869,5.01
GUY,1870,5.01
GUY,1871,5.01
GUY,1872,5.01
GUY,1873,5.01
GUY,1874,5.01
GUY,1875,5.01
GUY,1876,5.01
GUY,1877,5.01
GUY,1878,5.01
GUY,1879,5.01
GUY,1880,5.01
GUY,1881,4.93
GUY,1882,4.85
GUY,1883,4.77
GUY,1884,4.69
GUY,1885,4.61
GUY,1886,4.53
GUY,1887,4.45
GUY,1888,4.36
GUY,1889,4.28
GUY,1890,4.2
GUY,1891,4.12
GUY,1892,4.21
GUY,1893,4.3
GUY,1894,4.39
GUY,1895,4.48
GUY,1896,4.72
GUY,1897,4.96
GUY,1898,5.2
GUY,1899,5.45
GUY,1900,5.69
GUY,1901,5.39
GUY,1902,5.1
GUY,1903,5.25
GUY,1904,5.39
GUY,1905,5.54
GUY,1906,5.69
GUY,1907,5.57
GUY,1908,5.45
GUY,1909,5.33
GUY,1910,5.21
GUY,1911,5.09
GUY,1912,4.98
GUY,1913,4.82
GUY,1914,4.67
GUY,1915,4.52
GUY,1916,4.37
GUY,1917,4.22
GUY,1918,4.36
GUY,1919,4.5
GUY,1920,4.63
GUY,1921,4.77
GUY,1922,4.91
GUY,1923,4.93
GUY,1924,4.95
GUY,1925,4.97
GUY,1926,4.99
GUY,1927,5.01
GUY,1928,5.01
GUY,1929,5.01
GUY,1930,5.01
GUY,1931,5.01
GUY,1932,5.01
GUY,1933,5.01
GUY,1934,5.01
GUY,1935,5.02
GUY,1936,5.02
GUY,1937,5.02
GUY,1938,5.09
GUY,1939,5.15
GUY,1940,5.22
GUY,1941,5.28
GUY,1942,5.35
GUY,1943,5.34
GUY,1944,5.34
GUY,1945,5.33
GUY,1946,5.33
GUY,1947,5.33
GUY,1948,5.32
GUY,1949,5.32
GUY,1950,5.31
GUY,1951,5.41
GUY,1952,5.58
GUY,1953,5.71
GUY,1954,5.81
GUY,1955,5.86
GUY,1956,5.88
GUY,1957,5.87
GUY,1958,5.83
GUY,1959,5.76
GUY,1960,5.67
GUY,1961,5.58
GUY,1962,5.49
GUY,1963,5.4
GUY,1964,5.33
GUY,1965,5.27
GUY,1966,5.23
GUY,1967,5.19
GUY,1968,5.15
GUY,1969,5.11
GUY,1970,5.07
GUY,1971,5.02
GUY,1972,4.97
GUY,1973,4.92
GUY,1974,4.85
GUY,1975,4.76
GUY,1976,4.62
GUY,1977,4.44
GUY,1978,4.2
GUY,1979,3.94
GUY,1980,3.65
GUY,1981,3.36
GUY,1982,3.1
GUY,1983,2.88
GUY,1984,2.71
GUY,1985,2.6
GUY,1986,2.53
GUY,1987,2.5
GUY,1988,2.48
GUY,1989,2.47
GUY,1990,2.47
GUY,1991,2.47
GUY,1992,2.47
GUY,1993,2.47
GUY,1994,2.48
GUY,1995,2.49
GUY,1996,2.51
GUY,1997,2.52
GUY,1998,2.54
GUY,1999,2.56
GUY,2000,2.59
GUY,2001,2.61
GUY,2002,2.65
GUY,2003,2.68
GUY,2004,2.71
GUY,2005,2.74
GUY,2006,2.75
GUY,2007,2.75
GUY,2008,2.74
GUY,2009,2.72
GUY,2010,2.68
GUY,2011,2.64
GUY,2012,2.59
GUY,2013,2.55
GUY,2014,2.5
GUY,2015,2.47
HTI,1800,6.31
HTI,1801,6.31
HTI,1802,6.31
HTI,1803,6.31
HTI,1804,6.31
HTI,1805,6.31
HTI,1806,6.31
HTI,1807,6.31
HTI,1808,6.31
HTI,1809,6.31
HTI,1810,6.31
HTI,1811,6.31
HTI,1812,6.31
HTI,1813,6.31
HTI,1814,6.31
HTI,1815,6.31
HTI,1816,6.31
HTI,1817,6.31
HTI,1818,6.31
HTI,1819,6.31
HTI,1820,6.31
HTI,1821,6.31
HTI,1822,6.31
HTI,1823,6.31
HTI,1824,6.31
HTI,1825,6.31
HTI,1826,6.31
HTI,1827,6.31
HTI,1828,6.31
HTI,1829,6.31
HTI,1830,6.31
HTI,1831,6.31
HTI,1832,6.31
HTI,1833,6.31
HTI,1834,6.31
HTI,1835,6.31
HTI,1836,6.31
HTI,1837,6.31
HTI,1838,6.31
HTI,1839,6.31
HTI,1840,6.31
HTI,1841,6.31
HTI,1842,6.31
HTI,1843,6.31
HTI,1844,6.31
HTI,1845,6.31
HTI,1846,6.31
HTI,1847,6.31
HTI,1848,6.31
HTI,1849,6.31
HTI,1850,6.31
HTI,1851,6.31
HTI,1852,6.31
HTI,1853,6.31
HTI,1854,6.31
HTI,1855,6.31
HTI,1856,6.31
HTI,1857,6.31
HTI,1858,6.31
HTI,1859,6.31
HTI,1860,6.31
HTI,1861,6.31
HTI,1862,6.31
HTI,1863,6.31
HTI,1864,6.31
HTI,1865,6.31
HTI,1866,6.31
HTI,1867,6.31
HTI,1868,6.31
HTI,1869,6.31
HTI,1870,6.31
HTI,1871,6.31
HTI,1872,6.31
HTI,1873,6.31
HTI,1874,6.31
HTI,1875,6.31
HTI,1876,6.31
HTI,1877,6.31
HTI,1878,6.31
HTI,1879,6.31
HTI,1880,6.31
HTI,1881,6.31
HTI,1882,6.31
HTI,1883,6.31
HTI,1884,6.31
HTI,1885,6.31
HTI,1886,6.31
HTI,1887,6.31
HTI,1888,6.31
HTI,1889,6.31
HTI,1890,6.31
HTI,1891,6.31
HTI,1892,6.31
HTI,1893,6.31
HTI,1894,6.31
HTI,1895,6.31
HTI,1896,6.31
HTI,1897,6.31
HTI,1898,6.31
HTI,1899,6.31
HTI,1900,6.31
HTI,1901,6.31
HTI,1902,6.31
HTI,1903,6.31
HTI,1904,6.31
HTI,1905,6.31
HTI,1906,6.31
HTI,1907,6.31
HTI,1908,6.31
HTI,1909,6.31
HTI,1910,6.31
HTI,1911,6.31
HTI,1912,6.31
HTI,1913,6.31
HTI,1914,6.31
HTI,1915,6.31
HTI,1916,6.31
HTI,1917,6.31
HTI,1918,6.31
HTI,1919,6.31
HTI,1920,6.31
HTI,1921,6.31
HTI,1922,6.31
HTI,1923,6.31
HTI,1924,6.31
HTI,1925,6.31
HTI,1926,6.31
HTI,1927,6.31
HTI,1928,6.31
HTI,1929,6.31
HTI,1930,6.31
HTI,1931,6.31
HTI,1932,6.31
HTI,1933,6.31
HTI,1934,6.31
HTI,1935,6.31
HTI,1936,6.31
HTI,1937,6.31
HTI,1938,6.31
HTI,1939,6.31
HTI,1940,6.31
HTI,1941,6.31
HTI,1942,6.31
HTI,1943,6.31
HTI,1944,6.31
HTI,1945,6.31
HTI,1946,6.31
HTI,1947,6.31
HTI,1948,6.31
HTI,1949,6.31
HTI,1950,6.31
HTI,1951,6.31
HTI,1952,6.3
HTI,1953,6.3
HTI,1954,6.3
HTI,1955,6.3
HTI,1956,6.3
HTI,1957,6.31
HTI,1958,6.32
HTI,1959,6.32
HTI,1960,6.32
HTI,1961,6.32
HTI,1962,6.3
HTI,1963,6.27
HTI,1964,6.23
HTI,1965,6.18
HTI,1966,6.11
HTI,1967,6.03
HTI,1968,5.94
HTI,1969,5.85
HTI,1970,5.76
HTI,1971,5.69
HTI,1972,5.64
HTI,1973,5.62
HTI,1974,5.62
HTI,1975,5.64
HTI,1976,5.7
HTI,1977,5.78
HTI,1978,5.87
HTI,1979,5.97
HTI,1980,6.06
HTI,1981,6.12
HTI,1982,6.15
HTI,1983,6.15
HTI,1984,6.11
HTI,1985,6.03
HTI,1986,5.92
HTI,1987,5.8
HTI,1988,5.67
HTI,1989,5.55
HTI,1990,5.43
HTI,1991,5.32
HTI,1992,5.21
HTI,1993,5.1
HTI,1994,5
HTI,1995,4.89
HTI,1996,4.78
HTI,1997,4.67
HTI,1998,4.55
HTI,1999,4.43
HTI,2000,4.3
HTI,2001,4.18
HTI,2002,4.07
HTI,2003,3.95
HTI,2004,3.85
HTI,2005,3.75
HTI,2006,3.66
HTI,2007,3.58
HTI,2008,3.5
HTI,2009,3.42
HTI,2010,3.35
HTI,2011,3.28
HTI,2012,3.21
HTI,2013,3.15
HTI,2014,3.09
HTI,2015,3.03
HND,1800,6.05
HND,1801,6.05
HND,1802,6.05
HND,1803,6.06
HND,1804,6.06
HND,1805,6.06
HND,1806,6.06
HND,1807,6.07
HND,1808,6.07
HND,1809,6.07
HND,1810,6.07
HND,1811,6.07
HND,1812,6.08
HND,1813,6.08
HND,1814,6.08
HND,1815,6.08
HND,1816,6.08
HND,1817,6.09
HND,1818,6.09
HND,1819,6.09
HND,1820,6.09
HND,1821,6.1
HND,1822,6.1
HND,1823,6.1
HND,1824,6.1
HND,1825,6.1
HND,1826,6.11
HND,1827,6.11
HND,1828,6.11
HND,1829,6.11
HND,1830,6.12
HND,1831,6.12
HND,1832,6.12
HND,1833,6.12
HND,1834,6.12
HND,1835,6.13
HND,1836,6.13
HND,1837,6.13
HND,1838,6.13
HND,1839,6.13
HND,1840,6.14
HND,1841,6.14
HND,1842,6.14
HND,1843,6.14
HND,1844,6.15
HND,1845,6.15
HND,1846,6.15
HND,1847,6.15
HND,1848,6.15
HND,1849,6.16
HND,1850,6.16
HND,1851,6.16
HND,1852,6.16
HND,1853,6.16
HND,1854,6.17
HND,1855,6.17
HND,1856,6.17
HND,1857,6.17
HND,1858,6.18
HND,1859,6.18
HND,1860,6.18
HND,1861,6.18
HND,1862,6.18
HND,1863,6.19
HND,1864,6.19
HND,1865,6.19
HND,1866,6.19
HND,1867,6.2
HND,1868,6.2
HND,1869,6.2
HND,1870,6.2
HND,1871,6.2
HND,1872,6.21
HND,1873,6.21
HND,1874,6.21
HND,1875,6.21
HND,1876,6.21
HND,1877,6.22
HND,1878,6.22
HND,1879,6.22
HND,1880,6.22
HND,1881,6.23
HND,1882,6.23
HND,1883,6.23
HND,1884,6.23
HND,1885,6.23
HND,1886,6.24
HND,1887,6.24
HND,1888,6.24
HND,1889,6.24
HND,1890,6.25
HND,1891,6.25
HND,1892,6.25
HND,1893,6.25
HND,1894,6.25
HND,1895,6.26
HND,1896,6.26
HND,1897,6.26
HND,1898,6.26
HND,1899,6.26
HND,1900,6.27
HND,1901,6.27
HND,1902,6.27
HND,1903,6.27
HND,1904,6.28
HND,1905,6.28
HND,1906,6.28
HND,1907,6.28
HND,1908,6.28
HND,1909,6.29
HND,1910,6.29
HND,1911,6.29
HND,1912,6.29
HND,1913,6.24
HND,1914,6.18
HND,1915,6.12
HND,1916,6.06
HND,1917,6
HND,1918,6.08
HND,1919,6.15
HND,1920,6.23
HND,1921,6.3
HND,1922,6.38
HND,1923,6.37
HND,1924,6.37
HND,1925,6.36
HND,1926,6.36
HND,1927,6.35
HND,1928,6.29
HND,1929,6.23
HND,1930,6.17
HND,1931,6.11
HND,1932,6.05
HND,1933,6.05
HND,1934,6.04
HND,1935,6.04
HND,1936,6.04
HND,1937,6.03
HND,1938,6.09
HND,1939,6.14
HND,1940,6.2
HND,1941,6.25
HND,1942,6.31
HND,1943,6.33
HND,1944,6.35
HND,1945,6.37
HND,1946,6.39
HND,1947,6.41
HND,1948,6.76
HND,1949,7.12
HND,1950,7.47
HND,1951,7.48
HND,1952,7.5
HND,1953,7.51
HND,1954,7.51
HND,1955,7.51
HND,1956,7.51
HND,1957,7.5
HND,1958,7.49
HND,1959,7.47
HND,1960,7.46
HND,1961,7.45
HND,1962,7.44
HND,1963,7.44
HND,1964,7.44
HND,1965,7.44
HND,1966,7.44
HND,1967,7.42
HND,1968,7.38
HND,1969,7.33
HND,1970,7.27
HND,1971,7.2
HND,1972,7.11
HND,1973,7.03
HND,1974,6.94
HND,1975,6.84
HND,1976,6.75
HND,1977,6.65
HND,1978,6.54
HND,1979,6.43
HND,1980,6.31
HND,1981,6.19
HND,1982,6.06
HND,1983,5.93
HND,1984,5.8
HND,1985,5.68
HND,1986,5.55
HND,1987,5.44
HND,1988,5.34
HND,1989,5.24
HND,1990,5.14
HND,1991,5.05
HND,1992,4.95
HND,1993,4.85
HND,1994,4.74
HND,1995,4.62
HND,1996,4.49
HND,1997,4.37
HND,1998,4.24
HND,1999,4.12
HND,2000,4
HND,2001,3.88
HND,2002,3.78
HND,2003,3.67
HND,2004,3.58
HND,2005,3.49
HND,2006,3.41
HND,2007,3.34
HND,2008,3.27
HND,2009,3.21
HND,2010,3.15
HND,2011,3.1
HND,2012,3.05
HND,2013,3
HND,2014,2.95
HND,2015,2.91
HKG,1800,5.47
HKG,1801,5.47
HKG,1802,5.47
HKG,1803,5.47
HKG,1804,5.47
HKG,1805,5.47
HKG,1806,5.47
HKG,1807,5.47
HKG,1808,5.47
HKG,1809,5.47
HKG,1810,5.47
HKG,1811,5.47
HKG,1812,5.47
HKG,1813,5.47
HKG,1814,5.47
HKG,1815,5.47
HKG,1816,5.47
HKG,1817,5.47
HKG,1818,5.47
HKG,1819,5.47
HKG,1820,5.47
HKG,1821,5.47
HKG,1822,5.47
HKG,1823,5.47
HKG,1824,5.47
HKG,1825,5.47
HKG,1826,5.47
HKG,1827,5.47
HKG,1828,5.47
HKG,1829,5.47
HKG,1830,5.47
HKG,1831,5.47
HKG,1832,5.47
HKG,1833,5.47
HKG,1834,5.47
HKG,1835,5.47
HKG,1836,5.47
HKG,1837,5.47
HKG,1838,5.47
HKG,1839,5.47
HKG,1840,5.47
HKG,1841,5.47
HKG,1842,5.47
HKG,1843,5.47
HKG,1844,5.47
HKG,1845,5.47
HKG,1846,5.47
HKG,1847,5.47
HKG,1848,5.47
HKG,1849,5.47
HKG,1850,5.47
HKG,1851,5.47
HKG,1852,5.47
HKG,1853,5.47
HKG,1854,5.47
HKG,1855,5.47
HKG,1856,5.47
HKG,1857,5.47
HKG,1858,5.47
HKG,1859,5.47
HKG,1860,5.47
HKG,1861,5.47
HKG,1862,5.47
HKG,1863,5.47
HKG,1864,5.47
HKG,1865,5.47
HKG,1866,5.47
HKG,1867,5.47
HKG,1868,5.47
HKG,1869,5.47
HKG,1870,5.47
HKG,1871,5.47
HKG,1872,5.47
HKG,1873,5.47
HKG,1874,5.47
HKG,1875,5.47
HKG,1876,5.47
HKG,1877,5.47
HKG,1878,5.47
HKG,1879,5.47
HKG,1880,5.47
HKG,1881,5.47
HKG,1882,5.47
HKG,1883,5.47
HKG,1884,5.47
HKG,1885,5.47
HKG,1886,5.47
HKG,1887,5.47
HKG,1888,5.47
HKG,1889,5.47
HKG,1890,5.47
HKG,1891,5.47
HKG,1892,5.47
HKG,1893,5.47
HKG,1894,5.47
HKG,1895,5.47
HKG,1896,5.47
HKG,1897,5.47
HKG,1898,5.47
HKG,1899,5.47
HKG,1900,5.47
HKG,1901,5.47
HKG,1902,5.47
HKG,1903,5.47
HKG,1904,5.47
HKG,1905,5.47
HKG,1906,5.47
HKG,1907,5.47
HKG,1908,5.47
HKG,1909,5.47
HKG,1910,5.47
HKG,1911,5.47
HKG,1912,5.47
HKG,1913,5.47
HKG,1914,5.47
HKG,1915,5.47
HKG,1916,5.47
HKG,1917,5.47
HKG,1918,5.47
HKG,1919,5.47
HKG,1920,5.47
HKG,1921,5.47
HKG,1922,5.47
HKG,1923,5.47
HKG,1924,5.47
HKG,1925,5.47
HKG,1926,5.43
HKG,1927,5.39
HKG,1928,5.35
HKG,1929,5.32
HKG,1930,5.28
HKG,1931,5.24
HKG,1932,5.2
HKG,1933,5.16
HKG,1934,5.12
HKG,1935,5.09
HKG,1936,5.05
HKG,1937,5.01
HKG,1938,4.97
HKG,1939,4.93
HKG,1940,4.89
HKG,1941,4.85
HKG,1942,4.82
HKG,1943,4.78
HKG,1944,4.74
HKG,1945,4.7
HKG,1946,4.66
HKG,1947,4.62
HKG,1948,4.58
HKG,1949,4.55
HKG,1950,4.51
HKG,1951,4.47
HKG,1952,4.41
HKG,1953,4.4
HKG,1954,4.43
HKG,1955,4.5
HKG,1956,4.61
HKG,1957,4.75
HKG,1958,4.9
HKG,1959,5.05
HKG,1960,5.16
HKG,1961,5.21
HKG,1962,5.18
HKG,1963,5.05
HKG,1964,4.83
HKG,1965,4.55
HKG,1966,4.25
HKG,1967,3.96
HKG,1968,3.72
HKG,1969,3.55
HKG,1970,3.42
HKG,1971,3.33
HKG,1972,3.24
HKG,1973,3.13
HKG,1974,2.98
HKG,1975,2.81
HKG,1976,2.63
HKG,1977,2.44
HKG,1978,2.26
HKG,1979,2.1
HKG,1980,1.97
HKG,1981,1.85
HKG,1982,1.75
HKG,1983,1.66
HKG,1984,1.57
HKG,1985,1.5
HKG,1986,1.44
HKG,1987,1.39
HKG,1988,1.35
HKG,1989,1.32
HKG,1990,1.3
HKG,1991,1.26
HKG,1992,1.22
HKG,1993,1.17
HKG,1994,1.11
HKG,1995,1.04
HKG,1996,0.98
HKG,1997,0.92
HKG,1998,0.89
HKG,1999,0.88
HKG,2000,0.88
HKG,2001,0.9
HKG,2002,0.92
HKG,2003,0.95
HKG,2004,0.97
HKG,2005,0.99
HKG,2006,1.01
HKG,2007,1.02
HKG,2008,1.04
HKG,2009,1.06
HKG,2010,1.08
HKG,2011,1.1
HKG,2012,1.12
HKG,2013,1.14
HKG,2014,1.15
HKG,2015,1.17
HUN,1800,5.18
HUN,1801,5.18
HUN,1802,5.18
HUN,1803,5.18
HUN,1804,5.18
HUN,1805,5.18
HUN,1806,5.18
HUN,1807,5.18
HUN,1808,5.18
HUN,1809,5.18
HUN,1810,5.18
HUN,1811,5.18
HUN,1812,5.18
HUN,1813,5.18
HUN,1814,5.18
HUN,1815,5.18
HUN,1816,5.18
HUN,1817,5.18
HUN,1818,5.18
HUN,1819,5.18
HUN,1820,5.18
HUN,1821,5.18
HUN,1822,5.18
HUN,1823,5.18
HUN,1824,5.18
HUN,1825,5.18
HUN,1826,5.18
HUN,1827,5.18
HUN,1828,5.18
HUN,1829,5.18
HUN,1830,5.18
HUN,1831,5.18
HUN,1832,5.18
HUN,1833,5.18
HUN,1834,5.18
HUN,1835,5.18
HUN,1836,5.18
HUN,1837,5.18
HUN,1838,5.18
HUN,1839,5.18
HUN,1840,5.18
HUN,1841,5.18
HUN,1842,5.18
HUN,1843,5.18
HUN,1844,5.18
HUN,1845,5.18
HUN,1846,5.18
HUN,1847,5.18
HUN,1848,5.18
HUN,1849,5.18
HUN,1850,5.18
HUN,1851,5.15
HUN,1852,5.12
HUN,1853,5.09
HUN,1854,5.06
HUN,1855,5.03
HUN,1856,5
HUN,1857,4.97
HUN,1858,4.94
HUN,1859,4.91
HUN,1860,4.88
HUN,1861,4.85
HUN,1862,5.11
HUN,1863,5.41
HUN,1864,5.03
HUN,1865,5.11
HUN,1866,5.02
HUN,1867,4.64
HUN,1868,5.09
HUN,1869,5.12
HUN,1870,5.14
HUN,1871,5.23
HUN,1872,4.96
HUN,1873,5.18
HUN,1874,5.23
HUN,1875,5.55
HUN,1876,5.61
HUN,1877,5.29
HUN,1878,5.23
HUN,1879,5.58
HUN,1880,5.23
HUN,1881,5.28
HUN,1882,5.4
HUN,1883,5.5
HUN,1884,5.59
HUN,1885,5.48
HUN,1886,5.57
HUN,1887,5.41
HUN,1888,5.36
HUN,1889,5.35
HUN,1890,4.93
HUN,1891,5.2
HUN,1892,4.96
HUN,1893,5.25
HUN,1894,5.08
HUN,1895,5.11
HUN,1896,4.97
HUN,1897,4.95
HUN,1898,4.62
HUN,1899,4.79
HUN,1900,5.28
HUN,1901,5.22
HUN,1902,5.16
HUN,1903,5.1
HUN,1904,5.04
HUN,1905,4.98
HUN,1906,4.91
HUN,1907,4.85
HUN,1908,4.79
HUN,1909,4.73
HUN,1910,4.67
HUN,1911,4.59
HUN,1912,4.5
HUN,1913,4.42
HUN,1914,4.34
HUN,1915,4.26
HUN,1916,4.17
HUN,1917,4.09
HUN,1918,4.01
HUN,1919,3.93
HUN,1920,3.84
HUN,1921,3.81
HUN,1922,3.6
HUN,1923,3.39
HUN,1924,3.18
HUN,1925,3.36
HUN,1926,3.24
HUN,1927,3.05
HUN,1928,3.08
HUN,1929,2.92
HUN,1930,2.84
HUN,1931,2.84
HUN,1932,2.78
HUN,1933,2.72
HUN,1934,2.57
HUN,1935,2.55
HUN,1936,2.48
HUN,1937,2.42
HUN,1938,2.46
HUN,1939,2.5
HUN,1940,2.49
HUN,1941,2.52
HUN,1942,2.55
HUN,1943,2.58
HUN,1944,2.61
HUN,1945,2.64
HUN,1946,2.67
HUN,1947,2.7
HUN,1948,2.73
HUN,1949,2.76
HUN,1950,2.79
HUN,1951,2.77
HUN,1952,2.72
HUN,1953,2.67
HUN,1954,2.6
HUN,1955,2.52
HUN,1956,2.43
HUN,1957,2.34
HUN,1958,2.24
HUN,1959,2.14
HUN,1960,2.05
HUN,1961,1.97
HUN,1962,1.92
HUN,1963,1.89
HUN,1964,1.88
HUN,1965,1.89
HUN,1966,1.92
HUN,1967,1.95
HUN,1968,1.98
HUN,1969,2.01
HUN,1970,2.03
HUN,1971,2.05
HUN,1972,2.07
HUN,1973,2.09
HUN,1974,2.11
HUN,1975,2.12
HUN,1976,2.12
HUN,1977,2.11
HUN,1978,2.08
HUN,1979,2.03
HUN,1980,1.98
HUN,1981,1.93
HUN,1982,1.88
HUN,1983,1.85
HUN,1984,1.83
HUN,1985,1.83
HUN,1986,1.83
HUN,1987,1.84
HUN,1988,1.85
HUN,1989,1.84
HUN,1990,1.83
HUN,1991,1.8
HUN,1992,1.75
HUN,1993,1.69
HUN,1994,1.63
HUN,1995,1.56
HUN,1996,1.49
HUN,1997,1.43
HUN,1998,1.37
HUN,1999,1.33
HUN,2000,1.31
HUN,2001,1.29
HUN,2002,1.29
HUN,2003,1.29
HUN,2004,1.29
HUN,2005,1.3
HUN,2006,1.31
HUN,2007,1.32
HUN,2008,1.33
HUN,2009,1.35
HUN,2010,1.36
HUN,2011,1.38
HUN,2012,1.4
HUN,2013,1.41
HUN,2014,1.43
HUN,2015,1.44
ISL,1800,4.88
ISL,1801,4.88
ISL,1802,4.88
ISL,1803,4.88
ISL,1804,4.88
ISL,1805,4.88
ISL,1806,4.88
ISL,1807,4.88
ISL,1808,4.88
ISL,1809,4.88
ISL,1810,4.88
ISL,1811,4.88
ISL,1812,4.88
ISL,1813,4.88
ISL,1814,4.88
ISL,1815,4.88
ISL,1816,4.88
ISL,1817,4.88
ISL,1818,4.88
ISL,1819,4.88
ISL,1820,4.88
ISL,1821,4.88
ISL,1822,4.88
ISL,1823,4.88
ISL,1824,4.88
ISL,1825,4.88
ISL,1826,4.88
ISL,1827,4.88
ISL,1828,4.88
ISL,1829,4.88
ISL,1830,4.88
ISL,1831,4.88
ISL,1832,4.88
ISL,1833,4.88
ISL,1834,4.88
ISL,1835,4.88
ISL,1836,4.88
ISL,1837,4.88
ISL,1838,4.88
ISL,1839,4.88
ISL,1840,4.88
ISL,1841,4.88
ISL,1842,4.88
ISL,1843,4.88
ISL,1844,4.88
ISL,1845,4.88
ISL,1846,4.88
ISL,1847,4.88
ISL,1848,4.88
ISL,1849,4.88
ISL,1850,4.88
ISL,1851,4.87
ISL,1852,4.86
ISL,1853,4.85
ISL,1854,4.85
ISL,1855,4.84
ISL,1856,4.83
ISL,1857,4.82
ISL,1858,4.82
ISL,1859,4.81
ISL,1860,4.8
ISL,1861,4.74
ISL,1862,4.68
ISL,1863,4.62
ISL,1864,4.56
ISL,1865,4.5
ISL,1866,4.44
ISL,1867,4.38
ISL,1868,4.32
ISL,1869,4.26
ISL,1870,4.2
ISL,1871,4.16
ISL,1872,4.13
ISL,1873,4.09
ISL,1874,4.05
ISL,1875,4.01
ISL,1876,3.97
ISL,1877,3.93
ISL,1878,3.89
ISL,1879,3.85
ISL,1880,3.81
ISL,1881,3.81
ISL,1882,3.82
ISL,1883,3.82
ISL,1884,3.83
ISL,1885,3.83
ISL,1886,3.84
ISL,1887,3.84
ISL,1888,3.85
ISL,1889,3.85
ISL,1890,3.86
ISL,1891,3.88
ISL,1892,3.9
ISL,1893,3.92
ISL,1894,3.94
ISL,1895,3.97
ISL,1896,3.99
ISL,1897,4.01
ISL,1898,4.03
ISL,1899,4.06
ISL,1900,4.08
ISL,1901,4.1
ISL,1902,4.09
ISL,1903,4.07
ISL,1904,4.06
ISL,1905,4.04
ISL,1906,4.03
ISL,1907,4.01
ISL,1908,4
ISL,1909,3.85
ISL,1910,3.69
ISL,1911,3.8
ISL,1912,3.9
ISL,1913,4
ISL,1914,3.98
ISL,1915,3.96
ISL,1916,3.94
ISL,1917,3.92
ISL,1918,3.9
ISL,1919,3.89
ISL,1920,3.87
ISL,1921,3.86
ISL,1922,3.67
ISL,1923,3.72
ISL,1924,3.6
ISL,1925,3.54
ISL,1926,3.66
ISL,1927,3.55
ISL,1928,3.32
ISL,1929,3.38
ISL,1930,3.49
ISL,1931,3.49
ISL,1932,3.33
ISL,1933,3.09
ISL,1934,3.14
ISL,1935,3.05
ISL,1936,3.03
ISL,1937,2.8
ISL,1938,2.76
ISL,1939,2.68
ISL,1940,2.79
ISL,1941,2.91
ISL,1942,3.24
ISL,1943,3.33
ISL,1944,3.36
ISL,1945,3.53
ISL,1946,3.46
ISL,1947,3.63
ISL,1948,3.75
ISL,1949,3.76
ISL,1950,3.62
ISL,1951,3.69
ISL,1952,3.82
ISL,1953,3.93
ISL,1954,4.02
ISL,1955,4.1
ISL,1956,4.15
ISL,1957,4.18
ISL,1958,4.19
ISL,1959,4.17
ISL,1960,4.13
ISL,1961,4.07
ISL,1962,3.98
ISL,1963,3.86
ISL,1964,3.74
ISL,1965,3.6
ISL,1966,3.46
ISL,1967,3.34
ISL,1968,3.22
ISL,1969,3.12
ISL,1970,3.03
ISL,1971,2.95
ISL,1972,2.88
ISL,1973,2.8
ISL,1974,2.73
ISL,1975,2.65
ISL,1976,2.57
ISL,1977,2.49
ISL,1978,2.42
ISL,1979,2.36
ISL,1980,2.31
ISL,1981,2.27
ISL,1982,2.23
ISL,1983,2.2
ISL,1984,2.17
ISL,1985,2.15
ISL,1986,2.14
ISL,1987,2.13
ISL,1988,2.14
ISL,1989,2.15
ISL,1990,2.16
ISL,1991,2.17
ISL,1992,2.17
ISL,1993,2.17
ISL,1994,2.15
ISL,1995,2.13
ISL,1996,2.1
ISL,1997,2.07
ISL,1998,2.05
ISL,1999,2.02
ISL,2000,2.01
ISL,2001,2
ISL,2002,2
ISL,2003,2.02
ISL,2004,2.04
ISL,2005,2.06
ISL,2006,2.09
ISL,2007,2.11
ISL,2008,2.12
ISL,2009,2.12
ISL,2010,2.12
ISL,2011,2.11
ISL,2012,2.1
ISL,2013,2.08
ISL,2014,2.07
ISL,2015,2.06
IND,1800,5.95
IND,1801,5.95
IND,1802,5.95
IND,1803,5.95
IND,1804,5.95
IND,1805,5.95
IND,1806,5.95
IND,1807,5.95
IND,1808,5.95
IND,1809,5.95
IND,1810,5.95
IND,1811,5.95
IND,1812,5.95
IND,1813,5.95
IND,1814,5.95
IND,1815,5.95
IND,1816,5.95
IND,1817,5.95
IND,1818,5.95
IND,1819,5.95
IND,1820,5.95
IND,1821,5.95
IND,1822,5.95
IND,1823,5.95
IND,1824,5.95
IND,1825,5.95
IND,1826,5.95
IND,1827,5.95
IND,1828,5.95
IND,1829,5.95
IND,1830,5.95
IND,1831,5.95
IND,1832,5.95
IND,1833,5.95
IND,1834,5.95
IND,1835,5.95
IND,1836,5.95
IND,1837,5.95
IND,1838,5.95
IND,1839,5.95
IND,1840,5.95
IND,1841,5.95
IND,1842,5.95
IND,1843,5.95
IND,1844,5.95
IND,1845,5.95
IND,1846,5.95
IND,1847,5.95
IND,1848,5.95
IND,1849,5.95
IND,1850,5.95
IND,1851,5.95
IND,1852,5.95
IND,1853,5.95
IND,1854,5.95
IND,1855,5.95
IND,1856,5.95
IND,1857,5.95
IND,1858,5.95
IND,1859,5.95
IND,1860,5.95
IND,1861,5.95
IND,1862,5.95
IND,1863,5.95
IND,1864,5.95
IND,1865,5.95
IND,1866,5.95
IND,1867,5.95
IND,1868,5.95
IND,1869,5.95
IND,1870,5.95
IND,1871,5.95
IND,1872,5.95
IND,1873,5.95
IND,1874,5.95
IND,1875,5.95
IND,1876,5.95
IND,1877,5.95
IND,1878,5.95
IND,1879,5.95
IND,1880,5.95
IND,1881,5.92
IND,1882,5.89
IND,1883,5.86
IND,1884,5.82
IND,1885,5.79
IND,1886,5.76
IND,1887,5.76
IND,1888,5.75
IND,1889,5.75
IND,1890,5.75
IND,1891,5.75
IND,1892,5.74
IND,1893,5.74
IND,1894,5.74
IND,1895,5.73
IND,1896,5.73
IND,1897,5.73
IND,1898,5.73
IND,1899,5.73
IND,1900,5.73
IND,1901,5.73
IND,1902,5.72
IND,1903,5.72
IND,1904,5.72
IND,1905,5.72
IND,1906,5.72
IND,1907,5.72
IND,1908,5.72
IND,1909,5.71
IND,1910,5.71
IND,1911,5.71
IND,1912,5.71
IND,1913,5.71
IND,1914,5.7
IND,1915,5.7
IND,1916,5.7
IND,1917,5.71
IND,1918,5.72
IND,1919,5.73
IND,1920,5.74
IND,1921,5.76
IND,1922,5.77
IND,1923,5.78
IND,1924,5.79
IND,1925,5.8
IND,1926,5.81
IND,1927,5.82
IND,1928,5.83
IND,1929,5.85
IND,1930,5.86
IND,1931,5.87
IND,1932,5.88
IND,1933,5.89
IND,1934,5.91
IND,1935,5.92
IND,1936,5.93
IND,1937,5.93
IND,1938,5.93
IND,1939,5.92
IND,1940,5.92
IND,1941,5.92
IND,1942,5.92
IND,1943,5.92
IND,1944,5.91
IND,1945,5.91
IND,1946,5.91
IND,1947,5.9
IND,1948,5.9
IND,1949,5.89
IND,1950,5.89
IND,1951,5.89
IND,1952,5.9
IND,1953,5.91
IND,1954,5.91
IND,1955,5.91
IND,1956,5.91
IND,1957,5.9
IND,1958,5.89
IND,1959,5.88
IND,1960,5.87
IND,1961,5.86
IND,1962,5.84
IND,1963,5.83
IND,1964,5.81
IND,1965,5.78
IND,1966,5.75
IND,1967,5.7
IND,1968,5.64
IND,1969,5.57
IND,1970,5.49
IND,1971,5.41
IND,1972,5.32
IND,1973,5.24
IND,1974,5.16
IND,1975,5.08
IND,1976,5
IND,1977,4.92
IND,1978,4.84
IND,1979,4.76
IND,1980,4.68
IND,1981,4.6
IND,1982,4.52
IND,1983,4.44
IND,1984,4.36
IND,1985,4.28
IND,1986,4.2
IND,1987,4.13
IND,1988,4.04
IND,1989,3.96
IND,1990,3.88
IND,1991,3.79
IND,1992,3.71
IND,1993,3.63
IND,1994,3.55
IND,1995,3.47
IND,1996,3.4
IND,1997,3.33
IND,1998,3.27
IND,1999,3.21
IND,2000,3.15
IND,2001,3.08
IND,2002,3.02
IND,2003,2.95
IND,2004,2.88
IND,2005,2.82
IND,2006,2.75
IND,2007,2.69
IND,2008,2.64
IND,2009,2.6
IND,2010,2.56
IND,2011,2.53
IND,2012,2.51
IND,2013,2.48
IND,2014,2.45
IND,2015,2.43
IDN,1800,6.07
IDN,1801,6.07
IDN,1802,6.07
IDN,1803,6.07
IDN,1804,6.07
IDN,1805,6.07
IDN,1806,6.07
IDN,1807,6.07
IDN,1808,6.07
IDN,1809,6.07
IDN,1810,6.07
IDN,1811,6.07
IDN,1812,6.07
IDN,1813,6.07
IDN,1814,6.07
IDN,1815,6.07
IDN,1816,6.07
IDN,1817,6.07
IDN,1818,6.07
IDN,1819,6.07
IDN,1820,6.07
IDN,1821,6.07
IDN,1822,6.07
IDN,1823,6.07
IDN,1824,6.07
IDN,1825,6.07
IDN,1826,6.07
IDN,1827,6.07
IDN,1828,6.07
IDN,1829,6.07
IDN,1830,6.07
IDN,1831,6.07
IDN,1832,6.07
IDN,1833,6.07
IDN,1834,6.07
IDN,1835,6.07
IDN,1836,6.07
IDN,1837,6.07
IDN,1838,6.07
IDN,1839,6.07
IDN,1840,6.07
IDN,1841,6.07
IDN,1842,6.07
IDN,1843,6.07
IDN,1844,6.07
IDN,1845,6.07
IDN,1846,6.07
IDN,1847,6.07
IDN,1848,6.07
IDN,1849,6.07
IDN,1850,6.07
IDN,1851,6.07
IDN,1852,6.07
IDN,1853,6.07
IDN,1854,6.07
IDN,1855,6.07
IDN,1856,6.07
IDN,1857,6.07
IDN,1858,6.07
IDN,1859,6.07
IDN,1860,6.07
IDN,1861,6.07
IDN,1862,6.07
IDN,1863,6.07
IDN,1864,6.07
IDN,1865,6.07
IDN,1866,6.07
IDN,1867,6.07
IDN,1868,6.07
IDN,1869,6.07
IDN,1870,6.07
IDN,1871,6.07
IDN,1872,6.07
IDN,1873,6.07
IDN,1874,6.07
IDN,1875,6.07
IDN,1876,6.07
IDN,1877,6.07
IDN,1878,6.07
IDN,1879,6.07
IDN,1880,6.07
IDN,1881,6.07
IDN,1882,6.07
IDN,1883,6.07
IDN,1884,6.07
IDN,1885,6.07
IDN,1886,6.07
IDN,1887,6.07
IDN,1888,6.07
IDN,1889,6.07
IDN,1890,6.07
IDN,1891,6.07
IDN,1892,6.07
IDN,1893,6.07
IDN,1894,6.07
IDN,1895,6.07
IDN,1896,6.07
IDN,1897,6.06
IDN,1898,6.06
IDN,1899,6.05
IDN,1900,6.05
IDN,1901,6.04
IDN,1902,6.04
IDN,1903,6.03
IDN,1904,5.99
IDN,1905,5.95
IDN,1906,6.06
IDN,1907,6.26
IDN,1908,6.23
IDN,1909,6.2
IDN,1910,6.17
IDN,1911,6.14
IDN,1912,6.11
IDN,1913,6.08
IDN,1914,5.84
IDN,1915,5.72
IDN,1916,5.59
IDN,1917,5.46
IDN,1918,5.34
IDN,1919,5.21
IDN,1920,5.48
IDN,1921,5.48
IDN,1922,5.47
IDN,1923,5.47
IDN,1924,5.46
IDN,1925,5.46
IDN,1926,5.45
IDN,1927,5.45
IDN,1928,5.44
IDN,1929,5.44
IDN,1930,5.44
IDN,1931,5.43
IDN,1932,5.43
IDN,1933,5.42
IDN,1934,5.42
IDN,1935,5.41
IDN,1936,5.41
IDN,1937,5.4
IDN,1938,5.4
IDN,1939,5.4
IDN,1940,5.39
IDN,1941,5.39
IDN,1942,5.38
IDN,1943,5.38
IDN,1944,5.37
IDN,1945,5.37
IDN,1946,5.36
IDN,1947,5.36
IDN,1948,5.35
IDN,1949,5.35
IDN,1950,5.35
IDN,1951,5.39
IDN,1952,5.46
IDN,1953,5.53
IDN,1954,5.58
IDN,1955,5.62
IDN,1956,5.65
IDN,1957,5.67
IDN,1958,5.67
IDN,1959,5.67
IDN,1960,5.67
IDN,1961,5.66
IDN,1962,5.65
IDN,1963,5.63
IDN,1964,5.62
IDN,1965,5.61
IDN,1966,5.6
IDN,1967,5.58
IDN,1968,5.56
IDN,1969,5.52
IDN,1970,5.47
IDN,1971,5.41
IDN,1972,5.34
IDN,1973,5.25
IDN,1974,5.15
IDN,1975,5.04
IDN,1976,4.93
IDN,1977,4.81
IDN,1978,4.68
IDN,1979,4.56
IDN,1980,4.43
IDN,1981,4.3
IDN,1982,4.17
IDN,1983,4.03
IDN,1984,3.89
IDN,1985,3.75
IDN,1986,3.61
IDN,1987,3.47
IDN,1988,3.35
IDN,1989,3.23
IDN,1990,3.12
IDN,1991,3.02
IDN,1992,2.93
IDN,1993,2.84
IDN,1994,2.76
IDN,1995,2.69
IDN,1996,2.63
IDN,1997,2.58
IDN,1998,2.53
IDN,1999,2.5
IDN,2000,2.48
IDN,2001,2.48
IDN,2002,2.47
IDN,2003,2.48
IDN,2004,2.49
IDN,2005,2.49
IDN,2006,2.5
IDN,2007,2.49
IDN,2008,2.48
IDN,2009,2.46
IDN,2010,2.43
IDN,2011,2.4
IDN,2012,2.37
IDN,2013,2.34
IDN,2014,2.31
IDN,2015,2.28
IRN,1800,7.08
IRN,1801,7.08
IRN,1802,7.08
IRN,1803,7.08
IRN,1804,7.08
IRN,1805,7.08
IRN,1806,7.08
IRN,1807,7.08
IRN,1808,7.08
IRN,1809,7.08
IRN,1810,7.08
IRN,1811,7.08
IRN,1812,7.08
IRN,1813,7.08
IRN,1814,7.08
IRN,1815,7.08
IRN,1816,7.08
IRN,1817,7.08
IRN,1818,7.08
IRN,1819,7.08
IRN,1820,7.08
IRN,1821,7.08
IRN,1822,7.08
IRN,1823,7.08
IRN,1824,7.08
IRN,1825,7.08
IRN,1826,7.08
IRN,1827,7.08
IRN,1828,7.08
IRN,1829,7.08
IRN,1830,7.08
IRN,1831,7.08
IRN,1832,7.08
IRN,1833,7.08
IRN,1834,7.08
IRN,1835,7.08
IRN,1836,7.08
IRN,1837,7.08
IRN,1838,7.08
IRN,1839,7.08
IRN,1840,7.08
IRN,1841,7.08
IRN,1842,7.08
IRN,1843,7.08
IRN,1844,7.08
IRN,1845,7.08
IRN,1846,7.08
IRN,1847,7.08
IRN,1848,7.08
IRN,1849,7.08
IRN,1850,7.08
IRN,1851,7.08
IRN,1852,7.08
IRN,1853,7.08
IRN,1854,7.08
IRN,1855,7.08
IRN,1856,7.08
IRN,1857,7.08
IRN,1858,7.08
IRN,1859,7.08
IRN,1860,7.08
IRN,1861,7.08
IRN,1862,7.08
IRN,1863,7.08
IRN,1864,7.08
IRN,1865,7.08
IRN,1866,7.08
IRN,1867,7.08
IRN,1868,7.08
IRN,1869,7.08
IRN,1870,7.08
IRN,1871,7.08
IRN,1872,7.08
IRN,1873,7.08
IRN,1874,7.08
IRN,1875,7.08
IRN,1876,7.08
IRN,1877,7.08
IRN,1878,7.08
IRN,1879,7.08
IRN,1880,7.08
IRN,1881,7.08
IRN,1882,7.08
IRN,1883,7.08
IRN,1884,7.08
IRN,1885,7.08
IRN,1886,7.08
IRN,1887,7.08
IRN,1888,7.08
IRN,1889,7.08
IRN,1890,7.08
IRN,1891,7.08
IRN,1892,7.08
IRN,1893,7.08
IRN,1894,7.08
IRN,1895,7.08
IRN,1896,7.08
IRN,1897,7.08
IRN,1898,7.08
IRN,1899,7.08
IRN,1900,7.08
IRN,1901,7.08
IRN,1902,7.08
IRN,1903,7.08
IRN,1904,7.08
IRN,1905,7.08
IRN,1906,7.08
IRN,1907,7.08
IRN,1908,7.08
IRN,1909,7.08
IRN,1910,7.08
IRN,1911,7.08
IRN,1912,7.08
IRN,1913,7.08
IRN,1914,7.08
IRN,1915,7.08
IRN,1916,7.08
IRN,1917,7.08
IRN,1918,7.08
IRN,1919,7.08
IRN,1920,7.08
IRN,1921,7.08
IRN,1922,7.08
IRN,1923,7.08
IRN,1924,7.08
IRN,1925,7.08
IRN,1926,7.07
IRN,1927,7.07
IRN,1928,7.06
IRN,1929,7.05
IRN,1930,7.05
IRN,1931,7.04
IRN,1932,7.03
IRN,1933,7.03
IRN,1934,7.02
IRN,1935,7.01
IRN,1936,7.01
IRN,1937,7
IRN,1938,6.99
IRN,1939,6.99
IRN,1940,6.98
IRN,1941,6.97
IRN,1942,6.97
IRN,1943,6.96
IRN,1944,6.95
IRN,1945,6.95
IRN,1946,6.94
IRN,1947,6.93
IRN,1948,6.93
IRN,1949,6.92
IRN,1950,6.92
IRN,1951,6.91
IRN,1952,6.91
IRN,1953,6.91
IRN,1954,6.91
IRN,1955,6.91
IRN,1956,6.91
IRN,1957,6.92
IRN,1958,6.92
IRN,1959,6.93
IRN,1960,6.93
IRN,1961,6.92
IRN,1962,6.91
IRN,1963,6.9
IRN,1964,6.87
IRN,1965,6.83
IRN,1966,6.77
IRN,1967,6.7
IRN,1968,6.62
IRN,1969,6.53
IRN,1970,6.44
IRN,1971,6.36
IRN,1972,6.29
IRN,1973,6.24
IRN,1974,6.21
IRN,1975,6.21
IRN,1976,6.24
IRN,1977,6.29
IRN,1978,6.35
IRN,1979,6.42
IRN,1980,6.48
IRN,1981,6.52
IRN,1982,6.52
IRN,1983,6.47
IRN,1984,6.37
IRN,1985,6.22
IRN,1986,6.02
IRN,1987,5.76
IRN,1988,5.47
IRN,1989,5.15
IRN,1990,4.82
IRN,1991,4.48
IRN,1992,4.14
IRN,1993,3.81
IRN,1994,3.49
IRN,1995,3.2
IRN,1996,2.95
IRN,1997,2.72
IRN,1998,2.51
IRN,1999,2.34
IRN,2000,2.19
IRN,2001,2.08
IRN,2002,1.99
IRN,2003,1.93
IRN,2004,1.9
IRN,2005,1.87
IRN,2006,1.87
IRN,2007,1.87
IRN,2008,1.88
IRN,2009,1.89
IRN,2010,1.9
IRN,2011,1.91
IRN,2012,1.92
IRN,2013,1.92
IRN,2014,1.92
IRN,2015,1.91
IRQ,1800,7.13
IRQ,1801,7.13
IRQ,1802,7.13
IRQ,1803,7.13
IRQ,1804,7.13
IRQ,1805,7.13
IRQ,1806,7.13
IRQ,1807,7.13
IRQ,1808,7.13
IRQ,1809,7.13
IRQ,1810,7.13
IRQ,1811,7.13
IRQ,1812,7.13
IRQ,1813,7.13
IRQ,1814,7.13
IRQ,1815,7.13
IRQ,1816,7.13
IRQ,1817,7.13
IRQ,1818,7.13
IRQ,1819,7.13
IRQ,1820,7.13
IRQ,1821,7.13
IRQ,1822,7.13
IRQ,1823,7.13
IRQ,1824,7.13
IRQ,1825,7.13
IRQ,1826,7.13
IRQ,1827,7.13
IRQ,1828,7.13
IRQ,1829,7.13
IRQ,1830,7.13
IRQ,1831,7.13
IRQ,1832,7.13
IRQ,1833,7.13
IRQ,1834,7.13
IRQ,1835,7.13
IRQ,1836,7.13
IRQ,1837,7.13
IRQ,1838,7.13
IRQ,1839,7.13
IRQ,1840,7.13
IRQ,1841,7.13
IRQ,1842,7.13
IRQ,1843,7.13
IRQ,1844,7.13
IRQ,1845,7.13
IRQ,1846,7.13
IRQ,1847,7.13
IRQ,1848,7.13
IRQ,1849,7.13
IRQ,1850,7.13
IRQ,1851,7.13
IRQ,1852,7.13
IRQ,1853,7.13
IRQ,1854,7.13
IRQ,1855,7.13
IRQ,1856,7.13
IRQ,1857,7.13
IRQ,1858,7.13
IRQ,1859,7.13
IRQ,1860,7.13
IRQ,1861,7.13
IRQ,1862,7.13
IRQ,1863,7.13
IRQ,1864,7.13
IRQ,1865,7.13
IRQ,1866,7.13
IRQ,1867,7.13
IRQ,1868,7.13
IRQ,1869,7.13
IRQ,1870,7.13
IRQ,1871,7.13
IRQ,1872,7.13
IRQ,1873,7.13
IRQ,1874,7.13
IRQ,1875,7.13
IRQ,1876,7.13
IRQ,1877,7.13
IRQ,1878,7.13
IRQ,1879,7.13
IRQ,1880,7.13
IRQ,1881,7.13
IRQ,1882,7.13
IRQ,1883,7.13
IRQ,1884,7.13
IRQ,1885,7.13
IRQ,1886,7.13
IRQ,1887,7.13
IRQ,1888,7.13
IRQ,1889,7.13
IRQ,1890,7.13
IRQ,1891,7.13
IRQ,1892,7.13
IRQ,1893,7.13
IRQ,1894,7.13
IRQ,1895,7.13
IRQ,1896,7.13
IRQ,1897,7.13
IRQ,1898,7.13
IRQ,1899,7.13
IRQ,1900,7.13
IRQ,1901,7.13
IRQ,1902,7.13
IRQ,1903,7.13
IRQ,1904,7.13
IRQ,1905,7.13
IRQ,1906,7.13
IRQ,1907,7.13
IRQ,1908,7.13
IRQ,1909,7.13
IRQ,1910,7.13
IRQ,1911,7.13
IRQ,1912,7.13
IRQ,1913,7.13
IRQ,1914,7.13
IRQ,1915,7.13
IRQ,1916,7.13
IRQ,1917,7.13
IRQ,1918,7.13
IRQ,1919,7.13
IRQ,1920,7.13
IRQ,1921,7.13
IRQ,1922,7.13
IRQ,1923,7.13
IRQ,1924,7.13
IRQ,1925,7.13
IRQ,1926,7.17
IRQ,1927,7.21
IRQ,1928,7.25
IRQ,1929,7.29
IRQ,1930,7.33
IRQ,1931,7.37
IRQ,1932,7.41
IRQ,1933,7.45
IRQ,1934,7.48
IRQ,1935,7.52
IRQ,1936,7.56
IRQ,1937,7.6
IRQ,1938,7.64
IRQ,1939,7.68
IRQ,1940,7.72
IRQ,1941,7.76
IRQ,1942,7.8
IRQ,1943,7.84
IRQ,1944,7.88
IRQ,1945,7.91
IRQ,1946,7.95
IRQ,1947,7.99
IRQ,1948,8.03
IRQ,1949,8.07
IRQ,1950,8.11
IRQ,1951,7.88
IRQ,1952,7.44
IRQ,1953,7.07
IRQ,1954,6.76
IRQ,1955,6.52
IRQ,1956,6.34
IRQ,1957,6.23
IRQ,1958,6.18
IRQ,1959,6.19
IRQ,1960,6.25
IRQ,1961,6.36
IRQ,1962,6.51
IRQ,1963,6.69
IRQ,1964,6.87
IRQ,1965,7.04
IRQ,1966,7.19
IRQ,1967,7.3
IRQ,1968,7.36
IRQ,1969,7.38
IRQ,1970,7.36
IRQ,1971,7.31
IRQ,1972,7.23
IRQ,1973,7.15
IRQ,1974,7.07
IRQ,1975,6.99
IRQ,1976,6.92
IRQ,1977,6.83
IRQ,1978,6.75
IRQ,1979,6.66
IRQ,1980,6.57
IRQ,1981,6.49
IRQ,1982,6.41
IRQ,1983,6.34
IRQ,1984,6.28
IRQ,1985,6.22
IRQ,1986,6.16
IRQ,1987,6.11
IRQ,1988,6.04
IRQ,1989,5.97
IRQ,1990,5.88
IRQ,1991,5.79
IRQ,1992,5.7
IRQ,1993,5.61
IRQ,1994,5.51
IRQ,1995,5.42
IRQ,1996,5.32
IRQ,1997,5.23
IRQ,1998,5.14
IRQ,1999,5.05
IRQ,2000,4.97
IRQ,2001,4.88
IRQ,2002,4.8
IRQ,2003,4.71
IRQ,2004,4.63
IRQ,2005,4.56
IRQ,2006,4.48
IRQ,2007,4.41
IRQ,2008,4.34
IRQ,2009,4.28
IRQ,2010,4.21
IRQ,2011,4.15
IRQ,2012,4.09
IRQ,2013,4.03
IRQ,2014,3.97
IRQ,2015,3.91
IRL,1800,4.2
IRL,1801,4.2
IRL,1802,4.2
IRL,1803,4.2
IRL,1804,4.2
IRL,1805,4.2
IRL,1806,4.2
IRL,1807,4.2
IRL,1808,4.2
IRL,1809,4.2
IRL,1810,4.2
IRL,1811,4.2
IRL,1812,4.2
IRL,1813,4.2
IRL,1814,4.2
IRL,1815,4.2
IRL,1816,4.2
IRL,1817,4.2
IRL,1818,4.2
IRL,1819,4.2
IRL,1820,4.2
IRL,1821,4.2
IRL,1822,4.2
IRL,1823,4.2
IRL,1824,4.2
IRL,1825,4.2
IRL,1826,4.2
IRL,1827,4.2
IRL,1828,4.2
IRL,1829,4.2
IRL,1830,4.2
IRL,1831,4.2
IRL,1832,4.2
IRL,1833,4.2
IRL,1834,4.2
IRL,1835,4.2
IRL,1836,4.2
IRL,1837,4.2
IRL,1838,4.2
IRL,1839,4.2
IRL,1840,4.2
IRL,1841,4.2
IRL,1842,4.2
IRL,1843,4.2
IRL,1844,4.2
IRL,1845,4.2
IRL,1846,4.2
IRL,1847,4.2
IRL,1848,4.2
IRL,1849,4.2
IRL,1850,4.2
IRL,1851,4.13
IRL,1852,4.06
IRL,1853,3.99
IRL,1854,3.93
IRL,1855,3.86
IRL,1856,3.79
IRL,1857,3.72
IRL,1858,3.65
IRL,1859,3.58
IRL,1860,3.51
IRL,1861,3.45
IRL,1862,3.38
IRL,1863,3.31
IRL,1864,3.24
IRL,1865,3.47
IRL,1866,3.54
IRL,1867,3.53
IRL,1868,3.58
IRL,1869,3.58
IRL,1870,3.71
IRL,1871,3.67
IRL,1872,3.72
IRL,1873,3.63
IRL,1874,3.57
IRL,1875,3.51
IRL,1876,3.57
IRL,1877,3.54
IRL,1878,3.4
IRL,1879,3.44
IRL,1880,3.31
IRL,1881,3.33
IRL,1882,3.22
IRL,1883,3.15
IRL,1884,3.2
IRL,1885,3.15
IRL,1886,3.11
IRL,1887,3.1
IRL,1888,3.06
IRL,1889,3.04
IRL,1890,2.99
IRL,1891,3.05
IRL,1892,3.01
IRL,1893,3.09
IRL,1894,3.08
IRL,1895,3.12
IRL,1896,3.17
IRL,1897,3.16
IRL,1898,3.13
IRL,1899,3.09
IRL,1900,3.04
IRL,1901,2.92
IRL,1902,3.08
IRL,1903,3.09
IRL,1904,3.16
IRL,1905,3.13
IRL,1906,3.15
IRL,1907,3.11
IRL,1908,3.12
IRL,1909,3.14
IRL,1910,3.12
IRL,1911,3.07
IRL,1912,3.1
IRL,1913,3.09
IRL,1914,3.05
IRL,1915,2.99
IRL,1916,2.87
IRL,1917,2.71
IRL,1918,2.73
IRL,1919,2.75
IRL,1920,3.2
IRL,1921,2.79
IRL,1922,2.61
IRL,1923,2.74
IRL,1924,2.83
IRL,1925,2.79
IRL,1926,2.76
IRL,1927,2.72
IRL,1928,2.69
IRL,1929,2.66
IRL,1930,2.67
IRL,1931,2.61
IRL,1932,2.56
IRL,1933,2.6
IRL,1934,2.61
IRL,1935,2.63
IRL,1936,2.92
IRL,1937,2.57
IRL,1938,2.6
IRL,1939,2.56
IRL,1940,2.56
IRL,1941,2.9
IRL,1942,2.99
IRL,1943,2.93
IRL,1944,2.98
IRL,1945,3.04
IRL,1946,3.33
IRL,1947,3.46
IRL,1948,3.58
IRL,1949,3.53
IRL,1950,3.48
IRL,1951,3.45
IRL,1952,3.41
IRL,1953,3.39
IRL,1954,3.4
IRL,1955,3.44
IRL,1956,3.5
IRL,1957,3.57
IRL,1958,3.67
IRL,1959,3.76
IRL,1960,3.86
IRL,1961,3.93
IRL,1962,3.98
IRL,1963,4
IRL,1964,3.99
IRL,1965,3.95
IRL,1966,3.9
IRL,1967,3.86
IRL,1968,3.83
IRL,1969,3.82
IRL,1970,3.81
IRL,1971,3.81
IRL,1972,3.79
IRL,1973,3.74
IRL,1974,3.67
IRL,1975,3.57
IRL,1976,3.46
IRL,1977,3.34
IRL,1978,3.22
IRL,1979,3.11
IRL,1980,3
IRL,1981,2.9
IRL,1982,2.79
IRL,1983,2.68
IRL,1984,2.56
IRL,1985,2.45
IRL,1986,2.34
IRL,1987,2.23
IRL,1988,2.14
IRL,1989,2.06
IRL,1990,2
IRL,1991,1.95
IRL,1992,1.92
IRL,1993,1.9
IRL,1994,1.9
IRL,1995,1.9
IRL,1996,1.91
IRL,1997,1.92
IRL,1998,1.93
IRL,1999,1.94
IRL,2000,1.95
IRL,2001,1.96
IRL,2002,1.97
IRL,2003,1.97
IRL,2004,1.98
IRL,2005,1.99
IRL,2006,1.99
IRL,2007,2
IRL,2008,2
IRL,2009,2
IRL,2010,2
IRL,2011,2
IRL,2012,2
IRL,2013,2
IRL,2014,2
IRL,2015,1.99
ISR,1800,6
ISR,1801,5.99
ISR,1802,5.97
ISR,1803,5.96
ISR,1804,5.95
ISR,1805,5.94
ISR,1806,5.92
ISR,1807,5.91
ISR,1808,5.9
ISR,1809,5.88
ISR,1810,5.87
ISR,1811,5.86
ISR,1812,5.84
ISR,1813,5.83
ISR,1814,5.82
ISR,1815,5.81
ISR,1816,5.79
ISR,1817,5.78
ISR,1818,5.77
ISR,1819,5.75
ISR,1820,5.74
ISR,1821,5.73
ISR,1822,5.72
ISR,1823,5.7
ISR,1824,5.69
ISR,1825,5.68
ISR,1826,5.66
ISR,1827,5.65
ISR,1828,5.64
ISR,1829,5.62
ISR,1830,5.61
ISR,1831,5.6
ISR,1832,5.59
ISR,1833,5.57
ISR,1834,5.56
ISR,1835,5.55
ISR,1836,5.53
ISR,1837,5.52
ISR,1838,5.51
ISR,1839,5.5
ISR,1840,5.48
ISR,1841,5.47
ISR,1842,5.46
ISR,1843,5.44
ISR,1844,5.43
ISR,1845,5.42
ISR,1846,5.4
ISR,1847,5.39
ISR,1848,5.38
ISR,1849,5.37
ISR,1850,5.35
ISR,1851,5.34
ISR,1852,5.33
ISR,1853,5.31
ISR,1854,5.3
ISR,1855,5.29
ISR,1856,5.28
ISR,1857,5.26
ISR,1858,5.25
ISR,1859,5.24
ISR,1860,5.22
ISR,1861,5.21
ISR,1862,5.2
ISR,1863,5.18
ISR,1864,5.17
ISR,1865,5.16
ISR,1866,5.15
ISR,1867,5.13
ISR,1868,5.12
ISR,1869,5.11
ISR,1870,5.09
ISR,1871,5.08
ISR,1872,5.07
ISR,1873,5.05
ISR,1874,5.04
ISR,1875,5.03
ISR,1876,5.02
ISR,1877,5
ISR,1878,4.99
ISR,1879,4.98
ISR,1880,4.96
ISR,1881,4.95
ISR,1882,4.94
ISR,1883,4.93
ISR,1884,4.91
ISR,1885,4.9
ISR,1886,4.89
ISR,1887,4.87
ISR,1888,4.86
ISR,1889,4.85
ISR,1890,4.83
ISR,1891,4.82
ISR,1892,4.81
ISR,1893,4.8
ISR,1894,4.78
ISR,1895,4.77
ISR,1896,4.76
ISR,1897,4.74
ISR,1898,4.73
ISR,1899,4.72
ISR,1900,4.71
ISR,1901,4.69
ISR,1902,4.68
ISR,1903,4.67
ISR,1904,4.65
ISR,1905,4.64
ISR,1906,4.63
ISR,1907,4.61
ISR,1908,4.6
ISR,1909,4.59
ISR,1910,4.58
ISR,1911,4.56
ISR,1912,4.55
ISR,1913,4.54
ISR,1914,4.52
ISR,1915,4.51
ISR,1916,4.5
ISR,1917,4.49
ISR,1918,4.47
ISR,1919,4.46
ISR,1920,4.45
ISR,1921,4.43
ISR,1922,4.42
ISR,1923,4.41
ISR,1924,4.39
ISR,1925,4.38
ISR,1926,4.39
ISR,1927,4.4
ISR,1928,4.41
ISR,1929,4.41
ISR,1930,4.42
ISR,1931,4.36
ISR,1932,4.3
ISR,1933,4.25
ISR,1934,4.19
ISR,1935,4.13
ISR,1936,3.93
ISR,1937,3.74
ISR,1938,3.54
ISR,1939,3.34
ISR,1940,3.15
ISR,1941,3.32
ISR,1942,3.49
ISR,1943,3.66
ISR,1944,3.84
ISR,1945,4.01
ISR,1946,4.11
ISR,1947,4.21
ISR,1948,4.32
ISR,1949,4.42
ISR,1950,4.52
ISR,1951,4.45
ISR,1952,4.32
ISR,1953,4.21
ISR,1954,4.11
ISR,1955,4.03
ISR,1956,3.96
ISR,1957,3.92
ISR,1958,3.88
ISR,1959,3.86
ISR,1960,3.84
ISR,1961,3.84
ISR,1962,3.83
ISR,1963,3.82
ISR,1964,3.82
ISR,1965,3.81
ISR,1966,3.8
ISR,1967,3.8
ISR,1968,3.81
ISR,1969,3.81
ISR,1970,3.82
ISR,1971,3.81
ISR,1972,3.8
ISR,1973,3.77
ISR,1974,3.72
ISR,1975,3.66
ISR,1976,3.59
ISR,1977,3.51
ISR,1978,3.43
ISR,1979,3.35
ISR,1980,3.28
ISR,1981,3.22
ISR,1982,3.17
ISR,1983,3.13
ISR,1984,3.11
ISR,1985,3.09
ISR,1986,3.07
ISR,1987,3.06
ISR,1988,3.04
ISR,1989,3.02
ISR,1990,3
ISR,1991,2.97
ISR,1992,2.95
ISR,1993,2.94
ISR,1994,2.93
ISR,1995,2.92
ISR,1996,2.92
ISR,1997,2.93
ISR,1998,2.93
ISR,1999,2.92
ISR,2000,2.92
ISR,2001,2.92
ISR,2002,2.91
ISR,2003,2.91
ISR,2004,2.91
ISR,2005,2.91
ISR,2006,2.91
ISR,2007,2.91
ISR,2008,2.92
ISR,2009,2.92
ISR,2010,2.92
ISR,2011,2.92
ISR,2012,2.91
ISR,2013,2.9
ISR,2014,2.88
ISR,2015,2.86
ITA,1800,5.47
ITA,1801,5.47
ITA,1802,5.47
ITA,1803,5.47
ITA,1804,5.47
ITA,1805,5.47
ITA,1806,5.47
ITA,1807,5.47
ITA,1808,5.47
ITA,1809,5.47
ITA,1810,5.47
ITA,1811,5.47
ITA,1812,5.47
ITA,1813,5.47
ITA,1814,5.47
ITA,1815,5.47
ITA,1816,5.47
ITA,1817,5.47
ITA,1818,5.47
ITA,1819,5.47
ITA,1820,5.47
ITA,1821,5.47
ITA,1822,5.47
ITA,1823,5.47
ITA,1824,5.47
ITA,1825,5.47
ITA,1826,5.47
ITA,1827,5.47
ITA,1828,5.47
ITA,1829,5.47
ITA,1830,5.47
ITA,1831,5.47
ITA,1832,5.47
ITA,1833,5.47
ITA,1834,5.47
ITA,1835,5.47
ITA,1836,5.47
ITA,1837,5.47
ITA,1838,5.47
ITA,1839,5.47
ITA,1840,5.47
ITA,1841,5.47
ITA,1842,5.47
ITA,1843,5.47
ITA,1844,5.47
ITA,1845,5.47
ITA,1846,5.47
ITA,1847,5.47
ITA,1848,5.47
ITA,1849,5.47
ITA,1850,5.47
ITA,1851,5.42
ITA,1852,5.38
ITA,1853,5.33
ITA,1854,5.29
ITA,1855,5.24
ITA,1856,5.19
ITA,1857,5.15
ITA,1858,5.1
ITA,1859,5.06
ITA,1860,5.01
ITA,1861,4.96
ITA,1862,4.93
ITA,1863,4.9
ITA,1864,4.9
ITA,1865,4.91
ITA,1866,4.91
ITA,1867,4.92
ITA,1868,4.92
ITA,1869,4.91
ITA,1870,4.9
ITA,1871,4.9
ITA,1872,4.89
ITA,1873,4.88
ITA,1874,4.89
ITA,1875,4.9
ITA,1876,4.9
ITA,1877,4.91
ITA,1878,4.92
ITA,1879,4.95
ITA,1880,4.98
ITA,1881,5
ITA,1882,5.03
ITA,1883,5.06
ITA,1884,5.05
ITA,1885,5.04
ITA,1886,5.04
ITA,1887,5.03
ITA,1888,5.02
ITA,1889,4.98
ITA,1890,4.95
ITA,1891,4.91
ITA,1892,4.88
ITA,1893,4.84
ITA,1894,4.79
ITA,1895,4.74
ITA,1896,4.69
ITA,1897,4.64
ITA,1898,4.59
ITA,1899,4.56
ITA,1900,4.53
ITA,1901,4.49
ITA,1902,4.46
ITA,1903,4.43
ITA,1904,4.44
ITA,1905,4.45
ITA,1906,4.45
ITA,1907,4.46
ITA,1908,4.47
ITA,1909,4.43
ITA,1910,4.39
ITA,1911,4.36
ITA,1912,4.32
ITA,1913,4.28
ITA,1914,4.04
ITA,1915,3.8
ITA,1916,3.56
ITA,1917,3.32
ITA,1918,3.08
ITA,1919,3.24
ITA,1920,3.41
ITA,1921,3.57
ITA,1922,3.74
ITA,1923,3.9
ITA,1924,3.81
ITA,1925,3.72
ITA,1926,3.64
ITA,1927,3.55
ITA,1928,3.46
ITA,1929,3.42
ITA,1930,3.38
ITA,1931,3.21
ITA,1932,3.06
ITA,1933,3.04
ITA,1934,3
ITA,1935,2.98
ITA,1936,2.87
ITA,1937,2.93
ITA,1938,3.05
ITA,1939,3.07
ITA,1940,3.07
ITA,1941,2.74
ITA,1942,2.69
ITA,1943,2.61
ITA,1944,2.39
ITA,1945,2.37
ITA,1946,3.01
ITA,1947,2.89
ITA,1948,2.83
ITA,1949,2.62
ITA,1950,2.45
ITA,1951,2.42
ITA,1952,2.37
ITA,1953,2.33
ITA,1954,2.3
ITA,1955,2.28
ITA,1956,2.28
ITA,1957,2.29
ITA,1958,2.31
ITA,1959,2.34
ITA,1960,2.37
ITA,1961,2.41
ITA,1962,2.44
ITA,1963,2.47
ITA,1964,2.5
ITA,1965,2.52
ITA,1966,2.52
ITA,1967,2.52
ITA,1968,2.52
ITA,1969,2.5
ITA,1970,2.47
ITA,1971,2.43
ITA,1972,2.38
ITA,1973,2.32
ITA,1974,2.24
ITA,1975,2.17
ITA,1976,2.08
ITA,1977,1.99
ITA,1978,1.9
ITA,1979,1.81
ITA,1980,1.72
ITA,1981,1.64
ITA,1982,1.57
ITA,1983,1.51
ITA,1984,1.46
ITA,1985,1.41
ITA,1986,1.38
ITA,1987,1.35
ITA,1988,1.33
ITA,1989,1.31
ITA,1990,1.3
ITA,1991,1.29
ITA,1992,1.28
ITA,1993,1.26
ITA,1994,1.25
ITA,1995,1.24
ITA,1996,1.23
ITA,1997,1.22
ITA,1998,1.22
ITA,1999,1.21
ITA,2000,1.22
ITA,2001,1.23
ITA,2002,1.25
ITA,2003,1.27
ITA,2004,1.29
ITA,2005,1.32
ITA,2006,1.34
ITA,2007,1.37
ITA,2008,1.39
ITA,2009,1.42
ITA,2010,1.44
ITA,2011,1.45
ITA,2012,1.47
ITA,2013,1.49
ITA,2014,1.5
ITA,2015,1.52
JAM,1800,5.13
JAM,1801,5.13
JAM,1802,5.13
JAM,1803,5.13
JAM,1804,5.13
JAM,1805,5.13
JAM,1806,5.13
JAM,1807,5.13
JAM,1808,5.13
JAM,1809,5.13
JAM,1810,5.13
JAM,1811,5.13
JAM,1812,5.13
JAM,1813,5.13
JAM,1814,5.13
JAM,1815,5.13
JAM,1816,5.13
JAM,1817,5.13
JAM,1818,5.13
JAM,1819,5.13
JAM,1820,5.13
JAM,1821,5.13
JAM,1822,5.13
JAM,1823,5.13
JAM,1824,5.13
JAM,1825,5.13
JAM,1826,5.13
JAM,1827,5.13
JAM,1828,5.13
JAM,1829,5.13
JAM,1830,5.13
JAM,1831,5.13
JAM,1832,5.13
JAM,1833,5.13
JAM,1834,5.13
JAM,1835,5.13
JAM,1836,5.13
JAM,1837,5.13
JAM,1838,5.13
JAM,1839,5.13
JAM,1840,5.13
JAM,1841,5.13
JAM,1842,5.13
JAM,1843,5.13
JAM,1844,5.13
JAM,1845,5.13
JAM,1846,5.13
JAM,1847,5.13
JAM,1848,5.13
JAM,1849,5.13
JAM,1850,5.13
JAM,1851,5.13
JAM,1852,5.13
JAM,1853,5.13
JAM,1854,5.13
JAM,1855,5.13
JAM,1856,5.13
JAM,1857,5.13
JAM,1858,5.13
JAM,1859,5.13
JAM,1860,5.13
JAM,1861,5.13
JAM,1862,5.13
JAM,1863,5.13
JAM,1864,5.13
JAM,1865,5.13
JAM,1866,5.13
JAM,1867,5.13
JAM,1868,5.13
JAM,1869,5.13
JAM,1870,5.13
JAM,1871,5.06
JAM,1872,4.99
JAM,1873,4.92
JAM,1874,4.85
JAM,1875,4.78
JAM,1876,4.71
JAM,1877,4.64
JAM,1878,4.57
JAM,1879,4.5
JAM,1880,5.13
JAM,1881,5.13
JAM,1882,5.12
JAM,1883,5.12
JAM,1884,5.11
JAM,1885,5.11
JAM,1886,5.12
JAM,1887,5.13
JAM,1888,5.15
JAM,1889,5.16
JAM,1890,5.17
JAM,1891,5.18
JAM,1892,5.18
JAM,1893,5.19
JAM,1894,5.19
JAM,1895,5.2
JAM,1896,5.12
JAM,1897,5.03
JAM,1898,4.95
JAM,1899,4.87
JAM,1900,4.78
JAM,1901,4.88
JAM,1902,4.98
JAM,1903,5.08
JAM,1904,5.18
JAM,1905,5.28
JAM,1906,5.26
JAM,1907,5.23
JAM,1908,5.21
JAM,1909,5.18
JAM,1910,5.16
JAM,1911,5.08
JAM,1912,5
JAM,1913,4.92
JAM,1914,4.84
JAM,1915,4.76
JAM,1916,4.93
JAM,1917,5.11
JAM,1918,5.29
JAM,1919,5.46
JAM,1920,5.64
JAM,1921,5.45
JAM,1922,5.26
JAM,1923,5.06
JAM,1924,4.87
JAM,1925,4.68
JAM,1926,4.75
JAM,1927,4.82
JAM,1928,4.89
JAM,1929,4.96
JAM,1930,5.03
JAM,1931,4.93
JAM,1932,4.84
JAM,1933,4.75
JAM,1934,4.66
JAM,1935,4.57
JAM,1936,4.48
JAM,1937,4.39
JAM,1938,4.3
JAM,1939,4.22
JAM,1940,4.13
JAM,1941,4.11
JAM,1942,4.08
JAM,1943,4.06
JAM,1944,4.04
JAM,1945,4.02
JAM,1946,3.98
JAM,1947,3.93
JAM,1948,3.89
JAM,1949,3.85
JAM,1950,3.8
JAM,1951,3.91
JAM,1952,4.13
JAM,1953,4.33
JAM,1954,4.52
JAM,1955,4.7
JAM,1956,4.87
JAM,1957,5.02
JAM,1958,5.17
JAM,1959,5.3
JAM,1960,5.42
JAM,1961,5.53
JAM,1962,5.63
JAM,1963,5.71
JAM,1964,5.78
JAM,1965,5.82
JAM,1966,5.82
JAM,1967,5.79
JAM,1968,5.72
JAM,1969,5.62
JAM,1970,5.48
JAM,1971,5.31
JAM,1972,5.11
JAM,1973,4.9
JAM,1974,4.69
JAM,1975,4.48
JAM,1976,4.29
JAM,1977,4.12
JAM,1978,3.97
JAM,1979,3.84
JAM,1980,3.73
JAM,1981,3.64
JAM,1982,3.56
JAM,1983,3.48
JAM,1984,3.39
JAM,1985,3.31
JAM,1986,3.22
JAM,1987,3.14
JAM,1988,3.07
JAM,1989,3.01
JAM,1990,2.95
JAM,1991,2.9
JAM,1992,2.86
JAM,1993,2.82
JAM,1994,2.78
JAM,1995,2.74
JAM,1996,2.71
JAM,1997,2.68
JAM,1998,2.66
JAM,1999,2.63
JAM,2000,2.6
JAM,2001,2.58
JAM,2002,2.55
JAM,2003,2.53
JAM,2004,2.5
JAM,2005,2.47
JAM,2006,2.44
JAM,2007,2.41
JAM,2008,2.39
JAM,2009,2.36
JAM,2010,2.33
JAM,2011,2.31
JAM,2012,2.28
JAM,2013,2.26
JAM,2014,2.24
JAM,2015,2.21
JPN,1800,4.08
JPN,1801,4.11
JPN,1802,4.14
JPN,1803,4.17
JPN,1804,4.2
JPN,1805,4.23
JPN,1806,4.25
JPN,1807,4.28
JPN,1808,4.31
JPN,1809,4.34
JPN,1810,4.37
JPN,1811,4.4
JPN,1812,4.43
JPN,1813,4.43
JPN,1814,4.44
JPN,1815,4.44
JPN,1816,4.45
JPN,1817,4.45
JPN,1818,4.45
JPN,1819,4.46
JPN,1820,4.46
JPN,1821,4.47
JPN,1822,4.47
JPN,1823,4.48
JPN,1824,4.48
JPN,1825,4.48
JPN,1826,4.49
JPN,1827,4.49
JPN,1828,4.5
JPN,1829,4.5
JPN,1830,4.51
JPN,1831,4.51
JPN,1832,4.51
JPN,1833,4.52
JPN,1834,4.52
JPN,1835,4.53
JPN,1836,4.53
JPN,1837,4.54
JPN,1838,4.54
JPN,1839,4.55
JPN,1840,4.56
JPN,1841,4.58
JPN,1842,4.59
JPN,1843,4.6
JPN,1844,4.61
JPN,1845,4.62
JPN,1846,4.64
JPN,1847,4.65
JPN,1848,4.66
JPN,1849,4.67
JPN,1850,4.68
JPN,1851,4.7
JPN,1852,4.71
JPN,1853,4.72
JPN,1854,4.73
JPN,1855,4.74
JPN,1856,4.76
JPN,1857,4.77
JPN,1858,4.78
JPN,1859,4.79
JPN,1860,4.8
JPN,1861,4.82
JPN,1862,4.83
JPN,1863,4.84
JPN,1864,4.7
JPN,1865,4.55
JPN,1866,4.41
JPN,1867,4.27
JPN,1868,4.13
JPN,1869,3.98
JPN,1870,3.84
JPN,1871,3.7
JPN,1872,3.56
JPN,1873,3.41
JPN,1874,3.52
JPN,1875,3.74
JPN,1876,3.75
JPN,1877,3.67
JPN,1878,3.58
JPN,1879,3.55
JPN,1880,3.59
JPN,1881,3.77
JPN,1882,3.67
JPN,1883,3.96
JPN,1884,3.8
JPN,1885,3.98
JPN,1886,4.04
JPN,1887,4.04
JPN,1888,4.43
JPN,1889,4.54
JPN,1890,4.18
JPN,1891,3.99
JPN,1892,4.4
JPN,1893,4.26
JPN,1894,4.35
JPN,1895,4.36
JPN,1896,4.51
JPN,1897,4.66
JPN,1898,4.72
JPN,1899,4.73
JPN,1900,4.69
JPN,1901,5.01
JPN,1902,4.97
JPN,1903,4.83
JPN,1904,4.61
JPN,1905,4.52
JPN,1906,4.38
JPN,1907,5.03
JPN,1908,5.13
JPN,1909,5.16
JPN,1910,5.01
JPN,1911,5.19
JPN,1912,5.08
JPN,1913,5.07
JPN,1914,5.14
JPN,1915,4.91
JPN,1916,4.98
JPN,1917,4.95
JPN,1918,4.83
JPN,1919,4.77
JPN,1920,5.35
JPN,1921,5.22
JPN,1922,5.12
JPN,1923,5.26
JPN,1924,5.07
JPN,1925,5.22
JPN,1926,5.19
JPN,1927,5
JPN,1928,5.09
JPN,1929,4.87
JPN,1930,4.82
JPN,1931,4.76
JPN,1932,4.86
JPN,1933,4.63
JPN,1934,4.39
JPN,1935,4.59
JPN,1936,4.34
JPN,1937,4.45
JPN,1938,3.88
JPN,1939,3.8
JPN,1940,4.14
JPN,1941,4.36
JPN,1942,4.18
JPN,1943,4.11
JPN,1944,3.95
JPN,1945,3.11
JPN,1946,3.37
JPN,1947,4.51
JPN,1948,4.38
JPN,1949,4.3
JPN,1950,3.51
JPN,1951,3.37
JPN,1952,3.1
JPN,1953,2.86
JPN,1954,2.65
JPN,1955,2.47
JPN,1956,2.32
JPN,1957,2.2
JPN,1958,2.11
JPN,1959,2.04
JPN,1960,2
JPN,1961,1.98
JPN,1962,1.97
JPN,1963,1.97
JPN,1964,1.97
JPN,1965,1.98
JPN,1966,2
JPN,1967,2.02
JPN,1968,2.05
JPN,1969,2.08
JPN,1970,2.1
JPN,1971,2.11
JPN,1972,2.11
JPN,1973,2.09
JPN,1974,2.05
JPN,1975,2
JPN,1976,1.94
JPN,1977,1.89
JPN,1978,1.84
JPN,1979,1.8
JPN,1980,1.78
JPN,1981,1.76
JPN,1982,1.75
JPN,1983,1.74
JPN,1984,1.73
JPN,1985,1.72
JPN,1986,1.7
JPN,1987,1.67
JPN,1988,1.64
JPN,1989,1.61
JPN,1990,1.57
JPN,1991,1.54
JPN,1992,1.5
JPN,1993,1.47
JPN,1994,1.44
JPN,1995,1.41
JPN,1996,1.39
JPN,1997,1.37
JPN,1998,1.35
JPN,1999,1.34
JPN,2000,1.32
JPN,2001,1.31
JPN,2002,1.3
JPN,2003,1.3
JPN,2004,1.3
JPN,2005,1.31
JPN,2006,1.32
JPN,2007,1.33
JPN,2008,1.34
JPN,2009,1.36
JPN,2010,1.37
JPN,2011,1.39
JPN,2012,1.41
JPN,2013,1.42
JPN,2014,1.43
JPN,2015,1.45
JOR,1800,6.97
JOR,1801,6.97
JOR,1802,6.97
JOR,1803,6.97
JOR,1804,6.97
JOR,1805,6.97
JOR,1806,6.97
JOR,1807,6.97
JOR,1808,6.97
JOR,1809,6.97
JOR,1810,6.97
JOR,1811,6.97
JOR,1812,6.97
JOR,1813,6.97
JOR,1814,6.97
JOR,1815,6.97
JOR,1816,6.97
JOR,1817,6.97
JOR,1818,6.97
JOR,1819,6.97
JOR,1820,6.97
JOR,1821,6.97
JOR,1822,6.97
JOR,1823,6.97
JOR,1824,6.97
JOR,1825,6.97
JOR,1826,6.97
JOR,1827,6.97
JOR,1828,6.97
JOR,1829,6.97
JOR,1830,6.97
JOR,1831,6.97
JOR,1832,6.97
JOR,1833,6.97
JOR,1834,6.97
JOR,1835,6.97
JOR,1836,6.97
JOR,1837,6.97
JOR,1838,6.97
JOR,1839,6.97
JOR,1840,6.97
JOR,1841,6.97
JOR,1842,6.97
JOR,1843,6.97
JOR,1844,6.97
JOR,1845,6.97
JOR,1846,6.97
JOR,1847,6.97
JOR,1848,6.97
JOR,1849,6.97
JOR,1850,6.97
JOR,1851,6.97
JOR,1852,6.97
JOR,1853,6.97
JOR,1854,6.97
JOR,1855,6.97
JOR,1856,6.97
JOR,1857,6.97
JOR,1858,6.97
JOR,1859,6.97
JOR,1860,6.97
JOR,1861,6.97
JOR,1862,6.97
JOR,1863,6.97
JOR,1864,6.97
JOR,1865,6.97
JOR,1866,6.97
JOR,1867,6.97
JOR,1868,6.97
JOR,1869,6.97
JOR,1870,6.97
JOR,1871,6.97
JOR,1872,6.97
JOR,1873,6.97
JOR,1874,6.97
JOR,1875,6.97
JOR,1876,6.97
JOR,1877,6.97
JOR,1878,6.97
JOR,1879,6.97
JOR,1880,6.97
JOR,1881,6.97
JOR,1882,6.97
JOR,1883,6.97
JOR,1884,6.97
JOR,1885,6.97
JOR,1886,6.97
JOR,1887,6.97
JOR,1888,6.97
JOR,1889,6.97
JOR,1890,6.97
JOR,1891,6.97
JOR,1892,6.97
JOR,1893,6.97
JOR,1894,6.97
JOR,1895,6.97
JOR,1896,6.97
JOR,1897,6.97
JOR,1898,6.97
JOR,1899,6.97
JOR,1900,6.97
JOR,1901,6.97
JOR,1902,6.97
JOR,1903,6.97
JOR,1904,6.97
JOR,1905,6.97
JOR,1906,6.97
JOR,1907,6.97
JOR,1908,6.97
JOR,1909,6.97
JOR,1910,6.97
JOR,1911,6.97
JOR,1912,6.97
JOR,1913,6.97
JOR,1914,6.97
JOR,1915,6.97
JOR,1916,6.97
JOR,1917,6.97
JOR,1918,6.97
JOR,1919,6.97
JOR,1920,6.97
JOR,1921,6.97
JOR,1922,6.97
JOR,1923,6.97
JOR,1924,6.97
JOR,1925,6.97
JOR,1926,6.99
JOR,1927,7.02
JOR,1928,7.04
JOR,1929,7.06
JOR,1930,7.09
JOR,1931,7.11
JOR,1932,7.14
JOR,1933,7.16
JOR,1934,7.18
JOR,1935,7.21
JOR,1936,7.23
JOR,1937,7.25
JOR,1938,7.28
JOR,1939,7.3
JOR,1940,7.33
JOR,1941,7.35
JOR,1942,7.37
JOR,1943,7.4
JOR,1944,7.42
JOR,1945,7.45
JOR,1946,7.47
JOR,1947,7.49
JOR,1948,7.52
JOR,1949,7.54
JOR,1950,7.56
JOR,1951,7.5
JOR,1952,7.39
JOR,1953,7.32
JOR,1954,7.28
JOR,1955,7.28
JOR,1956,7.31
JOR,1957,7.37
JOR,1958,7.46
JOR,1959,7.57
JOR,1960,7.69
JOR,1961,7.8
JOR,1962,7.9
JOR,1963,7.98
JOR,1964,8.03
JOR,1965,8.06
JOR,1966,8.05
JOR,1967,8.03
JOR,1968,8
JOR,1969,7.97
JOR,1970,7.93
JOR,1971,7.88
JOR,1972,7.82
JOR,1973,7.75
JOR,1974,7.68
JOR,1975,7.6
JOR,1976,7.52
JOR,1977,7.46
JOR,1978,7.39
JOR,1979,7.33
JOR,1980,7.26
JOR,1981,7.18
JOR,1982,7.07
JOR,1983,6.94
JOR,1984,6.77
JOR,1985,6.58
JOR,1986,6.37
JOR,1987,6.16
JOR,1988,5.94
JOR,1989,5.73
JOR,1990,5.54
JOR,1991,5.35
JOR,1992,5.17
JOR,1993,5
JOR,1994,4.83
JOR,1995,4.68
JOR,1996,4.53
JOR,1997,4.4
JOR,1998,4.27
JOR,1999,4.16
JOR,2000,4.05
JOR,2001,3.97
JOR,2002,3.89
JOR,2003,3.83
JOR,2004,3.78
JOR,2005,3.73
JOR,2006,3.69
JOR,2007,3.64
JOR,2008,3.59
JOR,2009,3.53
JOR,2010,3.46
JOR,2011,3.39
JOR,2012,3.31
JOR,2013,3.24
JOR,2014,3.18
JOR,2015,3.12
KAZ,1800,6.45
KAZ,1801,6.45
KAZ,1802,6.45
KAZ,1803,6.45
KAZ,1804,6.45
KAZ,1805,6.45
KAZ,1806,6.45
KAZ,1807,6.45
KAZ,1808,6.45
KAZ,1809,6.45
KAZ,1810,6.45
KAZ,1811,6.45
KAZ,1812,6.45
KAZ,1813,6.45
KAZ,1814,6.45
KAZ,1815,6.45
KAZ,1816,6.45
KAZ,1817,6.45
KAZ,1818,6.45
KAZ,1819,6.45
KAZ,1820,6.45
KAZ,1821,6.45
KAZ,1822,6.45
KAZ,1823,6.45
KAZ,1824,6.45
KAZ,1825,6.45
KAZ,1826,6.45
KAZ,1827,6.45
KAZ,1828,6.45
KAZ,1829,6.45
KAZ,1830,6.45
KAZ,1831,6.45
KAZ,1832,6.45
KAZ,1833,6.45
KAZ,1834,6.45
KAZ,1835,6.45
KAZ,1836,6.45
KAZ,1837,6.45
KAZ,1838,6.45
KAZ,1839,6.45
KAZ,1840,6.45
KAZ,1841,6.45
KAZ,1842,6.45
KAZ,1843,6.45
KAZ,1844,6.45
KAZ,1845,6.45
KAZ,1846,6.45
KAZ,1847,6.45
KAZ,1848,6.45
KAZ,1849,6.45
KAZ,1850,6.45
KAZ,1851,6.45
KAZ,1852,6.45
KAZ,1853,6.45
KAZ,1854,6.45
KAZ,1855,6.45
KAZ,1856,6.45
KAZ,1857,6.45
KAZ,1858,6.45
KAZ,1859,6.45
KAZ,1860,6.45
KAZ,1861,6.45
KAZ,1862,6.45
KAZ,1863,6.45
KAZ,1864,6.45
KAZ,1865,6.45
KAZ,1866,6.45
KAZ,1867,6.45
KAZ,1868,6.45
KAZ,1869,6.45
KAZ,1870,6.45
KAZ,1871,6.45
KAZ,1872,6.45
KAZ,1873,6.45
KAZ,1874,6.45
KAZ,1875,6.45
KAZ,1876,6.45
KAZ,1877,6.45
KAZ,1878,6.45
KAZ,1879,6.45
KAZ,1880,6.45
KAZ,1881,6.45
KAZ,1882,6.45
KAZ,1883,6.45
KAZ,1884,6.45
KAZ,1885,6.45
KAZ,1886,6.45
KAZ,1887,6.45
KAZ,1888,6.45
KAZ,1889,6.45
KAZ,1890,6.45
KAZ,1891,6.45
KAZ,1892,6.45
KAZ,1893,6.45
KAZ,1894,6.45
KAZ,1895,6.45
KAZ,1896,6.44
KAZ,1897,6.44
KAZ,1898,6.43
KAZ,1899,6.42
KAZ,1900,6.42
KAZ,1901,6.41
KAZ,1902,6.4
KAZ,1903,6.4
KAZ,1904,6.39
KAZ,1905,6.38
KAZ,1906,6.38
KAZ,1907,6.37
KAZ,1908,6.36
KAZ,1909,6.36
KAZ,1910,6.35
KAZ,1911,6.34
KAZ,1912,6.34
KAZ,1913,6.33
KAZ,1914,6.32
KAZ,1915,6.32
KAZ,1916,6.31
KAZ,1917,6.3
KAZ,1918,6.3
KAZ,1919,6.29
KAZ,1920,6.28
KAZ,1921,6.28
KAZ,1922,6.27
KAZ,1923,6.26
KAZ,1924,6.26
KAZ,1925,6.25
KAZ,1926,6.2
KAZ,1927,6.15
KAZ,1928,6.1
KAZ,1929,6.05
KAZ,1930,6
KAZ,1931,5.95
KAZ,1932,5.9
KAZ,1933,5.85
KAZ,1934,5.8
KAZ,1935,5.75
KAZ,1936,5.71
KAZ,1937,5.66
KAZ,1938,5.61
KAZ,1939,5.56
KAZ,1940,5.51
KAZ,1941,5.39
KAZ,1942,5.27
KAZ,1943,5.15
KAZ,1944,5.03
KAZ,1945,4.91
KAZ,1946,4.78
KAZ,1947,4.66
KAZ,1948,4.54
KAZ,1949,4.42
KAZ,1950,4.3
KAZ,1951,4.33
KAZ,1952,4.39
KAZ,1953,4.43
KAZ,1954,4.48
KAZ,1955,4.52
KAZ,1956,4.55
KAZ,1957,4.57
KAZ,1958,4.59
KAZ,1959,4.59
KAZ,1960,4.56
KAZ,1961,4.51
KAZ,1962,4.44
KAZ,1963,4.33
KAZ,1964,4.2
KAZ,1965,4.06
KAZ,1966,3.92
KAZ,1967,3.79
KAZ,1968,3.68
KAZ,1969,3.6
KAZ,1970,3.54
KAZ,1971,3.49
KAZ,1972,3.44
KAZ,1973,3.39
KAZ,1974,3.32
KAZ,1975,3.25
KAZ,1976,3.18
KAZ,1977,3.11
KAZ,1978,3.05
KAZ,1979,3
KAZ,1980,2.97
KAZ,1981,2.97
KAZ,1982,2.97
KAZ,1983,2.99
KAZ,1984,3.01
KAZ,1985,3.02
KAZ,1986,3.03
KAZ,1987,3.02
KAZ,1988,2.98
KAZ,1989,2.92
KAZ,1990,2.84
KAZ,1991,2.73
KAZ,1992,2.61
KAZ,1993,2.48
KAZ,1994,2.36
KAZ,1995,2.24
KAZ,1996,2.13
KAZ,1997,2.05
KAZ,1998,1.98
KAZ,1999,1.94
KAZ,2000,1.92
KAZ,2001,1.94
KAZ,2002,2
KAZ,2003,2.08
KAZ,2004,2.18
KAZ,2005,2.28
KAZ,2006,2.38
KAZ,2007,2.46
KAZ,2008,2.51
KAZ,2009,2.54
KAZ,2010,2.54
KAZ,2011,2.52
KAZ,2012,2.49
KAZ,2013,2.46
KAZ,2014,2.43
KAZ,2015,2.4
KEN,1800,6.91
KEN,1801,6.91
KEN,1802,6.91
KEN,1803,6.91
KEN,1804,6.91
KEN,1805,6.91
KEN,1806,6.91
KEN,1807,6.91
KEN,1808,6.91
KEN,1809,6.91
KEN,1810,6.91
KEN,1811,6.91
KEN,1812,6.91
KEN,1813,6.91
KEN,1814,6.91
KEN,1815,6.91
KEN,1816,6.91
KEN,1817,6.91
KEN,1818,6.91
KEN,1819,6.91
KEN,1820,6.91
KEN,1821,6.91
KEN,1822,6.91
KEN,1823,6.91
KEN,1824,6.91
KEN,1825,6.91
KEN,1826,6.91
KEN,1827,6.91
KEN,1828,6.91
KEN,1829,6.91
KEN,1830,6.91
KEN,1831,6.91
KEN,1832,6.91
KEN,1833,6.91
KEN,1834,6.91
KEN,1835,6.91
KEN,1836,6.91
KEN,1837,6.91
KEN,1838,6.91
KEN,1839,6.91
KEN,1840,6.91
KEN,1841,6.91
KEN,1842,6.91
KEN,1843,6.91
KEN,1844,6.91
KEN,1845,6.91
KEN,1846,6.91
KEN,1847,6.91
KEN,1848,6.91
KEN,1849,6.91
KEN,1850,6.91
KEN,1851,6.91
KEN,1852,6.91
KEN,1853,6.91
KEN,1854,6.91
KEN,1855,6.91
KEN,1856,6.91
KEN,1857,6.91
KEN,1858,6.91
KEN,1859,6.91
KEN,1860,6.91
KEN,1861,6.91
KEN,1862,6.91
KEN,1863,6.91
KEN,1864,6.91
KEN,1865,6.91
KEN,1866,6.91
KEN,1867,6.91
KEN,1868,6.91
KEN,1869,6.91
KEN,1870,6.91
KEN,1871,6.91
KEN,1872,6.91
KEN,1873,6.91
KEN,1874,6.91
KEN,1875,6.91
KEN,1876,6.91
KEN,1877,6.91
KEN,1878,6.91
KEN,1879,6.91
KEN,1880,6.91
KEN,1881,6.91
KEN,1882,6.91
KEN,1883,6.91
KEN,1884,6.91
KEN,1885,6.91
KEN,1886,6.91
KEN,1887,6.91
KEN,1888,6.91
KEN,1889,6.91
KEN,1890,6.91
KEN,1891,6.91
KEN,1892,6.91
KEN,1893,6.91
KEN,1894,6.91
KEN,1895,6.91
KEN,1896,6.91
KEN,1897,6.91
KEN,1898,6.91
KEN,1899,6.91
KEN,1900,6.91
KEN,1901,6.91
KEN,1902,6.91
KEN,1903,6.91
KEN,1904,6.91
KEN,1905,6.91
KEN,1906,6.91
KEN,1907,6.91
KEN,1908,6.91
KEN,1909,6.91
KEN,1910,6.91
KEN,1911,6.91
KEN,1912,6.91
KEN,1913,6.91
KEN,1914,6.91
KEN,1915,6.91
KEN,1916,6.91
KEN,1917,6.91
KEN,1918,6.91
KEN,1919,6.91
KEN,1920,6.91
KEN,1921,6.91
KEN,1922,6.91
KEN,1923,6.91
KEN,1924,6.91
KEN,1925,6.91
KEN,1926,6.93
KEN,1927,6.94
KEN,1928,6.96
KEN,1929,6.98
KEN,1930,7
KEN,1931,7.02
KEN,1932,7.03
KEN,1933,7.05
KEN,1934,7.07
KEN,1935,7.09
KEN,1936,7.11
KEN,1937,7.12
KEN,1938,7.14
KEN,1939,7.16
KEN,1940,7.18
KEN,1941,7.2
KEN,1942,7.22
KEN,1943,7.23
KEN,1944,7.25
KEN,1945,7.27
KEN,1946,7.29
KEN,1947,7.31
KEN,1948,7.32
KEN,1949,7.34
KEN,1950,7.36
KEN,1951,7.39
KEN,1952,7.45
KEN,1953,7.51
KEN,1954,7.57
KEN,1955,7.64
KEN,1956,7.7
KEN,1957,7.76
KEN,1958,7.83
KEN,1959,7.89
KEN,1960,7.95
KEN,1961,8
KEN,1962,8.04
KEN,1963,8.08
KEN,1964,8.1
KEN,1965,8.12
KEN,1966,8.13
KEN,1967,8.13
KEN,1968,8.12
KEN,1969,8.1
KEN,1970,8.08
KEN,1971,8.05
KEN,1972,8.01
KEN,1973,7.96
KEN,1974,7.91
KEN,1975,7.84
KEN,1976,7.77
KEN,1977,7.7
KEN,1978,7.62
KEN,1979,7.54
KEN,1980,7.46
KEN,1981,7.37
KEN,1982,7.27
KEN,1983,7.17
KEN,1984,7.05
KEN,1985,6.92
KEN,1986,6.77
KEN,1987,6.6
KEN,1988,6.42
KEN,1989,6.23
KEN,1990,6.04
KEN,1991,5.85
KEN,1992,5.67
KEN,1993,5.51
KEN,1994,5.37
KEN,1995,5.25
KEN,1996,5.17
KEN,1997,5.1
KEN,1998,5.06
KEN,1999,5.03
KEN,2000,5.01
KEN,2001,5
KEN,2002,4.99
KEN,2003,4.98
KEN,2004,4.96
KEN,2005,4.92
KEN,2006,4.88
KEN,2007,4.82
KEN,2008,4.76
KEN,2009,4.69
KEN,2010,4.62
KEN,2011,4.54
KEN,2012,4.46
KEN,2013,4.38
KEN,2014,4.31
KEN,2015,4.24
KIR,1800,5.67
KIR,1801,5.67
KIR,1802,5.67
KIR,1803,5.67
KIR,1804,5.67
KIR,1805,5.67
KIR,1806,5.67
KIR,1807,5.67
KIR,1808,5.67
KIR,1809,5.67
KIR,1810,5.67
KIR,1811,5.67
KIR,1812,5.67
KIR,1813,5.67
KIR,1814,5.67
KIR,1815,5.67
KIR,1816,5.67
KIR,1817,5.67
KIR,1818,5.67
KIR,1819,5.67
KIR,1820,5.67
KIR,1821,5.67
KIR,1822,5.67
KIR,1823,5.67
KIR,1824,5.67
KIR,1825,5.67
KIR,1826,5.67
KIR,1827,5.67
KIR,1828,5.67
KIR,1829,5.67
KIR,1830,5.67
KIR,1831,5.67
KIR,1832,5.67
KIR,1833,5.67
KIR,1834,5.67
KIR,1835,5.67
KIR,1836,5.67
KIR,1837,5.67
KIR,1838,5.67
KIR,1839,5.67
KIR,1840,5.67
KIR,1841,5.67
KIR,1842,5.67
KIR,1843,5.67
KIR,1844,5.67
KIR,1845,5.67
KIR,1846,5.67
KIR,1847,5.67
KIR,1848,5.67
KIR,1849,5.67
KIR,1850,5.67
KIR,1851,5.67
KIR,1852,5.67
KIR,1853,5.67
KIR,1854,5.67
KIR,1855,5.67
KIR,1856,5.67
KIR,1857,5.67
KIR,1858,5.67
KIR,1859,5.67
KIR,1860,5.67
KIR,1861,5.67
KIR,1862,5.67
KIR,1863,5.67
KIR,1864,5.67
KIR,1865,5.67
KIR,1866,5.67
KIR,1867,5.67
KIR,1868,5.67
KIR,1869,5.67
KIR,1870,5.67
KIR,1871,5.67
KIR,1872,5.67
KIR,1873,5.67
KIR,1874,5.67
KIR,1875,5.67
KIR,1876,5.67
KIR,1877,5.67
KIR,1878,5.67
KIR,1879,5.67
KIR,1880,5.67
KIR,1881,5.67
KIR,1882,5.67
KIR,1883,5.67
KIR,1884,5.67
KIR,1885,5.67
KIR,1886,5.67
KIR,1887,5.67
KIR,1888,5.67
KIR,1889,5.67
KIR,1890,5.67
KIR,1891,5.67
KIR,1892,5.67
KIR,1893,5.67
KIR,1894,5.67
KIR,1895,5.67
KIR,1896,5.67
KIR,1897,5.67
KIR,1898,5.67
KIR,1899,5.67
KIR,1900,5.67
KIR,1901,5.67
KIR,1902,5.67
KIR,1903,5.67
KIR,1904,5.67
KIR,1905,5.67
KIR,1906,5.67
KIR,1907,5.67
KIR,1908,5.67
KIR,1909,5.67
KIR,1910,5.67
KIR,1911,5.67
KIR,1912,5.67
KIR,1913,5.67
KIR,1914,5.67
KIR,1915,5.67
KIR,1916,5.67
KIR,1917,5.67
KIR,1918,5.67
KIR,1919,5.67
KIR,1920,5.67
KIR,1921,5.67
KIR,1922,5.67
KIR,1923,5.67
KIR,1924,5.67
KIR,1925,5.67
KIR,1926,5.67
KIR,1927,5.67
KIR,1928,5.67
KIR,1929,5.67
KIR,1930,5.67
KIR,1931,5.67
KIR,1932,5.67
KIR,1933,5.67
KIR,1934,5.67
KIR,1935,5.67
KIR,1936,5.67
KIR,1937,5.67
KIR,1938,5.67
KIR,1939,5.67
KIR,1940,5.67
KIR,1941,5.67
KIR,1942,5.67
KIR,1943,5.67
KIR,1944,5.67
KIR,1945,5.67
KIR,1946,5.67
KIR,1947,5.67
KIR,1948,5.67
KIR,1949,5.67
KIR,1950,5.67
KIR,1951,5.79
KIR,1952,6.02
KIR,1953,6.22
KIR,1954,6.4
KIR,1955,6.54
KIR,1956,6.66
KIR,1957,6.76
KIR,1958,6.83
KIR,1959,6.9
KIR,1960,6.95
KIR,1961,7.01
KIR,1962,7.08
KIR,1963,7.14
KIR,1964,7.2
KIR,1965,7.22
KIR,1966,7.17
KIR,1967,7.01
KIR,1968,6.76
KIR,1969,6.43
KIR,1970,6.05
KIR,1971,5.67
KIR,1972,5.35
KIR,1973,5.1
KIR,1974,4.96
KIR,1975,4.9
KIR,1976,4.93
KIR,1977,4.98
KIR,1978,5.03
KIR,1979,5.06
KIR,1980,5.07
KIR,1981,5.05
KIR,1982,5.02
KIR,1983,4.97
KIR,1984,4.91
KIR,1985,4.86
KIR,1986,4.8
KIR,1987,4.75
KIR,1988,4.7
KIR,1989,4.67
KIR,1990,4.63
KIR,1991,4.6
KIR,1992,4.57
KIR,1993,4.53
KIR,1994,4.48
KIR,1995,4.41
KIR,1996,4.33
KIR,1997,4.24
KIR,1998,4.13
KIR,1999,4.01
KIR,2000,3.88
KIR,2001,3.75
KIR,2002,3.63
KIR,2003,3.52
KIR,2004,3.41
KIR,2005,3.32
KIR,2006,3.25
KIR,2007,3.19
KIR,2008,3.13
KIR,2009,3.09
KIR,2010,3.05
KIR,2011,3.01
KIR,2012,2.98
KIR,2013,2.95
KIR,2014,2.92
KIR,2015,2.89
PRK,1800,6.1
PRK,1801,6.1
PRK,1802,6.1
PRK,1803,6.1
PRK,1804,6.1
PRK,1805,6.1
PRK,1806,6.1
PRK,1807,6.1
PRK,1808,6.1
PRK,1809,6.1
PRK,1810,6.1
PRK,1811,6.1
PRK,1812,6.1
PRK,1813,6.1
PRK,1814,6.1
PRK,1815,6.1
PRK,1816,6.1
PRK,1817,6.1
PRK,1818,6.1
PRK,1819,6.1
PRK,1820,6.1
PRK,1821,6.1
PRK,1822,6.1
PRK,1823,6.1
PRK,1824,6.1
PRK,1825,6.1
PRK,1826,6.1
PRK,1827,6.1
PRK,1828,6.1
PRK,1829,6.1
PRK,1830,6.1
PRK,1831,6.1
PRK,1832,6.1
PRK,1833,6.1
PRK,1834,6.1
PRK,1835,6.1
PRK,1836,6.1
PRK,1837,6.1
PRK,1838,6.1
PRK,1839,6.1
PRK,1840,6.1
PRK,1841,6.1
PRK,1842,6.1
PRK,1843,6.1
PRK,1844,6.1
PRK,1845,6.1
PRK,1846,6.1
PRK,1847,6.1
PRK,1848,6.1
PRK,1849,6.1
PRK,1850,6.1
PRK,1851,6.1
PRK,1852,6.1
PRK,1853,6.1
PRK,1854,6.1
PRK,1855,6.1
PRK,1856,6.1
PRK,1857,6.1
PRK,1858,6.1
PRK,1859,6.1
PRK,1860,6.1
PRK,1861,6.1
PRK,1862,6.1
PRK,1863,6.1
PRK,1864,6.1
PRK,1865,6.1
PRK,1866,6.1
PRK,1867,6.1
PRK,1868,6.1
PRK,1869,6.1
PRK,1870,6.1
PRK,1871,6.1
PRK,1872,6.1
PRK,1873,6.1
PRK,1874,6.1
PRK,1875,6.1
PRK,1876,6.1
PRK,1877,6.1
PRK,1878,6.1
PRK,1879,6.1
PRK,1880,6.1
PRK,1881,6.1
PRK,1882,6.1
PRK,1883,6.1
PRK,1884,6.1
PRK,1885,6.1
PRK,1886,6.1
PRK,1887,6.1
PRK,1888,6.1
PRK,1889,6.1
PRK,1890,6.1
PRK,1891,6.1
PRK,1892,6.1
PRK,1893,6.1
PRK,1894,6.1
PRK,1895,6.1
PRK,1896,6.1
PRK,1897,6.1
PRK,1898,6.1
PRK,1899,6.1
PRK,1900,6.1
PRK,1901,6.1
PRK,1902,6.1
PRK,1903,6.11
PRK,1904,6.11
PRK,1905,6.11
PRK,1906,6.11
PRK,1907,6.12
PRK,1908,6.12
PRK,1909,6.12
PRK,1910,6.12
PRK,1911,6.12
PRK,1912,6.13
PRK,1913,6.13
PRK,1914,6.13
PRK,1915,6.13
PRK,1916,6.14
PRK,1917,6.14
PRK,1918,6.14
PRK,1919,6.14
PRK,1920,6.14
PRK,1921,6.14
PRK,1922,6.14
PRK,1923,6.14
PRK,1924,6.08
PRK,1925,6.03
PRK,1926,5.97
PRK,1927,5.92
PRK,1928,5.86
PRK,1929,5.91
PRK,1930,5.96
PRK,1931,6
PRK,1932,6.05
PRK,1933,6.1
PRK,1934,6.12
PRK,1935,6.14
PRK,1936,6.16
PRK,1937,6.18
PRK,1938,6.2
PRK,1939,6.16
PRK,1940,6.12
PRK,1941,6.08
PRK,1942,6.04
PRK,1943,6
PRK,1944,5.42
PRK,1945,4.84
PRK,1946,4.26
PRK,1947,3.68
PRK,1948,3.1
PRK,1949,2.53
PRK,1950,1.95
PRK,1951,2.41
PRK,1952,3.25
PRK,1953,3.92
PRK,1954,4.44
PRK,1955,4.79
PRK,1956,4.98
PRK,1957,5.03
PRK,1958,4.96
PRK,1959,4.79
PRK,1960,4.58
PRK,1961,4.36
PRK,1962,4.17
PRK,1963,4.06
PRK,1964,4.02
PRK,1965,4.06
PRK,1966,4.16
PRK,1967,4.26
PRK,1968,4.34
PRK,1969,4.36
PRK,1970,4.33
PRK,1971,4.21
PRK,1972,4.04
PRK,1973,3.82
PRK,1974,3.56
PRK,1975,3.31
PRK,1976,3.08
PRK,1977,2.89
PRK,1978,2.76
PRK,1979,2.69
PRK,1980,2.68
PRK,1981,2.69
PRK,1982,2.7
PRK,1983,2.69
PRK,1984,2.65
PRK,1985,2.59
PRK,1986,2.52
PRK,1987,2.44
PRK,1988,2.37
PRK,1989,2.33
PRK,1990,2.29
PRK,1991,2.26
PRK,1992,2.24
PRK,1993,2.2
PRK,1994,2.16
PRK,1995,2.12
PRK,1996,2.08
PRK,1997,2.04
PRK,1998,2.02
PRK,1999,2
PRK,2000,1.99
PRK,2001,1.99
PRK,2002,2
PRK,2003,2
PRK,2004,2
PRK,2005,2.01
PRK,2006,2.01
PRK,2007,2.01
PRK,2008,2.01
PRK,2009,2
PRK,2010,2
PRK,2011,2
PRK,2012,2
PRK,2013,1.99
PRK,2014,1.98
PRK,2015,1.97
KOR,1800,6
KOR,1801,6
KOR,1802,6
KOR,1803,6
KOR,1804,6
KOR,1805,6
KOR,1806,6
KOR,1807,6
KOR,1808,6
KOR,1809,6
KOR,1810,6
KOR,1811,6
KOR,1812,6
KOR,1813,6
KOR,1814,6
KOR,1815,6
KOR,1816,6
KOR,1817,6
KOR,1818,6
KOR,1819,6
KOR,1820,6
KOR,1821,6
KOR,1822,6
KOR,1823,6
KOR,1824,6
KOR,1825,6
KOR,1826,6
KOR,1827,6
KOR,1828,6
KOR,1829,6
KOR,1830,6
KOR,1831,6
KOR,1832,6
KOR,1833,6
KOR,1834,6
KOR,1835,6
KOR,1836,6
KOR,1837,6
KOR,1838,6
KOR,1839,6
KOR,1840,6
KOR,1841,6
KOR,1842,6
KOR,1843,6
KOR,1844,6
KOR,1845,6
KOR,1846,6
KOR,1847,6
KOR,1848,6
KOR,1849,6
KOR,1850,6
KOR,1851,6
KOR,1852,6
KOR,1853,6
KOR,1854,6
KOR,1855,6
KOR,1856,6
KOR,1857,6
KOR,1858,6
KOR,1859,6
KOR,1860,6
KOR,1861,6
KOR,1862,6
KOR,1863,6
KOR,1864,6
KOR,1865,6
KOR,1866,6
KOR,1867,6
KOR,1868,6
KOR,1869,6
KOR,1870,6
KOR,1871,6
KOR,1872,6
KOR,1873,6
KOR,1874,6
KOR,1875,6
KOR,1876,6
KOR,1877,6
KOR,1878,6
KOR,1879,6
KOR,1880,6
KOR,1881,6
KOR,1882,6
KOR,1883,6
KOR,1884,6
KOR,1885,6
KOR,1886,6
KOR,1887,6
KOR,1888,6
KOR,1889,6
KOR,1890,6
KOR,1891,6
KOR,1892,6
KOR,1893,6
KOR,1894,6
KOR,1895,6
KOR,1896,6
KOR,1897,6
KOR,1898,6
KOR,1899,6
KOR,1900,6
KOR,1901,6
KOR,1902,5.99
KOR,1903,5.99
KOR,1904,5.98
KOR,1905,5.98
KOR,1906,5.97
KOR,1907,5.97
KOR,1908,5.96
KOR,1909,5.96
KOR,1910,5.96
KOR,1911,5.95
KOR,1912,5.95
KOR,1913,5.94
KOR,1914,5.94
KOR,1915,5.93
KOR,1916,5.93
KOR,1917,5.92
KOR,1918,5.92
KOR,1919,5.93
KOR,1920,5.94
KOR,1921,5.95
KOR,1922,5.96
KOR,1923,5.97
KOR,1924,5.95
KOR,1925,5.93
KOR,1926,5.91
KOR,1927,5.89
KOR,1928,5.87
KOR,1929,5.9
KOR,1930,5.93
KOR,1931,5.96
KOR,1932,5.99
KOR,1933,6.02
KOR,1934,6.05
KOR,1935,6.08
KOR,1936,6.12
KOR,1937,6.15
KOR,1938,6.18
KOR,1939,6.16
KOR,1940,6.14
KOR,1941,6.12
KOR,1942,6.1
KOR,1943,6.08
KOR,1944,5.98
KOR,1945,5.88
KOR,1946,5.79
KOR,1947,5.69
KOR,1948,5.59
KOR,1949,4.81
KOR,1950,4.02
KOR,1951,4.33
KOR,1952,4.89
KOR,1953,5.35
KOR,1954,5.73
KOR,1955,6.01
KOR,1956,6.2
KOR,1957,6.31
KOR,1958,6.33
KOR,1959,6.27
KOR,1960,6.16
KOR,1961,5.99
KOR,1962,5.79
KOR,1963,5.57
KOR,1964,5.36
KOR,1965,5.16
KOR,1966,4.99
KOR,1967,4.85
KOR,1968,4.73
KOR,1969,4.62
KOR,1970,4.53
KOR,1971,4.41
KOR,1972,4.27
KOR,1973,4.09
KOR,1974,3.87
KOR,1975,3.62
KOR,1976,3.36
KOR,1977,3.11
KOR,1978,2.88
KOR,1979,2.69
KOR,1980,2.52
KOR,1981,2.38
KOR,1982,2.24
KOR,1983,2.11
KOR,1984,1.98
KOR,1985,1.86
KOR,1986,1.75
KOR,1987,1.67
KOR,1988,1.63
KOR,1989,1.61
KOR,1990,1.61
KOR,1991,1.63
KOR,1992,1.65
KOR,1993,1.66
KOR,1994,1.65
KOR,1995,1.63
KOR,1996,1.59
KOR,1997,1.54
KOR,1998,1.48
KOR,1999,1.41
KOR,2000,1.35
KOR,2001,1.3
KOR,2002,1.25
KOR,2003,1.22
KOR,2004,1.2
KOR,2005,1.2
KOR,2006,1.2
KOR,2007,1.21
KOR,2008,1.23
KOR,2009,1.25
KOR,2010,1.27
KOR,2011,1.29
KOR,2012,1.3
KOR,2013,1.32
KOR,2014,1.34
KOR,2015,1.36
KWT,1800,6.87
KWT,1801,6.87
KWT,1802,6.87
KWT,1803,6.87
KWT,1804,6.87
KWT,1805,6.87
KWT,1806,6.87
KWT,1807,6.87
KWT,1808,6.87
KWT,1809,6.87
KWT,1810,6.87
KWT,1811,6.87
KWT,1812,6.87
KWT,1813,6.87
KWT,1814,6.87
KWT,1815,6.87
KWT,1816,6.87
KWT,1817,6.87
KWT,1818,6.87
KWT,1819,6.87
KWT,1820,6.87
KWT,1821,6.87
KWT,1822,6.87
KWT,1823,6.87
KWT,1824,6.87
KWT,1825,6.87
KWT,1826,6.87
KWT,1827,6.87
KWT,1828,6.87
KWT,1829,6.87
KWT,1830,6.87
KWT,1831,6.87
KWT,1832,6.87
KWT,1833,6.87
KWT,1834,6.87
KWT,1835,6.87
KWT,1836,6.87
KWT,1837,6.87
KWT,1838,6.87
KWT,1839,6.87
KWT,1840,6.87
KWT,1841,6.87
KWT,1842,6.87
KWT,1843,6.87
KWT,1844,6.87
KWT,1845,6.87
KWT,1846,6.87
KWT,1847,6.87
KWT,1848,6.87
KWT,1849,6.87
KWT,1850,6.87
KWT,1851,6.87
KWT,1852,6.87
KWT,1853,6.87
KWT,1854,6.87
KWT,1855,6.87
KWT,1856,6.87
KWT,1857,6.87
KWT,1858,6.87
KWT,1859,6.87
KWT,1860,6.87
KWT,1861,6.87
KWT,1862,6.87
KWT,1863,6.87
KWT,1864,6.87
KWT,1865,6.87
KWT,1866,6.87
KWT,1867,6.87
KWT,1868,6.87
KWT,1869,6.87
KWT,1870,6.87
KWT,1871,6.87
KWT,1872,6.87
KWT,1873,6.87
KWT,1874,6.87
KWT,1875,6.87
KWT,1876,6.87
KWT,1877,6.87
KWT,1878,6.87
KWT,1879,6.87
KWT,1880,6.87
KWT,1881,6.87
KWT,1882,6.87
KWT,1883,6.87
KWT,1884,6.87
KWT,1885,6.87
KWT,1886,6.87
KWT,1887,6.87
KWT,1888,6.87
KWT,1889,6.87
KWT,1890,6.87
KWT,1891,6.87
KWT,1892,6.87
KWT,1893,6.87
KWT,1894,6.87
KWT,1895,6.87
KWT,1896,6.87
KWT,1897,6.87
KWT,1898,6.87
KWT,1899,6.87
KWT,1900,6.87
KWT,1901,6.87
KWT,1902,6.87
KWT,1903,6.87
KWT,1904,6.87
KWT,1905,6.87
KWT,1906,6.87
KWT,1907,6.87
KWT,1908,6.87
KWT,1909,6.87
KWT,1910,6.87
KWT,1911,6.87
KWT,1912,6.87
KWT,1913,6.87
KWT,1914,6.87
KWT,1915,6.87
KWT,1916,6.87
KWT,1917,6.87
KWT,1918,6.87
KWT,1919,6.87
KWT,1920,6.87
KWT,1921,6.87
KWT,1922,6.87
KWT,1923,6.87
KWT,1924,6.87
KWT,1925,6.87
KWT,1926,6.88
KWT,1927,6.9
KWT,1928,6.91
KWT,1929,6.93
KWT,1930,6.94
KWT,1931,6.95
KWT,1932,6.97
KWT,1933,6.98
KWT,1934,7
KWT,1935,7.01
KWT,1936,7.03
KWT,1937,7.04
KWT,1938,7.05
KWT,1939,7.07
KWT,1940,7.08
KWT,1941,7.1
KWT,1942,7.11
KWT,1943,7.13
KWT,1944,7.14
KWT,1945,7.16
KWT,1946,7.17
KWT,1947,7.18
KWT,1948,7.2
KWT,1949,7.21
KWT,1950,7.23
KWT,1951,7.22
KWT,1952,7.21
KWT,1953,7.2
KWT,1954,7.2
KWT,1955,7.19
KWT,1956,7.2
KWT,1957,7.2
KWT,1958,7.21
KWT,1959,7.23
KWT,1960,7.25
KWT,1961,7.28
KWT,1962,7.31
KWT,1963,7.35
KWT,1964,7.38
KWT,1965,7.41
KWT,1966,7.42
KWT,1967,7.41
KWT,1968,7.38
KWT,1969,7.33
KWT,1970,7.24
KWT,1971,7.12
KWT,1972,6.98
KWT,1973,6.81
KWT,1974,6.62
KWT,1975,6.43
KWT,1976,6.23
KWT,1977,6.05
KWT,1978,5.87
KWT,1979,5.7
KWT,1980,5.52
KWT,1981,5.32
KWT,1982,5.08
KWT,1983,4.79
KWT,1984,4.46
KWT,1985,4.09
KWT,1986,3.7
KWT,1987,3.31
KWT,1988,2.94
KWT,1989,2.62
KWT,1990,2.36
KWT,1991,2.2
KWT,1992,2.14
KWT,1993,2.18
KWT,1994,2.3
KWT,1995,2.47
KWT,1996,2.64
KWT,1997,2.79
KWT,1998,2.88
KWT,1999,2.9
KWT,2000,2.87
KWT,2001,2.8
KWT,2002,2.72
KWT,2003,2.66
KWT,2004,2.63
KWT,2005,2.63
KWT,2006,2.65
KWT,2007,2.67
KWT,2008,2.68
KWT,2009,2.68
KWT,2010,2.67
KWT,2011,2.65
KWT,2012,2.63
KWT,2013,2.6
KWT,2014,2.58
KWT,2015,2.55
KGZ,1800,6.58
KGZ,1801,6.58
KGZ,1802,6.58
KGZ,1803,6.58
KGZ,1804,6.58
KGZ,1805,6.58
KGZ,1806,6.58
KGZ,1807,6.58
KGZ,1808,6.58
KGZ,1809,6.58
KGZ,1810,6.58
KGZ,1811,6.58
KGZ,1812,6.58
KGZ,1813,6.58
KGZ,1814,6.58
KGZ,1815,6.58
KGZ,1816,6.58
KGZ,1817,6.58
KGZ,1818,6.58
KGZ,1819,6.58
KGZ,1820,6.58
KGZ,1821,6.58
KGZ,1822,6.58
KGZ,1823,6.58
KGZ,1824,6.58
KGZ,1825,6.58
KGZ,1826,6.58
KGZ,1827,6.58
KGZ,1828,6.58
KGZ,1829,6.58
KGZ,1830,6.58
KGZ,1831,6.58
KGZ,1832,6.58
KGZ,1833,6.58
KGZ,1834,6.58
KGZ,1835,6.58
KGZ,1836,6.58
KGZ,1837,6.58
KGZ,1838,6.58
KGZ,1839,6.58
KGZ,1840,6.58
KGZ,1841,6.58
KGZ,1842,6.58
KGZ,1843,6.58
KGZ,1844,6.58
KGZ,1845,6.58
KGZ,1846,6.58
KGZ,1847,6.58
KGZ,1848,6.58
KGZ,1849,6.58
KGZ,1850,6.58
KGZ,1851,6.58
KGZ,1852,6.58
KGZ,1853,6.58
KGZ,1854,6.58
KGZ,1855,6.58
KGZ,1856,6.58
KGZ,1857,6.58
KGZ,1858,6.58
KGZ,1859,6.58
KGZ,1860,6.58
KGZ,1861,6.58
KGZ,1862,6.58
KGZ,1863,6.58
KGZ,1864,6.58
KGZ,1865,6.58
KGZ,1866,6.58
KGZ,1867,6.58
KGZ,1868,6.58
KGZ,1869,6.58
KGZ,1870,6.58
KGZ,1871,6.58
KGZ,1872,6.58
KGZ,1873,6.58
KGZ,1874,6.58
KGZ,1875,6.58
KGZ,1876,6.58
KGZ,1877,6.58
KGZ,1878,6.58
KGZ,1879,6.58
KGZ,1880,6.58
KGZ,1881,6.58
KGZ,1882,6.58
KGZ,1883,6.58
KGZ,1884,6.58
KGZ,1885,6.58
KGZ,1886,6.58
KGZ,1887,6.58
KGZ,1888,6.58
KGZ,1889,6.58
KGZ,1890,6.58
KGZ,1891,6.58
KGZ,1892,6.58
KGZ,1893,6.58
KGZ,1894,6.58
KGZ,1895,6.58
KGZ,1896,6.58
KGZ,1897,6.58
KGZ,1898,6.58
KGZ,1899,6.58
KGZ,1900,6.58
KGZ,1901,6.58
KGZ,1902,6.58
KGZ,1903,6.58
KGZ,1904,6.58
KGZ,1905,6.58
KGZ,1906,6.58
KGZ,1907,6.58
KGZ,1908,6.58
KGZ,1909,6.58
KGZ,1910,6.58
KGZ,1911,6.58
KGZ,1912,6.58
KGZ,1913,6.58
KGZ,1914,6.58
KGZ,1915,6.58
KGZ,1916,6.58
KGZ,1917,6.58
KGZ,1918,6.58
KGZ,1919,6.58
KGZ,1920,6.58
KGZ,1921,6.58
KGZ,1922,6.58
KGZ,1923,6.58
KGZ,1924,6.58
KGZ,1925,6.58
KGZ,1926,6.44
KGZ,1927,6.29
KGZ,1928,6.15
KGZ,1929,6
KGZ,1930,5.86
KGZ,1931,5.72
KGZ,1932,5.57
KGZ,1933,5.43
KGZ,1934,5.29
KGZ,1935,5.14
KGZ,1936,5
KGZ,1937,4.85
KGZ,1938,4.71
KGZ,1939,4.57
KGZ,1940,4.42
KGZ,1941,4.43
KGZ,1942,4.43
KGZ,1943,4.44
KGZ,1944,4.44
KGZ,1945,4.45
KGZ,1946,4.45
KGZ,1947,4.46
KGZ,1948,4.47
KGZ,1949,4.47
KGZ,1950,4.48
KGZ,1951,4.47
KGZ,1952,4.48
KGZ,1953,4.51
KGZ,1954,4.56
KGZ,1955,4.63
KGZ,1956,4.72
KGZ,1957,4.82
KGZ,1958,4.94
KGZ,1959,5.06
KGZ,1960,5.17
KGZ,1961,5.26
KGZ,1962,5.31
KGZ,1963,5.34
KGZ,1964,5.32
KGZ,1965,5.27
KGZ,1966,5.19
KGZ,1967,5.11
KGZ,1968,5.03
KGZ,1969,4.96
KGZ,1970,4.89
KGZ,1971,4.82
KGZ,1972,4.72
KGZ,1973,4.62
KGZ,1974,4.49
KGZ,1975,4.37
KGZ,1976,4.25
KGZ,1977,4.15
KGZ,1978,4.08
KGZ,1979,4.04
KGZ,1980,4.04
KGZ,1981,4.05
KGZ,1982,4.07
KGZ,1983,4.09
KGZ,1984,4.1
KGZ,1985,4.09
KGZ,1986,4.07
KGZ,1987,4.04
KGZ,1988,3.99
KGZ,1989,3.93
KGZ,1990,3.86
KGZ,1991,3.77
KGZ,1992,3.66
KGZ,1993,3.55
KGZ,1994,3.43
KGZ,1995,3.3
KGZ,1996,3.17
KGZ,1997,3.04
KGZ,1998,2.9
KGZ,1999,2.78
KGZ,2000,2.67
KGZ,2001,2.59
KGZ,2002,2.54
KGZ,2003,2.53
KGZ,2004,2.54
KGZ,2005,2.58
KGZ,2006,2.65
KGZ,2007,2.73
KGZ,2008,2.82
KGZ,2009,2.9
KGZ,2010,2.97
KGZ,2011,3.03
KGZ,2012,3.06
KGZ,2013,3.08
KGZ,2014,3.07
KGZ,2015,3.04
LAO,1800,6.13
LAO,1801,6.13
LAO,1802,6.13
LAO,1803,6.13
LAO,1804,6.13
LAO,1805,6.13
LAO,1806,6.13
LAO,1807,6.13
LAO,1808,6.13
LAO,1809,6.13
LAO,1810,6.13
LAO,1811,6.13
LAO,1812,6.13
LAO,1813,6.13
LAO,1814,6.13
LAO,1815,6.13
LAO,1816,6.13
LAO,1817,6.13
LAO,1818,6.13
LAO,1819,6.13
LAO,1820,6.13
LAO,1821,6.13
LAO,1822,6.13
LAO,1823,6.13
LAO,1824,6.13
LAO,1825,6.13
LAO,1826,6.13
LAO,1827,6.13
LAO,1828,6.13
LAO,1829,6.13
LAO,1830,6.13
LAO,1831,6.13
LAO,1832,6.13
LAO,1833,6.13
LAO,1834,6.13
LAO,1835,6.13
LAO,1836,6.13
LAO,1837,6.13
LAO,1838,6.13
LAO,1839,6.13
LAO,1840,6.13
LAO,1841,6.13
LAO,1842,6.13
LAO,1843,6.13
LAO,1844,6.13
LAO,1845,6.13
LAO,1846,6.13
LAO,1847,6.13
LAO,1848,6.13
LAO,1849,6.13
LAO,1850,6.13
LAO,1851,6.13
LAO,1852,6.13
LAO,1853,6.13
LAO,1854,6.13
LAO,1855,6.13
LAO,1856,6.13
LAO,1857,6.13
LAO,1858,6.13
LAO,1859,6.13
LAO,1860,6.13
LAO,1861,6.13
LAO,1862,6.13
LAO,1863,6.13
LAO,1864,6.13
LAO,1865,6.13
LAO,1866,6.13
LAO,1867,6.13
LAO,1868,6.13
LAO,1869,6.13
LAO,1870,6.13
LAO,1871,6.13
LAO,1872,6.13
LAO,1873,6.13
LAO,1874,6.13
LAO,1875,6.13
LAO,1876,6.13
LAO,1877,6.13
LAO,1878,6.13
LAO,1879,6.13
LAO,1880,6.13
LAO,1881,6.13
LAO,1882,6.13
LAO,1883,6.13
LAO,1884,6.13
LAO,1885,6.13
LAO,1886,6.13
LAO,1887,6.13
LAO,1888,6.13
LAO,1889,6.13
LAO,1890,6.13
LAO,1891,6.13
LAO,1892,6.13
LAO,1893,6.13
LAO,1894,6.13
LAO,1895,6.13
LAO,1896,6.13
LAO,1897,6.13
LAO,1898,6.13
LAO,1899,6.13
LAO,1900,6.13
LAO,1901,6.13
LAO,1902,6.13
LAO,1903,6.13
LAO,1904,6.13
LAO,1905,6.13
LAO,1906,6.13
LAO,1907,6.13
LAO,1908,6.13
LAO,1909,6.13
LAO,1910,6.13
LAO,1911,6.13
LAO,1912,6.13
LAO,1913,6.13
LAO,1914,6.13
LAO,1915,6.13
LAO,1916,6.13
LAO,1917,6.13
LAO,1918,6.13
LAO,1919,6.13
LAO,1920,6.13
LAO,1921,6.13
LAO,1922,6.13
LAO,1923,6.13
LAO,1924,6.13
LAO,1925,6.13
LAO,1926,6.12
LAO,1927,6.11
LAO,1928,6.11
LAO,1929,6.1
LAO,1930,6.09
LAO,1931,6.08
LAO,1932,6.08
LAO,1933,6.07
LAO,1934,6.06
LAO,1935,6.05
LAO,1936,6.05
LAO,1937,6.04
LAO,1938,6.03
LAO,1939,6.02
LAO,1940,6.01
LAO,1941,6.01
LAO,1942,6
LAO,1943,5.99
LAO,1944,5.98
LAO,1945,5.98
LAO,1946,5.97
LAO,1947,5.96
LAO,1948,5.95
LAO,1949,5.95
LAO,1950,5.94
LAO,1951,5.94
LAO,1952,5.94
LAO,1953,5.94
LAO,1954,5.95
LAO,1955,5.95
LAO,1956,5.95
LAO,1957,5.95
LAO,1958,5.96
LAO,1959,5.96
LAO,1960,5.96
LAO,1961,5.96
LAO,1962,5.97
LAO,1963,5.97
LAO,1964,5.97
LAO,1965,5.97
LAO,1966,5.97
LAO,1967,5.97
LAO,1968,5.97
LAO,1969,5.97
LAO,1970,5.97
LAO,1971,5.98
LAO,1972,5.99
LAO,1973,6.01
LAO,1974,6.03
LAO,1975,6.06
LAO,1976,6.1
LAO,1977,6.14
LAO,1978,6.19
LAO,1979,6.23
LAO,1980,6.28
LAO,1981,6.32
LAO,1982,6.35
LAO,1983,6.36
LAO,1984,6.37
LAO,1985,6.36
LAO,1986,6.34
LAO,1987,6.31
LAO,1988,6.27
LAO,1989,6.22
LAO,1990,6.15
LAO,1991,6.06
LAO,1992,5.93
LAO,1993,5.78
LAO,1994,5.6
LAO,1995,5.4
LAO,1996,5.17
LAO,1997,4.92
LAO,1998,4.67
LAO,1999,4.42
LAO,2000,4.19
LAO,2001,3.99
LAO,2002,3.83
LAO,2003,3.71
LAO,2004,3.62
LAO,2005,3.56
LAO,2006,3.52
LAO,2007,3.48
LAO,2008,3.43
LAO,2009,3.37
LAO,2010,3.29
LAO,2011,3.2
LAO,2012,3.11
LAO,2013,3.02
LAO,2014,2.94
LAO,2015,2.87
LVA,1800,5.2
LVA,1801,5.19
LVA,1802,5.18
LVA,1803,5.18
LVA,1804,5.17
LVA,1805,5.16
LVA,1806,5.15
LVA,1807,5.14
LVA,1808,5.14
LVA,1809,5.13
LVA,1810,5.12
LVA,1811,5.11
LVA,1812,5.1
LVA,1813,5.1
LVA,1814,5.09
LVA,1815,5.08
LVA,1816,5.07
LVA,1817,5.06
LVA,1818,5.06
LVA,1819,5.05
LVA,1820,5.04
LVA,1821,5.03
LVA,1822,5.02
LVA,1823,5.02
LVA,1824,5.01
LVA,1825,5
LVA,1826,4.99
LVA,1827,4.98
LVA,1828,4.98
LVA,1829,4.97
LVA,1830,4.96
LVA,1831,4.95
LVA,1832,4.94
LVA,1833,4.94
LVA,1834,4.93
LVA,1835,4.92
LVA,1836,4.91
LVA,1837,4.9
LVA,1838,4.9
LVA,1839,4.89
LVA,1840,4.88
LVA,1841,4.87
LVA,1842,4.86
LVA,1843,4.86
LVA,1844,4.85
LVA,1845,4.84
LVA,1846,4.83
LVA,1847,4.82
LVA,1848,4.82
LVA,1849,4.81
LVA,1850,4.8
LVA,1851,4.77
LVA,1852,4.75
LVA,1853,4.72
LVA,1854,4.69
LVA,1855,4.67
LVA,1856,4.64
LVA,1857,4.61
LVA,1858,4.59
LVA,1859,4.56
LVA,1860,4.54
LVA,1861,4.51
LVA,1862,4.48
LVA,1863,4.46
LVA,1864,4.43
LVA,1865,4.4
LVA,1866,4.38
LVA,1867,4.35
LVA,1868,4.32
LVA,1869,4.3
LVA,1870,4.27
LVA,1871,4.24
LVA,1872,4.22
LVA,1873,4.19
LVA,1874,4.17
LVA,1875,4.14
LVA,1876,4.11
LVA,1877,4.09
LVA,1878,4.06
LVA,1879,4.03
LVA,1880,4.01
LVA,1881,3.98
LVA,1882,3.95
LVA,1883,3.93
LVA,1884,3.9
LVA,1885,3.87
LVA,1886,3.85
LVA,1887,3.82
LVA,1888,3.8
LVA,1889,3.77
LVA,1890,3.74
LVA,1891,3.72
LVA,1892,3.69
LVA,1893,3.66
LVA,1894,3.64
LVA,1895,3.61
LVA,1896,3.58
LVA,1897,3.56
LVA,1898,3.54
LVA,1899,3.52
LVA,1900,3.5
LVA,1901,3.47
LVA,1902,3.45
LVA,1903,3.43
LVA,1904,3.41
LVA,1905,3.39
LVA,1906,3.37
LVA,1907,3.35
LVA,1908,3.33
LVA,1909,3.31
LVA,1910,3.29
LVA,1911,3.27
LVA,1912,3.25
LVA,1913,3.22
LVA,1914,3.2
LVA,1915,3.18
LVA,1916,3.16
LVA,1917,3.14
LVA,1918,3.12
LVA,1919,3.1
LVA,1920,3.08
LVA,1921,3.06
LVA,1922,3.04
LVA,1923,3.02
LVA,1924,3
LVA,1925,2.97
LVA,1926,2.91
LVA,1927,2.85
LVA,1928,2.78
LVA,1929,2.72
LVA,1930,2.65
LVA,1931,2.59
LVA,1932,2.54
LVA,1933,2.48
LVA,1934,2.42
LVA,1935,2.36
LVA,1936,2.38
LVA,1937,2.41
LVA,1938,2.44
LVA,1939,2.46
LVA,1940,2.49
LVA,1941,2.44
LVA,1942,2.39
LVA,1943,2.34
LVA,1944,2.3
LVA,1945,2.25
LVA,1946,2.2
LVA,1947,2.15
LVA,1948,2.1
LVA,1949,2.06
LVA,1950,2.01
LVA,1951,2.01
LVA,1952,2
LVA,1953,2
LVA,1954,1.99
LVA,1955,1.98
LVA,1956,1.97
LVA,1957,1.96
LVA,1958,1.94
LVA,1959,1.92
LVA,1960,1.9
LVA,1961,1.88
LVA,1962,1.86
LVA,1963,1.84
LVA,1964,1.82
LVA,1965,1.81
LVA,1966,1.81
LVA,1967,1.82
LVA,1968,1.85
LVA,1969,1.88
LVA,1970,1.91
LVA,1971,1.94
LVA,1972,1.96
LVA,1973,1.96
LVA,1974,1.96
LVA,1975,1.94
LVA,1976,1.92
LVA,1977,1.91
LVA,1978,1.9
LVA,1979,1.91
LVA,1980,1.94
LVA,1981,1.97
LVA,1982,2.02
LVA,1983,2.06
LVA,1984,2.1
LVA,1985,2.13
LVA,1986,2.14
LVA,1987,2.12
LVA,1988,2.08
LVA,1989,2.01
LVA,1990,1.92
LVA,1991,1.82
LVA,1992,1.7
LVA,1993,1.58
LVA,1994,1.46
LVA,1995,1.36
LVA,1996,1.28
LVA,1997,1.22
LVA,1998,1.18
LVA,1999,1.17
LVA,2000,1.18
LVA,2001,1.21
LVA,2002,1.25
LVA,2003,1.29
LVA,2004,1.34
LVA,2005,1.39
LVA,2006,1.43
LVA,2007,1.47
LVA,2008,1.5
LVA,2009,1.53
LVA,2010,1.55
LVA,2011,1.57
LVA,2012,1.59
LVA,2013,1.61
LVA,2014,1.62
LVA,2015,1.64
LBN,1800,5.74
LBN,1801,5.74
LBN,1802,5.74
LBN,1803,5.74
LBN,1804,5.74
LBN,1805,5.74
LBN,1806,5.74
LBN,1807,5.74
LBN,1808,5.74
LBN,1809,5.74
LBN,1810,5.74
LBN,1811,5.74
LBN,1812,5.74
LBN,1813,5.74
LBN,1814,5.74
LBN,1815,5.74
LBN,1816,5.74
LBN,1817,5.74
LBN,1818,5.74
LBN,1819,5.74
LBN,1820,5.74
LBN,1821,5.74
LBN,1822,5.74
LBN,1823,5.74
LBN,1824,5.74
LBN,1825,5.74
LBN,1826,5.74
LBN,1827,5.74
LBN,1828,5.74
LBN,1829,5.74
LBN,1830,5.74
LBN,1831,5.74
LBN,1832,5.74
LBN,1833,5.74
LBN,1834,5.74
LBN,1835,5.74
LBN,1836,5.74
LBN,1837,5.74
LBN,1838,5.74
LBN,1839,5.74
LBN,1840,5.74
LBN,1841,5.74
LBN,1842,5.74
LBN,1843,5.74
LBN,1844,5.74
LBN,1845,5.74
LBN,1846,5.74
LBN,1847,5.74
LBN,1848,5.74
LBN,1849,5.74
LBN,1850,5.74
LBN,1851,5.74
LBN,1852,5.74
LBN,1853,5.74
LBN,1854,5.74
LBN,1855,5.74
LBN,1856,5.74
LBN,1857,5.74
LBN,1858,5.74
LBN,1859,5.74
LBN,1860,5.74
LBN,1861,5.74
LBN,1862,5.74
LBN,1863,5.74
LBN,1864,5.74
LBN,1865,5.74
LBN,1866,5.74
LBN,1867,5.74
LBN,1868,5.74
LBN,1869,5.74
LBN,1870,5.74
LBN,1871,5.74
LBN,1872,5.74
LBN,1873,5.74
LBN,1874,5.74
LBN,1875,5.74
LBN,1876,5.74
LBN,1877,5.74
LBN,1878,5.74
LBN,1879,5.74
LBN,1880,5.74
LBN,1881,5.74
LBN,1882,5.74
LBN,1883,5.74
LBN,1884,5.74
LBN,1885,5.74
LBN,1886,5.74
LBN,1887,5.74
LBN,1888,5.74
LBN,1889,5.74
LBN,1890,5.74
LBN,1891,5.74
LBN,1892,5.74
LBN,1893,5.74
LBN,1894,5.74
LBN,1895,5.74
LBN,1896,5.74
LBN,1897,5.74
LBN,1898,5.74
LBN,1899,5.74
LBN,1900,5.74
LBN,1901,5.74
LBN,1902,5.74
LBN,1903,5.74
LBN,1904,5.74
LBN,1905,5.74
LBN,1906,5.74
LBN,1907,5.74
LBN,1908,5.74
LBN,1909,5.74
LBN,1910,5.74
LBN,1911,5.74
LBN,1912,5.74
LBN,1913,5.74
LBN,1914,5.74
LBN,1915,5.74
LBN,1916,5.74
LBN,1917,5.74
LBN,1918,5.74
LBN,1919,5.74
LBN,1920,5.74
LBN,1921,5.74
LBN,1922,5.74
LBN,1923,5.74
LBN,1924,5.74
LBN,1925,5.74
LBN,1926,5.74
LBN,1927,5.74
LBN,1928,5.74
LBN,1929,5.74
LBN,1930,5.74
LBN,1931,5.74
LBN,1932,5.75
LBN,1933,5.75
LBN,1934,5.75
LBN,1935,5.75
LBN,1936,5.75
LBN,1937,5.75
LBN,1938,5.75
LBN,1939,5.75
LBN,1940,5.75
LBN,1941,5.75
LBN,1942,5.75
LBN,1943,5.75
LBN,1944,5.76
LBN,1945,5.76
LBN,1946,5.76
LBN,1947,5.76
LBN,1948,5.76
LBN,1949,5.76
LBN,1950,5.76
LBN,1951,5.75
LBN,1952,5.74
LBN,1953,5.73
LBN,1954,5.73
LBN,1955,5.73
LBN,1956,5.73
LBN,1957,5.74
LBN,1958,5.74
LBN,1959,5.74
LBN,1960,5.74
LBN,1961,5.72
LBN,1962,5.69
LBN,1963,5.65
LBN,1964,5.58
LBN,1965,5.5
LBN,1966,5.4
LBN,1967,5.3
LBN,1968,5.18
LBN,1969,5.06
LBN,1970,4.95
LBN,1971,4.84
LBN,1972,4.73
LBN,1973,4.63
LBN,1974,4.53
LBN,1975,4.44
LBN,1976,4.36
LBN,1977,4.27
LBN,1978,4.18
LBN,1979,4.09
LBN,1980,4
LBN,1981,3.9
LBN,1982,3.8
LBN,1983,3.69
LBN,1984,3.59
LBN,1985,3.48
LBN,1986,3.38
LBN,1987,3.28
LBN,1988,3.18
LBN,1989,3.09
LBN,1990,3
LBN,1991,2.92
LBN,1992,2.84
LBN,1993,2.77
LBN,1994,2.69
LBN,1995,2.62
LBN,1996,2.54
LBN,1997,2.47
LBN,1998,2.39
LBN,1999,2.31
LBN,2000,2.23
LBN,2001,2.14
LBN,2002,2.04
LBN,2003,1.95
LBN,2004,1.85
LBN,2005,1.77
LBN,2006,1.69
LBN,2007,1.62
LBN,2008,1.57
LBN,2009,1.54
LBN,2010,1.51
LBN,2011,1.5
LBN,2012,1.5
LBN,2013,1.5
LBN,2014,1.49
LBN,2015,1.49
LSO,1800,5.84
LSO,1801,5.84
LSO,1802,5.84
LSO,1803,5.84
LSO,1804,5.84
LSO,1805,5.84
LSO,1806,5.84
LSO,1807,5.84
LSO,1808,5.84
LSO,1809,5.84
LSO,1810,5.84
LSO,1811,5.84
LSO,1812,5.84
LSO,1813,5.84
LSO,1814,5.84
LSO,1815,5.84
LSO,1816,5.84
LSO,1817,5.84
LSO,1818,5.84
LSO,1819,5.84
LSO,1820,5.84
LSO,1821,5.84
LSO,1822,5.84
LSO,1823,5.84
LSO,1824,5.84
LSO,1825,5.84
LSO,1826,5.84
LSO,1827,5.84
LSO,1828,5.84
LSO,1829,5.84
LSO,1830,5.84
LSO,1831,5.84
LSO,1832,5.84
LSO,1833,5.84
LSO,1834,5.84
LSO,1835,5.84
LSO,1836,5.84
LSO,1837,5.84
LSO,1838,5.84
LSO,1839,5.84
LSO,1840,5.84
LSO,1841,5.84
LSO,1842,5.84
LSO,1843,5.84
LSO,1844,5.84
LSO,1845,5.84
LSO,1846,5.84
LSO,1847,5.84
LSO,1848,5.84
LSO,1849,5.84
LSO,1850,5.84
LSO,1851,5.84
LSO,1852,5.84
LSO,1853,5.84
LSO,1854,5.84
LSO,1855,5.84
LSO,1856,5.84
LSO,1857,5.84
LSO,1858,5.84
LSO,1859,5.84
LSO,1860,5.84
LSO,1861,5.84
LSO,1862,5.84
LSO,1863,5.84
LSO,1864,5.84
LSO,1865,5.84
LSO,1866,5.84
LSO,1867,5.84
LSO,1868,5.84
LSO,1869,5.84
LSO,1870,5.84
LSO,1871,5.84
LSO,1872,5.84
LSO,1873,5.84
LSO,1874,5.84
LSO,1875,5.84
LSO,1876,5.84
LSO,1877,5.84
LSO,1878,5.84
LSO,1879,5.84
LSO,1880,5.84
LSO,1881,5.84
LSO,1882,5.84
LSO,1883,5.84
LSO,1884,5.84
LSO,1885,5.84
LSO,1886,5.84
LSO,1887,5.84
LSO,1888,5.84
LSO,1889,5.84
LSO,1890,5.84
LSO,1891,5.84
LSO,1892,5.84
LSO,1893,5.84
LSO,1894,5.84
LSO,1895,5.84
LSO,1896,5.84
LSO,1897,5.84
LSO,1898,5.84
LSO,1899,5.84
LSO,1900,5.84
LSO,1901,5.84
LSO,1902,5.84
LSO,1903,5.84
LSO,1904,5.84
LSO,1905,5.84
LSO,1906,5.84
LSO,1907,5.84
LSO,1908,5.84
LSO,1909,5.84
LSO,1910,5.84
LSO,1911,5.84
LSO,1912,5.84
LSO,1913,5.84
LSO,1914,5.84
LSO,1915,5.84
LSO,1916,5.84
LSO,1917,5.84
LSO,1918,5.84
LSO,1919,5.84
LSO,1920,5.84
LSO,1921,5.84
LSO,1922,5.84
LSO,1923,5.84
LSO,1924,5.84
LSO,1925,5.84
LSO,1926,5.84
LSO,1927,5.84
LSO,1928,5.84
LSO,1929,5.84
LSO,1930,5.83
LSO,1931,5.83
LSO,1932,5.83
LSO,1933,5.83
LSO,1934,5.83
LSO,1935,5.83
LSO,1936,5.83
LSO,1937,5.83
LSO,1938,5.82
LSO,1939,5.82
LSO,1940,5.82
LSO,1941,5.82
LSO,1942,5.82
LSO,1943,5.82
LSO,1944,5.82
LSO,1945,5.82
LSO,1946,5.82
LSO,1947,5.81
LSO,1948,5.81
LSO,1949,5.81
LSO,1950,5.81
LSO,1951,5.82
LSO,1952,5.84
LSO,1953,5.85
LSO,1954,5.86
LSO,1955,5.86
LSO,1956,5.86
LSO,1957,5.86
LSO,1958,5.86
LSO,1959,5.85
LSO,1960,5.84
LSO,1961,5.83
LSO,1962,5.82
LSO,1963,5.81
LSO,1964,5.81
LSO,1965,5.8
LSO,1966,5.8
LSO,1967,5.8
LSO,1968,5.81
LSO,1969,5.81
LSO,1970,5.81
LSO,1971,5.81
LSO,1972,5.8
LSO,1973,5.79
LSO,1974,5.78
LSO,1975,5.76
LSO,1976,5.74
LSO,1977,5.71
LSO,1978,5.67
LSO,1979,5.63
LSO,1980,5.59
LSO,1981,5.54
LSO,1982,5.49
LSO,1983,5.44
LSO,1984,5.38
LSO,1985,5.31
LSO,1986,5.24
LSO,1987,5.17
LSO,1988,5.09
LSO,1989,5
LSO,1990,4.92
LSO,1991,4.84
LSO,1992,4.76
LSO,1993,4.69
LSO,1994,4.62
LSO,1995,4.55
LSO,1996,4.48
LSO,1997,4.39
LSO,1998,4.3
LSO,1999,4.2
LSO,2000,4.09
LSO,2001,3.98
LSO,2002,3.86
LSO,2003,3.75
LSO,2004,3.65
LSO,2005,3.56
LSO,2006,3.48
LSO,2007,3.41
LSO,2008,3.34
LSO,2009,3.27
LSO,2010,3.21
LSO,2011,3.15
LSO,2012,3.09
LSO,2013,3.04
LSO,2014,2.99
LSO,2015,2.94
LBR,1800,6.19
LBR,1801,6.19
LBR,1802,6.19
LBR,1803,6.19
LBR,1804,6.19
LBR,1805,6.19
LBR,1806,6.19
LBR,1807,6.19
LBR,1808,6.19
LBR,1809,6.19
LBR,1810,6.19
LBR,1811,6.19
LBR,1812,6.19
LBR,1813,6.19
LBR,1814,6.19
LBR,1815,6.19
LBR,1816,6.19
LBR,1817,6.19
LBR,1818,6.19
LBR,1819,6.19
LBR,1820,6.19
LBR,1821,6.19
LBR,1822,6.19
LBR,1823,6.19
LBR,1824,6.19
LBR,1825,6.19
LBR,1826,6.19
LBR,1827,6.19
LBR,1828,6.19
LBR,1829,6.19
LBR,1830,6.19
LBR,1831,6.19
LBR,1832,6.19
LBR,1833,6.19
LBR,1834,6.19
LBR,1835,6.19
LBR,1836,6.19
LBR,1837,6.19
LBR,1838,6.19
LBR,1839,6.19
LBR,1840,6.19
LBR,1841,6.19
LBR,1842,6.19
LBR,1843,6.19
LBR,1844,6.19
LBR,1845,6.19
LBR,1846,6.19
LBR,1847,6.19
LBR,1848,6.19
LBR,1849,6.19
LBR,1850,6.19
LBR,1851,6.19
LBR,1852,6.19
LBR,1853,6.19
LBR,1854,6.19
LBR,1855,6.19
LBR,1856,6.19
LBR,1857,6.19
LBR,1858,6.19
LBR,1859,6.19
LBR,1860,6.19
LBR,1861,6.19
LBR,1862,6.19
LBR,1863,6.19
LBR,1864,6.19
LBR,1865,6.19
LBR,1866,6.19
LBR,1867,6.19
LBR,1868,6.19
LBR,1869,6.19
LBR,1870,6.19
LBR,1871,6.19
LBR,1872,6.19
LBR,1873,6.19
LBR,1874,6.19
LBR,1875,6.19
LBR,1876,6.19
LBR,1877,6.19
LBR,1878,6.19
LBR,1879,6.19
LBR,1880,6.19
LBR,1881,6.19
LBR,1882,6.19
LBR,1883,6.19
LBR,1884,6.19
LBR,1885,6.19
LBR,1886,6.19
LBR,1887,6.19
LBR,1888,6.19
LBR,1889,6.19
LBR,1890,6.19
LBR,1891,6.19
LBR,1892,6.19
LBR,1893,6.19
LBR,1894,6.19
LBR,1895,6.19
LBR,1896,6.19
LBR,1897,6.19
LBR,1898,6.19
LBR,1899,6.19
LBR,1900,6.19
LBR,1901,6.19
LBR,1902,6.19
LBR,1903,6.19
LBR,1904,6.19
LBR,1905,6.19
LBR,1906,6.19
LBR,1907,6.19
LBR,1908,6.19
LBR,1909,6.19
LBR,1910,6.19
LBR,1911,6.19
LBR,1912,6.19
LBR,1913,6.19
LBR,1914,6.19
LBR,1915,6.19
LBR,1916,6.19
LBR,1917,6.19
LBR,1918,6.19
LBR,1919,6.19
LBR,1920,6.19
LBR,1921,6.19
LBR,1922,6.19
LBR,1923,6.19
LBR,1924,6.19
LBR,1925,6.19
LBR,1926,6.19
LBR,1927,6.19
LBR,1928,6.2
LBR,1929,6.2
LBR,1930,6.2
LBR,1931,6.2
LBR,1932,6.21
LBR,1933,6.21
LBR,1934,6.21
LBR,1935,6.21
LBR,1936,6.22
LBR,1937,6.22
LBR,1938,6.22
LBR,1939,6.22
LBR,1940,6.23
LBR,1941,6.23
LBR,1942,6.23
LBR,1943,6.23
LBR,1944,6.24
LBR,1945,6.24
LBR,1946,6.24
LBR,1947,6.24
LBR,1948,6.25
LBR,1949,6.25
LBR,1950,6.25
LBR,1951,6.26
LBR,1952,6.26
LBR,1953,6.28
LBR,1954,6.29
LBR,1955,6.3
LBR,1956,6.32
LBR,1957,6.34
LBR,1958,6.36
LBR,1959,6.38
LBR,1960,6.41
LBR,1961,6.43
LBR,1962,6.45
LBR,1963,6.48
LBR,1964,6.5
LBR,1965,6.52
LBR,1966,6.55
LBR,1967,6.58
LBR,1968,6.62
LBR,1969,6.66
LBR,1970,6.7
LBR,1971,6.74
LBR,1972,6.78
LBR,1973,6.82
LBR,1974,6.85
LBR,1975,6.88
LBR,1976,6.91
LBR,1977,6.93
LBR,1978,6.95
LBR,1979,6.96
LBR,1980,6.97
LBR,1981,6.97
LBR,1982,6.96
LBR,1983,6.95
LBR,1984,6.92
LBR,1985,6.88
LBR,1986,6.82
LBR,1987,6.75
LBR,1988,6.67
LBR,1989,6.59
LBR,1990,6.5
LBR,1991,6.41
LBR,1992,6.34
LBR,1993,6.27
LBR,1994,6.21
LBR,1995,6.16
LBR,1996,6.11
LBR,1997,6.06
LBR,1998,6.01
LBR,1999,5.95
LBR,2000,5.88
LBR,2001,5.8
LBR,2002,5.72
LBR,2003,5.64
LBR,2004,5.55
LBR,2005,5.46
LBR,2006,5.37
LBR,2007,5.28
LBR,2008,5.19
LBR,2009,5.11
LBR,2010,5.02
LBR,2011,4.95
LBR,2012,4.87
LBR,2013,4.79
LBR,2014,4.72
LBR,2015,4.64
LBY,1800,7.2
LBY,1801,7.2
LBY,1802,7.2
LBY,1803,7.2
LBY,1804,7.2
LBY,1805,7.2
LBY,1806,7.2
LBY,1807,7.2
LBY,1808,7.2
LBY,1809,7.2
LBY,1810,7.2
LBY,1811,7.2
LBY,1812,7.2
LBY,1813,7.2
LBY,1814,7.2
LBY,1815,7.2
LBY,1816,7.2
LBY,1817,7.2
LBY,1818,7.2
LBY,1819,7.2
LBY,1820,7.2
LBY,1821,7.2
LBY,1822,7.2
LBY,1823,7.2
LBY,1824,7.2
LBY,1825,7.2
LBY,1826,7.2
LBY,1827,7.2
LBY,1828,7.2
LBY,1829,7.2
LBY,1830,7.2
LBY,1831,7.2
LBY,1832,7.2
LBY,1833,7.2
LBY,1834,7.2
LBY,1835,7.2
LBY,1836,7.2
LBY,1837,7.2
LBY,1838,7.2
LBY,1839,7.2
LBY,1840,7.2
LBY,1841,7.2
LBY,1842,7.2
LBY,1843,7.2
LBY,1844,7.2
LBY,1845,7.2
LBY,1846,7.2
LBY,1847,7.2
LBY,1848,7.2
LBY,1849,7.2
LBY,1850,7.2
LBY,1851,7.2
LBY,1852,7.2
LBY,1853,7.2
LBY,1854,7.2
LBY,1855,7.2
LBY,1856,7.2
LBY,1857,7.2
LBY,1858,7.2
LBY,1859,7.2
LBY,1860,7.2
LBY,1861,7.2
LBY,1862,7.2
LBY,1863,7.2
LBY,1864,7.2
LBY,1865,7.2
LBY,1866,7.2
LBY,1867,7.2
LBY,1868,7.2
LBY,1869,7.2
LBY,1870,7.2
LBY,1871,7.2
LBY,1872,7.2
LBY,1873,7.2
LBY,1874,7.2
LBY,1875,7.2
LBY,1876,7.2
LBY,1877,7.2
LBY,1878,7.2
LBY,1879,7.2
LBY,1880,7.2
LBY,1881,7.2
LBY,1882,7.2
LBY,1883,7.2
LBY,1884,7.2
LBY,1885,7.2
LBY,1886,7.2
LBY,1887,7.2
LBY,1888,7.2
LBY,1889,7.2
LBY,1890,7.2
LBY,1891,7.2
LBY,1892,7.2
LBY,1893,7.2
LBY,1894,7.2
LBY,1895,7.2
LBY,1896,7.2
LBY,1897,7.2
LBY,1898,7.2
LBY,1899,7.2
LBY,1900,7.2
LBY,1901,7.2
LBY,1902,7.2
LBY,1903,7.2
LBY,1904,7.2
LBY,1905,7.2
LBY,1906,7.2
LBY,1907,7.2
LBY,1908,7.2
LBY,1909,7.2
LBY,1910,7.2
LBY,1911,7.2
LBY,1912,7.2
LBY,1913,7.2
LBY,1914,7.2
LBY,1915,7.2
LBY,1916,7.2
LBY,1917,7.2
LBY,1918,7.2
LBY,1919,7.2
LBY,1920,7.2
LBY,1921,7.2
LBY,1922,7.2
LBY,1923,7.2
LBY,1924,7.2
LBY,1925,7.2
LBY,1926,7.2
LBY,1927,7.2
LBY,1928,7.2
LBY,1929,7.2
LBY,1930,7.2
LBY,1931,7.2
LBY,1932,7.2
LBY,1933,7.2
LBY,1934,7.2
LBY,1935,7.2
LBY,1936,7.2
LBY,1937,7.2
LBY,1938,7.2
LBY,1939,7.2
LBY,1940,7.2
LBY,1941,7.2
LBY,1942,7.2
LBY,1943,7.2
LBY,1944,7.2
LBY,1945,7.2
LBY,1946,7.2
LBY,1947,7.2
LBY,1948,7.2
LBY,1949,7.2
LBY,1950,7.2
LBY,1951,7.22
LBY,1952,7.25
LBY,1953,7.29
LBY,1954,7.32
LBY,1955,7.36
LBY,1956,7.39
LBY,1957,7.43
LBY,1958,7.46
LBY,1959,7.5
LBY,1960,7.54
LBY,1961,7.57
LBY,1962,7.61
LBY,1963,7.64
LBY,1964,7.68
LBY,1965,7.71
LBY,1966,7.74
LBY,1967,7.78
LBY,1968,7.81
LBY,1969,7.84
LBY,1970,7.87
LBY,1971,7.9
LBY,1972,7.93
LBY,1973,7.96
LBY,1974,7.98
LBY,1975,7.99
LBY,1976,7.99
LBY,1977,7.98
LBY,1978,7.94
LBY,1979,7.87
LBY,1980,7.77
LBY,1981,7.62
LBY,1982,7.42
LBY,1983,7.18
LBY,1984,6.9
LBY,1985,6.58
LBY,1986,6.25
LBY,1987,5.91
LBY,1988,5.58
LBY,1989,5.26
LBY,1990,4.97
LBY,1991,4.69
LBY,1992,4.43
LBY,1993,4.18
LBY,1994,3.95
LBY,1995,3.73
LBY,1996,3.54
LBY,1997,3.38
LBY,1998,3.25
LBY,1999,3.14
LBY,2000,3.05
LBY,2001,2.98
LBY,2002,2.93
LBY,2003,2.88
LBY,2004,2.84
LBY,2005,2.79
LBY,2006,2.74
LBY,2007,2.69
LBY,2008,2.64
LBY,2009,2.58
LBY,2010,2.53
LBY,2011,2.47
LBY,2012,2.41
LBY,2013,2.36
LBY,2014,2.3
LBY,2015,2.26
LTU,1800,5.76
LTU,1801,5.76
LTU,1802,5.75
LTU,1803,5.74
LTU,1804,5.74
LTU,1805,5.73
LTU,1806,5.72
LTU,1807,5.72
LTU,1808,5.71
LTU,1809,5.7
LTU,1810,5.7
LTU,1811,5.69
LTU,1812,5.68
LTU,1813,5.67
LTU,1814,5.67
LTU,1815,5.66
LTU,1816,5.65
LTU,1817,5.65
LTU,1818,5.64
LTU,1819,5.63
LTU,1820,5.63
LTU,1821,5.62
LTU,1822,5.61
LTU,1823,5.61
LTU,1824,5.6
LTU,1825,5.59
LTU,1826,5.59
LTU,1827,5.58
LTU,1828,5.57
LTU,1829,5.57
LTU,1830,5.56
LTU,1831,5.55
LTU,1832,5.55
LTU,1833,5.54
LTU,1834,5.53
LTU,1835,5.53
LTU,1836,5.52
LTU,1837,5.51
LTU,1838,5.51
LTU,1839,5.5
LTU,1840,5.49
LTU,1841,5.49
LTU,1842,5.48
LTU,1843,5.47
LTU,1844,5.47
LTU,1845,5.46
LTU,1846,5.45
LTU,1847,5.45
LTU,1848,5.44
LTU,1849,5.43
LTU,1850,5.43
LTU,1851,5.42
LTU,1852,5.41
LTU,1853,5.41
LTU,1854,5.4
LTU,1855,5.39
LTU,1856,5.39
LTU,1857,5.38
LTU,1858,5.37
LTU,1859,5.37
LTU,1860,5.36
LTU,1861,5.35
LTU,1862,5.35
LTU,1863,5.34
LTU,1864,5.33
LTU,1865,5.33
LTU,1866,5.32
LTU,1867,5.31
LTU,1868,5.31
LTU,1869,5.3
LTU,1870,5.29
LTU,1871,5.29
LTU,1872,5.28
LTU,1873,5.27
LTU,1874,5.27
LTU,1875,5.26
LTU,1876,5.25
LTU,1877,5.25
LTU,1878,5.24
LTU,1879,5.23
LTU,1880,5.23
LTU,1881,5.22
LTU,1882,5.21
LTU,1883,5.21
LTU,1884,5.2
LTU,1885,5.19
LTU,1886,5.19
LTU,1887,5.18
LTU,1888,5.17
LTU,1889,5.17
LTU,1890,5.16
LTU,1891,5.15
LTU,1892,5.15
LTU,1893,5.14
LTU,1894,5.13
LTU,1895,5.13
LTU,1896,5.12
LTU,1897,5.11
LTU,1898,5.06
LTU,1899,5.01
LTU,1900,4.96
LTU,1901,4.91
LTU,1902,4.86
LTU,1903,4.81
LTU,1904,4.76
LTU,1905,4.7
LTU,1906,4.65
LTU,1907,4.6
LTU,1908,4.55
LTU,1909,4.5
LTU,1910,4.45
LTU,1911,4.4
LTU,1912,4.35
LTU,1913,4.3
LTU,1914,4.25
LTU,1915,4.19
LTU,1916,4.14
LTU,1917,4.09
LTU,1918,4.04
LTU,1919,3.99
LTU,1920,3.94
LTU,1921,3.89
LTU,1922,3.84
LTU,1923,3.79
LTU,1924,3.73
LTU,1925,3.68
LTU,1926,3.63
LTU,1927,3.64
LTU,1928,3.65
LTU,1929,3.66
LTU,1930,3.67
LTU,1931,3.56
LTU,1932,3.46
LTU,1933,3.35
LTU,1934,3.24
LTU,1935,3.14
LTU,1936,3.12
LTU,1937,3.11
LTU,1938,3.1
LTU,1939,3.09
LTU,1940,3.08
LTU,1941,3.04
LTU,1942,3
LTU,1943,2.96
LTU,1944,2.92
LTU,1945,2.88
LTU,1946,2.84
LTU,1947,2.8
LTU,1948,2.76
LTU,1949,2.72
LTU,1950,2.68
LTU,1951,2.69
LTU,1952,2.71
LTU,1953,2.72
LTU,1954,2.72
LTU,1955,2.72
LTU,1956,2.7
LTU,1957,2.67
LTU,1958,2.64
LTU,1959,2.59
LTU,1960,2.55
LTU,1961,2.5
LTU,1962,2.46
LTU,1963,2.42
LTU,1964,2.38
LTU,1965,2.35
LTU,1966,2.33
LTU,1967,2.32
LTU,1968,2.31
LTU,1969,2.31
LTU,1970,2.31
LTU,1971,2.3
LTU,1972,2.29
LTU,1973,2.27
LTU,1974,2.24
LTU,1975,2.21
LTU,1976,2.17
LTU,1977,2.13
LTU,1978,2.1
LTU,1979,2.07
LTU,1980,2.06
LTU,1981,2.05
LTU,1982,2.05
LTU,1983,2.05
LTU,1984,2.06
LTU,1985,2.06
LTU,1986,2.06
LTU,1987,2.05
LTU,1988,2.03
LTU,1989,2
LTU,1990,1.96
LTU,1991,1.91
LTU,1992,1.85
LTU,1993,1.78
LTU,1994,1.71
LTU,1995,1.64
LTU,1996,1.57
LTU,1997,1.5
LTU,1998,1.44
LTU,1999,1.38
LTU,2000,1.34
LTU,2001,1.31
LTU,2002,1.29
LTU,2003,1.29
LTU,2004,1.3
LTU,2005,1.33
LTU,2006,1.35
LTU,2007,1.39
LTU,2008,1.42
LTU,2009,1.45
LTU,2010,1.47
LTU,2011,1.49
LTU,2012,1.5
LTU,2013,1.52
LTU,2014,1.53
LTU,2015,1.55
LUX,1800,4.78
LUX,1801,4.78
LUX,1802,4.77
LUX,1803,4.77
LUX,1804,4.77
LUX,1805,4.77
LUX,1806,4.76
LUX,1807,4.76
LUX,1808,4.76
LUX,1809,4.76
LUX,1810,4.75
LUX,1811,4.75
LUX,1812,4.75
LUX,1813,4.75
LUX,1814,4.74
LUX,1815,4.74
LUX,1816,4.74
LUX,1817,4.73
LUX,1818,4.73
LUX,1819,4.73
LUX,1820,4.73
LUX,1821,4.72
LUX,1822,4.72
LUX,1823,4.72
LUX,1824,4.72
LUX,1825,4.71
LUX,1826,4.71
LUX,1827,4.71
LUX,1828,4.71
LUX,1829,4.7
LUX,1830,4.7
LUX,1831,4.69
LUX,1832,4.69
LUX,1833,4.68
LUX,1834,4.67
LUX,1835,4.67
LUX,1836,4.66
LUX,1837,4.65
LUX,1838,4.65
LUX,1839,4.64
LUX,1840,4.64
LUX,1841,4.63
LUX,1842,4.62
LUX,1843,4.62
LUX,1844,4.61
LUX,1845,4.6
LUX,1846,4.6
LUX,1847,4.59
LUX,1848,4.58
LUX,1849,4.58
LUX,1850,4.57
LUX,1851,4.7
LUX,1852,4.34
LUX,1853,4.24
LUX,1854,4.37
LUX,1855,4.11
LUX,1856,4.33
LUX,1857,4.33
LUX,1858,4.49
LUX,1859,4.76
LUX,1860,4.53
LUX,1861,4.46
LUX,1862,4.35
LUX,1863,4.56
LUX,1864,4.43
LUX,1865,4.36
LUX,1866,4.25
LUX,1867,4.32
LUX,1868,4.25
LUX,1869,4.33
LUX,1870,4.43
LUX,1871,4.25
LUX,1872,4.27
LUX,1873,4.36
LUX,1874,4.45
LUX,1875,4.16
LUX,1876,4.62
LUX,1877,4.48
LUX,1878,4.33
LUX,1879,4.45
LUX,1880,4.26
LUX,1881,4.29
LUX,1882,4.18
LUX,1883,4.02
LUX,1884,4.32
LUX,1885,4.01
LUX,1886,4.12
LUX,1887,3.99
LUX,1888,3.89
LUX,1889,3.89
LUX,1890,3.78
LUX,1891,3.94
LUX,1892,3.76
LUX,1893,3.91
LUX,1894,3.82
LUX,1895,3.86
LUX,1896,3.84
LUX,1897,3.97
LUX,1898,3.89
LUX,1899,4.07
LUX,1900,4.04
LUX,1901,4.22
LUX,1902,4.18
LUX,1903,4.14
LUX,1904,4.1
LUX,1905,4.06
LUX,1906,4.03
LUX,1907,4
LUX,1908,3.98
LUX,1909,3.95
LUX,1910,3.92
LUX,1911,3.75
LUX,1912,3.57
LUX,1913,3.4
LUX,1914,3.22
LUX,1915,3.05
LUX,1916,3.01
LUX,1917,2.96
LUX,1918,2.92
LUX,1919,2.87
LUX,1920,2.83
LUX,1921,2.78
LUX,1922,2.73
LUX,1923,2.67
LUX,1924,2.62
LUX,1925,2.57
LUX,1926,2.6
LUX,1927,2.63
LUX,1928,2.65
LUX,1929,2.68
LUX,1930,2.71
LUX,1931,2.54
LUX,1932,2.37
LUX,1933,2.19
LUX,1934,2.02
LUX,1935,1.85
LUX,1936,1.82
LUX,1937,1.8
LUX,1938,1.77
LUX,1939,1.75
LUX,1940,1.72
LUX,1941,1.73
LUX,1942,1.74
LUX,1943,1.74
LUX,1944,1.75
LUX,1945,1.76
LUX,1946,2.33
LUX,1947,2.89
LUX,1948,2.55
LUX,1949,2.21
LUX,1950,1.87
LUX,1951,1.9
LUX,1952,1.95
LUX,1953,2.01
LUX,1954,2.06
LUX,1955,2.12
LUX,1956,2.17
LUX,1957,2.22
LUX,1958,2.27
LUX,1959,2.31
LUX,1960,2.35
LUX,1961,2.38
LUX,1962,2.39
LUX,1963,2.39
LUX,1964,2.37
LUX,1965,2.34
LUX,1966,2.29
LUX,1967,2.22
LUX,1968,2.14
LUX,1969,2.05
LUX,1970,1.96
LUX,1971,1.87
LUX,1972,1.78
LUX,1973,1.7
LUX,1974,1.63
LUX,1975,1.57
LUX,1976,1.53
LUX,1977,1.5
LUX,1978,1.48
LUX,1979,1.46
LUX,1980,1.46
LUX,1981,1.45
LUX,1982,1.45
LUX,1983,1.45
LUX,1984,1.45
LUX,1985,1.45
LUX,1986,1.46
LUX,1987,1.47
LUX,1988,1.5
LUX,1989,1.53
LUX,1990,1.56
LUX,1991,1.6
LUX,1992,1.64
LUX,1993,1.67
LUX,1994,1.69
LUX,1995,1.71
LUX,1996,1.72
LUX,1997,1.72
LUX,1998,1.72
LUX,1999,1.71
LUX,2000,1.7
LUX,2001,1.68
LUX,2002,1.67
LUX,2003,1.65
LUX,2004,1.64
LUX,2005,1.63
LUX,2006,1.62
LUX,2007,1.62
LUX,2008,1.63
LUX,2009,1.63
LUX,2010,1.64
LUX,2011,1.65
LUX,2012,1.66
LUX,2013,1.67
LUX,2014,1.68
LUX,2015,1.69
MAC,1800,5.51
MAC,1801,5.51
MAC,1802,5.51
MAC,1803,5.51
MAC,1804,5.51
MAC,1805,5.51
MAC,1806,5.51
MAC,1807,5.51
MAC,1808,5.51
MAC,1809,5.51
MAC,1810,5.51
MAC,1811,5.51
MAC,1812,5.51
MAC,1813,5.51
MAC,1814,5.51
MAC,1815,5.51
MAC,1816,5.51
MAC,1817,5.51
MAC,1818,5.51
MAC,1819,5.51
MAC,1820,5.51
MAC,1821,5.51
MAC,1822,5.51
MAC,1823,5.51
MAC,1824,5.51
MAC,1825,5.51
MAC,1826,5.51
MAC,1827,5.51
MAC,1828,5.51
MAC,1829,5.51
MAC,1830,5.51
MAC,1831,5.51
MAC,1832,5.51
MAC,1833,5.51
MAC,1834,5.51
MAC,1835,5.51
MAC,1836,5.51
MAC,1837,5.51
MAC,1838,5.51
MAC,1839,5.51
MAC,1840,5.51
MAC,1841,5.51
MAC,1842,5.51
MAC,1843,5.51
MAC,1844,5.51
MAC,1845,5.51
MAC,1846,5.51
MAC,1847,5.51
MAC,1848,5.51
MAC,1849,5.51
MAC,1850,5.51
MAC,1851,5.51
MAC,1852,5.51
MAC,1853,5.51
MAC,1854,5.51
MAC,1855,5.51
MAC,1856,5.51
MAC,1857,5.51
MAC,1858,5.51
MAC,1859,5.51
MAC,1860,5.51
MAC,1861,5.51
MAC,1862,5.51
MAC,1863,5.51
MAC,1864,5.51
MAC,1865,5.51
MAC,1866,5.51
MAC,1867,5.51
MAC,1868,5.51
MAC,1869,5.51
MAC,1870,5.51
MAC,1871,5.51
MAC,1872,5.51
MAC,1873,5.51
MAC,1874,5.51
MAC,1875,5.51
MAC,1876,5.51
MAC,1877,5.51
MAC,1878,5.51
MAC,1879,5.51
MAC,1880,5.51
MAC,1881,5.51
MAC,1882,5.51
MAC,1883,5.51
MAC,1884,5.51
MAC,1885,5.51
MAC,1886,5.51
MAC,1887,5.51
MAC,1888,5.51
MAC,1889,5.51
MAC,1890,5.51
MAC,1891,5.51
MAC,1892,5.51
MAC,1893,5.51
MAC,1894,5.51
MAC,1895,5.51
MAC,1896,5.51
MAC,1897,5.51
MAC,1898,5.51
MAC,1899,5.51
MAC,1900,5.51
MAC,1901,5.51
MAC,1902,5.51
MAC,1903,5.51
MAC,1904,5.51
MAC,1905,5.51
MAC,1906,5.51
MAC,1907,5.51
MAC,1908,5.51
MAC,1909,5.51
MAC,1910,5.51
MAC,1911,5.51
MAC,1912,5.51
MAC,1913,5.51
MAC,1914,5.51
MAC,1915,5.51
MAC,1916,5.51
MAC,1917,5.51
MAC,1918,5.51
MAC,1919,5.51
MAC,1920,5.51
MAC,1921,5.51
MAC,1922,5.51
MAC,1923,5.51
MAC,1924,5.51
MAC,1925,5.51
MAC,1926,5.44
MAC,1927,5.37
MAC,1928,5.3
MAC,1929,5.23
MAC,1930,5.16
MAC,1931,5.09
MAC,1932,5.02
MAC,1933,4.95
MAC,1934,4.88
MAC,1935,4.81
MAC,1936,4.74
MAC,1937,4.67
MAC,1938,4.6
MAC,1939,4.53
MAC,1940,4.46
MAC,1941,4.39
MAC,1942,4.32
MAC,1943,4.25
MAC,1944,4.18
MAC,1945,4.11
MAC,1946,4.04
MAC,1947,3.97
MAC,1948,3.9
MAC,1949,3.83
MAC,1950,3.76
MAC,1951,3.95
MAC,1952,4.29
MAC,1953,4.57
MAC,1954,4.8
MAC,1955,4.97
MAC,1956,5.08
MAC,1957,5.14
MAC,1958,5.13
MAC,1959,5.07
MAC,1960,4.95
MAC,1961,4.76
MAC,1962,4.53
MAC,1963,4.24
MAC,1964,3.93
MAC,1965,3.59
MAC,1966,3.26
MAC,1967,2.94
MAC,1968,2.65
MAC,1969,2.39
MAC,1970,2.17
MAC,1971,1.98
MAC,1972,1.82
MAC,1973,1.68
MAC,1974,1.57
MAC,1975,1.48
MAC,1976,1.44
MAC,1977,1.44
MAC,1978,1.49
MAC,1979,1.56
MAC,1980,1.67
MAC,1981,1.78
MAC,1982,1.88
MAC,1983,1.97
MAC,1984,2.02
MAC,1985,2.04
MAC,1986,2.02
MAC,1987,1.97
MAC,1988,1.89
MAC,1989,1.8
MAC,1990,1.69
MAC,1991,1.59
MAC,1992,1.49
MAC,1993,1.39
MAC,1994,1.31
MAC,1995,1.24
MAC,1996,1.18
MAC,1997,1.12
MAC,1998,1.06
MAC,1999,1
MAC,2000,0.94
MAC,2001,0.89
MAC,2002,0.86
MAC,2003,0.84
MAC,2004,0.84
MAC,2005,0.85
MAC,2006,0.87
MAC,2007,0.91
MAC,2008,0.94
MAC,2009,0.97
MAC,2010,1
MAC,2011,1.03
MAC,2012,1.06
MAC,2013,1.08
MAC,2014,1.11
MAC,2015,1.13
MKD,1800,5.9
MKD,1801,5.9
MKD,1802,5.9
MKD,1803,5.9
MKD,1804,5.9
MKD,1805,5.9
MKD,1806,5.9
MKD,1807,5.9
MKD,1808,5.9
MKD,1809,5.9
MKD,1810,5.9
MKD,1811,5.9
MKD,1812,5.9
MKD,1813,5.9
MKD,1814,5.9
MKD,1815,5.9
MKD,1816,5.9
MKD,1817,5.9
MKD,1818,5.9
MKD,1819,5.9
MKD,1820,5.9
MKD,1821,5.9
MKD,1822,5.9
MKD,1823,5.9
MKD,1824,5.9
MKD,1825,5.9
MKD,1826,5.9
MKD,1827,5.9
MKD,1828,5.9
MKD,1829,5.9
MKD,1830,5.9
MKD,1831,5.9
MKD,1832,5.9
MKD,1833,5.9
MKD,1834,5.9
MKD,1835,5.9
MKD,1836,5.9
MKD,1837,5.9
MKD,1838,5.9
MKD,1839,5.9
MKD,1840,5.9
MKD,1841,5.9
MKD,1842,5.9
MKD,1843,5.9
MKD,1844,5.9
MKD,1845,5.9
MKD,1846,5.9
MKD,1847,5.9
MKD,1848,5.9
MKD,1849,5.9
MKD,1850,5.9
MKD,1851,5.86
MKD,1852,5.82
MKD,1853,5.78
MKD,1854,5.74
MKD,1855,5.7
MKD,1856,5.66
MKD,1857,5.62
MKD,1858,5.58
MKD,1859,5.55
MKD,1860,5.51
MKD,1861,5.47
MKD,1862,5.43
MKD,1863,5.7
MKD,1864,5.96
MKD,1865,5.97
MKD,1866,5.98
MKD,1867,5.98
MKD,1868,5.99
MKD,1869,6
MKD,1870,6
MKD,1871,5.95
MKD,1872,5.89
MKD,1873,5.84
MKD,1874,5.78
MKD,1875,5.73
MKD,1876,5.67
MKD,1877,5.62
MKD,1878,5.56
MKD,1879,5.51
MKD,1880,5.45
MKD,1881,5.45
MKD,1882,5.44
MKD,1883,5.44
MKD,1884,5.43
MKD,1885,5.43
MKD,1886,5.42
MKD,1887,5.42
MKD,1888,5.41
MKD,1889,5.41
MKD,1890,5.4
MKD,1891,5.43
MKD,1892,5.46
MKD,1893,5.48
MKD,1894,5.51
MKD,1895,5.54
MKD,1896,5.57
MKD,1897,5.6
MKD,1898,5.63
MKD,1899,5.65
MKD,1900,5.68
MKD,1901,5.54
MKD,1902,5.41
MKD,1903,5.27
MKD,1904,5.13
MKD,1905,5
MKD,1906,5.04
MKD,1907,5.09
MKD,1908,5.13
MKD,1909,5.18
MKD,1910,5.23
MKD,1911,5.2
MKD,1912,5.17
MKD,1913,5.14
MKD,1914,5.11
MKD,1915,5.08
MKD,1916,5.06
MKD,1917,5.03
MKD,1918,5
MKD,1919,4.97
MKD,1920,4.94
MKD,1921,4.91
MKD,1922,4.89
MKD,1923,4.86
MKD,1924,4.83
MKD,1925,4.8
MKD,1926,4.77
MKD,1927,4.74
MKD,1928,4.72
MKD,1929,4.69
MKD,1930,4.66
MKD,1931,4.63
MKD,1932,4.6
MKD,1933,4.57
MKD,1934,4.55
MKD,1935,4.52
MKD,1936,4.49
MKD,1937,4.46
MKD,1938,4.43
MKD,1939,4.4
MKD,1940,4.37
MKD,1941,4.35
MKD,1942,4.32
MKD,1943,4.29
MKD,1944,4.26
MKD,1945,4.23
MKD,1946,4.2
MKD,1947,4.18
MKD,1948,4.15
MKD,1949,4.12
MKD,1950,4.09
MKD,1951,4.07
MKD,1952,4.03
MKD,1953,3.99
MKD,1954,3.95
MKD,1955,3.92
MKD,1956,3.88
MKD,1957,3.84
MKD,1958,3.81
MKD,1959,3.77
MKD,1960,3.72
MKD,1961,3.67
MKD,1962,3.6
MKD,1963,3.53
MKD,1964,3.45
MKD,1965,3.36
MKD,1966,3.27
MKD,1967,3.19
MKD,1968,3.11
MKD,1969,3.04
MKD,1970,2.98
MKD,1971,2.93
MKD,1972,2.88
MKD,1973,2.83
MKD,1974,2.79
MKD,1975,2.75
MKD,1976,2.7
MKD,1977,2.67
MKD,1978,2.63
MKD,1979,2.6
MKD,1980,2.57
MKD,1981,2.54
MKD,1982,2.51
MKD,1983,2.47
MKD,1984,2.44
MKD,1985,2.4
MKD,1986,2.37
MKD,1987,2.34
MKD,1988,2.31
MKD,1989,2.28
MKD,1990,2.24
MKD,1991,2.21
MKD,1992,2.16
MKD,1993,2.11
MKD,1994,2.05
MKD,1995,1.99
MKD,1996,1.92
MKD,1997,1.85
MKD,1998,1.79
MKD,1999,1.73
MKD,2000,1.68
MKD,2001,1.64
MKD,2002,1.6
MKD,2003,1.57
MKD,2004,1.54
MKD,2005,1.52
MKD,2006,1.5
MKD,2007,1.49
MKD,2008,1.47
MKD,2009,1.46
MKD,2010,1.45
MKD,2011,1.44
MKD,2012,1.44
MKD,2013,1.43
MKD,2014,1.43
MKD,2015,1.43
MDG,1800,6.89
MDG,1801,6.89
MDG,1802,6.89
MDG,1803,6.89
MDG,1804,6.89
MDG,1805,6.89
MDG,1806,6.89
MDG,1807,6.89
MDG,1808,6.89
MDG,1809,6.89
MDG,1810,6.89
MDG,1811,6.89
MDG,1812,6.89
MDG,1813,6.89
MDG,1814,6.89
MDG,1815,6.89
MDG,1816,6.89
MDG,1817,6.89
MDG,1818,6.89
MDG,1819,6.89
MDG,1820,6.89
MDG,1821,6.89
MDG,1822,6.89
MDG,1823,6.89
MDG,1824,6.89
MDG,1825,6.89
MDG,1826,6.89
MDG,1827,6.89
MDG,1828,6.89
MDG,1829,6.89
MDG,1830,6.89
MDG,1831,6.89
MDG,1832,6.89
MDG,1833,6.89
MDG,1834,6.89
MDG,1835,6.89
MDG,1836,6.89
MDG,1837,6.89
MDG,1838,6.89
MDG,1839,6.89
MDG,1840,6.89
MDG,1841,6.89
MDG,1842,6.89
MDG,1843,6.89
MDG,1844,6.89
MDG,1845,6.89
MDG,1846,6.89
MDG,1847,6.89
MDG,1848,6.89
MDG,1849,6.89
MDG,1850,6.89
MDG,1851,6.89
MDG,1852,6.89
MDG,1853,6.89
MDG,1854,6.89
MDG,1855,6.89
MDG,1856,6.89
MDG,1857,6.89
MDG,1858,6.89
MDG,1859,6.89
MDG,1860,6.89
MDG,1861,6.89
MDG,1862,6.89
MDG,1863,6.89
MDG,1864,6.89
MDG,1865,6.89
MDG,1866,6.89
MDG,1867,6.89
MDG,1868,6.89
MDG,1869,6.89
MDG,1870,6.89
MDG,1871,6.89
MDG,1872,6.89
MDG,1873,6.89
MDG,1874,6.89
MDG,1875,6.89
MDG,1876,6.89
MDG,1877,6.89
MDG,1878,6.89
MDG,1879,6.89
MDG,1880,6.89
MDG,1881,6.89
MDG,1882,6.89
MDG,1883,6.89
MDG,1884,6.89
MDG,1885,6.89
MDG,1886,6.89
MDG,1887,6.89
MDG,1888,6.89
MDG,1889,6.89
MDG,1890,6.89
MDG,1891,6.89
MDG,1892,6.89
MDG,1893,6.89
MDG,1894,6.89
MDG,1895,6.89
MDG,1896,6.89
MDG,1897,6.89
MDG,1898,6.89
MDG,1899,6.89
MDG,1900,6.89
MDG,1901,6.89
MDG,1902,6.89
MDG,1903,6.89
MDG,1904,6.89
MDG,1905,6.89
MDG,1906,6.89
MDG,1907,6.89
MDG,1908,6.89
MDG,1909,6.89
MDG,1910,6.89
MDG,1911,6.89
MDG,1912,6.89
MDG,1913,6.89
MDG,1914,6.89
MDG,1915,6.89
MDG,1916,6.89
MDG,1917,6.89
MDG,1918,6.89
MDG,1919,6.89
MDG,1920,6.89
MDG,1921,6.89
MDG,1922,6.89
MDG,1923,6.89
MDG,1924,6.89
MDG,1925,6.89
MDG,1926,6.91
MDG,1927,6.92
MDG,1928,6.94
MDG,1929,6.96
MDG,1930,6.97
MDG,1931,6.99
MDG,1932,7
MDG,1933,7.02
MDG,1934,7.04
MDG,1935,7.05
MDG,1936,7.07
MDG,1937,7.09
MDG,1938,7.1
MDG,1939,7.12
MDG,1940,7.14
MDG,1941,7.15
MDG,1942,7.17
MDG,1943,7.19
MDG,1944,7.2
MDG,1945,7.22
MDG,1946,7.23
MDG,1947,7.25
MDG,1948,7.27
MDG,1949,7.28
MDG,1950,7.3
MDG,1951,7.3
MDG,1952,7.3
MDG,1953,7.3
MDG,1954,7.3
MDG,1955,7.3
MDG,1956,7.3
MDG,1957,7.3
MDG,1958,7.3
MDG,1959,7.3
MDG,1960,7.3
MDG,1961,7.3
MDG,1962,7.3
MDG,1963,7.3
MDG,1964,7.3
MDG,1965,7.3
MDG,1966,7.3
MDG,1967,7.31
MDG,1968,7.32
MDG,1969,7.32
MDG,1970,7.33
MDG,1971,7.33
MDG,1972,7.32
MDG,1973,7.3
MDG,1974,7.27
MDG,1975,7.22
MDG,1976,7.13
MDG,1977,7.01
MDG,1978,6.86
MDG,1979,6.69
MDG,1980,6.51
MDG,1981,6.36
MDG,1982,6.24
MDG,1983,6.17
MDG,1984,6.14
MDG,1985,6.15
MDG,1986,6.18
MDG,1987,6.23
MDG,1988,6.26
MDG,1989,6.27
MDG,1990,6.26
MDG,1991,6.23
MDG,1992,6.18
MDG,1993,6.13
MDG,1994,6.07
MDG,1995,6
MDG,1996,5.92
MDG,1997,5.84
MDG,1998,5.75
MDG,1999,5.65
MDG,2000,5.55
MDG,2001,5.44
MDG,2002,5.34
MDG,2003,5.23
MDG,2004,5.13
MDG,2005,5.04
MDG,2006,4.95
MDG,2007,4.87
MDG,2008,4.79
MDG,2009,4.72
MDG,2010,4.65
MDG,2011,4.59
MDG,2012,4.53
MDG,2013,4.47
MDG,2014,4.41
MDG,2015,4.35
MWI,1800,6.78
MWI,1801,6.78
MWI,1802,6.78
MWI,1803,6.78
MWI,1804,6.78
MWI,1805,6.78
MWI,1806,6.78
MWI,1807,6.78
MWI,1808,6.78
MWI,1809,6.78
MWI,1810,6.78
MWI,1811,6.78
MWI,1812,6.78
MWI,1813,6.78
MWI,1814,6.78
MWI,1815,6.78
MWI,1816,6.78
MWI,1817,6.78
MWI,1818,6.78
MWI,1819,6.78
MWI,1820,6.78
MWI,1821,6.78
MWI,1822,6.78
MWI,1823,6.78
MWI,1824,6.78
MWI,1825,6.78
MWI,1826,6.78
MWI,1827,6.78
MWI,1828,6.78
MWI,1829,6.78
MWI,1830,6.78
MWI,1831,6.78
MWI,1832,6.78
MWI,1833,6.78
MWI,1834,6.78
MWI,1835,6.78
MWI,1836,6.78
MWI,1837,6.78
MWI,1838,6.78
MWI,1839,6.78
MWI,1840,6.78
MWI,1841,6.78
MWI,1842,6.78
MWI,1843,6.78
MWI,1844,6.78
MWI,1845,6.78
MWI,1846,6.78
MWI,1847,6.78
MWI,1848,6.78
MWI,1849,6.78
MWI,1850,6.78
MWI,1851,6.78
MWI,1852,6.78
MWI,1853,6.78
MWI,1854,6.78
MWI,1855,6.78
MWI,1856,6.78
MWI,1857,6.78
MWI,1858,6.78
MWI,1859,6.78
MWI,1860,6.78
MWI,1861,6.78
MWI,1862,6.78
MWI,1863,6.78
MWI,1864,6.78
MWI,1865,6.78
MWI,1866,6.78
MWI,1867,6.78
MWI,1868,6.78
MWI,1869,6.78
MWI,1870,6.78
MWI,1871,6.78
MWI,1872,6.78
MWI,1873,6.78
MWI,1874,6.78
MWI,1875,6.78
MWI,1876,6.78
MWI,1877,6.78
MWI,1878,6.78
MWI,1879,6.78
MWI,1880,6.78
MWI,1881,6.78
MWI,1882,6.78
MWI,1883,6.78
MWI,1884,6.78
MWI,1885,6.78
MWI,1886,6.78
MWI,1887,6.78
MWI,1888,6.78
MWI,1889,6.78
MWI,1890,6.78
MWI,1891,6.78
MWI,1892,6.78
MWI,1893,6.78
MWI,1894,6.78
MWI,1895,6.78
MWI,1896,6.78
MWI,1897,6.78
MWI,1898,6.78
MWI,1899,6.78
MWI,1900,6.78
MWI,1901,6.78
MWI,1902,6.78
MWI,1903,6.78
MWI,1904,6.78
MWI,1905,6.78
MWI,1906,6.78
MWI,1907,6.78
MWI,1908,6.78
MWI,1909,6.78
MWI,1910,6.78
MWI,1911,6.78
MWI,1912,6.78
MWI,1913,6.78
MWI,1914,6.78
MWI,1915,6.78
MWI,1916,6.78
MWI,1917,6.78
MWI,1918,6.78
MWI,1919,6.78
MWI,1920,6.78
MWI,1921,6.78
MWI,1922,6.78
MWI,1923,6.78
MWI,1924,6.78
MWI,1925,6.78
MWI,1926,6.78
MWI,1927,6.78
MWI,1928,6.78
MWI,1929,6.78
MWI,1930,6.78
MWI,1931,6.78
MWI,1932,6.78
MWI,1933,6.78
MWI,1934,6.78
MWI,1935,6.78
MWI,1936,6.78
MWI,1937,6.78
MWI,1938,6.78
MWI,1939,6.78
MWI,1940,6.78
MWI,1941,6.78
MWI,1942,6.78
MWI,1943,6.78
MWI,1944,6.78
MWI,1945,6.78
MWI,1946,6.78
MWI,1947,6.78
MWI,1948,6.78
MWI,1949,6.78
MWI,1950,6.79
MWI,1951,6.78
MWI,1952,6.78
MWI,1953,6.78
MWI,1954,6.79
MWI,1955,6.8
MWI,1956,6.81
MWI,1957,6.83
MWI,1958,6.86
MWI,1959,6.88
MWI,1960,6.91
MWI,1961,6.95
MWI,1962,6.98
MWI,1963,7.02
MWI,1964,7.06
MWI,1965,7.1
MWI,1966,7.14
MWI,1967,7.18
MWI,1968,7.22
MWI,1969,7.26
MWI,1970,7.3
MWI,1971,7.35
MWI,1972,7.39
MWI,1973,7.43
MWI,1974,7.48
MWI,1975,7.52
MWI,1976,7.56
MWI,1977,7.58
MWI,1978,7.61
MWI,1979,7.62
MWI,1980,7.62
MWI,1981,7.62
MWI,1982,7.61
MWI,1983,7.6
MWI,1984,7.58
MWI,1985,7.55
MWI,1986,7.49
MWI,1987,7.4
MWI,1988,7.29
MWI,1989,7.15
MWI,1990,7
MWI,1991,6.85
MWI,1992,6.72
MWI,1993,6.61
MWI,1994,6.54
MWI,1995,6.48
MWI,1996,6.45
MWI,1997,6.41
MWI,1998,6.37
MWI,1999,6.32
MWI,2000,6.25
MWI,2001,6.19
MWI,2002,6.12
MWI,2003,6.06
MWI,2004,6
MWI,2005,5.95
MWI,2006,5.9
MWI,2007,5.84
MWI,2008,5.78
MWI,2009,5.71
MWI,2010,5.64
MWI,2011,5.55
MWI,2012,5.47
MWI,2013,5.39
MWI,2014,5.31
MWI,2015,5.23
MYS,1800,5.45
MYS,1801,5.45
MYS,1802,5.45
MYS,1803,5.45
MYS,1804,5.45
MYS,1805,5.45
MYS,1806,5.45
MYS,1807,5.45
MYS,1808,5.45
MYS,1809,5.45
MYS,1810,5.45
MYS,1811,5.45
MYS,1812,5.45
MYS,1813,5.45
MYS,1814,5.45
MYS,1815,5.45
MYS,1816,5.45
MYS,1817,5.45
MYS,1818,5.45
MYS,1819,5.45
MYS,1820,5.45
MYS,1821,5.45
MYS,1822,5.45
MYS,1823,5.45
MYS,1824,5.45
MYS,1825,5.45
MYS,1826,5.45
MYS,1827,5.45
MYS,1828,5.45
MYS,1829,5.45
MYS,1830,5.45
MYS,1831,5.45
MYS,1832,5.45
MYS,1833,5.45
MYS,1834,5.45
MYS,1835,5.45
MYS,1836,5.45
MYS,1837,5.45
MYS,1838,5.45
MYS,1839,5.45
MYS,1840,5.45
MYS,1841,5.45
MYS,1842,5.45
MYS,1843,5.45
MYS,1844,5.45
MYS,1845,5.45
MYS,1846,5.45
MYS,1847,5.45
MYS,1848,5.45
MYS,1849,5.45
MYS,1850,5.45
MYS,1851,5.45
MYS,1852,5.45
MYS,1853,5.45
MYS,1854,5.45
MYS,1855,5.45
MYS,1856,5.45
MYS,1857,5.45
MYS,1858,5.45
MYS,1859,5.45
MYS,1860,5.45
MYS,1861,5.45
MYS,1862,5.45
MYS,1863,5.45
MYS,1864,5.45
MYS,1865,5.45
MYS,1866,5.45
MYS,1867,5.45
MYS,1868,5.45
MYS,1869,5.45
MYS,1870,5.45
MYS,1871,5.45
MYS,1872,5.45
MYS,1873,5.45
MYS,1874,5.45
MYS,1875,5.45
MYS,1876,5.45
MYS,1877,5.45
MYS,1878,5.45
MYS,1879,5.45
MYS,1880,5.45
MYS,1881,5.45
MYS,1882,5.45
MYS,1883,5.45
MYS,1884,5.45
MYS,1885,5.45
MYS,1886,5.45
MYS,1887,5.45
MYS,1888,5.45
MYS,1889,5.45
MYS,1890,5.45
MYS,1891,5.45
MYS,1892,5.45
MYS,1893,5.45
MYS,1894,5.45
MYS,1895,5.45
MYS,1896,5.45
MYS,1897,5.45
MYS,1898,5.45
MYS,1899,5.45
MYS,1900,5.45
MYS,1901,5.45
MYS,1902,5.45
MYS,1903,5.45
MYS,1904,5.45
MYS,1905,5.45
MYS,1906,5.45
MYS,1907,5.45
MYS,1908,5.45
MYS,1909,5.45
MYS,1910,5.45
MYS,1911,5.45
MYS,1912,5.45
MYS,1913,5.45
MYS,1914,5.45
MYS,1915,5.45
MYS,1916,5.45
MYS,1917,5.45
MYS,1918,5.45
MYS,1919,5.45
MYS,1920,5.45
MYS,1921,5.4
MYS,1922,5.35
MYS,1923,5.3
MYS,1924,5.25
MYS,1925,5.19
MYS,1926,5.14
MYS,1927,5.09
MYS,1928,5.04
MYS,1929,4.99
MYS,1930,4.94
MYS,1931,4.89
MYS,1932,4.84
MYS,1933,4.91
MYS,1934,4.99
MYS,1935,5.07
MYS,1936,5.15
MYS,1937,5.23
MYS,1938,5.43
MYS,1939,5.63
MYS,1940,5.45
MYS,1941,5.33
MYS,1942,5.2
MYS,1943,5.07
MYS,1944,4.94
MYS,1945,4.82
MYS,1946,4.69
MYS,1947,5.05
MYS,1948,5.41
MYS,1949,5.81
MYS,1950,6.2
MYS,1951,6.21
MYS,1952,6.23
MYS,1953,6.24
MYS,1954,6.25
MYS,1955,6.26
MYS,1956,6.26
MYS,1957,6.26
MYS,1958,6.25
MYS,1959,6.23
MYS,1960,6.19
MYS,1961,6.14
MYS,1962,6.05
MYS,1963,5.94
MYS,1964,5.81
MYS,1965,5.66
MYS,1966,5.49
MYS,1967,5.33
MYS,1968,5.17
MYS,1969,5.01
MYS,1970,4.87
MYS,1971,4.74
MYS,1972,4.6
MYS,1973,4.47
MYS,1974,4.34
MYS,1975,4.21
MYS,1976,4.09
MYS,1977,3.99
MYS,1978,3.91
MYS,1979,3.84
MYS,1980,3.79
MYS,1981,3.75
MYS,1982,3.73
MYS,1983,3.7
MYS,1984,3.68
MYS,1985,3.66
MYS,1986,3.63
MYS,1987,3.6
MYS,1988,3.58
MYS,1989,3.55
MYS,1990,3.52
MYS,1991,3.49
MYS,1992,3.45
MYS,1993,3.42
MYS,1994,3.39
MYS,1995,3.34
MYS,1996,3.28
MYS,1997,3.19
MYS,1998,3.09
MYS,1999,2.96
MYS,2000,2.83
MYS,2001,2.68
MYS,2002,2.54
MYS,2003,2.42
MYS,2004,2.31
MYS,2005,2.22
MYS,2006,2.15
MYS,2007,2.09
MYS,2008,2.05
MYS,2009,2.02
MYS,2010,2
MYS,2011,1.99
MYS,2012,1.98
MYS,2013,1.96
MYS,2014,1.95
MYS,2015,1.94
MDV,1800,5.98
MDV,1801,5.98
MDV,1802,5.98
MDV,1803,5.98
MDV,1804,5.98
MDV,1805,5.98
MDV,1806,5.98
MDV,1807,5.98
MDV,1808,5.98
MDV,1809,5.98
MDV,1810,5.98
MDV,1811,5.98
MDV,1812,5.98
MDV,1813,5.98
MDV,1814,5.98
MDV,1815,5.98
MDV,1816,5.98
MDV,1817,5.98
MDV,1818,5.98
MDV,1819,5.98
MDV,1820,5.98
MDV,1821,5.98
MDV,1822,5.98
MDV,1823,5.98
MDV,1824,5.98
MDV,1825,5.98
MDV,1826,5.98
MDV,1827,5.98
MDV,1828,5.98
MDV,1829,5.98
MDV,1830,5.98
MDV,1831,5.98
MDV,1832,5.98
MDV,1833,5.98
MDV,1834,5.98
MDV,1835,5.98
MDV,1836,5.98
MDV,1837,5.98
MDV,1838,5.98
MDV,1839,5.98
MDV,1840,5.98
MDV,1841,5.98
MDV,1842,5.98
MDV,1843,5.98
MDV,1844,5.98
MDV,1845,5.98
MDV,1846,5.98
MDV,1847,5.98
MDV,1848,5.98
MDV,1849,5.98
MDV,1850,5.98
MDV,1851,5.98
MDV,1852,5.98
MDV,1853,5.98
MDV,1854,5.98
MDV,1855,5.98
MDV,1856,5.98
MDV,1857,5.98
MDV,1858,5.98
MDV,1859,5.98
MDV,1860,5.98
MDV,1861,5.98
MDV,1862,5.98
MDV,1863,5.98
MDV,1864,5.98
MDV,1865,5.98
MDV,1866,5.98
MDV,1867,5.98
MDV,1868,5.98
MDV,1869,5.98
MDV,1870,5.98
MDV,1871,5.98
MDV,1872,5.98
MDV,1873,5.98
MDV,1874,5.98
MDV,1875,5.98
MDV,1876,5.98
MDV,1877,5.98
MDV,1878,5.98
MDV,1879,5.98
MDV,1880,5.98
MDV,1881,5.98
MDV,1882,5.98
MDV,1883,5.98
MDV,1884,5.98
MDV,1885,5.98
MDV,1886,5.98
MDV,1887,5.98
MDV,1888,5.98
MDV,1889,5.98
MDV,1890,5.98
MDV,1891,5.98
MDV,1892,5.98
MDV,1893,5.98
MDV,1894,5.98
MDV,1895,5.98
MDV,1896,5.98
MDV,1897,5.98
MDV,1898,5.98
MDV,1899,5.98
MDV,1900,5.98
MDV,1901,5.98
MDV,1902,5.98
MDV,1903,5.98
MDV,1904,5.98
MDV,1905,5.98
MDV,1906,5.98
MDV,1907,5.98
MDV,1908,5.98
MDV,1909,5.98
MDV,1910,5.98
MDV,1911,5.98
MDV,1912,5.98
MDV,1913,5.98
MDV,1914,5.98
MDV,1915,5.98
MDV,1916,5.98
MDV,1917,5.98
MDV,1918,5.98
MDV,1919,5.98
MDV,1920,5.98
MDV,1921,5.98
MDV,1922,5.98
MDV,1923,5.98
MDV,1924,5.98
MDV,1925,5.98
MDV,1926,5.96
MDV,1927,5.95
MDV,1928,5.93
MDV,1929,5.92
MDV,1930,5.9
MDV,1931,5.89
MDV,1932,5.87
MDV,1933,5.86
MDV,1934,5.84
MDV,1935,5.83
MDV,1936,5.81
MDV,1937,5.8
MDV,1938,5.78
MDV,1939,5.76
MDV,1940,5.75
MDV,1941,5.73
MDV,1942,5.72
MDV,1943,5.7
MDV,1944,5.69
MDV,1945,5.67
MDV,1946,5.66
MDV,1947,5.64
MDV,1948,5.63
MDV,1949,5.61
MDV,1950,5.6
MDV,1951,5.72
MDV,1952,5.94
MDV,1953,6.15
MDV,1954,6.34
MDV,1955,6.5
MDV,1956,6.64
MDV,1957,6.76
MDV,1958,6.87
MDV,1959,6.95
MDV,1960,7.02
MDV,1961,7.08
MDV,1962,7.12
MDV,1963,7.15
MDV,1964,7.18
MDV,1965,7.2
MDV,1966,7.22
MDV,1967,7.23
MDV,1968,7.24
MDV,1969,7.24
MDV,1970,7.23
MDV,1971,7.2
MDV,1972,7.16
MDV,1973,7.1
MDV,1974,7.04
MDV,1975,6.98
MDV,1976,6.94
MDV,1977,6.93
MDV,1978,6.95
MDV,1979,7
MDV,1980,7.07
MDV,1981,7.15
MDV,1982,7.21
MDV,1983,7.25
MDV,1984,7.24
MDV,1985,7.18
MDV,1986,7.06
MDV,1987,6.89
MDV,1988,6.66
MDV,1989,6.4
MDV,1990,6.1
MDV,1991,5.78
MDV,1992,5.46
MDV,1993,5.15
MDV,1994,4.85
MDV,1995,4.56
MDV,1996,4.29
MDV,1997,4.02
MDV,1998,3.76
MDV,1999,3.51
MDV,2000,3.27
MDV,2001,3.06
MDV,2002,2.87
MDV,2003,2.72
MDV,2004,2.6
MDV,2005,2.51
MDV,2006,2.45
MDV,2007,2.41
MDV,2008,2.38
MDV,2009,2.36
MDV,2010,2.34
MDV,2011,2.31
MDV,2012,2.29
MDV,2013,2.26
MDV,2014,2.22
MDV,2015,2.18
MLI,1800,6.23
MLI,1801,6.23
MLI,1802,6.23
MLI,1803,6.23
MLI,1804,6.23
MLI,1805,6.23
MLI,1806,6.23
MLI,1807,6.23
MLI,1808,6.23
MLI,1809,6.23
MLI,1810,6.23
MLI,1811,6.23
MLI,1812,6.23
MLI,1813,6.23
MLI,1814,6.23
MLI,1815,6.23
MLI,1816,6.23
MLI,1817,6.23
MLI,1818,6.23
MLI,1819,6.23
MLI,1820,6.23
MLI,1821,6.23
MLI,1822,6.23
MLI,1823,6.23
MLI,1824,6.23
MLI,1825,6.23
MLI,1826,6.23
MLI,1827,6.23
MLI,1828,6.23
MLI,1829,6.23
MLI,1830,6.23
MLI,1831,6.23
MLI,1832,6.23
MLI,1833,6.23
MLI,1834,6.23
MLI,1835,6.23
MLI,1836,6.23
MLI,1837,6.23
MLI,1838,6.23
MLI,1839,6.23
MLI,1840,6.23
MLI,1841,6.23
MLI,1842,6.23
MLI,1843,6.23
MLI,1844,6.23
MLI,1845,6.23
MLI,1846,6.23
MLI,1847,6.23
MLI,1848,6.23
MLI,1849,6.23
MLI,1850,6.23
MLI,1851,6.23
MLI,1852,6.23
MLI,1853,6.23
MLI,1854,6.23
MLI,1855,6.23
MLI,1856,6.23
MLI,1857,6.23
MLI,1858,6.23
MLI,1859,6.23
MLI,1860,6.23
MLI,1861,6.23
MLI,1862,6.23
MLI,1863,6.23
MLI,1864,6.23
MLI,1865,6.23
MLI,1866,6.23
MLI,1867,6.23
MLI,1868,6.23
MLI,1869,6.23
MLI,1870,6.23
MLI,1871,6.23
MLI,1872,6.23
MLI,1873,6.23
MLI,1874,6.23
MLI,1875,6.23
MLI,1876,6.23
MLI,1877,6.23
MLI,1878,6.23
MLI,1879,6.23
MLI,1880,6.23
MLI,1881,6.23
MLI,1882,6.23
MLI,1883,6.23
MLI,1884,6.23
MLI,1885,6.23
MLI,1886,6.23
MLI,1887,6.23
MLI,1888,6.23
MLI,1889,6.23
MLI,1890,6.23
MLI,1891,6.23
MLI,1892,6.23
MLI,1893,6.23
MLI,1894,6.23
MLI,1895,6.23
MLI,1896,6.23
MLI,1897,6.23
MLI,1898,6.23
MLI,1899,6.23
MLI,1900,6.23
MLI,1901,6.23
MLI,1902,6.23
MLI,1903,6.23
MLI,1904,6.23
MLI,1905,6.23
MLI,1906,6.23
MLI,1907,6.23
MLI,1908,6.23
MLI,1909,6.23
MLI,1910,6.23
MLI,1911,6.23
MLI,1912,6.23
MLI,1913,6.23
MLI,1914,6.23
MLI,1915,6.23
MLI,1916,6.23
MLI,1917,6.23
MLI,1918,6.23
MLI,1919,6.23
MLI,1920,6.23
MLI,1921,6.23
MLI,1922,6.23
MLI,1923,6.23
MLI,1924,6.23
MLI,1925,6.23
MLI,1926,6.24
MLI,1927,6.24
MLI,1928,6.25
MLI,1929,6.26
MLI,1930,6.26
MLI,1931,6.27
MLI,1932,6.28
MLI,1933,6.28
MLI,1934,6.29
MLI,1935,6.3
MLI,1936,6.31
MLI,1937,6.31
MLI,1938,6.32
MLI,1939,6.33
MLI,1940,6.33
MLI,1941,6.34
MLI,1942,6.35
MLI,1943,6.35
MLI,1944,6.36
MLI,1945,6.37
MLI,1946,6.37
MLI,1947,6.38
MLI,1948,6.39
MLI,1949,6.39
MLI,1950,6.4
MLI,1951,6.42
MLI,1952,6.47
MLI,1953,6.51
MLI,1954,6.54
MLI,1955,6.57
MLI,1956,6.6
MLI,1957,6.63
MLI,1958,6.66
MLI,1959,6.68
MLI,1960,6.7
MLI,1961,6.73
MLI,1962,6.75
MLI,1963,6.77
MLI,1964,6.79
MLI,1965,6.82
MLI,1966,6.84
MLI,1967,6.86
MLI,1968,6.88
MLI,1969,6.89
MLI,1970,6.9
MLI,1971,6.91
MLI,1972,6.92
MLI,1973,6.94
MLI,1974,6.95
MLI,1975,6.97
MLI,1976,6.98
MLI,1977,7
MLI,1978,7.02
MLI,1979,7.03
MLI,1980,7.05
MLI,1981,7.06
MLI,1982,7.07
MLI,1983,7.08
MLI,1984,7.09
MLI,1985,7.09
MLI,1986,7.1
MLI,1987,7.09
MLI,1988,7.09
MLI,1989,7.08
MLI,1990,7.06
MLI,1991,7.04
MLI,1992,7.02
MLI,1993,7
MLI,1994,6.97
MLI,1995,6.95
MLI,1996,6.92
MLI,1997,6.9
MLI,1998,6.87
MLI,1999,6.85
MLI,2000,6.84
MLI,2001,6.82
MLI,2002,6.81
MLI,2003,6.8
MLI,2004,6.8
MLI,2005,6.8
MLI,2006,6.8
MLI,2007,6.81
MLI,2008,6.82
MLI,2009,6.83
MLI,2010,6.84
MLI,2011,6.85
MLI,2012,6.85
MLI,2013,6.85
MLI,2014,6.83
MLI,2015,6.81
MLT,1800,5.49
MLT,1801,5.49
MLT,1802,5.49
MLT,1803,5.49
MLT,1804,5.49
MLT,1805,5.49
MLT,1806,5.49
MLT,1807,5.49
MLT,1808,5.49
MLT,1809,5.49
MLT,1810,5.49
MLT,1811,5.49
MLT,1812,5.49
MLT,1813,5.49
MLT,1814,5.49
MLT,1815,5.49
MLT,1816,5.49
MLT,1817,5.49
MLT,1818,5.49
MLT,1819,5.49
MLT,1820,5.49
MLT,1821,5.49
MLT,1822,5.49
MLT,1823,5.49
MLT,1824,5.49
MLT,1825,5.49
MLT,1826,5.49
MLT,1827,5.49
MLT,1828,5.49
MLT,1829,5.49
MLT,1830,5.49
MLT,1831,5.49
MLT,1832,5.49
MLT,1833,5.49
MLT,1834,5.49
MLT,1835,5.49
MLT,1836,5.49
MLT,1837,5.49
MLT,1838,5.49
MLT,1839,5.49
MLT,1840,5.49
MLT,1841,5.49
MLT,1842,5.49
MLT,1843,5.49
MLT,1844,5.49
MLT,1845,5.49
MLT,1846,5.49
MLT,1847,5.49
MLT,1848,5.49
MLT,1849,5.49
MLT,1850,5.49
MLT,1851,5.49
MLT,1852,5.49
MLT,1853,5.49
MLT,1854,5.49
MLT,1855,5.49
MLT,1856,5.49
MLT,1857,5.49
MLT,1858,5.49
MLT,1859,5.49
MLT,1860,5.49
MLT,1861,5.49
MLT,1862,5.49
MLT,1863,5.49
MLT,1864,5.49
MLT,1865,5.49
MLT,1866,5.49
MLT,1867,5.49
MLT,1868,5.49
MLT,1869,5.49
MLT,1870,5.49
MLT,1871,5.49
MLT,1872,5.49
MLT,1873,5.49
MLT,1874,5.49
MLT,1875,5.49
MLT,1876,5.49
MLT,1877,5.49
MLT,1878,5.49
MLT,1879,5.49
MLT,1880,5.49
MLT,1881,5.48
MLT,1882,5.46
MLT,1883,5.45
MLT,1884,5.44
MLT,1885,5.42
MLT,1886,5.41
MLT,1887,5.4
MLT,1888,5.38
MLT,1889,5.37
MLT,1890,5.36
MLT,1891,5.34
MLT,1892,5.33
MLT,1893,5.32
MLT,1894,5.31
MLT,1895,5.29
MLT,1896,5.28
MLT,1897,5.27
MLT,1898,5.25
MLT,1899,5.24
MLT,1900,5.23
MLT,1901,5.28
MLT,1902,5.33
MLT,1903,5.39
MLT,1904,5.44
MLT,1905,5.49
MLT,1906,5.36
MLT,1907,5.23
MLT,1908,5.1
MLT,1909,4.97
MLT,1910,4.84
MLT,1911,4.69
MLT,1912,4.54
MLT,1913,4.39
MLT,1914,4.24
MLT,1915,4.09
MLT,1916,4.19
MLT,1917,4.3
MLT,1918,4.41
MLT,1919,4.52
MLT,1920,4.62
MLT,1921,4.59
MLT,1922,4.56
MLT,1923,4.53
MLT,1924,4.49
MLT,1925,4.46
MLT,1926,4.49
MLT,1927,4.51
MLT,1928,4.53
MLT,1929,4.56
MLT,1930,4.58
MLT,1931,4.58
MLT,1932,4.57
MLT,1933,4.57
MLT,1934,4.56
MLT,1935,4.56
MLT,1936,4.52
MLT,1937,4.48
MLT,1938,4.44
MLT,1939,4.4
MLT,1940,4.36
MLT,1941,4.51
MLT,1942,4.67
MLT,1943,4.83
MLT,1944,4.99
MLT,1945,5.15
MLT,1946,5.13
MLT,1947,5.12
MLT,1948,4.84
MLT,1949,4.57
MLT,1950,4.21
MLT,1951,4.2
MLT,1952,4.16
MLT,1953,4.12
MLT,1954,4.07
MLT,1955,4.01
MLT,1956,3.94
MLT,1957,3.86
MLT,1958,3.77
MLT,1959,3.66
MLT,1960,3.53
MLT,1961,3.38
MLT,1962,3.2
MLT,1963,3.01
MLT,1964,2.8
MLT,1965,2.59
MLT,1966,2.4
MLT,1967,2.24
MLT,1968,2.11
MLT,1969,2.02
MLT,1970,1.98
MLT,1971,1.96
MLT,1972,1.98
MLT,1973,2
MLT,1974,2.03
MLT,1975,2.06
MLT,1976,2.08
MLT,1977,2.09
MLT,1978,2.1
MLT,1979,2.1
MLT,1980,2.09
MLT,1981,2.08
MLT,1982,2.06
MLT,1983,2.06
MLT,1984,2.05
MLT,1985,2.06
MLT,1986,2.06
MLT,1987,2.06
MLT,1988,2.07
MLT,1989,2.06
MLT,1990,2.05
MLT,1991,2.04
MLT,1992,2.02
MLT,1993,2
MLT,1994,1.97
MLT,1995,1.93
MLT,1996,1.88
MLT,1997,1.82
MLT,1998,1.75
MLT,1999,1.67
MLT,2000,1.59
MLT,2001,1.52
MLT,2002,1.46
MLT,2003,1.42
MLT,2004,1.39
MLT,2005,1.38
MLT,2006,1.37
MLT,2007,1.38
MLT,2008,1.38
MLT,2009,1.38
MLT,2010,1.37
MLT,2011,1.37
MLT,2012,1.36
MLT,2013,1.36
MLT,2014,1.35
MLT,2015,1.35
MTQ,1800,5.71
MTQ,1801,5.71
MTQ,1802,5.71
MTQ,1803,5.71
MTQ,1804,5.71
MTQ,1805,5.71
MTQ,1806,5.71
MTQ,1807,5.71
MTQ,1808,5.71
MTQ,1809,5.71
MTQ,1810,5.71
MTQ,1811,5.71
MTQ,1812,5.71
MTQ,1813,5.71
MTQ,1814,5.71
MTQ,1815,5.71
MTQ,1816,5.71
MTQ,1817,5.71
MTQ,1818,5.71
MTQ,1819,5.71
MTQ,1820,5.71
MTQ,1821,5.71
MTQ,1822,5.71
MTQ,1823,5.71
MTQ,1824,5.71
MTQ,1825,5.71
MTQ,1826,5.71
MTQ,1827,5.71
MTQ,1828,5.71
MTQ,1829,5.71
MTQ,1830,5.71
MTQ,1831,5.71
MTQ,1832,5.71
MTQ,1833,5.71
MTQ,1834,5.71
MTQ,1835,5.71
MTQ,1836,5.71
MTQ,1837,5.71
MTQ,1838,5.71
MTQ,1839,5.71
MTQ,1840,5.71
MTQ,1841,5.71
MTQ,1842,5.71
MTQ,1843,5.71
MTQ,1844,5.71
MTQ,1845,5.71
MTQ,1846,5.71
MTQ,1847,5.71
MTQ,1848,5.71
MTQ,1849,5.71
MTQ,1850,5.71
MTQ,1851,5.71
MTQ,1852,5.71
MTQ,1853,5.71
MTQ,1854,5.71
MTQ,1855,5.71
MTQ,1856,5.71
MTQ,1857,5.71
MTQ,1858,5.71
MTQ,1859,5.71
MTQ,1860,5.71
MTQ,1861,5.71
MTQ,1862,5.71
MTQ,1863,5.71
MTQ,1864,5.71
MTQ,1865,5.71
MTQ,1866,5.71
MTQ,1867,5.71
MTQ,1868,5.71
MTQ,1869,5.71
MTQ,1870,5.71
MTQ,1871,5.71
MTQ,1872,5.71
MTQ,1873,5.71
MTQ,1874,5.71
MTQ,1875,5.71
MTQ,1876,5.71
MTQ,1877,5.71
MTQ,1878,5.71
MTQ,1879,5.71
MTQ,1880,5.71
MTQ,1881,5.71
MTQ,1882,5.71
MTQ,1883,5.71
MTQ,1884,5.71
MTQ,1885,5.71
MTQ,1886,5.71
MTQ,1887,5.71
MTQ,1888,5.71
MTQ,1889,5.71
MTQ,1890,5.71
MTQ,1891,5.71
MTQ,1892,5.71
MTQ,1893,5.71
MTQ,1894,5.71
MTQ,1895,5.71
MTQ,1896,5.71
MTQ,1897,5.71
MTQ,1898,5.71
MTQ,1899,5.71
MTQ,1900,5.71
MTQ,1901,5.71
MTQ,1902,5.71
MTQ,1903,5.71
MTQ,1904,5.71
MTQ,1905,5.71
MTQ,1906,5.71
MTQ,1907,5.71
MTQ,1908,5.71
MTQ,1909,5.71
MTQ,1910,5.71
MTQ,1911,5.71
MTQ,1912,5.71
MTQ,1913,5.71
MTQ,1914,5.71
MTQ,1915,5.71
MTQ,1916,5.71
MTQ,1917,5.71
MTQ,1918,5.71
MTQ,1919,5.71
MTQ,1920,5.71
MTQ,1921,5.71
MTQ,1922,5.71
MTQ,1923,5.71
MTQ,1924,5.71
MTQ,1925,5.71
MTQ,1926,5.71
MTQ,1927,5.7
MTQ,1928,5.7
MTQ,1929,5.7
MTQ,1930,5.7
MTQ,1931,5.69
MTQ,1932,5.69
MTQ,1933,5.69
MTQ,1934,5.69
MTQ,1935,5.68
MTQ,1936,5.68
MTQ,1937,5.68
MTQ,1938,5.68
MTQ,1939,5.67
MTQ,1940,5.67
MTQ,1941,5.67
MTQ,1942,5.66
MTQ,1943,5.66
MTQ,1944,5.66
MTQ,1945,5.66
MTQ,1946,5.65
MTQ,1947,5.65
MTQ,1948,5.65
MTQ,1949,5.65
MTQ,1950,5.64
MTQ,1951,5.67
MTQ,1952,5.71
MTQ,1953,5.73
MTQ,1954,5.75
MTQ,1955,5.75
MTQ,1956,5.75
MTQ,1957,5.73
MTQ,1958,5.7
MTQ,1959,5.66
MTQ,1960,5.62
MTQ,1961,5.56
MTQ,1962,5.5
MTQ,1963,5.44
MTQ,1964,5.36
MTQ,1965,5.28
MTQ,1966,5.18
MTQ,1967,5.07
MTQ,1968,4.94
MTQ,1969,4.79
MTQ,1970,4.61
MTQ,1971,4.4
MTQ,1972,4.17
MTQ,1973,3.9
MTQ,1974,3.62
MTQ,1975,3.33
MTQ,1976,3.06
MTQ,1977,2.81
MTQ,1978,2.59
MTQ,1979,2.42
MTQ,1980,2.29
MTQ,1981,2.2
MTQ,1982,2.15
MTQ,1983,2.12
MTQ,1984,2.11
MTQ,1985,2.11
MTQ,1986,2.11
MTQ,1987,2.11
MTQ,1988,2.1
MTQ,1989,2.08
MTQ,1990,2.05
MTQ,1991,2.02
MTQ,1992,1.99
MTQ,1993,1.96
MTQ,1994,1.93
MTQ,1995,1.91
MTQ,1996,1.91
MTQ,1997,1.91
MTQ,1998,1.91
MTQ,1999,1.92
MTQ,2000,1.94
MTQ,2001,1.95
MTQ,2002,1.96
MTQ,2003,1.97
MTQ,2004,1.96
MTQ,2005,1.96
MTQ,2006,1.94
MTQ,2007,1.92
MTQ,2008,1.91
MTQ,2009,1.89
MTQ,2010,1.87
MTQ,2011,1.85
MTQ,2012,1.84
MTQ,2013,1.83
MTQ,2014,1.82
MTQ,2015,1.81
MRT,1800,6.34
MRT,1801,6.34
MRT,1802,6.34
MRT,1803,6.34
MRT,1804,6.34
MRT,1805,6.34
MRT,1806,6.34
MRT,1807,6.34
MRT,1808,6.34
MRT,1809,6.34
MRT,1810,6.34
MRT,1811,6.34
MRT,1812,6.34
MRT,1813,6.34
MRT,1814,6.34
MRT,1815,6.34
MRT,1816,6.34
MRT,1817,6.34
MRT,1818,6.34
MRT,1819,6.34
MRT,1820,6.34
MRT,1821,6.34
MRT,1822,6.34
MRT,1823,6.34
MRT,1824,6.34
MRT,1825,6.34
MRT,1826,6.34
MRT,1827,6.34
MRT,1828,6.34
MRT,1829,6.34
MRT,1830,6.34
MRT,1831,6.34
MRT,1832,6.34
MRT,1833,6.34
MRT,1834,6.34
MRT,1835,6.34
MRT,1836,6.34
MRT,1837,6.34
MRT,1838,6.34
MRT,1839,6.34
MRT,1840,6.34
MRT,1841,6.34
MRT,1842,6.34
MRT,1843,6.34
MRT,1844,6.34
MRT,1845,6.34
MRT,1846,6.34
MRT,1847,6.34
MRT,1848,6.34
MRT,1849,6.34
MRT,1850,6.34
MRT,1851,6.34
MRT,1852,6.34
MRT,1853,6.34
MRT,1854,6.34
MRT,1855,6.34
MRT,1856,6.34
MRT,1857,6.34
MRT,1858,6.34
MRT,1859,6.34
MRT,1860,6.34
MRT,1861,6.34
MRT,1862,6.34
MRT,1863,6.34
MRT,1864,6.34
MRT,1865,6.34
MRT,1866,6.34
MRT,1867,6.34
MRT,1868,6.34
MRT,1869,6.34
MRT,1870,6.34
MRT,1871,6.34
MRT,1872,6.34
MRT,1873,6.34
MRT,1874,6.34
MRT,1875,6.34
MRT,1876,6.34
MRT,1877,6.34
MRT,1878,6.34
MRT,1879,6.34
MRT,1880,6.34
MRT,1881,6.34
MRT,1882,6.34
MRT,1883,6.34
MRT,1884,6.34
MRT,1885,6.34
MRT,1886,6.34
MRT,1887,6.34
MRT,1888,6.34
MRT,1889,6.34
MRT,1890,6.34
MRT,1891,6.34
MRT,1892,6.34
MRT,1893,6.34
MRT,1894,6.34
MRT,1895,6.34
MRT,1896,6.34
MRT,1897,6.34
MRT,1898,6.34
MRT,1899,6.34
MRT,1900,6.34
MRT,1901,6.34
MRT,1902,6.34
MRT,1903,6.34
MRT,1904,6.34
MRT,1905,6.34
MRT,1906,6.34
MRT,1907,6.34
MRT,1908,6.34
MRT,1909,6.34
MRT,1910,6.34
MRT,1911,6.34
MRT,1912,6.34
MRT,1913,6.34
MRT,1914,6.34
MRT,1915,6.34
MRT,1916,6.34
MRT,1917,6.34
MRT,1918,6.34
MRT,1919,6.34
MRT,1920,6.34
MRT,1921,6.34
MRT,1922,6.34
MRT,1923,6.34
MRT,1924,6.34
MRT,1925,6.34
MRT,1926,6.33
MRT,1927,6.32
MRT,1928,6.31
MRT,1929,6.3
MRT,1930,6.3
MRT,1931,6.29
MRT,1932,6.28
MRT,1933,6.27
MRT,1934,6.26
MRT,1935,6.25
MRT,1936,6.24
MRT,1937,6.23
MRT,1938,6.22
MRT,1939,6.22
MRT,1940,6.21
MRT,1941,6.2
MRT,1942,6.19
MRT,1943,6.18
MRT,1944,6.17
MRT,1945,6.16
MRT,1946,6.15
MRT,1947,6.14
MRT,1948,6.13
MRT,1949,6.13
MRT,1950,6.12
MRT,1951,6.18
MRT,1952,6.3
MRT,1953,6.4
MRT,1954,6.49
MRT,1955,6.57
MRT,1956,6.63
MRT,1957,6.69
MRT,1958,6.73
MRT,1959,6.76
MRT,1960,6.78
MRT,1961,6.79
MRT,1962,6.79
MRT,1963,6.8
MRT,1964,6.8
MRT,1965,6.8
MRT,1966,6.8
MRT,1967,6.8
MRT,1968,6.8
MRT,1969,6.79
MRT,1970,6.78
MRT,1971,6.77
MRT,1972,6.76
MRT,1973,6.74
MRT,1974,6.71
MRT,1975,6.68
MRT,1976,6.64
MRT,1977,6.59
MRT,1978,6.54
MRT,1979,6.48
MRT,1980,6.43
MRT,1981,6.37
MRT,1982,6.31
MRT,1983,6.26
MRT,1984,6.22
MRT,1985,6.18
MRT,1986,6.14
MRT,1987,6.1
MRT,1988,6.07
MRT,1989,6.02
MRT,1990,5.98
MRT,1991,5.93
MRT,1992,5.88
MRT,1993,5.82
MRT,1994,5.76
MRT,1995,5.7
MRT,1996,5.63
MRT,1997,5.57
MRT,1998,5.51
MRT,1999,5.44
MRT,2000,5.38
MRT,2001,5.32
MRT,2002,5.26
MRT,2003,5.21
MRT,2004,5.15
MRT,2005,5.1
MRT,2006,5.04
MRT,2007,4.99
MRT,2008,4.94
MRT,2009,4.89
MRT,2010,4.84
MRT,2011,4.78
MRT,2012,4.73
MRT,2013,4.67
MRT,2014,4.61
MRT,2015,4.55
MUS,1800,5.03
MUS,1801,5.03
MUS,1802,5.03
MUS,1803,5.03
MUS,1804,5.03
MUS,1805,5.03
MUS,1806,5.03
MUS,1807,5.03
MUS,1808,5.03
MUS,1809,5.03
MUS,1810,5.03
MUS,1811,5.03
MUS,1812,5.03
MUS,1813,5.03
MUS,1814,5.03
MUS,1815,5.03
MUS,1816,5.03
MUS,1817,5.03
MUS,1818,5.03
MUS,1819,5.03
MUS,1820,5.03
MUS,1821,5.03
MUS,1822,5.03
MUS,1823,5.03
MUS,1824,5.03
MUS,1825,5.03
MUS,1826,5.03
MUS,1827,5.03
MUS,1828,5.03
MUS,1829,5.03
MUS,1830,5.03
MUS,1831,5.03
MUS,1832,5.03
MUS,1833,5.03
MUS,1834,5.03
MUS,1835,5.03
MUS,1836,5.03
MUS,1837,5.03
MUS,1838,5.03
MUS,1839,5.03
MUS,1840,5.03
MUS,1841,5.03
MUS,1842,5.03
MUS,1843,5.03
MUS,1844,5.03
MUS,1845,5.03
MUS,1846,5.03
MUS,1847,5.03
MUS,1848,5.03
MUS,1849,5.03
MUS,1850,5.03
MUS,1851,5.03
MUS,1852,5.03
MUS,1853,5.03
MUS,1854,5.03
MUS,1855,5.03
MUS,1856,5.03
MUS,1857,5.03
MUS,1858,5.03
MUS,1859,5.03
MUS,1860,5.03
MUS,1861,5.03
MUS,1862,5.03
MUS,1863,5.03
MUS,1864,5.03
MUS,1865,5.03
MUS,1866,5.03
MUS,1867,5.03
MUS,1868,5.03
MUS,1869,5.03
MUS,1870,5.03
MUS,1871,5.03
MUS,1872,5.03
MUS,1873,5.03
MUS,1874,5.03
MUS,1875,5.03
MUS,1876,5.03
MUS,1877,5.03
MUS,1878,5.03
MUS,1879,5.03
MUS,1880,5.03
MUS,1881,5
MUS,1882,4.98
MUS,1883,4.95
MUS,1884,4.93
MUS,1885,4.9
MUS,1886,4.89
MUS,1887,4.87
MUS,1888,4.85
MUS,1889,4.83
MUS,1890,4.81
MUS,1891,4.84
MUS,1892,4.87
MUS,1893,4.9
MUS,1894,4.93
MUS,1895,4.96
MUS,1896,5
MUS,1897,5.04
MUS,1898,5.09
MUS,1899,5.13
MUS,1900,5.17
MUS,1901,5.13
MUS,1902,5.1
MUS,1903,5.06
MUS,1904,5.02
MUS,1905,4.98
MUS,1906,4.91
MUS,1907,4.83
MUS,1908,4.76
MUS,1909,4.68
MUS,1910,4.61
MUS,1911,5.25
MUS,1912,5.11
MUS,1913,4.96
MUS,1914,4.81
MUS,1915,4.66
MUS,1916,4.67
MUS,1917,4.68
MUS,1918,4.69
MUS,1919,4.7
MUS,1920,4.7
MUS,1921,4.9
MUS,1922,5.11
MUS,1923,5.31
MUS,1924,5.51
MUS,1925,5.71
MUS,1926,5.41
MUS,1927,5.12
MUS,1928,4.82
MUS,1929,4.53
MUS,1930,4.23
MUS,1931,4.27
MUS,1932,4.3
MUS,1933,4.33
MUS,1934,4.36
MUS,1935,4.4
MUS,1936,4.3
MUS,1937,4.2
MUS,1938,4.1
MUS,1939,4
MUS,1940,3.9
MUS,1941,4.15
MUS,1942,4.4
MUS,1943,4.65
MUS,1944,4.9
MUS,1945,5.15
MUS,1946,5.33
MUS,1947,5.51
MUS,1948,5.69
MUS,1949,5.87
MUS,1950,6.05
MUS,1951,5.99
MUS,1952,5.9
MUS,1953,5.84
MUS,1954,5.82
MUS,1955,5.83
MUS,1956,5.87
MUS,1957,5.94
MUS,1958,6.03
MUS,1959,6.11
MUS,1960,6.17
MUS,1961,6.18
MUS,1962,6.12
MUS,1963,5.99
MUS,1964,5.79
MUS,1965,5.51
MUS,1966,5.19
MUS,1967,4.85
MUS,1968,4.52
MUS,1969,4.21
MUS,1970,3.95
MUS,1971,3.74
MUS,1972,3.58
MUS,1973,3.44
MUS,1974,3.34
MUS,1975,3.26
MUS,1976,3.17
MUS,1977,3.07
MUS,1978,2.95
MUS,1979,2.82
MUS,1980,2.67
MUS,1981,2.53
MUS,1982,2.41
MUS,1983,2.33
MUS,1984,2.27
MUS,1985,2.25
MUS,1986,2.26
MUS,1987,2.27
MUS,1988,2.29
MUS,1989,2.3
MUS,1990,2.29
MUS,1991,2.28
MUS,1992,2.25
MUS,1993,2.22
MUS,1994,2.18
MUS,1995,2.14
MUS,1996,2.11
MUS,1997,2.07
MUS,1998,2.04
MUS,1999,2.02
MUS,2000,1.99
MUS,2001,1.97
MUS,2002,1.93
MUS,2003,1.88
MUS,2004,1.82
MUS,2005,1.75
MUS,2006,1.69
MUS,2007,1.63
MUS,2008,1.58
MUS,2009,1.54
MUS,2010,1.52
MUS,2011,1.51
MUS,2012,1.5
MUS,2013,1.5
MUS,2014,1.5
MUS,2015,1.5
MYT,1800,7.07
MYT,1801,7.07
MYT,1802,7.07
MYT,1803,7.07
MYT,1804,7.07
MYT,1805,7.07
MYT,1806,7.07
MYT,1807,7.07
MYT,1808,7.07
MYT,1809,7.07
MYT,1810,7.07
MYT,1811,7.07
MYT,1812,7.07
MYT,1813,7.07
MYT,1814,7.07
MYT,1815,7.07
MYT,1816,7.07
MYT,1817,7.07
MYT,1818,7.07
MYT,1819,7.07
MYT,1820,7.07
MYT,1821,7.07
MYT,1822,7.07
MYT,1823,7.07
MYT,1824,7.07
MYT,1825,7.07
MYT,1826,7.07
MYT,1827,7.07
MYT,1828,7.07
MYT,1829,7.07
MYT,1830,7.07
MYT,1831,7.07
MYT,1832,7.07
MYT,1833,7.07
MYT,1834,7.07
MYT,1835,7.07
MYT,1836,7.07
MYT,1837,7.07
MYT,1838,7.07
MYT,1839,7.07
MYT,1840,7.07
MYT,1841,7.07
MYT,1842,7.07
MYT,1843,7.07
MYT,1844,7.07
MYT,1845,7.07
MYT,1846,7.07
MYT,1847,7.07
MYT,1848,7.07
MYT,1849,7.07
MYT,1850,7.07
MYT,1851,7.07
MYT,1852,7.07
MYT,1853,7.07
MYT,1854,7.07
MYT,1855,7.07
MYT,1856,7.07
MYT,1857,7.07
MYT,1858,7.07
MYT,1859,7.07
MYT,1860,7.07
MYT,1861,7.07
MYT,1862,7.07
MYT,1863,7.07
MYT,1864,7.07
MYT,1865,7.07
MYT,1866,7.07
MYT,1867,7.07
MYT,1868,7.07
MYT,1869,7.07
MYT,1870,7.07
MYT,1871,7.07
MYT,1872,7.07
MYT,1873,7.07
MYT,1874,7.07
MYT,1875,7.07
MYT,1876,7.07
MYT,1877,7.07
MYT,1878,7.07
MYT,1879,7.07
MYT,1880,7.07
MYT,1881,7.07
MYT,1882,7.07
MYT,1883,7.07
MYT,1884,7.07
MYT,1885,7.07
MYT,1886,7.07
MYT,1887,7.07
MYT,1888,7.07
MYT,1889,7.07
MYT,1890,7.07
MYT,1891,7.07
MYT,1892,7.07
MYT,1893,7.07
MYT,1894,7.07
MYT,1895,7.07
MYT,1896,7.07
MYT,1897,7.07
MYT,1898,7.07
MYT,1899,7.07
MYT,1900,7.07
MYT,1901,7.07
MYT,1902,7.07
MYT,1903,7.07
MYT,1904,7.07
MYT,1905,7.07
MYT,1906,7.07
MYT,1907,7.07
MYT,1908,7.07
MYT,1909,7.07
MYT,1910,7.07
MYT,1911,7.07
MYT,1912,7.07
MYT,1913,7.07
MYT,1914,7.07
MYT,1915,7.07
MYT,1916,7.07
MYT,1917,7.07
MYT,1918,7.07
MYT,1919,7.07
MYT,1920,7.07
MYT,1921,7.07
MYT,1922,7.07
MYT,1923,7.07
MYT,1924,7.07
MYT,1925,7.07
MYT,1926,7.11
MYT,1927,7.14
MYT,1928,7.17
MYT,1929,7.21
MYT,1930,7.24
MYT,1931,7.27
MYT,1932,7.31
MYT,1933,7.34
MYT,1934,7.37
MYT,1935,7.41
MYT,1936,7.44
MYT,1937,7.47
MYT,1938,7.51
MYT,1939,7.54
MYT,1940,7.58
MYT,1941,7.61
MYT,1942,7.64
MYT,1943,7.68
MYT,1944,7.71
MYT,1945,7.74
MYT,1946,7.78
MYT,1947,7.81
MYT,1948,7.84
MYT,1949,7.88
MYT,1950,7.91
MYT,1951,7.91
MYT,1952,7.91
MYT,1953,7.91
MYT,1954,7.91
MYT,1955,7.91
MYT,1956,7.91
MYT,1957,7.91
MYT,1958,7.91
MYT,1959,7.91
MYT,1960,7.91
MYT,1961,7.91
MYT,1962,7.91
MYT,1963,7.91
MYT,1964,7.91
MYT,1965,7.91
MYT,1966,7.91
MYT,1967,7.91
MYT,1968,7.91
MYT,1969,7.91
MYT,1970,7.91
MYT,1971,7.92
MYT,1972,7.93
MYT,1973,7.94
MYT,1974,7.95
MYT,1975,7.95
MYT,1976,7.94
MYT,1977,7.91
MYT,1978,7.85
MYT,1979,7.78
MYT,1980,7.68
MYT,1981,7.58
MYT,1982,7.47
MYT,1983,7.36
MYT,1984,7.25
MYT,1985,7.12
MYT,1986,6.96
MYT,1987,6.75
MYT,1988,6.49
MYT,1989,6.19
MYT,1990,5.88
MYT,1991,5.58
MYT,1992,5.31
MYT,1993,5.09
MYT,1994,4.93
MYT,1995,4.82
MYT,1996,4.76
MYT,1997,4.72
MYT,1998,4.68
MYT,1999,4.64
MYT,2000,4.59
MYT,2001,4.54
MYT,2002,4.49
MYT,2003,4.45
MYT,2004,4.42
MYT,2005,4.38
MYT,2006,4.35
MYT,2007,4.3
MYT,2008,4.24
MYT,2009,4.17
MYT,2010,4.08
MYT,2011,3.99
MYT,2012,3.89
MYT,2013,3.8
MYT,2014,3.72
MYT,2015,3.64
MEX,1800,6.8
MEX,1801,6.8
MEX,1802,6.8
MEX,1803,6.8
MEX,1804,6.8
MEX,1805,6.8
MEX,1806,6.8
MEX,1807,6.8
MEX,1808,6.8
MEX,1809,6.8
MEX,1810,6.8
MEX,1811,6.8
MEX,1812,6.8
MEX,1813,6.8
MEX,1814,6.8
MEX,1815,6.8
MEX,1816,6.8
MEX,1817,6.8
MEX,1818,6.8
MEX,1819,6.8
MEX,1820,6.8
MEX,1821,6.8
MEX,1822,6.8
MEX,1823,6.8
MEX,1824,6.8
MEX,1825,6.8
MEX,1826,6.8
MEX,1827,6.8
MEX,1828,6.8
MEX,1829,6.8
MEX,1830,6.8
MEX,1831,6.8
MEX,1832,6.8
MEX,1833,6.8
MEX,1834,6.8
MEX,1835,6.8
MEX,1836,6.8
MEX,1837,6.8
MEX,1838,6.8
MEX,1839,6.8
MEX,1840,6.8
MEX,1841,6.8
MEX,1842,6.8
MEX,1843,6.8
MEX,1844,6.8
MEX,1845,6.8
MEX,1846,6.8
MEX,1847,6.8
MEX,1848,6.8
MEX,1849,6.8
MEX,1850,6.8
MEX,1851,6.8
MEX,1852,6.8
MEX,1853,6.8
MEX,1854,6.8
MEX,1855,6.8
MEX,1856,6.8
MEX,1857,6.8
MEX,1858,6.8
MEX,1859,6.8
MEX,1860,6.8
MEX,1861,6.8
MEX,1862,6.8
MEX,1863,6.8
MEX,1864,6.8
MEX,1865,6.8
MEX,1866,6.8
MEX,1867,6.8
MEX,1868,6.8
MEX,1869,6.8
MEX,1870,6.8
MEX,1871,6.8
MEX,1872,6.8
MEX,1873,6.8
MEX,1874,6.8
MEX,1875,6.8
MEX,1876,6.8
MEX,1877,6.8
MEX,1878,6.8
MEX,1879,6.8
MEX,1880,6.8
MEX,1881,6.8
MEX,1882,6.8
MEX,1883,6.8
MEX,1884,6.8
MEX,1885,6.8
MEX,1886,6.8
MEX,1887,6.8
MEX,1888,6.8
MEX,1889,6.8
MEX,1890,6.8
MEX,1891,6.8
MEX,1892,6.8
MEX,1893,6.8
MEX,1894,6.8
MEX,1895,6.8
MEX,1896,6.8
MEX,1897,6.8
MEX,1898,6.8
MEX,1899,6.8
MEX,1900,6.8
MEX,1901,6.52
MEX,1902,6.23
MEX,1903,6.22
MEX,1904,6.2
MEX,1905,6.19
MEX,1906,6.18
MEX,1907,6.16
MEX,1908,6.09
MEX,1909,6.01
MEX,1910,5.94
MEX,1911,5.86
MEX,1912,5.79
MEX,1913,5.72
MEX,1914,5.65
MEX,1915,5.58
MEX,1916,5.51
MEX,1917,5.44
MEX,1918,5.57
MEX,1919,5.69
MEX,1920,5.82
MEX,1921,5.94
MEX,1922,6.07
MEX,1923,6.04
MEX,1924,6.02
MEX,1925,5.99
MEX,1926,5.96
MEX,1927,5.94
MEX,1928,5.94
MEX,1929,5.95
MEX,1930,5.96
MEX,1931,5.97
MEX,1932,5.98
MEX,1933,5.95
MEX,1934,5.92
MEX,1935,5.89
MEX,1936,5.86
MEX,1937,5.83
MEX,1938,5.86
MEX,1939,5.89
MEX,1940,5.92
MEX,1941,5.95
MEX,1942,5.98
MEX,1943,6.06
MEX,1944,6.14
MEX,1945,6.22
MEX,1946,6.3
MEX,1947,6.38
MEX,1948,6.46
MEX,1949,6.54
MEX,1950,6.62
MEX,1951,6.64
MEX,1952,6.69
MEX,1953,6.73
MEX,1954,6.76
MEX,1955,6.78
MEX,1956,6.79
MEX,1957,6.8
MEX,1958,6.8
MEX,1959,6.79
MEX,1960,6.78
MEX,1961,6.78
MEX,1962,6.77
MEX,1963,6.77
MEX,1964,6.77
MEX,1965,6.77
MEX,1966,6.77
MEX,1967,6.78
MEX,1968,6.78
MEX,1969,6.76
MEX,1970,6.72
MEX,1971,6.64
MEX,1972,6.53
MEX,1973,6.36
MEX,1974,6.16
MEX,1975,5.93
MEX,1976,5.68
MEX,1977,5.42
MEX,1978,5.16
MEX,1979,4.92
MEX,1980,4.71
MEX,1981,4.51
MEX,1982,4.33
MEX,1983,4.17
MEX,1984,4.03
MEX,1985,3.9
MEX,1986,3.78
MEX,1987,3.67
MEX,1988,3.57
MEX,1989,3.47
MEX,1990,3.38
MEX,1991,3.29
MEX,1992,3.2
MEX,1993,3.12
MEX,1994,3.04
MEX,1995,2.97
MEX,1996,2.9
MEX,1997,2.83
MEX,1998,2.77
MEX,1999,2.71
MEX,2000,2.66
MEX,2001,2.61
MEX,2002,2.57
MEX,2003,2.52
MEX,2004,2.48
MEX,2005,2.45
MEX,2006,2.41
MEX,2007,2.38
MEX,2008,2.35
MEX,2009,2.31
MEX,2010,2.28
MEX,2011,2.25
MEX,2012,2.22
MEX,2013,2.19
MEX,2014,2.16
MEX,2015,2.13
FSM,1800,6.02
FSM,1801,6.02
FSM,1802,6.02
FSM,1803,6.02
FSM,1804,6.02
FSM,1805,6.02
FSM,1806,6.02
FSM,1807,6.02
FSM,1808,6.02
FSM,1809,6.02
FSM,1810,6.02
FSM,1811,6.02
FSM,1812,6.02
FSM,1813,6.02
FSM,1814,6.02
FSM,1815,6.02
FSM,1816,6.02
FSM,1817,6.02
FSM,1818,6.02
FSM,1819,6.02
FSM,1820,6.02
FSM,1821,6.02
FSM,1822,6.02
FSM,1823,6.02
FSM,1824,6.02
FSM,1825,6.02
FSM,1826,6.02
FSM,1827,6.02
FSM,1828,6.02
FSM,1829,6.02
FSM,1830,6.02
FSM,1831,6.02
FSM,1832,6.02
FSM,1833,6.02
FSM,1834,6.02
FSM,1835,6.02
FSM,1836,6.02
FSM,1837,6.02
FSM,1838,6.02
FSM,1839,6.02
FSM,1840,6.02
FSM,1841,6.02
FSM,1842,6.02
FSM,1843,6.02
FSM,1844,6.02
FSM,1845,6.02
FSM,1846,6.02
FSM,1847,6.02
FSM,1848,6.02
FSM,1849,6.02
FSM,1850,6.02
FSM,1851,6.02
FSM,1852,6.02
FSM,1853,6.02
FSM,1854,6.02
FSM,1855,6.02
FSM,1856,6.02
FSM,1857,6.02
FSM,1858,6.02
FSM,1859,6.02
FSM,1860,6.02
FSM,1861,6.02
FSM,1862,6.02
FSM,1863,6.02
FSM,1864,6.02
FSM,1865,6.02
FSM,1866,6.02
FSM,1867,6.02
FSM,1868,6.02
FSM,1869,6.02
FSM,1870,6.02
FSM,1871,6.02
FSM,1872,6.02
FSM,1873,6.02
FSM,1874,6.02
FSM,1875,6.02
FSM,1876,6.02
FSM,1877,6.02
FSM,1878,6.02
FSM,1879,6.02
FSM,1880,6.02
FSM,1881,6.02
FSM,1882,6.02
FSM,1883,6.02
FSM,1884,6.02
FSM,1885,6.02
FSM,1886,6.02
FSM,1887,6.02
FSM,1888,6.02
FSM,1889,6.02
FSM,1890,6.02
FSM,1891,6.02
FSM,1892,6.02
FSM,1893,6.02
FSM,1894,6.02
FSM,1895,6.02
FSM,1896,6.02
FSM,1897,6.02
FSM,1898,6.02
FSM,1899,6.02
FSM,1900,6.02
FSM,1901,6.02
FSM,1902,6.02
FSM,1903,6.02
FSM,1904,6.02
FSM,1905,6.02
FSM,1906,6.02
FSM,1907,6.02
FSM,1908,6.02
FSM,1909,6.02
FSM,1910,6.02
FSM,1911,6.02
FSM,1912,6.02
FSM,1913,6.02
FSM,1914,6.02
FSM,1915,6.02
FSM,1916,6.02
FSM,1917,6.02
FSM,1918,6.02
FSM,1919,6.02
FSM,1920,6.02
FSM,1921,6.02
FSM,1922,6.02
FSM,1923,6.02
FSM,1924,6.02
FSM,1925,6.02
FSM,1926,6.07
FSM,1927,6.12
FSM,1928,6.17
FSM,1929,6.23
FSM,1930,6.28
FSM,1931,6.33
FSM,1932,6.38
FSM,1933,6.43
FSM,1934,6.48
FSM,1935,6.53
FSM,1936,6.58
FSM,1937,6.64
FSM,1938,6.69
FSM,1939,6.74
FSM,1940,6.79
FSM,1941,6.84
FSM,1942,6.89
FSM,1943,6.94
FSM,1944,7
FSM,1945,7.05
FSM,1946,7.1
FSM,1947,7.15
FSM,1948,7.2
FSM,1949,7.25
FSM,1950,7.3
FSM,1951,7.28
FSM,1952,7.22
FSM,1953,7.17
FSM,1954,7.13
FSM,1955,7.09
FSM,1956,7.05
FSM,1957,7.01
FSM,1958,6.98
FSM,1959,6.96
FSM,1960,6.93
FSM,1961,6.92
FSM,1962,6.91
FSM,1963,6.9
FSM,1964,6.89
FSM,1965,6.89
FSM,1966,6.9
FSM,1967,6.91
FSM,1968,6.92
FSM,1969,6.94
FSM,1970,6.94
FSM,1971,6.93
FSM,1972,6.89
FSM,1973,6.84
FSM,1974,6.77
FSM,1975,6.68
FSM,1976,6.59
FSM,1977,6.49
FSM,1978,6.4
FSM,1979,6.31
FSM,1980,6.22
FSM,1981,6.13
FSM,1982,6.02
FSM,1983,5.89
FSM,1984,5.75
FSM,1985,5.6
FSM,1986,5.45
FSM,1987,5.3
FSM,1988,5.17
FSM,1989,5.05
FSM,1990,4.96
FSM,1991,4.88
FSM,1992,4.82
FSM,1993,4.77
FSM,1994,4.72
FSM,1995,4.66
FSM,1996,4.61
FSM,1997,4.54
FSM,1998,4.47
FSM,1999,4.39
FSM,2000,4.3
FSM,2001,4.2
FSM,2002,4.11
FSM,2003,4.01
FSM,2004,3.91
FSM,2005,3.82
FSM,2006,3.74
FSM,2007,3.66
FSM,2008,3.59
FSM,2009,3.52
FSM,2010,3.46
FSM,2011,3.4
FSM,2012,3.35
FSM,2013,3.29
FSM,2014,3.24
FSM,2015,3.19
MDA,1800,6.39
MDA,1801,6.39
MDA,1802,6.39
MDA,1803,6.39
MDA,1804,6.39
MDA,1805,6.39
MDA,1806,6.39
MDA,1807,6.39
MDA,1808,6.39
MDA,1809,6.39
MDA,1810,6.39
MDA,1811,6.39
MDA,1812,6.39
MDA,1813,6.39
MDA,1814,6.39
MDA,1815,6.39
MDA,1816,6.39
MDA,1817,6.39
MDA,1818,6.39
MDA,1819,6.39
MDA,1820,6.39
MDA,1821,6.39
MDA,1822,6.39
MDA,1823,6.39
MDA,1824,6.39
MDA,1825,6.39
MDA,1826,6.39
MDA,1827,6.39
MDA,1828,6.39
MDA,1829,6.39
MDA,1830,6.39
MDA,1831,6.39
MDA,1832,6.39
MDA,1833,6.39
MDA,1834,6.39
MDA,1835,6.39
MDA,1836,6.39
MDA,1837,6.39
MDA,1838,6.39
MDA,1839,6.39
MDA,1840,6.39
MDA,1841,6.39
MDA,1842,6.39
MDA,1843,6.39
MDA,1844,6.39
MDA,1845,6.39
MDA,1846,6.39
MDA,1847,6.39
MDA,1848,6.39
MDA,1849,6.39
MDA,1850,6.39
MDA,1851,6.39
MDA,1852,6.39
MDA,1853,6.39
MDA,1854,6.39
MDA,1855,6.39
MDA,1856,6.39
MDA,1857,6.39
MDA,1858,6.39
MDA,1859,6.39
MDA,1860,6.39
MDA,1861,6.39
MDA,1862,6.39
MDA,1863,6.39
MDA,1864,6.39
MDA,1865,6.39
MDA,1866,6.39
MDA,1867,6.39
MDA,1868,6.39
MDA,1869,6.39
MDA,1870,6.39
MDA,1871,6.39
MDA,1872,6.39
MDA,1873,6.39
MDA,1874,6.39
MDA,1875,6.39
MDA,1876,6.39
MDA,1877,6.39
MDA,1878,6.39
MDA,1879,6.39
MDA,1880,6.39
MDA,1881,6.39
MDA,1882,6.39
MDA,1883,6.39
MDA,1884,6.39
MDA,1885,6.39
MDA,1886,6.39
MDA,1887,6.39
MDA,1888,6.39
MDA,1889,6.39
MDA,1890,6.39
MDA,1891,6.39
MDA,1892,6.39
MDA,1893,6.39
MDA,1894,6.39
MDA,1895,6.39
MDA,1896,6.39
MDA,1897,6.39
MDA,1898,6.37
MDA,1899,6.34
MDA,1900,6.31
MDA,1901,6.28
MDA,1902,6.25
MDA,1903,6.22
MDA,1904,6.2
MDA,1905,6.17
MDA,1906,6.14
MDA,1907,6.11
MDA,1908,6.08
MDA,1909,6.05
MDA,1910,6.03
MDA,1911,6
MDA,1912,5.97
MDA,1913,5.94
MDA,1914,5.91
MDA,1915,5.88
MDA,1916,5.86
MDA,1917,5.83
MDA,1918,5.8
MDA,1919,5.77
MDA,1920,5.74
MDA,1921,5.71
MDA,1922,5.69
MDA,1923,5.66
MDA,1924,5.63
MDA,1925,5.6
MDA,1926,5.57
MDA,1927,5.42
MDA,1928,5.26
MDA,1929,5.1
MDA,1930,4.95
MDA,1931,4.79
MDA,1932,4.63
MDA,1933,4.48
MDA,1934,4.32
MDA,1935,4.17
MDA,1936,4.01
MDA,1937,3.85
MDA,1938,3.7
MDA,1939,3.54
MDA,1940,3.38
MDA,1941,3.39
MDA,1942,3.4
MDA,1943,3.41
MDA,1944,3.42
MDA,1945,3.43
MDA,1946,3.44
MDA,1947,3.45
MDA,1948,3.46
MDA,1949,3.47
MDA,1950,3.48
MDA,1951,3.49
MDA,1952,3.5
MDA,1953,3.51
MDA,1954,3.51
MDA,1955,3.5
MDA,1956,3.49
MDA,1957,3.46
MDA,1958,3.43
MDA,1959,3.38
MDA,1960,3.33
MDA,1961,3.26
MDA,1962,3.18
MDA,1963,3.09
MDA,1964,2.99
MDA,1965,2.89
MDA,1966,2.8
MDA,1967,2.72
MDA,1968,2.66
MDA,1969,2.61
MDA,1970,2.58
MDA,1971,2.56
MDA,1972,2.54
MDA,1973,2.52
MDA,1974,2.5
MDA,1975,2.48
MDA,1976,2.47
MDA,1977,2.46
MDA,1978,2.45
MDA,1979,2.46
MDA,1980,2.48
MDA,1981,2.51
MDA,1982,2.55
MDA,1983,2.59
MDA,1984,2.62
MDA,1985,2.64
MDA,1986,2.65
MDA,1987,2.63
MDA,1988,2.58
MDA,1989,2.51
MDA,1990,2.41
MDA,1991,2.31
MDA,1992,2.19
MDA,1993,2.08
MDA,1994,1.98
MDA,1995,1.88
MDA,1996,1.8
MDA,1997,1.73
MDA,1998,1.67
MDA,1999,1.61
MDA,2000,1.57
MDA,2001,1.54
MDA,2002,1.51
MDA,2003,1.5
MDA,2004,1.49
MDA,2005,1.49
MDA,2006,1.49
MDA,2007,1.49
MDA,2008,1.49
MDA,2009,1.48
MDA,2010,1.48
MDA,2011,1.47
MDA,2012,1.46
MDA,2013,1.46
MDA,2014,1.45
MDA,2015,1.45
MNG,1800,5.94
MNG,1801,5.94
MNG,1802,5.94
MNG,1803,5.94
MNG,1804,5.94
MNG,1805,5.94
MNG,1806,5.94
MNG,1807,5.94
MNG,1808,5.94
MNG,1809,5.94
MNG,1810,5.94
MNG,1811,5.94
MNG,1812,5.94
MNG,1813,5.94
MNG,1814,5.94
MNG,1815,5.94
MNG,1816,5.94
MNG,1817,5.94
MNG,1818,5.94
MNG,1819,5.94
MNG,1820,5.94
MNG,1821,5.94
MNG,1822,5.94
MNG,1823,5.94
MNG,1824,5.94
MNG,1825,5.94
MNG,1826,5.94
MNG,1827,5.94
MNG,1828,5.94
MNG,1829,5.94
MNG,1830,5.94
MNG,1831,5.94
MNG,1832,5.94
MNG,1833,5.94
MNG,1834,5.94
MNG,1835,5.94
MNG,1836,5.94
MNG,1837,5.94
MNG,1838,5.94
MNG,1839,5.94
MNG,1840,5.94
MNG,1841,5.94
MNG,1842,5.94
MNG,1843,5.94
MNG,1844,5.94
MNG,1845,5.94
MNG,1846,5.94
MNG,1847,5.94
MNG,1848,5.94
MNG,1849,5.94
MNG,1850,5.94
MNG,1851,5.94
MNG,1852,5.94
MNG,1853,5.94
MNG,1854,5.94
MNG,1855,5.94
MNG,1856,5.94
MNG,1857,5.94
MNG,1858,5.94
MNG,1859,5.94
MNG,1860,5.94
MNG,1861,5.94
MNG,1862,5.94
MNG,1863,5.94
MNG,1864,5.94
MNG,1865,5.94
MNG,1866,5.94
MNG,1867,5.94
MNG,1868,5.94
MNG,1869,5.94
MNG,1870,5.94
MNG,1871,5.94
MNG,1872,5.94
MNG,1873,5.94
MNG,1874,5.94
MNG,1875,5.94
MNG,1876,5.94
MNG,1877,5.94
MNG,1878,5.94
MNG,1879,5.94
MNG,1880,5.94
MNG,1881,5.94
MNG,1882,5.94
MNG,1883,5.94
MNG,1884,5.94
MNG,1885,5.94
MNG,1886,5.94
MNG,1887,5.94
MNG,1888,5.94
MNG,1889,5.94
MNG,1890,5.94
MNG,1891,5.94
MNG,1892,5.94
MNG,1893,5.94
MNG,1894,5.94
MNG,1895,5.94
MNG,1896,5.94
MNG,1897,5.94
MNG,1898,5.94
MNG,1899,5.94
MNG,1900,5.94
MNG,1901,5.94
MNG,1902,5.94
MNG,1903,5.94
MNG,1904,5.94
MNG,1905,5.94
MNG,1906,5.94
MNG,1907,5.94
MNG,1908,5.94
MNG,1909,5.94
MNG,1910,5.94
MNG,1911,5.94
MNG,1912,5.94
MNG,1913,5.94
MNG,1914,5.94
MNG,1915,5.94
MNG,1916,5.94
MNG,1917,5.94
MNG,1918,5.94
MNG,1919,5.94
MNG,1920,5.94
MNG,1921,5.94
MNG,1922,5.94
MNG,1923,5.94
MNG,1924,5.94
MNG,1925,5.94
MNG,1926,5.92
MNG,1927,5.9
MNG,1928,5.89
MNG,1929,5.87
MNG,1930,5.85
MNG,1931,5.83
MNG,1932,5.82
MNG,1933,5.8
MNG,1934,5.78
MNG,1935,5.76
MNG,1936,5.75
MNG,1937,5.73
MNG,1938,5.71
MNG,1939,5.69
MNG,1940,5.67
MNG,1941,5.66
MNG,1942,5.64
MNG,1943,5.62
MNG,1944,5.6
MNG,1945,5.59
MNG,1946,5.57
MNG,1947,5.55
MNG,1948,5.53
MNG,1949,5.51
MNG,1950,5.5
MNG,1951,5.5
MNG,1952,5.54
MNG,1953,5.61
MNG,1954,5.71
MNG,1955,5.86
MNG,1956,6.04
MNG,1957,6.25
MNG,1958,6.48
MNG,1959,6.72
MNG,1960,6.95
MNG,1961,7.17
MNG,1962,7.35
MNG,1963,7.48
MNG,1964,7.56
MNG,1965,7.59
MNG,1966,7.6
MNG,1967,7.59
MNG,1968,7.58
MNG,1969,7.58
MNG,1970,7.57
MNG,1971,7.55
MNG,1972,7.5
MNG,1973,7.41
MNG,1974,7.29
MNG,1975,7.14
MNG,1976,6.97
MNG,1977,6.78
MNG,1978,6.59
MNG,1979,6.4
MNG,1980,6.21
MNG,1981,6.03
MNG,1982,5.86
MNG,1983,5.7
MNG,1984,5.53
MNG,1985,5.35
MNG,1986,5.14
MNG,1987,4.91
MNG,1988,4.64
MNG,1989,4.36
MNG,1990,4.05
MNG,1991,3.75
MNG,1992,3.45
MNG,1993,3.18
MNG,1994,2.94
MNG,1995,2.74
MNG,1996,2.57
MNG,1997,2.43
MNG,1998,2.31
MNG,1999,2.22
MNG,2000,2.14
MNG,2001,2.1
MNG,2002,2.09
MNG,2003,2.1
MNG,2004,2.14
MNG,2005,2.19
MNG,2006,2.25
MNG,2007,2.32
MNG,2008,2.37
MNG,2009,2.41
MNG,2010,2.44
MNG,2011,2.45
MNG,2012,2.45
MNG,2013,2.44
MNG,2014,2.42
MNG,2015,2.4
MNE,1800,5.9
MNE,1801,5.9
MNE,1802,5.9
MNE,1803,5.9
MNE,1804,5.9
MNE,1805,5.9
MNE,1806,5.9
MNE,1807,5.9
MNE,1808,5.9
MNE,1809,5.9
MNE,1810,5.9
MNE,1811,5.9
MNE,1812,5.9
MNE,1813,5.9
MNE,1814,5.9
MNE,1815,5.9
MNE,1816,5.9
MNE,1817,5.9
MNE,1818,5.9
MNE,1819,5.9
MNE,1820,5.9
MNE,1821,5.9
MNE,1822,5.9
MNE,1823,5.9
MNE,1824,5.9
MNE,1825,5.9
MNE,1826,5.9
MNE,1827,5.9
MNE,1828,5.9
MNE,1829,5.9
MNE,1830,5.9
MNE,1831,5.9
MNE,1832,5.9
MNE,1833,5.9
MNE,1834,5.9
MNE,1835,5.9
MNE,1836,5.9
MNE,1837,5.9
MNE,1838,5.9
MNE,1839,5.9
MNE,1840,5.9
MNE,1841,5.9
MNE,1842,5.9
MNE,1843,5.9
MNE,1844,5.9
MNE,1845,5.9
MNE,1846,5.9
MNE,1847,5.9
MNE,1848,5.9
MNE,1849,5.9
MNE,1850,5.9
MNE,1851,5.86
MNE,1852,5.82
MNE,1853,5.78
MNE,1854,5.73
MNE,1855,5.69
MNE,1856,5.65
MNE,1857,5.61
MNE,1858,5.57
MNE,1859,5.53
MNE,1860,5.48
MNE,1861,5.44
MNE,1862,5.4
MNE,1863,5.4
MNE,1864,5.39
MNE,1865,5.39
MNE,1866,5.38
MNE,1867,5.38
MNE,1868,5.38
MNE,1869,5.37
MNE,1870,5.37
MNE,1871,5.36
MNE,1872,5.36
MNE,1873,5.35
MNE,1874,5.35
MNE,1875,5.35
MNE,1876,5.34
MNE,1877,5.34
MNE,1878,5.33
MNE,1879,5.33
MNE,1880,5.33
MNE,1881,5.32
MNE,1882,5.32
MNE,1883,5.31
MNE,1884,5.31
MNE,1885,5.3
MNE,1886,5.3
MNE,1887,5.3
MNE,1888,5.29
MNE,1889,5.29
MNE,1890,5.28
MNE,1891,5.28
MNE,1892,5.28
MNE,1893,5.27
MNE,1894,5.27
MNE,1895,5.26
MNE,1896,5.26
MNE,1897,5.25
MNE,1898,5.25
MNE,1899,5.25
MNE,1900,5.24
MNE,1901,5.24
MNE,1902,5.23
MNE,1903,5.23
MNE,1904,5.23
MNE,1905,5.22
MNE,1906,5.22
MNE,1907,5.21
MNE,1908,5.21
MNE,1909,5.2
MNE,1910,5.2
MNE,1911,5.17
MNE,1912,5.14
MNE,1913,5.12
MNE,1914,5.09
MNE,1915,5.06
MNE,1916,5.03
MNE,1917,5
MNE,1918,4.98
MNE,1919,4.95
MNE,1920,4.92
MNE,1921,4.89
MNE,1922,4.86
MNE,1923,4.84
MNE,1924,4.81
MNE,1925,4.78
MNE,1926,4.75
MNE,1927,4.72
MNE,1928,4.7
MNE,1929,4.67
MNE,1930,4.64
MNE,1931,4.61
MNE,1932,4.58
MNE,1933,4.56
MNE,1934,4.53
MNE,1935,4.5
MNE,1936,4.47
MNE,1937,4.44
MNE,1938,4.42
MNE,1939,4.39
MNE,1940,4.36
MNE,1941,4.33
MNE,1942,4.3
MNE,1943,4.28
MNE,1944,4.25
MNE,1945,4.22
MNE,1946,4.19
MNE,1947,4.16
MNE,1948,4.14
MNE,1949,4.11
MNE,1950,4.08
MNE,1951,4.07
MNE,1952,4.05
MNE,1953,4.02
MNE,1954,3.98
MNE,1955,3.93
MNE,1956,3.86
MNE,1957,3.79
MNE,1958,3.71
MNE,1959,3.62
MNE,1960,3.52
MNE,1961,3.42
MNE,1962,3.31
MNE,1963,3.2
MNE,1964,3.09
MNE,1965,2.99
MNE,1966,2.91
MNE,1967,2.83
MNE,1968,2.77
MNE,1969,2.73
MNE,1970,2.69
MNE,1971,2.66
MNE,1972,2.63
MNE,1973,2.59
MNE,1974,2.55
MNE,1975,2.5
MNE,1976,2.45
MNE,1977,2.4
MNE,1978,2.35
MNE,1979,2.31
MNE,1980,2.27
MNE,1981,2.23
MNE,1982,2.19
MNE,1983,2.15
MNE,1984,2.1
MNE,1985,2.06
MNE,1986,2.02
MNE,1987,1.98
MNE,1988,1.94
MNE,1989,1.9
MNE,1990,1.87
MNE,1991,1.84
MNE,1992,1.83
MNE,1993,1.82
MNE,1994,1.81
MNE,1995,1.82
MNE,1996,1.82
MNE,1997,1.82
MNE,1998,1.83
MNE,1999,1.82
MNE,2000,1.82
MNE,2001,1.8
MNE,2002,1.79
MNE,2003,1.78
MNE,2004,1.77
MNE,2005,1.76
MNE,2006,1.75
MNE,2007,1.73
MNE,2008,1.72
MNE,2009,1.71
MNE,2010,1.7
MNE,2011,1.69
MNE,2012,1.68
MNE,2013,1.67
MNE,2014,1.66
MNE,2015,1.65
MAR,1800,6.5
MAR,1801,6.5
MAR,1802,6.5
MAR,1803,6.5
MAR,1804,6.5
MAR,1805,6.5
MAR,1806,6.5
MAR,1807,6.5
MAR,1808,6.5
MAR,1809,6.5
MAR,1810,6.5
MAR,1811,6.5
MAR,1812,6.5
MAR,1813,6.5
MAR,1814,6.5
MAR,1815,6.5
MAR,1816,6.5
MAR,1817,6.5
MAR,1818,6.5
MAR,1819,6.5
MAR,1820,6.5
MAR,1821,6.5
MAR,1822,6.5
MAR,1823,6.5
MAR,1824,6.5
MAR,1825,6.5
MAR,1826,6.5
MAR,1827,6.5
MAR,1828,6.5
MAR,1829,6.5
MAR,1830,6.5
MAR,1831,6.5
MAR,1832,6.5
MAR,1833,6.5
MAR,1834,6.5
MAR,1835,6.5
MAR,1836,6.5
MAR,1837,6.5
MAR,1838,6.5
MAR,1839,6.5
MAR,1840,6.5
MAR,1841,6.5
MAR,1842,6.5
MAR,1843,6.5
MAR,1844,6.5
MAR,1845,6.5
MAR,1846,6.5
MAR,1847,6.5
MAR,1848,6.5
MAR,1849,6.5
MAR,1850,6.5
MAR,1851,6.5
MAR,1852,6.5
MAR,1853,6.5
MAR,1854,6.5
MAR,1855,6.5
MAR,1856,6.5
MAR,1857,6.5
MAR,1858,6.5
MAR,1859,6.5
MAR,1860,6.5
MAR,1861,6.5
MAR,1862,6.5
MAR,1863,6.5
MAR,1864,6.5
MAR,1865,6.5
MAR,1866,6.5
MAR,1867,6.5
MAR,1868,6.5
MAR,1869,6.5
MAR,1870,6.5
MAR,1871,6.5
MAR,1872,6.5
MAR,1873,6.5
MAR,1874,6.5
MAR,1875,6.5
MAR,1876,6.5
MAR,1877,6.5
MAR,1878,6.5
MAR,1879,6.5
MAR,1880,6.5
MAR,1881,6.5
MAR,1882,6.5
MAR,1883,6.5
MAR,1884,6.5
MAR,1885,6.5
MAR,1886,6.5
MAR,1887,6.5
MAR,1888,6.5
MAR,1889,6.5
MAR,1890,6.5
MAR,1891,6.5
MAR,1892,6.5
MAR,1893,6.5
MAR,1894,6.5
MAR,1895,6.5
MAR,1896,6.5
MAR,1897,6.5
MAR,1898,6.5
MAR,1899,6.5
MAR,1900,6.5
MAR,1901,6.5
MAR,1902,6.5
MAR,1903,6.5
MAR,1904,6.5
MAR,1905,6.5
MAR,1906,6.5
MAR,1907,6.5
MAR,1908,6.5
MAR,1909,6.5
MAR,1910,6.5
MAR,1911,6.5
MAR,1912,6.5
MAR,1913,6.5
MAR,1914,6.5
MAR,1915,6.5
MAR,1916,6.5
MAR,1917,6.5
MAR,1918,6.5
MAR,1919,6.5
MAR,1920,6.5
MAR,1921,6.5
MAR,1922,6.5
MAR,1923,6.5
MAR,1924,6.5
MAR,1925,6.5
MAR,1926,6.5
MAR,1927,6.5
MAR,1928,6.5
MAR,1929,6.5
MAR,1930,6.5
MAR,1931,6.5
MAR,1932,6.5
MAR,1933,6.5
MAR,1934,6.5
MAR,1935,6.5
MAR,1936,6.5
MAR,1937,6.5
MAR,1938,6.5
MAR,1939,6.5
MAR,1940,6.5
MAR,1941,6.5
MAR,1942,6.5
MAR,1943,6.5
MAR,1944,6.5
MAR,1945,6.5
MAR,1946,6.5
MAR,1947,6.5
MAR,1948,6.5
MAR,1949,6.5
MAR,1950,6.5
MAR,1951,6.53
MAR,1952,6.58
MAR,1953,6.63
MAR,1954,6.69
MAR,1955,6.76
MAR,1956,6.82
MAR,1957,6.89
MAR,1958,6.95
MAR,1959,7.01
MAR,1960,7.07
MAR,1961,7.11
MAR,1962,7.13
MAR,1963,7.14
MAR,1964,7.12
MAR,1965,7.08
MAR,1966,7.02
MAR,1967,6.95
MAR,1968,6.87
MAR,1969,6.78
MAR,1970,6.69
MAR,1971,6.59
MAR,1972,6.49
MAR,1973,6.38
MAR,1974,6.27
MAR,1975,6.17
MAR,1976,6.07
MAR,1977,5.97
MAR,1978,5.88
MAR,1979,5.78
MAR,1980,5.68
MAR,1981,5.57
MAR,1982,5.44
MAR,1983,5.29
MAR,1984,5.12
MAR,1985,4.94
MAR,1986,4.75
MAR,1987,4.57
MAR,1988,4.39
MAR,1989,4.22
MAR,1990,4.06
MAR,1991,3.91
MAR,1992,3.76
MAR,1993,3.61
MAR,1994,3.46
MAR,1995,3.31
MAR,1996,3.17
MAR,1997,3.03
MAR,1998,2.91
MAR,1999,2.8
MAR,2000,2.7
MAR,2001,2.61
MAR,2002,2.54
MAR,2003,2.47
MAR,2004,2.42
MAR,2005,2.39
MAR,2006,2.38
MAR,2007,2.4
MAR,2008,2.44
MAR,2009,2.51
MAR,2010,2.58
MAR,2011,2.65
MAR,2012,2.71
MAR,2013,2.74
MAR,2014,2.74
MAR,2015,2.71
MOZ,1800,6.63
MOZ,1801,6.63
MOZ,1802,6.63
MOZ,1803,6.63
MOZ,1804,6.63
MOZ,1805,6.63
MOZ,1806,6.63
MOZ,1807,6.63
MOZ,1808,6.63
MOZ,1809,6.63
MOZ,1810,6.63
MOZ,1811,6.63
MOZ,1812,6.63
MOZ,1813,6.63
MOZ,1814,6.63
MOZ,1815,6.63
MOZ,1816,6.63
MOZ,1817,6.63
MOZ,1818,6.63
MOZ,1819,6.63
MOZ,1820,6.63
MOZ,1821,6.63
MOZ,1822,6.63
MOZ,1823,6.63
MOZ,1824,6.63
MOZ,1825,6.63
MOZ,1826,6.63
MOZ,1827,6.63
MOZ,1828,6.63
MOZ,1829,6.63
MOZ,1830,6.63
MOZ,1831,6.63
MOZ,1832,6.63
MOZ,1833,6.63
MOZ,1834,6.63
MOZ,1835,6.63
MOZ,1836,6.63
MOZ,1837,6.63
MOZ,1838,6.63
MOZ,1839,6.63
MOZ,1840,6.63
MOZ,1841,6.63
MOZ,1842,6.63
MOZ,1843,6.63
MOZ,1844,6.63
MOZ,1845,6.63
MOZ,1846,6.63
MOZ,1847,6.63
MOZ,1848,6.63
MOZ,1849,6.63
MOZ,1850,6.63
MOZ,1851,6.63
MOZ,1852,6.63
MOZ,1853,6.63
MOZ,1854,6.63
MOZ,1855,6.63
MOZ,1856,6.63
MOZ,1857,6.63
MOZ,1858,6.63
MOZ,1859,6.63
MOZ,1860,6.63
MOZ,1861,6.63
MOZ,1862,6.63
MOZ,1863,6.63
MOZ,1864,6.63
MOZ,1865,6.63
MOZ,1866,6.63
MOZ,1867,6.63
MOZ,1868,6.63
MOZ,1869,6.63
MOZ,1870,6.63
MOZ,1871,6.63
MOZ,1872,6.63
MOZ,1873,6.63
MOZ,1874,6.63
MOZ,1875,6.63
MOZ,1876,6.63
MOZ,1877,6.63
MOZ,1878,6.63
MOZ,1879,6.63
MOZ,1880,6.63
MOZ,1881,6.63
MOZ,1882,6.63
MOZ,1883,6.63
MOZ,1884,6.63
MOZ,1885,6.63
MOZ,1886,6.63
MOZ,1887,6.63
MOZ,1888,6.63
MOZ,1889,6.63
MOZ,1890,6.63
MOZ,1891,6.63
MOZ,1892,6.63
MOZ,1893,6.63
MOZ,1894,6.63
MOZ,1895,6.63
MOZ,1896,6.63
MOZ,1897,6.63
MOZ,1898,6.63
MOZ,1899,6.63
MOZ,1900,6.63
MOZ,1901,6.63
MOZ,1902,6.63
MOZ,1903,6.63
MOZ,1904,6.63
MOZ,1905,6.63
MOZ,1906,6.63
MOZ,1907,6.63
MOZ,1908,6.63
MOZ,1909,6.63
MOZ,1910,6.63
MOZ,1911,6.63
MOZ,1912,6.63
MOZ,1913,6.63
MOZ,1914,6.63
MOZ,1915,6.63
MOZ,1916,6.63
MOZ,1917,6.63
MOZ,1918,6.63
MOZ,1919,6.63
MOZ,1920,6.63
MOZ,1921,6.63
MOZ,1922,6.63
MOZ,1923,6.63
MOZ,1924,6.63
MOZ,1925,6.63
MOZ,1926,6.63
MOZ,1927,6.63
MOZ,1928,6.63
MOZ,1929,6.63
MOZ,1930,6.62
MOZ,1931,6.62
MOZ,1932,6.62
MOZ,1933,6.62
MOZ,1934,6.62
MOZ,1935,6.62
MOZ,1936,6.62
MOZ,1937,6.62
MOZ,1938,6.61
MOZ,1939,6.61
MOZ,1940,6.61
MOZ,1941,6.61
MOZ,1942,6.61
MOZ,1943,6.61
MOZ,1944,6.61
MOZ,1945,6.61
MOZ,1946,6.6
MOZ,1947,6.6
MOZ,1948,6.6
MOZ,1949,6.6
MOZ,1950,6.6
MOZ,1951,6.6
MOZ,1952,6.6
MOZ,1953,6.6
MOZ,1954,6.6
MOZ,1955,6.6
MOZ,1956,6.6
MOZ,1957,6.6
MOZ,1958,6.6
MOZ,1959,6.6
MOZ,1960,6.6
MOZ,1961,6.6
MOZ,1962,6.6
MOZ,1963,6.6
MOZ,1964,6.6
MOZ,1965,6.6
MOZ,1966,6.6
MOZ,1967,6.6
MOZ,1968,6.6
MOZ,1969,6.6
MOZ,1970,6.59
MOZ,1971,6.59
MOZ,1972,6.58
MOZ,1973,6.57
MOZ,1974,6.56
MOZ,1975,6.55
MOZ,1976,6.54
MOZ,1977,6.53
MOZ,1978,6.52
MOZ,1979,6.51
MOZ,1980,6.49
MOZ,1981,6.47
MOZ,1982,6.46
MOZ,1983,6.44
MOZ,1984,6.42
MOZ,1985,6.4
MOZ,1986,6.37
MOZ,1987,6.35
MOZ,1988,6.31
MOZ,1989,6.28
MOZ,1990,6.24
MOZ,1991,6.19
MOZ,1992,6.14
MOZ,1993,6.09
MOZ,1994,6.03
MOZ,1995,5.98
MOZ,1996,5.93
MOZ,1997,5.88
MOZ,1998,5.84
MOZ,1999,5.81
MOZ,2000,5.78
MOZ,2001,5.76
MOZ,2002,5.74
MOZ,2003,5.72
MOZ,2004,5.7
MOZ,2005,5.67
MOZ,2006,5.63
MOZ,2007,5.59
MOZ,2008,5.54
MOZ,2009,5.48
MOZ,2010,5.41
MOZ,2011,5.34
MOZ,2012,5.26
MOZ,2013,5.19
MOZ,2014,5.11
MOZ,2015,5.04
MMR,1800,6.03
MMR,1801,6.03
MMR,1802,6.03
MMR,1803,6.03
MMR,1804,6.03
MMR,1805,6.03
MMR,1806,6.03
MMR,1807,6.03
MMR,1808,6.03
MMR,1809,6.03
MMR,1810,6.03
MMR,1811,6.03
MMR,1812,6.03
MMR,1813,6.03
MMR,1814,6.03
MMR,1815,6.03
MMR,1816,6.03
MMR,1817,6.03
MMR,1818,6.03
MMR,1819,6.03
MMR,1820,6.03
MMR,1821,6.03
MMR,1822,6.03
MMR,1823,6.03
MMR,1824,6.03
MMR,1825,6.03
MMR,1826,6.03
MMR,1827,6.03
MMR,1828,6.03
MMR,1829,6.03
MMR,1830,6.03
MMR,1831,6.03
MMR,1832,6.03
MMR,1833,6.03
MMR,1834,6.03
MMR,1835,6.03
MMR,1836,6.03
MMR,1837,6.03
MMR,1838,6.03
MMR,1839,6.03
MMR,1840,6.03
MMR,1841,6.03
MMR,1842,6.03
MMR,1843,6.03
MMR,1844,6.03
MMR,1845,6.03
MMR,1846,6.03
MMR,1847,6.03
MMR,1848,6.03
MMR,1849,6.03
MMR,1850,6.03
MMR,1851,6.03
MMR,1852,6.03
MMR,1853,6.03
MMR,1854,6.03
MMR,1855,6.03
MMR,1856,6.03
MMR,1857,6.03
MMR,1858,6.03
MMR,1859,6.03
MMR,1860,6.03
MMR,1861,6.03
MMR,1862,6.03
MMR,1863,6.03
MMR,1864,6.03
MMR,1865,6.03
MMR,1866,6.03
MMR,1867,6.03
MMR,1868,6.03
MMR,1869,6.03
MMR,1870,6.03
MMR,1871,6.03
MMR,1872,6.03
MMR,1873,6.03
MMR,1874,6.03
MMR,1875,6.03
MMR,1876,6.03
MMR,1877,6.03
MMR,1878,6.03
MMR,1879,6.03
MMR,1880,6.03
MMR,1881,6.03
MMR,1882,6.03
MMR,1883,6.03
MMR,1884,6.03
MMR,1885,6.03
MMR,1886,6.03
MMR,1887,6.03
MMR,1888,6.03
MMR,1889,6.03
MMR,1890,6.03
MMR,1891,6.03
MMR,1892,6.03
MMR,1893,6.03
MMR,1894,6.03
MMR,1895,6.03
MMR,1896,6.03
MMR,1897,6.03
MMR,1898,6.03
MMR,1899,6.03
MMR,1900,6.03
MMR,1901,6.03
MMR,1902,6.03
MMR,1903,6.03
MMR,1904,6.03
MMR,1905,6.03
MMR,1906,6.03
MMR,1907,6.03
MMR,1908,6.03
MMR,1909,6.03
MMR,1910,6.03
MMR,1911,6.03
MMR,1912,6.03
MMR,1913,6.03
MMR,1914,6.03
MMR,1915,6.03
MMR,1916,6.03
MMR,1917,6.03
MMR,1918,6.03
MMR,1919,6.03
MMR,1920,6.03
MMR,1921,6.03
MMR,1922,6.03
MMR,1923,6.03
MMR,1924,6.03
MMR,1925,6.03
MMR,1926,6.03
MMR,1927,6.03
MMR,1928,6.03
MMR,1929,6.03
MMR,1930,6.03
MMR,1931,6.03
MMR,1932,6.03
MMR,1933,6.03
MMR,1934,6.03
MMR,1935,6.03
MMR,1936,6.03
MMR,1937,6.03
MMR,1938,6.03
MMR,1939,6.03
MMR,1940,6.03
MMR,1941,6.03
MMR,1942,6.03
MMR,1943,6.03
MMR,1944,6.03
MMR,1945,6.03
MMR,1946,6.03
MMR,1947,6.03
MMR,1948,6.03
MMR,1949,6.03
MMR,1950,6.03
MMR,1951,6.02
MMR,1952,6
MMR,1953,5.99
MMR,1954,5.99
MMR,1955,5.99
MMR,1956,5.99
MMR,1957,6
MMR,1958,6.01
MMR,1959,6.03
MMR,1960,6.05
MMR,1961,6.07
MMR,1962,6.1
MMR,1963,6.12
MMR,1964,6.13
MMR,1965,6.14
MMR,1966,6.13
MMR,1967,6.11
MMR,1968,6.07
MMR,1969,6.02
MMR,1970,5.96
MMR,1971,5.88
MMR,1972,5.79
MMR,1973,5.69
MMR,1974,5.59
MMR,1975,5.49
MMR,1976,5.39
MMR,1977,5.29
MMR,1978,5.19
MMR,1979,5.1
MMR,1980,5
MMR,1981,4.89
MMR,1982,4.76
MMR,1983,4.62
MMR,1984,4.46
MMR,1985,4.28
MMR,1986,4.09
MMR,1987,3.91
MMR,1988,3.73
MMR,1989,3.57
MMR,1990,3.42
MMR,1991,3.28
MMR,1992,3.16
MMR,1993,3.05
MMR,1994,2.95
MMR,1995,2.85
MMR,1996,2.76
MMR,1997,2.68
MMR,1998,2.59
MMR,1999,2.51
MMR,2000,2.43
MMR,2001,2.35
MMR,2002,2.29
MMR,2003,2.23
MMR,2004,2.18
MMR,2005,2.14
MMR,2006,2.1
MMR,2007,2.08
MMR,2008,2.05
MMR,2009,2.03
MMR,2010,2
MMR,2011,1.98
MMR,2012,1.96
MMR,2013,1.94
MMR,2014,1.92
MMR,2015,1.9
NAM,1800,5.96
NAM,1801,5.96
NAM,1802,5.96
NAM,1803,5.96
NAM,1804,5.96
NAM,1805,5.96
NAM,1806,5.96
NAM,1807,5.96
NAM,1808,5.96
NAM,1809,5.96
NAM,1810,5.96
NAM,1811,5.96
NAM,1812,5.96
NAM,1813,5.96
NAM,1814,5.96
NAM,1815,5.96
NAM,1816,5.96
NAM,1817,5.96
NAM,1818,5.96
NAM,1819,5.96
NAM,1820,5.96
NAM,1821,5.96
NAM,1822,5.96
NAM,1823,5.96
NAM,1824,5.96
NAM,1825,5.96
NAM,1826,5.96
NAM,1827,5.96
NAM,1828,5.96
NAM,1829,5.96
NAM,1830,5.96
NAM,1831,5.96
NAM,1832,5.96
NAM,1833,5.96
NAM,1834,5.96
NAM,1835,5.96
NAM,1836,5.96
NAM,1837,5.96
NAM,1838,5.96
NAM,1839,5.96
NAM,1840,5.96
NAM,1841,5.96
NAM,1842,5.96
NAM,1843,5.96
NAM,1844,5.96
NAM,1845,5.96
NAM,1846,5.96
NAM,1847,5.96
NAM,1848,5.96
NAM,1849,5.96
NAM,1850,5.96
NAM,1851,5.96
NAM,1852,5.96
NAM,1853,5.96
NAM,1854,5.96
NAM,1855,5.96
NAM,1856,5.96
NAM,1857,5.96
NAM,1858,5.96
NAM,1859,5.96
NAM,1860,5.96
NAM,1861,5.96
NAM,1862,5.96
NAM,1863,5.96
NAM,1864,5.96
NAM,1865,5.96
NAM,1866,5.96
NAM,1867,5.96
NAM,1868,5.96
NAM,1869,5.96
NAM,1870,5.96
NAM,1871,5.96
NAM,1872,5.96
NAM,1873,5.96
NAM,1874,5.96
NAM,1875,5.96
NAM,1876,5.96
NAM,1877,5.96
NAM,1878,5.96
NAM,1879,5.96
NAM,1880,5.96
NAM,1881,5.96
NAM,1882,5.96
NAM,1883,5.96
NAM,1884,5.96
NAM,1885,5.96
NAM,1886,5.96
NAM,1887,5.96
NAM,1888,5.96
NAM,1889,5.96
NAM,1890,5.96
NAM,1891,5.96
NAM,1892,5.96
NAM,1893,5.96
NAM,1894,5.96
NAM,1895,5.96
NAM,1896,5.96
NAM,1897,5.96
NAM,1898,5.96
NAM,1899,5.96
NAM,1900,5.96
NAM,1901,5.96
NAM,1902,5.96
NAM,1903,5.96
NAM,1904,5.96
NAM,1905,5.96
NAM,1906,5.96
NAM,1907,5.96
NAM,1908,5.96
NAM,1909,5.96
NAM,1910,5.96
NAM,1911,5.96
NAM,1912,5.96
NAM,1913,5.96
NAM,1914,5.96
NAM,1915,5.96
NAM,1916,5.96
NAM,1917,5.96
NAM,1918,5.96
NAM,1919,5.96
NAM,1920,5.96
NAM,1921,5.96
NAM,1922,5.96
NAM,1923,5.96
NAM,1924,5.96
NAM,1925,5.96
NAM,1926,5.96
NAM,1927,5.96
NAM,1928,5.96
NAM,1929,5.96
NAM,1930,5.96
NAM,1931,5.96
NAM,1932,5.96
NAM,1933,5.96
NAM,1934,5.96
NAM,1935,5.96
NAM,1936,5.96
NAM,1937,5.96
NAM,1938,5.96
NAM,1939,5.96
NAM,1940,5.96
NAM,1941,5.96
NAM,1942,5.96
NAM,1943,5.96
NAM,1944,5.96
NAM,1945,5.96
NAM,1946,5.96
NAM,1947,5.96
NAM,1948,5.96
NAM,1949,5.96
NAM,1950,5.96
NAM,1951,5.97
NAM,1952,5.99
NAM,1953,6.01
NAM,1954,6.03
NAM,1955,6.05
NAM,1956,6.07
NAM,1957,6.09
NAM,1958,6.11
NAM,1959,6.13
NAM,1960,6.15
NAM,1961,6.17
NAM,1962,6.18
NAM,1963,6.2
NAM,1964,6.22
NAM,1965,6.24
NAM,1966,6.26
NAM,1967,6.3
NAM,1968,6.35
NAM,1969,6.4
NAM,1970,6.46
NAM,1971,6.52
NAM,1972,6.57
NAM,1973,6.61
NAM,1974,6.64
NAM,1975,6.65
NAM,1976,6.65
NAM,1977,6.62
NAM,1978,6.58
NAM,1979,6.52
NAM,1980,6.45
NAM,1981,6.36
NAM,1982,6.26
NAM,1983,6.15
NAM,1984,6.02
NAM,1985,5.89
NAM,1986,5.76
NAM,1987,5.63
NAM,1988,5.49
NAM,1989,5.36
NAM,1990,5.23
NAM,1991,5.1
NAM,1992,4.97
NAM,1993,4.84
NAM,1994,4.72
NAM,1995,4.59
NAM,1996,4.47
NAM,1997,4.35
NAM,1998,4.24
NAM,1999,4.13
NAM,2000,4.03
NAM,2001,3.94
NAM,2002,3.85
NAM,2003,3.76
NAM,2004,3.67
NAM,2005,3.59
NAM,2006,3.51
NAM,2007,3.44
NAM,2008,3.36
NAM,2009,3.3
NAM,2010,3.23
NAM,2011,3.17
NAM,2012,3.11
NAM,2013,3.05
NAM,2014,3
NAM,2015,2.95
NPL,1800,6.15
NPL,1801,6.15
NPL,1802,6.15
NPL,1803,6.15
NPL,1804,6.15
NPL,1805,6.15
NPL,1806,6.15
NPL,1807,6.15
NPL,1808,6.15
NPL,1809,6.15
NPL,1810,6.15
NPL,1811,6.15
NPL,1812,6.15
NPL,1813,6.15
NPL,1814,6.15
NPL,1815,6.15
NPL,1816,6.15
NPL,1817,6.15
NPL,1818,6.15
NPL,1819,6.15
NPL,1820,6.15
NPL,1821,6.15
NPL,1822,6.15
NPL,1823,6.15
NPL,1824,6.15
NPL,1825,6.15
NPL,1826,6.15
NPL,1827,6.15
NPL,1828,6.15
NPL,1829,6.15
NPL,1830,6.15
NPL,1831,6.15
NPL,1832,6.15
NPL,1833,6.15
NPL,1834,6.15
NPL,1835,6.15
NPL,1836,6.15
NPL,1837,6.15
NPL,1838,6.15
NPL,1839,6.15
NPL,1840,6.15
NPL,1841,6.15
NPL,1842,6.15
NPL,1843,6.15
NPL,1844,6.15
NPL,1845,6.15
NPL,1846,6.15
NPL,1847,6.15
NPL,1848,6.15
NPL,1849,6.15
NPL,1850,6.15
NPL,1851,6.15
NPL,1852,6.15
NPL,1853,6.15
NPL,1854,6.15
NPL,1855,6.15
NPL,1856,6.15
NPL,1857,6.15
NPL,1858,6.15
NPL,1859,6.15
NPL,1860,6.15
NPL,1861,6.15
NPL,1862,6.15
NPL,1863,6.15
NPL,1864,6.15
NPL,1865,6.15
NPL,1866,6.15
NPL,1867,6.15
NPL,1868,6.15
NPL,1869,6.15
NPL,1870,6.15
NPL,1871,6.15
NPL,1872,6.15
NPL,1873,6.15
NPL,1874,6.15
NPL,1875,6.15
NPL,1876,6.15
NPL,1877,6.15
NPL,1878,6.15
NPL,1879,6.15
NPL,1880,6.15
NPL,1881,6.15
NPL,1882,6.15
NPL,1883,6.15
NPL,1884,6.15
NPL,1885,6.15
NPL,1886,6.15
NPL,1887,6.15
NPL,1888,6.15
NPL,1889,6.15
NPL,1890,6.15
NPL,1891,6.15
NPL,1892,6.15
NPL,1893,6.15
NPL,1894,6.15
NPL,1895,6.15
NPL,1896,6.15
NPL,1897,6.15
NPL,1898,6.15
NPL,1899,6.15
NPL,1900,6.15
NPL,1901,6.15
NPL,1902,6.15
NPL,1903,6.15
NPL,1904,6.15
NPL,1905,6.15
NPL,1906,6.15
NPL,1907,6.15
NPL,1908,6.15
NPL,1909,6.15
NPL,1910,6.15
NPL,1911,6.15
NPL,1912,6.15
NPL,1913,6.15
NPL,1914,6.15
NPL,1915,6.15
NPL,1916,6.15
NPL,1917,6.15
NPL,1918,6.15
NPL,1919,6.15
NPL,1920,6.15
NPL,1921,6.15
NPL,1922,6.15
NPL,1923,6.15
NPL,1924,6.15
NPL,1925,6.15
NPL,1926,6.14
NPL,1927,6.14
NPL,1928,6.13
NPL,1929,6.12
NPL,1930,6.12
NPL,1931,6.11
NPL,1932,6.11
NPL,1933,6.1
NPL,1934,6.09
NPL,1935,6.09
NPL,1936,6.08
NPL,1937,6.07
NPL,1938,6.07
NPL,1939,6.06
NPL,1940,6.06
NPL,1941,6.05
NPL,1942,6.04
NPL,1943,6.04
NPL,1944,6.03
NPL,1945,6.02
NPL,1946,6.02
NPL,1947,6.01
NPL,1948,6
NPL,1949,6
NPL,1950,5.99
NPL,1951,5.99
NPL,1952,5.99
NPL,1953,5.99
NPL,1954,5.99
NPL,1955,5.99
NPL,1956,5.99
NPL,1957,5.99
NPL,1958,5.99
NPL,1959,5.99
NPL,1960,5.99
NPL,1961,5.99
NPL,1962,6
NPL,1963,6
NPL,1964,6
NPL,1965,6
NPL,1966,6
NPL,1967,5.99
NPL,1968,5.99
NPL,1969,5.98
NPL,1970,5.97
NPL,1971,5.96
NPL,1972,5.95
NPL,1973,5.93
NPL,1974,5.91
NPL,1975,5.89
NPL,1976,5.87
NPL,1977,5.85
NPL,1978,5.82
NPL,1979,5.8
NPL,1980,5.76
NPL,1981,5.72
NPL,1982,5.68
NPL,1983,5.63
NPL,1984,5.57
NPL,1985,5.51
NPL,1986,5.44
NPL,1987,5.38
NPL,1988,5.31
NPL,1989,5.24
NPL,1990,5.17
NPL,1991,5.09
NPL,1992,5
NPL,1993,4.91
NPL,1994,4.82
NPL,1995,4.71
NPL,1996,4.6
NPL,1997,4.47
NPL,1998,4.34
NPL,1999,4.21
NPL,2000,4.07
NPL,2001,3.92
NPL,2002,3.78
NPL,2003,3.63
NPL,2004,3.49
NPL,2005,3.34
NPL,2006,3.19
NPL,2007,3.05
NPL,2008,2.9
NPL,2009,2.76
NPL,2010,2.62
NPL,2011,2.5
NPL,2012,2.39
NPL,2013,2.3
NPL,2014,2.23
NPL,2015,2.18
NLD,1800,5.11
NLD,1801,5.11
NLD,1802,5.11
NLD,1803,5.11
NLD,1804,5.11
NLD,1805,5.11
NLD,1806,5.11
NLD,1807,5.11
NLD,1808,5.11
NLD,1809,5.11
NLD,1810,5.11
NLD,1811,5.11
NLD,1812,5.11
NLD,1813,5.11
NLD,1814,5.11
NLD,1815,5.11
NLD,1816,5.11
NLD,1817,5.11
NLD,1818,5.11
NLD,1819,5.11
NLD,1820,5.11
NLD,1821,5.11
NLD,1822,5.11
NLD,1823,5.11
NLD,1824,5.11
NLD,1825,5.11
NLD,1826,5.11
NLD,1827,5.11
NLD,1828,5.11
NLD,1829,5.11
NLD,1830,5.11
NLD,1831,5.11
NLD,1832,5.11
NLD,1833,5.11
NLD,1834,5.11
NLD,1835,5.11
NLD,1836,5.11
NLD,1837,5.11
NLD,1838,5.11
NLD,1839,5.11
NLD,1840,5.11
NLD,1841,5.09
NLD,1842,5.06
NLD,1843,5.04
NLD,1844,5.02
NLD,1845,4.99
NLD,1846,4.99
NLD,1847,4.99
NLD,1848,4.99
NLD,1849,4.99
NLD,1850,4.89
NLD,1851,4.8
NLD,1852,4.7
NLD,1853,4.6
NLD,1854,4.6
NLD,1855,4.6
NLD,1856,4.6
NLD,1857,4.6
NLD,1858,4.6
NLD,1859,4.68
NLD,1860,4.75
NLD,1861,4.83
NLD,1862,4.9
NLD,1863,4.98
NLD,1864,4.99
NLD,1865,5.01
NLD,1866,5.02
NLD,1867,5.04
NLD,1868,5.05
NLD,1869,5.09
NLD,1870,5.12
NLD,1871,5.16
NLD,1872,5.19
NLD,1873,5.23
NLD,1874,5.27
NLD,1875,5.31
NLD,1876,5.34
NLD,1877,5.38
NLD,1878,5.42
NLD,1879,5.39
NLD,1880,5.35
NLD,1881,5.32
NLD,1882,5.28
NLD,1883,5.25
NLD,1884,5.23
NLD,1885,5.21
NLD,1886,5.18
NLD,1887,5.16
NLD,1888,5.14
NLD,1889,5.11
NLD,1890,5.07
NLD,1891,5.04
NLD,1892,5
NLD,1893,4.97
NLD,1894,4.93
NLD,1895,4.88
NLD,1896,4.84
NLD,1897,4.79
NLD,1898,4.75
NLD,1899,4.6
NLD,1900,4.45
NLD,1901,4.53
NLD,1902,4.46
NLD,1903,4.42
NLD,1904,4.38
NLD,1905,4.29
NLD,1906,4.23
NLD,1907,4.18
NLD,1908,4.13
NLD,1909,4.04
NLD,1910,3.94
NLD,1911,3.81
NLD,1912,3.84
NLD,1913,3.85
NLD,1914,3.86
NLD,1915,3.59
NLD,1916,3.64
NLD,1917,3.59
NLD,1918,3.47
NLD,1919,3.36
NLD,1920,3.89
NLD,1921,3.75
NLD,1922,3.54
NLD,1923,3.55
NLD,1924,3.39
NLD,1925,3.26
NLD,1926,3.18
NLD,1927,3.08
NLD,1928,3.09
NLD,1929,3
NLD,1930,3.03
NLD,1931,2.88
NLD,1932,2.83
NLD,1933,2.66
NLD,1934,2.63
NLD,1935,2.57
NLD,1936,2.51
NLD,1937,2.53
NLD,1938,2.63
NLD,1939,2.64
NLD,1940,2.67
NLD,1941,2.61
NLD,1942,2.71
NLD,1943,2.98
NLD,1944,3.13
NLD,1945,2.96
NLD,1946,3.97
NLD,1947,3.7
NLD,1948,3.41
NLD,1949,3.22
NLD,1950,3.1
NLD,1951,3.05
NLD,1952,3.09
NLD,1953,3.03
NLD,1954,3.03
NLD,1955,3.03
NLD,1956,3.05
NLD,1957,3.08
NLD,1958,3.11
NLD,1959,3.17
NLD,1960,3.12
NLD,1961,3.22
NLD,1962,3.18
NLD,1963,3.19
NLD,1964,3.17
NLD,1965,3.04
NLD,1966,2.9
NLD,1967,2.81
NLD,1968,2.72
NLD,1969,2.75
NLD,1970,2.57
NLD,1971,2.36
NLD,1972,2.15
NLD,1973,1.9
NLD,1974,1.77
NLD,1975,1.66
NLD,1976,1.63
NLD,1977,1.58
NLD,1978,1.58
NLD,1979,1.56
NLD,1980,1.6
NLD,1981,1.56
NLD,1982,1.5
NLD,1983,1.47
NLD,1984,1.49
NLD,1985,1.51
NLD,1986,1.55
NLD,1987,1.56
NLD,1988,1.55
NLD,1989,1.55
NLD,1990,1.62
NLD,1991,1.61
NLD,1992,1.59
NLD,1993,1.57
NLD,1994,1.57
NLD,1995,1.53
NLD,1996,1.53
NLD,1997,1.56
NLD,1998,1.63
NLD,1999,1.65
NLD,2000,1.72
NLD,2001,1.71
NLD,2002,1.73
NLD,2003,1.75
NLD,2004,1.73
NLD,2005,1.71
NLD,2006,1.72
NLD,2007,1.72
NLD,2008,1.77
NLD,2009,1.79
NLD,2010,1.8
NLD,2011,1.76
NLD,2012,1.76
NLD,2013,1.77
NLD,2014,1.78
NLD,2015,1.78
ANT,1800,5.8
ANT,1801,5.8
ANT,1802,5.8
ANT,1803,5.8
ANT,1804,5.8
ANT,1805,5.8
ANT,1806,5.8
ANT,1807,5.8
ANT,1808,5.8
ANT,1809,5.8
ANT,1810,5.8
ANT,1811,5.8
ANT,1812,5.8
ANT,1813,5.8
ANT,1814,5.8
ANT,1815,5.8
ANT,1816,5.8
ANT,1817,5.8
ANT,1818,5.8
ANT,1819,5.8
ANT,1820,5.8
ANT,1821,5.8
ANT,1822,5.8
ANT,1823,5.8
ANT,1824,5.8
ANT,1825,5.8
ANT,1826,5.8
ANT,1827,5.8
ANT,1828,5.8
ANT,1829,5.8
ANT,1830,5.8
ANT,1831,5.8
ANT,1832,5.8
ANT,1833,5.8
ANT,1834,5.8
ANT,1835,5.8
ANT,1836,5.8
ANT,1837,5.8
ANT,1838,5.8
ANT,1839,5.8
ANT,1840,5.8
ANT,1841,5.8
ANT,1842,5.8
ANT,1843,5.8
ANT,1844,5.8
ANT,1845,5.8
ANT,1846,5.8
ANT,1847,5.8
ANT,1848,5.8
ANT,1849,5.8
ANT,1850,5.8
ANT,1851,5.8
ANT,1852,5.8
ANT,1853,5.8
ANT,1854,5.8
ANT,1855,5.8
ANT,1856,5.8
ANT,1857,5.8
ANT,1858,5.8
ANT,1859,5.8
ANT,1860,5.8
ANT,1861,5.8
ANT,1862,5.8
ANT,1863,5.8
ANT,1864,5.8
ANT,1865,5.8
ANT,1866,5.8
ANT,1867,5.8
ANT,1868,5.8
ANT,1869,5.8
ANT,1870,5.8
ANT,1871,5.8
ANT,1872,5.8
ANT,1873,5.8
ANT,1874,5.8
ANT,1875,5.8
ANT,1876,5.8
ANT,1877,5.8
ANT,1878,5.8
ANT,1879,5.8
ANT,1880,5.8
ANT,1881,5.8
ANT,1882,5.8
ANT,1883,5.8
ANT,1884,5.8
ANT,1885,5.8
ANT,1886,5.8
ANT,1887,5.8
ANT,1888,5.8
ANT,1889,5.8
ANT,1890,5.8
ANT,1891,5.8
ANT,1892,5.8
ANT,1893,5.8
ANT,1894,5.8
ANT,1895,5.8
ANT,1896,5.8
ANT,1897,5.8
ANT,1898,5.8
ANT,1899,5.8
ANT,1900,5.8
ANT,1901,5.8
ANT,1902,5.8
ANT,1903,5.8
ANT,1904,5.8
ANT,1905,5.8
ANT,1906,5.8
ANT,1907,5.8
ANT,1908,5.8
ANT,1909,5.8
ANT,1910,5.8
ANT,1911,5.8
ANT,1912,5.8
ANT,1913,5.8
ANT,1914,5.8
ANT,1915,5.8
ANT,1916,5.8
ANT,1917,5.8
ANT,1918,5.8
ANT,1919,5.8
ANT,1920,5.8
ANT,1921,5.8
ANT,1922,5.8
ANT,1923,5.8
ANT,1924,5.8
ANT,1925,5.8
ANT,1926,5.8
ANT,1927,5.8
ANT,1928,5.8
ANT,1929,5.8
ANT,1930,5.8
ANT,1931,5.8
ANT,1932,5.8
ANT,1933,5.8
ANT,1934,5.8
ANT,1935,5.8
ANT,1936,5.8
ANT,1937,5.8
ANT,1938,5.8
ANT,1939,5.8
ANT,1940,5.8
ANT,1941,5.8
ANT,1942,5.8
ANT,1943,5.8
ANT,1944,5.8
ANT,1945,5.8
ANT,1946,5.8
ANT,1947,5.8
ANT,1948,5.8
ANT,1949,5.8
ANT,1950,5.8
ANT,1951,5.77
ANT,1952,5.7
ANT,1953,5.62
ANT,1954,5.53
ANT,1955,5.44
ANT,1956,5.33
ANT,1957,5.22
ANT,1958,5.1
ANT,1959,4.97
ANT,1960,4.82
ANT,1961,4.66
ANT,1962,4.47
ANT,1963,4.27
ANT,1964,4.06
ANT,1965,3.84
ANT,1966,3.63
ANT,1967,3.42
ANT,1968,3.23
ANT,1969,3.05
ANT,1970,2.91
ANT,1971,2.79
ANT,1972,2.69
ANT,1973,2.61
ANT,1974,2.55
ANT,1975,2.51
ANT,1976,2.47
ANT,1977,2.45
ANT,1978,2.43
ANT,1979,2.41
ANT,1980,2.39
ANT,1981,2.38
ANT,1982,2.36
ANT,1983,2.35
ANT,1984,2.34
ANT,1985,2.32
ANT,1986,2.32
ANT,1987,2.31
ANT,1988,2.31
ANT,1989,2.3
ANT,1990,2.3
ANT,1991,2.29
ANT,1992,2.28
ANT,1993,2.26
ANT,1994,2.23
ANT,1995,2.2
ANT,1996,2.17
ANT,1997,2.15
ANT,1998,2.13
ANT,1999,2.11
ANT,2000,2.1
ANT,2001,2.1
ANT,2002,2.09
ANT,2003,2.07
ANT,2004,2.06
ANT,2005,2.04
ANT,2006,2.02
ANT,2007,1.99
ANT,2008,1.97
ANT,2009,1.95
ANT,2010,1.94
ANT,2011,1.92
ANT,2012,1.91
ANT,2013,1.89
ANT,2014,1.88
ANT,2015,1.87
NCL,1800,6.41
NCL,1801,6.41
NCL,1802,6.41
NCL,1803,6.41
NCL,1804,6.41
NCL,1805,6.41
NCL,1806,6.41
NCL,1807,6.41
NCL,1808,6.41
NCL,1809,6.41
NCL,1810,6.41
NCL,1811,6.41
NCL,1812,6.41
NCL,1813,6.41
NCL,1814,6.41
NCL,1815,6.41
NCL,1816,6.41
NCL,1817,6.41
NCL,1818,6.41
NCL,1819,6.41
NCL,1820,6.41
NCL,1821,6.41
NCL,1822,6.41
NCL,1823,6.41
NCL,1824,6.41
NCL,1825,6.41
NCL,1826,6.41
NCL,1827,6.41
NCL,1828,6.41
NCL,1829,6.41
NCL,1830,6.41
NCL,1831,6.41
NCL,1832,6.41
NCL,1833,6.41
NCL,1834,6.41
NCL,1835,6.41
NCL,1836,6.41
NCL,1837,6.41
NCL,1838,6.41
NCL,1839,6.41
NCL,1840,6.41
NCL,1841,6.41
NCL,1842,6.41
NCL,1843,6.41
NCL,1844,6.41
NCL,1845,6.41
NCL,1846,6.41
NCL,1847,6.41
NCL,1848,6.41
NCL,1849,6.41
NCL,1850,6.41
NCL,1851,6.41
NCL,1852,6.41
NCL,1853,6.41
NCL,1854,6.41
NCL,1855,6.41
NCL,1856,6.41
NCL,1857,6.41
NCL,1858,6.41
NCL,1859,6.41
NCL,1860,6.41
NCL,1861,6.41
NCL,1862,6.41
NCL,1863,6.41
NCL,1864,6.41
NCL,1865,6.41
NCL,1866,6.41
NCL,1867,6.41
NCL,1868,6.41
NCL,1869,6.41
NCL,1870,6.41
NCL,1871,6.41
NCL,1872,6.41
NCL,1873,6.41
NCL,1874,6.41
NCL,1875,6.41
NCL,1876,6.41
NCL,1877,6.41
NCL,1878,6.41
NCL,1879,6.41
NCL,1880,6.41
NCL,1881,6.41
NCL,1882,6.41
NCL,1883,6.41
NCL,1884,6.41
NCL,1885,6.41
NCL,1886,6.41
NCL,1887,6.41
NCL,1888,6.41
NCL,1889,6.41
NCL,1890,6.41
NCL,1891,6.41
NCL,1892,6.41
NCL,1893,6.41
NCL,1894,6.41
NCL,1895,6.41
NCL,1896,6.41
NCL,1897,6.41
NCL,1898,6.41
NCL,1899,6.41
NCL,1900,6.41
NCL,1901,6.41
NCL,1902,6.41
NCL,1903,6.41
NCL,1904,6.41
NCL,1905,6.41
NCL,1906,6.41
NCL,1907,6.41
NCL,1908,6.41
NCL,1909,6.41
NCL,1910,6.41
NCL,1911,6.41
NCL,1912,6.41
NCL,1913,6.41
NCL,1914,6.41
NCL,1915,6.41
NCL,1916,6.41
NCL,1917,6.41
NCL,1918,6.41
NCL,1919,6.41
NCL,1920,6.41
NCL,1921,6.41
NCL,1922,6.41
NCL,1923,6.41
NCL,1924,6.41
NCL,1925,6.41
NCL,1926,6.36
NCL,1927,6.32
NCL,1928,6.27
NCL,1929,6.22
NCL,1930,6.17
NCL,1931,6.13
NCL,1932,6.08
NCL,1933,6.03
NCL,1934,5.98
NCL,1935,5.94
NCL,1936,5.89
NCL,1937,5.84
NCL,1938,5.79
NCL,1939,5.75
NCL,1940,5.7
NCL,1941,5.65
NCL,1942,5.6
NCL,1943,5.56
NCL,1944,5.51
NCL,1945,5.46
NCL,1946,5.41
NCL,1947,5.37
NCL,1948,5.32
NCL,1949,5.27
NCL,1950,5.22
NCL,1951,5.22
NCL,1952,5.22
NCL,1953,5.22
NCL,1954,5.22
NCL,1955,5.22
NCL,1956,5.22
NCL,1957,5.22
NCL,1958,5.22
NCL,1959,5.22
NCL,1960,5.22
NCL,1961,5.22
NCL,1962,5.22
NCL,1963,5.22
NCL,1964,5.22
NCL,1965,5.22
NCL,1966,5.23
NCL,1967,5.26
NCL,1968,5.28
NCL,1969,5.3
NCL,1970,5.3
NCL,1971,5.26
NCL,1972,5.17
NCL,1973,5.03
NCL,1974,4.83
NCL,1975,4.6
NCL,1976,4.35
NCL,1977,4.1
NCL,1978,3.88
NCL,1979,3.7
NCL,1980,3.55
NCL,1981,3.44
NCL,1982,3.35
NCL,1983,3.27
NCL,1984,3.21
NCL,1985,3.14
NCL,1986,3.09
NCL,1987,3.05
NCL,1988,3.02
NCL,1989,3
NCL,1990,2.98
NCL,1991,2.96
NCL,1992,2.93
NCL,1993,2.89
NCL,1994,2.84
NCL,1995,2.77
NCL,1996,2.7
NCL,1997,2.62
NCL,1998,2.54
NCL,1999,2.46
NCL,2000,2.39
NCL,2001,2.34
NCL,2002,2.29
NCL,2003,2.26
NCL,2004,2.25
NCL,2005,2.24
NCL,2006,2.23
NCL,2007,2.23
NCL,2008,2.22
NCL,2009,2.21
NCL,2010,2.19
NCL,2011,2.17
NCL,2012,2.15
NCL,2013,2.13
NCL,2014,2.11
NCL,2015,2.09
NZL,1800,5.25
NZL,1801,5.25
NZL,1802,5.25
NZL,1803,5.25
NZL,1804,5.25
NZL,1805,5.25
NZL,1806,5.25
NZL,1807,5.25
NZL,1808,5.25
NZL,1809,5.25
NZL,1810,5.25
NZL,1811,5.25
NZL,1812,5.25
NZL,1813,5.25
NZL,1814,5.25
NZL,1815,5.25
NZL,1816,5.25
NZL,1817,5.25
NZL,1818,5.25
NZL,1819,5.25
NZL,1820,5.25
NZL,1821,5.25
NZL,1822,5.25
NZL,1823,5.25
NZL,1824,5.25
NZL,1825,5.25
NZL,1826,5.25
NZL,1827,5.25
NZL,1828,5.25
NZL,1829,5.25
NZL,1830,5.25
NZL,1831,5.25
NZL,1832,5.25
NZL,1833,5.25
NZL,1834,5.25
NZL,1835,5.25
NZL,1836,5.25
NZL,1837,5.25
NZL,1838,5.25
NZL,1839,5.25
NZL,1840,5.25
NZL,1841,5.25
NZL,1842,5.25
NZL,1843,5.25
NZL,1844,5.25
NZL,1845,5.25
NZL,1846,5.25
NZL,1847,5.25
NZL,1848,5.25
NZL,1849,5.25
NZL,1850,5.25
NZL,1851,5.25
NZL,1852,5.25
NZL,1853,5.25
NZL,1854,5.25
NZL,1855,5.25
NZL,1856,5.07
NZL,1857,5.29
NZL,1858,5.12
NZL,1859,4.96
NZL,1860,5.06
NZL,1861,5.16
NZL,1862,4.84
NZL,1863,4.73
NZL,1864,5.16
NZL,1865,5.51
NZL,1866,5.75
NZL,1867,5.65
NZL,1868,5.65
NZL,1869,5.61
NZL,1870,5.67
NZL,1871,5.45
NZL,1872,5.29
NZL,1873,5.22
NZL,1874,5.37
NZL,1875,5.39
NZL,1876,5.59
NZL,1877,5.53
NZL,1878,5.62
NZL,1879,5.4
NZL,1880,5.46
NZL,1881,5.09
NZL,1882,5
NZL,1883,4.86
NZL,1884,4.81
NZL,1885,4.6
NZL,1886,4.44
NZL,1887,4.3
NZL,1888,4.18
NZL,1889,4.03
NZL,1890,3.94
NZL,1891,3.89
NZL,1892,3.73
NZL,1893,3.69
NZL,1894,3.66
NZL,1895,3.59
NZL,1896,3.53
NZL,1897,3.48
NZL,1898,3.45
NZL,1899,3.37
NZL,1900,3.43
NZL,1901,3.53
NZL,1902,3.47
NZL,1903,3.57
NZL,1904,3.61
NZL,1905,3.65
NZL,1906,3.63
NZL,1907,3.66
NZL,1908,3.68
NZL,1909,3.66
NZL,1910,3.51
NZL,1911,3.48
NZL,1912,3.55
NZL,1913,3.5
NZL,1914,3.48
NZL,1915,3.39
NZL,1916,3.48
NZL,1917,3.44
NZL,1918,3.14
NZL,1919,2.87
NZL,1920,3.36
NZL,1921,3.13
NZL,1922,3.11
NZL,1923,2.94
NZL,1924,2.89
NZL,1925,2.84
NZL,1926,2.82
NZL,1927,2.72
NZL,1928,2.62
NZL,1929,2.55
NZL,1930,2.52
NZL,1931,2.56
NZL,1932,2.42
NZL,1933,2.37
NZL,1934,2.36
NZL,1935,2.33
NZL,1936,2.42
NZL,1937,2.53
NZL,1938,2.58
NZL,1939,2.71
NZL,1940,3.03
NZL,1941,3.22
NZL,1942,3.1
NZL,1943,2.85
NZL,1944,3.08
NZL,1945,3.29
NZL,1946,3.63
NZL,1947,3.71
NZL,1948,3.59
NZL,1949,3.5
NZL,1950,3.47
NZL,1951,3.27
NZL,1952,3.32
NZL,1953,3.39
NZL,1954,3.46
NZL,1955,3.49
NZL,1956,3.47
NZL,1957,3.51
NZL,1958,3.56
NZL,1959,3.55
NZL,1960,3.54
NZL,1961,3.61
NZL,1962,3.51
NZL,1963,3.41
NZL,1964,3.22
NZL,1965,3.05
NZL,1966,3.13
NZL,1967,3
NZL,1968,3.02
NZL,1969,3.01
NZL,1970,2.95
NZL,1971,3.02
NZL,1972,2.9
NZL,1973,2.73
NZL,1974,2.61
NZL,1975,2.46
NZL,1976,2.37
NZL,1977,2.32
NZL,1978,2.19
NZL,1979,2.24
NZL,1980,2.15
NZL,1981,2.16
NZL,1982,2.1
NZL,1983,2.1
NZL,1984,2.12
NZL,1985,2.14
NZL,1986,2.16
NZL,1987,2.24
NZL,1988,2.32
NZL,1989,2.33
NZL,1990,2.4
NZL,1991,2.36
NZL,1992,2.31
NZL,1993,2.22
NZL,1994,2.13
NZL,1995,2.11
NZL,1996,2.07
NZL,1997,2.05
NZL,1998,1.96
NZL,1999,2
NZL,2000,1.98
NZL,2001,1.96
NZL,2002,1.95
NZL,2003,1.98
NZL,2004,2.02
NZL,2005,2.05
NZL,2006,2.09
NZL,2007,2.11
NZL,2008,2.12
NZL,2009,2.13
NZL,2010,2.12
NZL,2011,2.1
NZL,2012,2.07
NZL,2013,2.05
NZL,2014,2.03
NZL,2015,2.02
NIC,1800,6.16
NIC,1801,6.16
NIC,1802,6.16
NIC,1803,6.16
NIC,1804,6.16
NIC,1805,6.16
NIC,1806,6.16
NIC,1807,6.16
NIC,1808,6.16
NIC,1809,6.16
NIC,1810,6.16
NIC,1811,6.16
NIC,1812,6.16
NIC,1813,6.16
NIC,1814,6.16
NIC,1815,6.16
NIC,1816,6.16
NIC,1817,6.16
NIC,1818,6.16
NIC,1819,6.16
NIC,1820,6.16
NIC,1821,6.16
NIC,1822,6.16
NIC,1823,6.16
NIC,1824,6.16
NIC,1825,6.16
NIC,1826,6.16
NIC,1827,6.16
NIC,1828,6.16
NIC,1829,6.16
NIC,1830,6.16
NIC,1831,6.16
NIC,1832,6.16
NIC,1833,6.16
NIC,1834,6.16
NIC,1835,6.16
NIC,1836,6.16
NIC,1837,6.16
NIC,1838,6.16
NIC,1839,6.16
NIC,1840,6.16
NIC,1841,6.16
NIC,1842,6.16
NIC,1843,6.16
NIC,1844,6.16
NIC,1845,6.16
NIC,1846,6.16
NIC,1847,6.16
NIC,1848,6.16
NIC,1849,6.16
NIC,1850,6.16
NIC,1851,6.16
NIC,1852,6.16
NIC,1853,6.16
NIC,1854,6.16
NIC,1855,6.16
NIC,1856,6.16
NIC,1857,6.16
NIC,1858,6.16
NIC,1859,6.16
NIC,1860,6.16
NIC,1861,6.16
NIC,1862,6.16
NIC,1863,6.16
NIC,1864,6.16
NIC,1865,6.16
NIC,1866,6.16
NIC,1867,6.16
NIC,1868,6.16
NIC,1869,6.16
NIC,1870,6.16
NIC,1871,6.16
NIC,1872,6.16
NIC,1873,6.16
NIC,1874,6.16
NIC,1875,6.16
NIC,1876,6.16
NIC,1877,6.16
NIC,1878,6.16
NIC,1879,6.16
NIC,1880,6.16
NIC,1881,6.16
NIC,1882,6.16
NIC,1883,6.16
NIC,1884,6.16
NIC,1885,6.16
NIC,1886,6.16
NIC,1887,6.16
NIC,1888,6.16
NIC,1889,6.16
NIC,1890,6.16
NIC,1891,6.16
NIC,1892,6.16
NIC,1893,6.16
NIC,1894,6.16
NIC,1895,6.16
NIC,1896,6.16
NIC,1897,6.16
NIC,1898,6.16
NIC,1899,6.16
NIC,1900,6.16
NIC,1901,6.16
NIC,1902,6.16
NIC,1903,6.16
NIC,1904,6.16
NIC,1905,6.16
NIC,1906,6.16
NIC,1907,6.16
NIC,1908,6.16
NIC,1909,6.16
NIC,1910,6.16
NIC,1911,6.16
NIC,1912,6.16
NIC,1913,6.16
NIC,1914,6.16
NIC,1915,6.16
NIC,1916,6.16
NIC,1917,6.16
NIC,1918,6.16
NIC,1919,6.16
NIC,1920,6.16
NIC,1921,6.16
NIC,1922,6.16
NIC,1923,6.16
NIC,1924,6.16
NIC,1925,6.16
NIC,1926,6.16
NIC,1927,6.16
NIC,1928,6.16
NIC,1929,6.16
NIC,1930,6.16
NIC,1931,6.16
NIC,1932,6.16
NIC,1933,6.16
NIC,1934,6.16
NIC,1935,6.16
NIC,1936,6.21
NIC,1937,6.26
NIC,1938,6.31
NIC,1939,6.36
NIC,1940,6.4
NIC,1941,6.45
NIC,1942,6.5
NIC,1943,6.55
NIC,1944,6.6
NIC,1945,6.64
NIC,1946,6.69
NIC,1947,6.74
NIC,1948,6.79
NIC,1949,6.84
NIC,1950,6.88
NIC,1951,6.98
NIC,1952,7.16
NIC,1953,7.3
NIC,1954,7.4
NIC,1955,7.47
NIC,1956,7.5
NIC,1957,7.5
NIC,1958,7.46
NIC,1959,7.41
NIC,1960,7.34
NIC,1961,7.26
NIC,1962,7.18
NIC,1963,7.11
NIC,1964,7.05
NIC,1965,7.01
NIC,1966,6.98
NIC,1967,6.96
NIC,1968,6.94
NIC,1969,6.92
NIC,1970,6.89
NIC,1971,6.86
NIC,1972,6.81
NIC,1973,6.75
NIC,1974,6.68
NIC,1975,6.6
NIC,1976,6.51
NIC,1977,6.42
NIC,1978,6.33
NIC,1979,6.23
NIC,1980,6.13
NIC,1981,6.02
NIC,1982,5.89
NIC,1983,5.75
NIC,1984,5.59
NIC,1985,5.43
NIC,1986,5.27
NIC,1987,5.12
NIC,1988,4.99
NIC,1989,4.87
NIC,1990,4.75
NIC,1991,4.64
NIC,1992,4.52
NIC,1993,4.38
NIC,1994,4.23
NIC,1995,4.06
NIC,1996,3.88
NIC,1997,3.7
NIC,1998,3.54
NIC,1999,3.38
NIC,2000,3.25
NIC,2001,3.14
NIC,2002,3.05
NIC,2003,2.97
NIC,2004,2.9
NIC,2005,2.85
NIC,2006,2.8
NIC,2007,2.76
NIC,2008,2.72
NIC,2009,2.68
NIC,2010,2.63
NIC,2011,2.59
NIC,2012,2.54
NIC,2013,2.5
NIC,2014,2.46
NIC,2015,2.42
NER,1800,6.83
NER,1801,6.83
NER,1802,6.83
NER,1803,6.83
NER,1804,6.83
NER,1805,6.83
NER,1806,6.83
NER,1807,6.83
NER,1808,6.83
NER,1809,6.83
NER,1810,6.83
NER,1811,6.83
NER,1812,6.83
NER,1813,6.83
NER,1814,6.83
NER,1815,6.83
NER,1816,6.83
NER,1817,6.83
NER,1818,6.83
NER,1819,6.83
NER,1820,6.83
NER,1821,6.83
NER,1822,6.83
NER,1823,6.83
NER,1824,6.83
NER,1825,6.83
NER,1826,6.83
NER,1827,6.83
NER,1828,6.83
NER,1829,6.83
NER,1830,6.83
NER,1831,6.83
NER,1832,6.83
NER,1833,6.83
NER,1834,6.83
NER,1835,6.83
NER,1836,6.83
NER,1837,6.83
NER,1838,6.83
NER,1839,6.83
NER,1840,6.83
NER,1841,6.83
NER,1842,6.83
NER,1843,6.83
NER,1844,6.83
NER,1845,6.83
NER,1846,6.83
NER,1847,6.83
NER,1848,6.83
NER,1849,6.83
NER,1850,6.83
NER,1851,6.83
NER,1852,6.83
NER,1853,6.83
NER,1854,6.83
NER,1855,6.83
NER,1856,6.83
NER,1857,6.83
NER,1858,6.83
NER,1859,6.83
NER,1860,6.83
NER,1861,6.83
NER,1862,6.83
NER,1863,6.83
NER,1864,6.83
NER,1865,6.83
NER,1866,6.83
NER,1867,6.83
NER,1868,6.83
NER,1869,6.83
NER,1870,6.83
NER,1871,6.83
NER,1872,6.83
NER,1873,6.83
NER,1874,6.83
NER,1875,6.83
NER,1876,6.83
NER,1877,6.83
NER,1878,6.83
NER,1879,6.83
NER,1880,6.83
NER,1881,6.83
NER,1882,6.83
NER,1883,6.83
NER,1884,6.83
NER,1885,6.83
NER,1886,6.83
NER,1887,6.83
NER,1888,6.83
NER,1889,6.83
NER,1890,6.83
NER,1891,6.83
NER,1892,6.83
NER,1893,6.83
NER,1894,6.83
NER,1895,6.83
NER,1896,6.83
NER,1897,6.83
NER,1898,6.83
NER,1899,6.83
NER,1900,6.83
NER,1901,6.83
NER,1902,6.83
NER,1903,6.83
NER,1904,6.83
NER,1905,6.83
NER,1906,6.83
NER,1907,6.83
NER,1908,6.83
NER,1909,6.83
NER,1910,6.83
NER,1911,6.83
NER,1912,6.83
NER,1913,6.83
NER,1914,6.83
NER,1915,6.83
NER,1916,6.83
NER,1917,6.83
NER,1918,6.83
NER,1919,6.83
NER,1920,6.83
NER,1921,6.83
NER,1922,6.83
NER,1923,6.83
NER,1924,6.83
NER,1925,6.83
NER,1926,6.83
NER,1927,6.83
NER,1928,6.83
NER,1929,6.83
NER,1930,6.84
NER,1931,6.84
NER,1932,6.84
NER,1933,6.84
NER,1934,6.84
NER,1935,6.84
NER,1936,6.84
NER,1937,6.84
NER,1938,6.85
NER,1939,6.85
NER,1940,6.85
NER,1941,6.85
NER,1942,6.85
NER,1943,6.85
NER,1944,6.85
NER,1945,6.85
NER,1946,6.86
NER,1947,6.86
NER,1948,6.86
NER,1949,6.86
NER,1950,6.86
NER,1951,6.87
NER,1952,6.88
NER,1953,6.89
NER,1954,6.91
NER,1955,6.93
NER,1956,6.95
NER,1957,6.97
NER,1958,7
NER,1959,7.02
NER,1960,7.05
NER,1961,7.08
NER,1962,7.12
NER,1963,7.15
NER,1964,7.19
NER,1965,7.22
NER,1966,7.26
NER,1967,7.3
NER,1968,7.34
NER,1969,7.38
NER,1970,7.42
NER,1971,7.46
NER,1972,7.5
NER,1973,7.53
NER,1974,7.55
NER,1975,7.58
NER,1976,7.6
NER,1977,7.63
NER,1978,7.65
NER,1979,7.68
NER,1980,7.71
NER,1981,7.73
NER,1982,7.75
NER,1983,7.76
NER,1984,7.77
NER,1985,7.78
NER,1986,7.77
NER,1987,7.77
NER,1988,7.77
NER,1989,7.76
NER,1990,7.76
NER,1991,7.76
NER,1992,7.77
NER,1993,7.77
NER,1994,7.77
NER,1995,7.77
NER,1996,7.77
NER,1997,7.77
NER,1998,7.76
NER,1999,7.74
NER,2000,7.73
NER,2001,7.7
NER,2002,7.68
NER,2003,7.66
NER,2004,7.64
NER,2005,7.62
NER,2006,7.6
NER,2007,7.59
NER,2008,7.59
NER,2009,7.59
NER,2010,7.58
NER,2011,7.58
NER,2012,7.57
NER,2013,7.56
NER,2014,7.54
NER,2015,7.51
NGA,1800,6.55
NGA,1801,6.55
NGA,1802,6.55
NGA,1803,6.55
NGA,1804,6.55
NGA,1805,6.55
NGA,1806,6.55
NGA,1807,6.55
NGA,1808,6.55
NGA,1809,6.55
NGA,1810,6.55
NGA,1811,6.55
NGA,1812,6.55
NGA,1813,6.55
NGA,1814,6.55
NGA,1815,6.55
NGA,1816,6.55
NGA,1817,6.55
NGA,1818,6.55
NGA,1819,6.55
NGA,1820,6.55
NGA,1821,6.55
NGA,1822,6.55
NGA,1823,6.55
NGA,1824,6.55
NGA,1825,6.55
NGA,1826,6.55
NGA,1827,6.55
NGA,1828,6.55
NGA,1829,6.55
NGA,1830,6.55
NGA,1831,6.55
NGA,1832,6.55
NGA,1833,6.55
NGA,1834,6.55
NGA,1835,6.55
NGA,1836,6.55
NGA,1837,6.55
NGA,1838,6.55
NGA,1839,6.55
NGA,1840,6.55
NGA,1841,6.55
NGA,1842,6.55
NGA,1843,6.55
NGA,1844,6.55
NGA,1845,6.55
NGA,1846,6.55
NGA,1847,6.55
NGA,1848,6.55
NGA,1849,6.55
NGA,1850,6.55
NGA,1851,6.55
NGA,1852,6.55
NGA,1853,6.55
NGA,1854,6.55
NGA,1855,6.55
NGA,1856,6.55
NGA,1857,6.55
NGA,1858,6.55
NGA,1859,6.55
NGA,1860,6.55
NGA,1861,6.55
NGA,1862,6.55
NGA,1863,6.55
NGA,1864,6.55
NGA,1865,6.55
NGA,1866,6.55
NGA,1867,6.55
NGA,1868,6.55
NGA,1869,6.55
NGA,1870,6.55
NGA,1871,6.55
NGA,1872,6.55
NGA,1873,6.55
NGA,1874,6.55
NGA,1875,6.55
NGA,1876,6.55
NGA,1877,6.55
NGA,1878,6.55
NGA,1879,6.55
NGA,1880,6.55
NGA,1881,6.55
NGA,1882,6.55
NGA,1883,6.55
NGA,1884,6.55
NGA,1885,6.55
NGA,1886,6.55
NGA,1887,6.55
NGA,1888,6.55
NGA,1889,6.55
NGA,1890,6.55
NGA,1891,6.55
NGA,1892,6.55
NGA,1893,6.55
NGA,1894,6.55
NGA,1895,6.55
NGA,1896,6.55
NGA,1897,6.55
NGA,1898,6.55
NGA,1899,6.55
NGA,1900,6.55
NGA,1901,6.55
NGA,1902,6.55
NGA,1903,6.55
NGA,1904,6.55
NGA,1905,6.55
NGA,1906,6.55
NGA,1907,6.55
NGA,1908,6.55
NGA,1909,6.55
NGA,1910,6.55
NGA,1911,6.55
NGA,1912,6.55
NGA,1913,6.55
NGA,1914,6.55
NGA,1915,6.55
NGA,1916,6.55
NGA,1917,6.55
NGA,1918,6.55
NGA,1919,6.55
NGA,1920,6.55
NGA,1921,6.55
NGA,1922,6.55
NGA,1923,6.55
NGA,1924,6.55
NGA,1925,6.55
NGA,1926,6.54
NGA,1927,6.53
NGA,1928,6.53
NGA,1929,6.52
NGA,1930,6.51
NGA,1931,6.5
NGA,1932,6.5
NGA,1933,6.49
NGA,1934,6.48
NGA,1935,6.47
NGA,1936,6.47
NGA,1937,6.46
NGA,1938,6.45
NGA,1939,6.44
NGA,1940,6.43
NGA,1941,6.43
NGA,1942,6.42
NGA,1943,6.41
NGA,1944,6.4
NGA,1945,6.4
NGA,1946,6.39
NGA,1947,6.38
NGA,1948,6.37
NGA,1949,6.36
NGA,1950,6.36
NGA,1951,6.36
NGA,1952,6.35
NGA,1953,6.35
NGA,1954,6.35
NGA,1955,6.35
NGA,1956,6.35
NGA,1957,6.35
NGA,1958,6.36
NGA,1959,6.36
NGA,1960,6.35
NGA,1961,6.35
NGA,1962,6.35
NGA,1963,6.34
NGA,1964,6.34
NGA,1965,6.34
NGA,1966,6.34
NGA,1967,6.36
NGA,1968,6.39
NGA,1969,6.43
NGA,1970,6.47
NGA,1971,6.52
NGA,1972,6.58
NGA,1973,6.63
NGA,1974,6.67
NGA,1975,6.71
NGA,1976,6.74
NGA,1977,6.76
NGA,1978,6.77
NGA,1979,6.78
NGA,1980,6.78
NGA,1981,6.78
NGA,1982,6.77
NGA,1983,6.75
NGA,1984,6.73
NGA,1985,6.7
NGA,1986,6.66
NGA,1987,6.63
NGA,1988,6.58
NGA,1989,6.54
NGA,1990,6.49
NGA,1991,6.44
NGA,1992,6.4
NGA,1993,6.35
NGA,1994,6.3
NGA,1995,6.26
NGA,1996,6.22
NGA,1997,6.19
NGA,1998,6.15
NGA,1999,6.13
NGA,2000,6.1
NGA,2001,6.08
NGA,2002,6.06
NGA,2003,6.04
NGA,2004,6.03
NGA,2005,6.02
NGA,2006,6.02
NGA,2007,6.02
NGA,2008,6.02
NGA,2009,6.02
NGA,2010,6.02
NGA,2011,6.02
NGA,2012,6
NGA,2013,5.98
NGA,2014,5.94
NGA,2015,5.89
NOR,1800,4.32
NOR,1801,4.07
NOR,1802,3.91
NOR,1803,4.2
NOR,1804,3.94
NOR,1805,4.33
NOR,1806,4.39
NOR,1807,4.27
NOR,1808,4
NOR,1809,3.21
NOR,1810,3.87
NOR,1811,3.99
NOR,1812,4.26
NOR,1813,3.76
NOR,1814,3.53
NOR,1815,4.4
NOR,1816,5.05
NOR,1817,4.67
NOR,1818,4.43
NOR,1819,4.59
NOR,1820,4.79
NOR,1821,5
NOR,1822,4.74
NOR,1823,4.88
NOR,1824,4.67
NOR,1825,4.94
NOR,1826,5.01
NOR,1827,4.61
NOR,1828,4.58
NOR,1829,4.84
NOR,1830,4.65
NOR,1831,4.46
NOR,1832,4.3
NOR,1833,4.42
NOR,1834,4.56
NOR,1835,4.7
NOR,1836,4.23
NOR,1837,4.13
NOR,1838,4.36
NOR,1839,3.84
NOR,1840,4.01
NOR,1841,4.29
NOR,1842,4.42
NOR,1843,4.34
NOR,1844,4.31
NOR,1845,4.49
NOR,1846,4.4
NOR,1847,4.43
NOR,1848,4.28
NOR,1849,4.61
NOR,1850,4.45
NOR,1851,4.6
NOR,1852,4.46
NOR,1853,4.6
NOR,1854,4.93
NOR,1855,4.61
NOR,1856,4.42
NOR,1857,4.54
NOR,1858,4.62
NOR,1859,4.82
NOR,1860,4.63
NOR,1861,4.3
NOR,1862,4.52
NOR,1863,4.69
NOR,1864,4.55
NOR,1865,4.6
NOR,1866,4.61
NOR,1867,4.38
NOR,1868,4.3
NOR,1869,4.22
NOR,1870,4.26
NOR,1871,4.29
NOR,1872,4.4
NOR,1873,4.41
NOR,1874,4.59
NOR,1875,4.67
NOR,1876,4.68
NOR,1877,4.69
NOR,1878,4.64
NOR,1879,4.71
NOR,1880,4.53
NOR,1881,4.4
NOR,1882,4.47
NOR,1883,4.51
NOR,1884,4.59
NOR,1885,4.56
NOR,1886,4.48
NOR,1887,4.56
NOR,1888,4.42
NOR,1889,4.31
NOR,1890,4.43
NOR,1891,4.51
NOR,1892,4.35
NOR,1893,4.47
NOR,1894,4.38
NOR,1895,4.52
NOR,1896,4.47
NOR,1897,4.48
NOR,1898,4.53
NOR,1899,4.47
NOR,1900,4.4
NOR,1901,4.37
NOR,1902,4.26
NOR,1903,4.16
NOR,1904,4.07
NOR,1905,3.95
NOR,1906,3.92
NOR,1907,3.87
NOR,1908,3.87
NOR,1909,3.96
NOR,1910,3.82
NOR,1911,3.8
NOR,1912,3.72
NOR,1913,3.64
NOR,1914,3.62
NOR,1915,3.37
NOR,1916,3.43
NOR,1917,3.53
NOR,1918,3.44
NOR,1919,3.17
NOR,1920,3.61
NOR,1921,3.31
NOR,1922,3.18
NOR,1923,3.09
NOR,1924,2.85
NOR,1925,2.61
NOR,1926,2.59
NOR,1927,2.38
NOR,1928,2.34
NOR,1929,2.23
NOR,1930,2.19
NOR,1931,2.08
NOR,1932,2.04
NOR,1933,1.86
NOR,1934,1.82
NOR,1935,1.78
NOR,1936,1.8
NOR,1937,1.84
NOR,1938,1.88
NOR,1939,1.91
NOR,1940,1.95
NOR,1941,1.83
NOR,1942,2.11
NOR,1943,2.26
NOR,1944,2.45
NOR,1945,2.43
NOR,1946,2.77
NOR,1947,2.66
NOR,1948,2.6
NOR,1949,2.52
NOR,1950,2.52
NOR,1951,2.48
NOR,1952,2.61
NOR,1953,2.66
NOR,1954,2.7
NOR,1955,2.79
NOR,1956,2.86
NOR,1957,2.86
NOR,1958,2.89
NOR,1959,2.91
NOR,1960,2.88
NOR,1961,2.91
NOR,1962,2.89
NOR,1963,2.91
NOR,1964,2.96
NOR,1965,2.93
NOR,1966,2.89
NOR,1967,2.8
NOR,1968,2.75
NOR,1969,2.69
NOR,1970,2.5
NOR,1971,2.49
NOR,1972,2.38
NOR,1973,2.23
NOR,1974,2.13
NOR,1975,1.98
NOR,1976,1.86
NOR,1977,1.75
NOR,1978,1.77
NOR,1979,1.75
NOR,1980,1.72
NOR,1981,1.7
NOR,1982,1.71
NOR,1983,1.66
NOR,1984,1.66
NOR,1985,1.68
NOR,1986,1.71
NOR,1987,1.75
NOR,1988,1.84
NOR,1989,1.89
NOR,1990,1.93
NOR,1991,1.92
NOR,1992,1.88
NOR,1993,1.86
NOR,1994,1.87
NOR,1995,1.87
NOR,1996,1.89
NOR,1997,1.86
NOR,1998,1.81
NOR,1999,1.85
NOR,2000,1.85
NOR,2001,1.78
NOR,2002,1.75
NOR,2003,1.8
NOR,2004,1.83
NOR,2005,1.84
NOR,2006,1.9
NOR,2007,1.9
NOR,2008,1.96
NOR,2009,1.98
NOR,2010,1.95
NOR,2011,1.88
NOR,2012,1.85
NOR,2013,1.93
NOR,2014,1.93
NOR,2015,1.93
OMN,1800,6.88
OMN,1801,6.88
OMN,1802,6.88
OMN,1803,6.88
OMN,1804,6.88
OMN,1805,6.88
OMN,1806,6.88
OMN,1807,6.88
OMN,1808,6.88
OMN,1809,6.88
OMN,1810,6.88
OMN,1811,6.88
OMN,1812,6.88
OMN,1813,6.88
OMN,1814,6.88
OMN,1815,6.88
OMN,1816,6.88
OMN,1817,6.88
OMN,1818,6.88
OMN,1819,6.88
OMN,1820,6.88
OMN,1821,6.88
OMN,1822,6.88
OMN,1823,6.88
OMN,1824,6.88
OMN,1825,6.88
OMN,1826,6.88
OMN,1827,6.88
OMN,1828,6.88
OMN,1829,6.88
OMN,1830,6.88
OMN,1831,6.88
OMN,1832,6.88
OMN,1833,6.88
OMN,1834,6.88
OMN,1835,6.88
OMN,1836,6.88
OMN,1837,6.88
OMN,1838,6.88
OMN,1839,6.88
OMN,1840,6.88
OMN,1841,6.88
OMN,1842,6.88
OMN,1843,6.88
OMN,1844,6.88
OMN,1845,6.88
OMN,1846,6.88
OMN,1847,6.88
OMN,1848,6.88
OMN,1849,6.88
OMN,1850,6.88
OMN,1851,6.88
OMN,1852,6.88
OMN,1853,6.88
OMN,1854,6.88
OMN,1855,6.88
OMN,1856,6.88
OMN,1857,6.88
OMN,1858,6.88
OMN,1859,6.88
OMN,1860,6.88
OMN,1861,6.88
OMN,1862,6.88
OMN,1863,6.88
OMN,1864,6.88
OMN,1865,6.88
OMN,1866,6.88
OMN,1867,6.88
OMN,1868,6.88
OMN,1869,6.88
OMN,1870,6.88
OMN,1871,6.88
OMN,1872,6.88
OMN,1873,6.88
OMN,1874,6.88
OMN,1875,6.88
OMN,1876,6.88
OMN,1877,6.88
OMN,1878,6.88
OMN,1879,6.88
OMN,1880,6.88
OMN,1881,6.88
OMN,1882,6.88
OMN,1883,6.88
OMN,1884,6.88
OMN,1885,6.88
OMN,1886,6.88
OMN,1887,6.88
OMN,1888,6.88
OMN,1889,6.88
OMN,1890,6.88
OMN,1891,6.88
OMN,1892,6.88
OMN,1893,6.88
OMN,1894,6.88
OMN,1895,6.88
OMN,1896,6.88
OMN,1897,6.88
OMN,1898,6.88
OMN,1899,6.88
OMN,1900,6.88
OMN,1901,6.88
OMN,1902,6.88
OMN,1903,6.88
OMN,1904,6.88
OMN,1905,6.88
OMN,1906,6.88
OMN,1907,6.88
OMN,1908,6.88
OMN,1909,6.88
OMN,1910,6.88
OMN,1911,6.88
OMN,1912,6.88
OMN,1913,6.88
OMN,1914,6.88
OMN,1915,6.88
OMN,1916,6.88
OMN,1917,6.88
OMN,1918,6.88
OMN,1919,6.88
OMN,1920,6.88
OMN,1921,6.88
OMN,1922,6.88
OMN,1923,6.88
OMN,1924,6.88
OMN,1925,6.88
OMN,1926,6.89
OMN,1927,6.91
OMN,1928,6.92
OMN,1929,6.94
OMN,1930,6.95
OMN,1931,6.97
OMN,1932,6.98
OMN,1933,7
OMN,1934,7.01
OMN,1935,7.03
OMN,1936,7.04
OMN,1937,7.06
OMN,1938,7.07
OMN,1939,7.09
OMN,1940,7.1
OMN,1941,7.12
OMN,1942,7.13
OMN,1943,7.15
OMN,1944,7.16
OMN,1945,7.18
OMN,1946,7.19
OMN,1947,7.21
OMN,1948,7.22
OMN,1949,7.24
OMN,1950,7.25
OMN,1951,7.25
OMN,1952,7.25
OMN,1953,7.25
OMN,1954,7.25
OMN,1955,7.25
OMN,1956,7.25
OMN,1957,7.25
OMN,1958,7.25
OMN,1959,7.25
OMN,1960,7.25
OMN,1961,7.25
OMN,1962,7.25
OMN,1963,7.26
OMN,1964,7.26
OMN,1965,7.27
OMN,1966,7.28
OMN,1967,7.28
OMN,1968,7.29
OMN,1969,7.29
OMN,1970,7.31
OMN,1971,7.35
OMN,1972,7.41
OMN,1973,7.5
OMN,1974,7.62
OMN,1975,7.75
OMN,1976,7.89
OMN,1977,8.02
OMN,1978,8.14
OMN,1979,8.23
OMN,1980,8.3
OMN,1981,8.34
OMN,1982,8.35
OMN,1983,8.34
OMN,1984,8.3
OMN,1985,8.22
OMN,1986,8.1
OMN,1987,7.93
OMN,1988,7.72
OMN,1989,7.46
OMN,1990,7.16
OMN,1991,6.83
OMN,1992,6.47
OMN,1993,6.1
OMN,1994,5.72
OMN,1995,5.35
OMN,1996,4.98
OMN,1997,4.63
OMN,1998,4.3
OMN,1999,3.99
OMN,2000,3.72
OMN,2001,3.49
OMN,2002,3.3
OMN,2003,3.14
OMN,2004,3.03
OMN,2005,2.95
OMN,2006,2.91
OMN,2007,2.89
OMN,2008,2.89
OMN,2009,2.89
OMN,2010,2.9
OMN,2011,2.9
OMN,2012,2.88
OMN,2013,2.85
OMN,2014,2.81
OMN,2015,2.75
PAK,1800,6.59
PAK,1801,6.59
PAK,1802,6.59
PAK,1803,6.59
PAK,1804,6.59
PAK,1805,6.59
PAK,1806,6.59
PAK,1807,6.59
PAK,1808,6.59
PAK,1809,6.59
PAK,1810,6.59
PAK,1811,6.59
PAK,1812,6.59
PAK,1813,6.59
PAK,1814,6.59
PAK,1815,6.59
PAK,1816,6.59
PAK,1817,6.59
PAK,1818,6.59
PAK,1819,6.59
PAK,1820,6.59
PAK,1821,6.59
PAK,1822,6.59
PAK,1823,6.59
PAK,1824,6.59
PAK,1825,6.59
PAK,1826,6.59
PAK,1827,6.59
PAK,1828,6.59
PAK,1829,6.59
PAK,1830,6.59
PAK,1831,6.59
PAK,1832,6.59
PAK,1833,6.59
PAK,1834,6.59
PAK,1835,6.59
PAK,1836,6.59
PAK,1837,6.59
PAK,1838,6.59
PAK,1839,6.59
PAK,1840,6.59
PAK,1841,6.59
PAK,1842,6.59
PAK,1843,6.59
PAK,1844,6.59
PAK,1845,6.59
PAK,1846,6.59
PAK,1847,6.59
PAK,1848,6.59
PAK,1849,6.59
PAK,1850,6.59
PAK,1851,6.59
PAK,1852,6.59
PAK,1853,6.59
PAK,1854,6.59
PAK,1855,6.59
PAK,1856,6.59
PAK,1857,6.59
PAK,1858,6.59
PAK,1859,6.59
PAK,1860,6.59
PAK,1861,6.59
PAK,1862,6.59
PAK,1863,6.59
PAK,1864,6.59
PAK,1865,6.59
PAK,1866,6.59
PAK,1867,6.59
PAK,1868,6.59
PAK,1869,6.59
PAK,1870,6.59
PAK,1871,6.59
PAK,1872,6.59
PAK,1873,6.59
PAK,1874,6.59
PAK,1875,6.59
PAK,1876,6.59
PAK,1877,6.59
PAK,1878,6.59
PAK,1879,6.59
PAK,1880,6.59
PAK,1881,6.59
PAK,1882,6.59
PAK,1883,6.59
PAK,1884,6.59
PAK,1885,6.59
PAK,1886,6.59
PAK,1887,6.59
PAK,1888,6.59
PAK,1889,6.59
PAK,1890,6.59
PAK,1891,6.59
PAK,1892,6.59
PAK,1893,6.59
PAK,1894,6.59
PAK,1895,6.59
PAK,1896,6.59
PAK,1897,6.59
PAK,1898,6.59
PAK,1899,6.59
PAK,1900,6.59
PAK,1901,6.59
PAK,1902,6.59
PAK,1903,6.59
PAK,1904,6.59
PAK,1905,6.59
PAK,1906,6.59
PAK,1907,6.59
PAK,1908,6.59
PAK,1909,6.59
PAK,1910,6.59
PAK,1911,6.59
PAK,1912,6.59
PAK,1913,6.59
PAK,1914,6.59
PAK,1915,6.59
PAK,1916,6.59
PAK,1917,6.59
PAK,1918,6.59
PAK,1919,6.59
PAK,1920,6.59
PAK,1921,6.59
PAK,1922,6.59
PAK,1923,6.59
PAK,1924,6.59
PAK,1925,6.59
PAK,1926,6.59
PAK,1927,6.59
PAK,1928,6.59
PAK,1929,6.59
PAK,1930,6.59
PAK,1931,6.59
PAK,1932,6.59
PAK,1933,6.59
PAK,1934,6.59
PAK,1935,6.59
PAK,1936,6.59
PAK,1937,6.59
PAK,1938,6.6
PAK,1939,6.6
PAK,1940,6.6
PAK,1941,6.6
PAK,1942,6.6
PAK,1943,6.6
PAK,1944,6.6
PAK,1945,6.6
PAK,1946,6.6
PAK,1947,6.6
PAK,1948,6.6
PAK,1949,6.6
PAK,1950,6.6
PAK,1951,6.6
PAK,1952,6.6
PAK,1953,6.6
PAK,1954,6.6
PAK,1955,6.6
PAK,1956,6.6
PAK,1957,6.6
PAK,1958,6.6
PAK,1959,6.6
PAK,1960,6.6
PAK,1961,6.6
PAK,1962,6.6
PAK,1963,6.6
PAK,1964,6.6
PAK,1965,6.6
PAK,1966,6.6
PAK,1967,6.6
PAK,1968,6.6
PAK,1969,6.6
PAK,1970,6.6
PAK,1971,6.6
PAK,1972,6.61
PAK,1973,6.61
PAK,1974,6.61
PAK,1975,6.61
PAK,1976,6.61
PAK,1977,6.6
PAK,1978,6.58
PAK,1979,6.56
PAK,1980,6.54
PAK,1981,6.51
PAK,1982,6.48
PAK,1983,6.46
PAK,1984,6.44
PAK,1985,6.41
PAK,1986,6.37
PAK,1987,6.31
PAK,1988,6.23
PAK,1989,6.14
PAK,1990,6.02
PAK,1991,5.9
PAK,1992,5.77
PAK,1993,5.63
PAK,1994,5.5
PAK,1995,5.36
PAK,1996,5.21
PAK,1997,5.04
PAK,1998,4.86
PAK,1999,4.67
PAK,2000,4.47
PAK,2001,4.29
PAK,2002,4.13
PAK,2003,3.99
PAK,2004,3.87
PAK,2005,3.79
PAK,2006,3.71
PAK,2007,3.65
PAK,2008,3.58
PAK,2009,3.51
PAK,2010,3.43
PAK,2011,3.35
PAK,2012,3.26
PAK,2013,3.19
PAK,2014,3.11
PAK,2015,3.04
PAN,1800,5.36
PAN,1801,5.36
PAN,1802,5.36
PAN,1803,5.36
PAN,1804,5.36
PAN,1805,5.36
PAN,1806,5.36
PAN,1807,5.36
PAN,1808,5.36
PAN,1809,5.36
PAN,1810,5.36
PAN,1811,5.36
PAN,1812,5.36
PAN,1813,5.36
PAN,1814,5.36
PAN,1815,5.36
PAN,1816,5.36
PAN,1817,5.36
PAN,1818,5.36
PAN,1819,5.36
PAN,1820,5.36
PAN,1821,5.36
PAN,1822,5.36
PAN,1823,5.36
PAN,1824,5.36
PAN,1825,5.36
PAN,1826,5.36
PAN,1827,5.36
PAN,1828,5.36
PAN,1829,5.36
PAN,1830,5.36
PAN,1831,5.36
PAN,1832,5.36
PAN,1833,5.36
PAN,1834,5.36
PAN,1835,5.36
PAN,1836,5.36
PAN,1837,5.36
PAN,1838,5.36
PAN,1839,5.36
PAN,1840,5.36
PAN,1841,5.36
PAN,1842,5.36
PAN,1843,5.36
PAN,1844,5.36
PAN,1845,5.36
PAN,1846,5.36
PAN,1847,5.36
PAN,1848,5.36
PAN,1849,5.36
PAN,1850,5.36
PAN,1851,5.36
PAN,1852,5.36
PAN,1853,5.36
PAN,1854,5.36
PAN,1855,5.36
PAN,1856,5.36
PAN,1857,5.36
PAN,1858,5.36
PAN,1859,5.36
PAN,1860,5.36
PAN,1861,5.36
PAN,1862,5.36
PAN,1863,5.36
PAN,1864,5.36
PAN,1865,5.36
PAN,1866,5.36
PAN,1867,5.36
PAN,1868,5.36
PAN,1869,5.36
PAN,1870,5.36
PAN,1871,5.36
PAN,1872,5.36
PAN,1873,5.36
PAN,1874,5.36
PAN,1875,5.36
PAN,1876,5.36
PAN,1877,5.36
PAN,1878,5.36
PAN,1879,5.36
PAN,1880,5.36
PAN,1881,5.36
PAN,1882,5.36
PAN,1883,5.36
PAN,1884,5.36
PAN,1885,5.36
PAN,1886,5.36
PAN,1887,5.36
PAN,1888,5.36
PAN,1889,5.36
PAN,1890,5.36
PAN,1891,5.36
PAN,1892,5.36
PAN,1893,5.36
PAN,1894,5.36
PAN,1895,5.36
PAN,1896,5.36
PAN,1897,5.36
PAN,1898,5.36
PAN,1899,5.36
PAN,1900,5.36
PAN,1901,5.38
PAN,1902,5.4
PAN,1903,5.4
PAN,1904,5.39
PAN,1905,5.39
PAN,1906,5.39
PAN,1907,5.39
PAN,1908,5.44
PAN,1909,5.48
PAN,1910,5.53
PAN,1911,5.58
PAN,1912,5.63
PAN,1913,5.5
PAN,1914,5.38
PAN,1915,5.25
PAN,1916,5.12
PAN,1917,5
PAN,1918,5.07
PAN,1919,5.14
PAN,1920,5.22
PAN,1921,5.29
PAN,1922,5.36
PAN,1923,5.33
PAN,1924,5.31
PAN,1925,5.28
PAN,1926,5.25
PAN,1927,5.23
PAN,1928,5.18
PAN,1929,5.14
PAN,1930,5.1
PAN,1931,5.05
PAN,1932,5.01
PAN,1933,5.02
PAN,1934,5.03
PAN,1935,5.04
PAN,1936,5.05
PAN,1937,5.07
PAN,1938,5.11
PAN,1939,5.16
PAN,1940,5.2
PAN,1941,5.25
PAN,1942,5.29
PAN,1943,5.31
PAN,1944,5.32
PAN,1945,5.33
PAN,1946,5.35
PAN,1947,5.36
PAN,1948,5.47
PAN,1949,5.57
PAN,1950,5.68
PAN,1951,5.7
PAN,1952,5.75
PAN,1953,5.79
PAN,1954,5.82
PAN,1955,5.85
PAN,1956,5.87
PAN,1957,5.88
PAN,1958,5.89
PAN,1959,5.88
PAN,1960,5.87
PAN,1961,5.85
PAN,1962,5.81
PAN,1963,5.77
PAN,1964,5.71
PAN,1965,5.64
PAN,1966,5.56
PAN,1967,5.47
PAN,1968,5.38
PAN,1969,5.28
PAN,1970,5.17
PAN,1971,5.06
PAN,1972,4.94
PAN,1973,4.81
PAN,1974,4.68
PAN,1975,4.54
PAN,1976,4.4
PAN,1977,4.26
PAN,1978,4.13
PAN,1979,4
PAN,1980,3.88
PAN,1981,3.78
PAN,1982,3.67
PAN,1983,3.58
PAN,1984,3.49
PAN,1985,3.41
PAN,1986,3.33
PAN,1987,3.26
PAN,1988,3.2
PAN,1989,3.13
PAN,1990,3.08
PAN,1991,3.02
PAN,1992,2.98
PAN,1993,2.95
PAN,1994,2.92
PAN,1995,2.9
PAN,1996,2.88
PAN,1997,2.87
PAN,1998,2.86
PAN,1999,2.84
PAN,2000,2.82
PAN,2001,2.8
PAN,2002,2.78
PAN,2003,2.75
PAN,2004,2.72
PAN,2005,2.7
PAN,2006,2.67
PAN,2007,2.64
PAN,2008,2.61
PAN,2009,2.58
PAN,2010,2.55
PAN,2011,2.52
PAN,2012,2.49
PAN,2013,2.47
PAN,2014,2.44
PAN,2015,2.42
PNG,1800,6.23
PNG,1801,6.23
PNG,1802,6.23
PNG,1803,6.23
PNG,1804,6.23
PNG,1805,6.23
PNG,1806,6.23
PNG,1807,6.23
PNG,1808,6.23
PNG,1809,6.23
PNG,1810,6.23
PNG,1811,6.23
PNG,1812,6.23
PNG,1813,6.23
PNG,1814,6.23
PNG,1815,6.23
PNG,1816,6.23
PNG,1817,6.23
PNG,1818,6.23
PNG,1819,6.23
PNG,1820,6.23
PNG,1821,6.23
PNG,1822,6.23
PNG,1823,6.23
PNG,1824,6.23
PNG,1825,6.23
PNG,1826,6.23
PNG,1827,6.23
PNG,1828,6.23
PNG,1829,6.23
PNG,1830,6.23
PNG,1831,6.23
PNG,1832,6.23
PNG,1833,6.23
PNG,1834,6.23
PNG,1835,6.23
PNG,1836,6.23
PNG,1837,6.23
PNG,1838,6.23
PNG,1839,6.23
PNG,1840,6.23
PNG,1841,6.23
PNG,1842,6.23
PNG,1843,6.23
PNG,1844,6.23
PNG,1845,6.23
PNG,1846,6.23
PNG,1847,6.23
PNG,1848,6.23
PNG,1849,6.23
PNG,1850,6.23
PNG,1851,6.23
PNG,1852,6.23
PNG,1853,6.23
PNG,1854,6.23
PNG,1855,6.23
PNG,1856,6.23
PNG,1857,6.23
PNG,1858,6.23
PNG,1859,6.23
PNG,1860,6.23
PNG,1861,6.23
PNG,1862,6.23
PNG,1863,6.23
PNG,1864,6.23
PNG,1865,6.23
PNG,1866,6.23
PNG,1867,6.23
PNG,1868,6.23
PNG,1869,6.23
PNG,1870,6.23
PNG,1871,6.23
PNG,1872,6.23
PNG,1873,6.23
PNG,1874,6.23
PNG,1875,6.23
PNG,1876,6.23
PNG,1877,6.23
PNG,1878,6.23
PNG,1879,6.23
PNG,1880,6.23
PNG,1881,6.23
PNG,1882,6.23
PNG,1883,6.23
PNG,1884,6.23
PNG,1885,6.23
PNG,1886,6.23
PNG,1887,6.23
PNG,1888,6.23
PNG,1889,6.23
PNG,1890,6.23
PNG,1891,6.23
PNG,1892,6.23
PNG,1893,6.23
PNG,1894,6.23
PNG,1895,6.23
PNG,1896,6.23
PNG,1897,6.23
PNG,1898,6.23
PNG,1899,6.23
PNG,1900,6.23
PNG,1901,6.23
PNG,1902,6.23
PNG,1903,6.23
PNG,1904,6.23
PNG,1905,6.23
PNG,1906,6.23
PNG,1907,6.23
PNG,1908,6.23
PNG,1909,6.23
PNG,1910,6.23
PNG,1911,6.23
PNG,1912,6.23
PNG,1913,6.23
PNG,1914,6.23
PNG,1915,6.23
PNG,1916,6.23
PNG,1917,6.23
PNG,1918,6.23
PNG,1919,6.23
PNG,1920,6.23
PNG,1921,6.23
PNG,1922,6.23
PNG,1923,6.23
PNG,1924,6.23
PNG,1925,6.23
PNG,1926,6.23
PNG,1927,6.23
PNG,1928,6.23
PNG,1929,6.23
PNG,1930,6.23
PNG,1931,6.23
PNG,1932,6.23
PNG,1933,6.23
PNG,1934,6.23
PNG,1935,6.23
PNG,1936,6.23
PNG,1937,6.23
PNG,1938,6.23
PNG,1939,6.23
PNG,1940,6.23
PNG,1941,6.23
PNG,1942,6.23
PNG,1943,6.23
PNG,1944,6.23
PNG,1945,6.23
PNG,1946,6.23
PNG,1947,6.23
PNG,1948,6.23
PNG,1949,6.23
PNG,1950,6.23
PNG,1951,6.23
PNG,1952,6.24
PNG,1953,6.24
PNG,1954,6.24
PNG,1955,6.25
PNG,1956,6.25
PNG,1957,6.26
PNG,1958,6.27
PNG,1959,6.27
PNG,1960,6.28
PNG,1961,6.28
PNG,1962,6.28
PNG,1963,6.28
PNG,1964,6.27
PNG,1965,6.26
PNG,1966,6.24
PNG,1967,6.23
PNG,1968,6.21
PNG,1969,6.19
PNG,1970,6.16
PNG,1971,6.14
PNG,1972,6.11
PNG,1973,6.08
PNG,1974,6.04
PNG,1975,6
PNG,1976,5.95
PNG,1977,5.9
PNG,1978,5.84
PNG,1979,5.77
PNG,1980,5.69
PNG,1981,5.61
PNG,1982,5.52
PNG,1983,5.42
PNG,1984,5.31
PNG,1985,5.21
PNG,1986,5.11
PNG,1987,5.02
PNG,1988,4.93
PNG,1989,4.86
PNG,1990,4.8
PNG,1991,4.76
PNG,1992,4.72
PNG,1993,4.7
PNG,1994,4.69
PNG,1995,4.67
PNG,1996,4.65
PNG,1997,4.63
PNG,1998,4.6
PNG,1999,4.56
PNG,2000,4.51
PNG,2001,4.45
PNG,2002,4.39
PNG,2003,4.34
PNG,2004,4.28
PNG,2005,4.23
PNG,2006,4.17
PNG,2007,4.12
PNG,2008,4.07
PNG,2009,4.01
PNG,2010,3.95
PNG,2011,3.9
PNG,2012,3.84
PNG,2013,3.78
PNG,2014,3.73
PNG,2015,3.67
PRY,1800,6.49
PRY,1801,6.49
PRY,1802,6.49
PRY,1803,6.49
PRY,1804,6.49
PRY,1805,6.49
PRY,1806,6.49
PRY,1807,6.49
PRY,1808,6.49
PRY,1809,6.49
PRY,1810,6.49
PRY,1811,6.49
PRY,1812,6.49
PRY,1813,6.49
PRY,1814,6.49
PRY,1815,6.49
PRY,1816,6.49
PRY,1817,6.49
PRY,1818,6.49
PRY,1819,6.49
PRY,1820,6.49
PRY,1821,6.49
PRY,1822,6.49
PRY,1823,6.49
PRY,1824,6.49
PRY,1825,6.49
PRY,1826,6.49
PRY,1827,6.49
PRY,1828,6.49
PRY,1829,6.49
PRY,1830,6.49
PRY,1831,6.49
PRY,1832,6.49
PRY,1833,6.49
PRY,1834,6.49
PRY,1835,6.49
PRY,1836,6.49
PRY,1837,6.49
PRY,1838,6.49
PRY,1839,6.49
PRY,1840,6.49
PRY,1841,6.49
PRY,1842,6.49
PRY,1843,6.49
PRY,1844,6.49
PRY,1845,6.49
PRY,1846,6.49
PRY,1847,6.49
PRY,1848,6.49
PRY,1849,6.49
PRY,1850,6.49
PRY,1851,6.49
PRY,1852,6.49
PRY,1853,6.49
PRY,1854,6.49
PRY,1855,6.49
PRY,1856,6.49
PRY,1857,6.49
PRY,1858,6.49
PRY,1859,6.49
PRY,1860,6.49
PRY,1861,6.49
PRY,1862,6.49
PRY,1863,6.49
PRY,1864,6.49
PRY,1865,6.49
PRY,1866,6.49
PRY,1867,6.49
PRY,1868,6.49
PRY,1869,6.49
PRY,1870,6.49
PRY,1871,6.49
PRY,1872,6.49
PRY,1873,6.49
PRY,1874,6.49
PRY,1875,6.49
PRY,1876,6.49
PRY,1877,6.49
PRY,1878,6.49
PRY,1879,6.49
PRY,1880,6.49
PRY,1881,6.49
PRY,1882,6.49
PRY,1883,6.49
PRY,1884,6.49
PRY,1885,6.49
PRY,1886,6.49
PRY,1887,6.49
PRY,1888,6.49
PRY,1889,6.49
PRY,1890,6.49
PRY,1891,6.49
PRY,1892,6.49
PRY,1893,6.49
PRY,1894,6.49
PRY,1895,6.49
PRY,1896,6.49
PRY,1897,6.49
PRY,1898,6.49
PRY,1899,6.49
PRY,1900,6.49
PRY,1901,6.49
PRY,1902,6.49
PRY,1903,6.49
PRY,1904,6.49
PRY,1905,6.49
PRY,1906,6.49
PRY,1907,6.49
PRY,1908,6.49
PRY,1909,6.49
PRY,1910,6.49
PRY,1911,6.49
PRY,1912,6.49
PRY,1913,6.49
PRY,1914,6.49
PRY,1915,6.49
PRY,1916,6.49
PRY,1917,6.49
PRY,1918,6.49
PRY,1919,6.49
PRY,1920,6.49
PRY,1921,6.49
PRY,1922,6.49
PRY,1923,6.49
PRY,1924,6.49
PRY,1925,6.49
PRY,1926,6.49
PRY,1927,6.49
PRY,1928,6.49
PRY,1929,6.49
PRY,1930,6.49
PRY,1931,6.49
PRY,1932,6.49
PRY,1933,6.49
PRY,1934,6.49
PRY,1935,6.49
PRY,1936,6.49
PRY,1937,6.49
PRY,1938,6.49
PRY,1939,6.49
PRY,1940,6.49
PRY,1941,6.49
PRY,1942,6.49
PRY,1943,6.49
PRY,1944,6.49
PRY,1945,6.49
PRY,1946,6.49
PRY,1947,6.49
PRY,1948,6.49
PRY,1949,6.49
PRY,1950,6.49
PRY,1951,6.49
PRY,1952,6.5
PRY,1953,6.5
PRY,1954,6.51
PRY,1955,6.51
PRY,1956,6.51
PRY,1957,6.51
PRY,1958,6.51
PRY,1959,6.51
PRY,1960,6.5
PRY,1961,6.49
PRY,1962,6.47
PRY,1963,6.45
PRY,1964,6.41
PRY,1965,6.36
PRY,1966,6.28
PRY,1967,6.17
PRY,1968,6.04
PRY,1969,5.89
PRY,1970,5.74
PRY,1971,5.59
PRY,1972,5.46
PRY,1973,5.35
PRY,1974,5.27
PRY,1975,5.22
PRY,1976,5.2
PRY,1977,5.2
PRY,1978,5.2
PRY,1979,5.21
PRY,1980,5.22
PRY,1981,5.21
PRY,1982,5.19
PRY,1983,5.15
PRY,1984,5.09
PRY,1985,5.02
PRY,1986,4.93
PRY,1987,4.84
PRY,1988,4.74
PRY,1989,4.64
PRY,1990,4.54
PRY,1991,4.45
PRY,1992,4.36
PRY,1993,4.27
PRY,1994,4.18
PRY,1995,4.09
PRY,1996,4.01
PRY,1997,3.92
PRY,1998,3.84
PRY,1999,3.76
PRY,2000,3.68
PRY,2001,3.6
PRY,2002,3.51
PRY,2003,3.43
PRY,2004,3.35
PRY,2005,3.27
PRY,2006,3.19
PRY,2007,3.12
PRY,2008,3.06
PRY,2009,3.01
PRY,2010,2.97
PRY,2011,2.93
PRY,2012,2.9
PRY,2013,2.86
PRY,2014,2.83
PRY,2015,2.8
PER,1800,6.82
PER,1801,6.82
PER,1802,6.82
PER,1803,6.82
PER,1804,6.82
PER,1805,6.82
PER,1806,6.82
PER,1807,6.82
PER,1808,6.82
PER,1809,6.82
PER,1810,6.82
PER,1811,6.82
PER,1812,6.82
PER,1813,6.82
PER,1814,6.82
PER,1815,6.82
PER,1816,6.82
PER,1817,6.82
PER,1818,6.82
PER,1819,6.82
PER,1820,6.82
PER,1821,6.82
PER,1822,6.82
PER,1823,6.82
PER,1824,6.82
PER,1825,6.82
PER,1826,6.82
PER,1827,6.82
PER,1828,6.82
PER,1829,6.82
PER,1830,6.82
PER,1831,6.82
PER,1832,6.82
PER,1833,6.82
PER,1834,6.82
PER,1835,6.82
PER,1836,6.82
PER,1837,6.82
PER,1838,6.82
PER,1839,6.82
PER,1840,6.82
PER,1841,6.82
PER,1842,6.82
PER,1843,6.82
PER,1844,6.82
PER,1845,6.82
PER,1846,6.82
PER,1847,6.82
PER,1848,6.82
PER,1849,6.82
PER,1850,6.82
PER,1851,6.82
PER,1852,6.82
PER,1853,6.82
PER,1854,6.82
PER,1855,6.82
PER,1856,6.82
PER,1857,6.82
PER,1858,6.82
PER,1859,6.82
PER,1860,6.82
PER,1861,6.82
PER,1862,6.82
PER,1863,6.82
PER,1864,6.82
PER,1865,6.82
PER,1866,6.82
PER,1867,6.82
PER,1868,6.82
PER,1869,6.82
PER,1870,6.82
PER,1871,6.82
PER,1872,6.82
PER,1873,6.82
PER,1874,6.82
PER,1875,6.82
PER,1876,6.82
PER,1877,6.82
PER,1878,6.82
PER,1879,6.82
PER,1880,6.82
PER,1881,6.82
PER,1882,6.82
PER,1883,6.82
PER,1884,6.82
PER,1885,6.82
PER,1886,6.82
PER,1887,6.82
PER,1888,6.82
PER,1889,6.82
PER,1890,6.82
PER,1891,6.82
PER,1892,6.82
PER,1893,6.82
PER,1894,6.82
PER,1895,6.82
PER,1896,6.82
PER,1897,6.82
PER,1898,6.82
PER,1899,6.82
PER,1900,6.82
PER,1901,6.81
PER,1902,6.8
PER,1903,6.79
PER,1904,6.78
PER,1905,6.77
PER,1906,6.76
PER,1907,6.75
PER,1908,6.74
PER,1909,6.73
PER,1910,6.72
PER,1911,6.71
PER,1912,6.7
PER,1913,6.69
PER,1914,6.68
PER,1915,6.67
PER,1916,6.66
PER,1917,6.65
PER,1918,6.64
PER,1919,6.63
PER,1920,6.62
PER,1921,6.61
PER,1922,6.6
PER,1923,6.59
PER,1924,6.58
PER,1925,6.57
PER,1926,6.56
PER,1927,6.55
PER,1928,6.54
PER,1929,6.53
PER,1930,6.53
PER,1931,6.54
PER,1932,6.56
PER,1933,6.58
PER,1934,6.59
PER,1935,6.61
PER,1936,6.63
PER,1937,6.64
PER,1938,6.66
PER,1939,6.68
PER,1940,6.69
PER,1941,6.71
PER,1942,6.73
PER,1943,6.74
PER,1944,6.76
PER,1945,6.78
PER,1946,6.79
PER,1947,6.81
PER,1948,6.83
PER,1949,6.84
PER,1950,6.86
PER,1951,6.86
PER,1952,6.85
PER,1953,6.85
PER,1954,6.85
PER,1955,6.85
PER,1956,6.86
PER,1957,6.86
PER,1958,6.87
PER,1959,6.88
PER,1960,6.88
PER,1961,6.87
PER,1962,6.86
PER,1963,6.84
PER,1964,6.8
PER,1965,6.75
PER,1966,6.68
PER,1967,6.61
PER,1968,6.52
PER,1969,6.42
PER,1970,6.31
PER,1971,6.19
PER,1972,6.07
PER,1973,5.95
PER,1974,5.83
PER,1975,5.7
PER,1976,5.57
PER,1977,5.44
PER,1978,5.3
PER,1979,5.15
PER,1980,5.01
PER,1981,4.87
PER,1982,4.73
PER,1983,4.6
PER,1984,4.48
PER,1985,4.36
PER,1986,4.25
PER,1987,4.14
PER,1988,4.04
PER,1989,3.93
PER,1990,3.83
PER,1991,3.72
PER,1992,3.62
PER,1993,3.51
PER,1994,3.41
PER,1995,3.32
PER,1996,3.23
PER,1997,3.14
PER,1998,3.06
PER,1999,2.99
PER,2000,2.93
PER,2001,2.87
PER,2002,2.82
PER,2003,2.77
PER,2004,2.73
PER,2005,2.69
PER,2006,2.65
PER,2007,2.61
PER,2008,2.58
PER,2009,2.55
PER,2010,2.51
PER,2011,2.48
PER,2012,2.45
PER,2013,2.42
PER,2014,2.39
PER,2015,2.36
PHL,1800,6.45
PHL,1801,6.41
PHL,1802,6.38
PHL,1803,6.34
PHL,1804,6.3
PHL,1805,6.26
PHL,1806,6.23
PHL,1807,6.19
PHL,1808,6.12
PHL,1809,6.04
PHL,1810,5.97
PHL,1811,5.89
PHL,1812,5.82
PHL,1813,6.01
PHL,1814,6.2
PHL,1815,6.39
PHL,1816,6.58
PHL,1817,6.77
PHL,1818,6.79
PHL,1819,6.82
PHL,1820,6.85
PHL,1821,6.87
PHL,1822,6.9
PHL,1823,6.96
PHL,1824,7.02
PHL,1825,7.08
PHL,1826,7.14
PHL,1827,7.2
PHL,1828,7.1
PHL,1829,7.01
PHL,1830,6.91
PHL,1831,6.82
PHL,1832,6.73
PHL,1833,6.6
PHL,1834,6.46
PHL,1835,6.33
PHL,1836,6.2
PHL,1837,6.07
PHL,1838,6.01
PHL,1839,5.96
PHL,1840,5.9
PHL,1841,5.85
PHL,1842,5.79
PHL,1843,5.87
PHL,1844,5.94
PHL,1845,6.02
PHL,1846,6.1
PHL,1847,6.18
PHL,1848,6.23
PHL,1849,6.28
PHL,1850,6.34
PHL,1851,6.39
PHL,1852,6.45
PHL,1853,6.44
PHL,1854,6.43
PHL,1855,6.42
PHL,1856,6.41
PHL,1857,6.41
PHL,1858,6.42
PHL,1859,6.44
PHL,1860,6.46
PHL,1861,6.48
PHL,1862,6.5
PHL,1863,6.47
PHL,1864,6.45
PHL,1865,6.42
PHL,1866,6.39
PHL,1867,6.37
PHL,1868,6.39
PHL,1869,6.42
PHL,1870,6.45
PHL,1871,6.48
PHL,1872,6.51
PHL,1873,6.43
PHL,1874,6.35
PHL,1875,6.27
PHL,1876,6.19
PHL,1877,6.07
PHL,1878,5.94
PHL,1879,5.82
PHL,1880,5.97
PHL,1881,6.13
PHL,1882,6.29
PHL,1883,6.45
PHL,1884,6.61
PHL,1885,6.77
PHL,1886,6.9
PHL,1887,7.2
PHL,1888,6.73
PHL,1889,6.07
PHL,1890,5.79
PHL,1891,6.18
PHL,1892,6.45
PHL,1893,6.41
PHL,1894,6.5
PHL,1895,6.37
PHL,1896,6.51
PHL,1897,6.57
PHL,1898,6.38
PHL,1899,6.37
PHL,1900,6.36
PHL,1901,6.35
PHL,1902,6.35
PHL,1903,6.34
PHL,1904,5.07
PHL,1905,5.48
PHL,1906,4.86
PHL,1907,5.55
PHL,1908,5.8
PHL,1909,5.17
PHL,1910,5.83
PHL,1911,5.94
PHL,1912,5.92
PHL,1913,5.96
PHL,1914,6.32
PHL,1915,5.95
PHL,1916,6
PHL,1917,6.04
PHL,1918,5.82
PHL,1919,5.33
PHL,1920,5.84
PHL,1921,5.95
PHL,1922,5.99
PHL,1923,6.06
PHL,1924,5.99
PHL,1925,5.91
PHL,1926,5.84
PHL,1927,6.07
PHL,1928,6.1
PHL,1929,6.1
PHL,1930,5.74
PHL,1931,5.74
PHL,1932,5.71
PHL,1933,5.72
PHL,1934,5.51
PHL,1935,5.53
PHL,1936,5.65
PHL,1937,5.8
PHL,1938,5.68
PHL,1939,5.62
PHL,1940,5.56
PHL,1941,5.51
PHL,1942,5.45
PHL,1943,5.39
PHL,1944,5.33
PHL,1945,5.27
PHL,1946,5.21
PHL,1947,5.43
PHL,1948,5.56
PHL,1949,6.5
PHL,1950,7.45
PHL,1951,7.44
PHL,1952,7.43
PHL,1953,7.42
PHL,1954,7.39
PHL,1955,7.37
PHL,1956,7.33
PHL,1957,7.3
PHL,1958,7.25
PHL,1959,7.2
PHL,1960,7.15
PHL,1961,7.09
PHL,1962,7.02
PHL,1963,6.95
PHL,1964,6.87
PHL,1965,6.78
PHL,1966,6.69
PHL,1967,6.59
PHL,1968,6.49
PHL,1969,6.38
PHL,1970,6.26
PHL,1971,6.15
PHL,1972,6.04
PHL,1973,5.93
PHL,1974,5.82
PHL,1975,5.72
PHL,1976,5.61
PHL,1977,5.51
PHL,1978,5.4
PHL,1979,5.29
PHL,1980,5.18
PHL,1981,5.08
PHL,1982,4.98
PHL,1983,4.88
PHL,1984,4.8
PHL,1985,4.71
PHL,1986,4.63
PHL,1987,4.55
PHL,1988,4.48
PHL,1989,4.4
PHL,1990,4.32
PHL,1991,4.25
PHL,1992,4.18
PHL,1993,4.11
PHL,1994,4.06
PHL,1995,4.01
PHL,1996,3.96
PHL,1997,3.92
PHL,1998,3.89
PHL,1999,3.85
PHL,2000,3.81
PHL,2001,3.77
PHL,2002,3.71
PHL,2003,3.64
PHL,2004,3.57
PHL,2005,3.49
PHL,2006,3.4
PHL,2007,3.33
PHL,2008,3.26
PHL,2009,3.2
PHL,2010,3.15
PHL,2011,3.11
PHL,2012,3.08
PHL,2013,3.04
PHL,2014,3.01
PHL,2015,2.98
POL,1800,6.28
POL,1801,6.26
POL,1802,6.25
POL,1803,6.23
POL,1804,6.22
POL,1805,6.2
POL,1806,6.19
POL,1807,6.17
POL,1808,6.16
POL,1809,6.14
POL,1810,6.12
POL,1811,6.11
POL,1812,6.09
POL,1813,6.08
POL,1814,6.06
POL,1815,6.05
POL,1816,6.03
POL,1817,6.03
POL,1818,6.16
POL,1819,6.3
POL,1820,6.03
POL,1821,6.3
POL,1822,6.03
POL,1823,5.76
POL,1824,5.49
POL,1825,6.83
POL,1826,6.16
POL,1827,6.3
POL,1828,6.22
POL,1829,6.14
POL,1830,6.06
POL,1831,5.98
POL,1832,5.9
POL,1833,6.43
POL,1834,6.83
POL,1835,5.9
POL,1836,6.3
POL,1837,6.57
POL,1838,6.03
POL,1839,6.43
POL,1840,6.57
POL,1841,6.16
POL,1842,6.43
POL,1843,6.3
POL,1844,6.03
POL,1845,5.36
POL,1846,5.49
POL,1847,5.09
POL,1848,4.82
POL,1849,5.49
POL,1850,5.63
POL,1851,5.63
POL,1852,5.49
POL,1853,5.63
POL,1854,5.36
POL,1855,4.82
POL,1856,5.36
POL,1857,5.76
POL,1858,6.3
POL,1859,6.57
POL,1860,6.57
POL,1861,6.43
POL,1862,6.97
POL,1863,6.57
POL,1864,6.2
POL,1865,5.83
POL,1866,5.46
POL,1867,5.09
POL,1868,5.63
POL,1869,5.63
POL,1870,6.16
POL,1871,5.76
POL,1872,5.49
POL,1873,5.76
POL,1874,5.76
POL,1875,5.49
POL,1876,5.49
POL,1877,5.23
POL,1878,5.23
POL,1879,5.36
POL,1880,5.23
POL,1881,5.09
POL,1882,5.23
POL,1883,5.23
POL,1884,5.09
POL,1885,5.36
POL,1886,5.36
POL,1887,5.36
POL,1888,5.49
POL,1889,5.76
POL,1890,5.63
POL,1891,5.63
POL,1892,5.36
POL,1893,5.63
POL,1894,5.9
POL,1895,5.9
POL,1896,5.76
POL,1897,5.63
POL,1898,5.49
POL,1899,5.49
POL,1900,5.49
POL,1901,5.36
POL,1902,5.36
POL,1903,5.09
POL,1904,5.09
POL,1905,4.96
POL,1906,5.09
POL,1907,5.09
POL,1908,4.96
POL,1909,4.96
POL,1910,4.82
POL,1911,4.69
POL,1912,4.56
POL,1913,4.69
POL,1914,4.82
POL,1915,3.89
POL,1916,3.62
POL,1917,3.22
POL,1918,3.22
POL,1919,4.42
POL,1920,4.69
POL,1921,4.4
POL,1922,4.73
POL,1923,4.82
POL,1924,4.69
POL,1925,4.74
POL,1926,4.44
POL,1927,4.23
POL,1928,4.29
POL,1929,4.26
POL,1930,4.33
POL,1931,4.05
POL,1932,3.87
POL,1933,3.55
POL,1934,3.56
POL,1935,3.5
POL,1936,3.51
POL,1937,3.34
POL,1938,3.26
POL,1939,3.23
POL,1940,3.21
POL,1941,3.18
POL,1942,3.16
POL,1943,3.13
POL,1944,3.11
POL,1945,3.08
POL,1946,3.06
POL,1947,3.51
POL,1948,3.93
POL,1949,3.94
POL,1950,3.66
POL,1951,3.66
POL,1952,3.65
POL,1953,3.62
POL,1954,3.57
POL,1955,3.51
POL,1956,3.43
POL,1957,3.33
POL,1958,3.22
POL,1959,3.1
POL,1960,2.97
POL,1961,2.85
POL,1962,2.72
POL,1963,2.6
POL,1964,2.5
POL,1965,2.41
POL,1966,2.35
POL,1967,2.3
POL,1968,2.26
POL,1969,2.24
POL,1970,2.23
POL,1971,2.23
POL,1972,2.23
POL,1973,2.24
POL,1974,2.24
POL,1975,2.25
POL,1976,2.26
POL,1977,2.27
POL,1978,2.28
POL,1979,2.3
POL,1980,2.31
POL,1981,2.32
POL,1982,2.32
POL,1983,2.31
POL,1984,2.29
POL,1985,2.27
POL,1986,2.23
POL,1987,2.19
POL,1988,2.14
POL,1989,2.09
POL,1990,2.04
POL,1991,1.98
POL,1992,1.91
POL,1993,1.84
POL,1994,1.76
POL,1995,1.68
POL,1996,1.6
POL,1997,1.52
POL,1998,1.45
POL,1999,1.39
POL,2000,1.34
POL,2001,1.3
POL,2002,1.28
POL,2003,1.27
POL,2004,1.27
POL,2005,1.28
POL,2006,1.29
POL,2007,1.31
POL,2008,1.33
POL,2009,1.35
POL,2010,1.37
POL,2011,1.39
POL,2012,1.4
POL,2013,1.42
POL,2014,1.43
POL,2015,1.44
PRT,1800,4.5
PRT,1801,4.5
PRT,1802,4.5
PRT,1803,4.5
PRT,1804,4.5
PRT,1805,4.5
PRT,1806,4.5
PRT,1807,4.5
PRT,1808,4.5
PRT,1809,4.5
PRT,1810,4.5
PRT,1811,4.5
PRT,1812,4.5
PRT,1813,4.5
PRT,1814,4.5
PRT,1815,4.5
PRT,1816,4.5
PRT,1817,4.5
PRT,1818,4.5
PRT,1819,4.5
PRT,1820,4.5
PRT,1821,4.5
PRT,1822,4.5
PRT,1823,4.5
PRT,1824,4.5
PRT,1825,4.5
PRT,1826,4.5
PRT,1827,4.5
PRT,1828,4.5
PRT,1829,4.5
PRT,1830,4.5
PRT,1831,4.5
PRT,1832,4.5
PRT,1833,4.5
PRT,1834,4.5
PRT,1835,4.5
PRT,1836,4.5
PRT,1837,4.5
PRT,1838,4.5
PRT,1839,4.5
PRT,1840,4.5
PRT,1841,4.5
PRT,1842,4.5
PRT,1843,4.5
PRT,1844,4.5
PRT,1845,4.5
PRT,1846,4.5
PRT,1847,4.5
PRT,1848,4.5
PRT,1849,4.5
PRT,1850,4.5
PRT,1851,4.47
PRT,1852,4.44
PRT,1853,4.41
PRT,1854,4.38
PRT,1855,4.35
PRT,1856,4.33
PRT,1857,4.3
PRT,1858,4.27
PRT,1859,4.24
PRT,1860,4.21
PRT,1861,4.18
PRT,1862,4.15
PRT,1863,4.12
PRT,1864,4.09
PRT,1865,4.1
PRT,1866,4.11
PRT,1867,4.12
PRT,1868,4.14
PRT,1869,4.15
PRT,1870,4.16
PRT,1871,4.17
PRT,1872,4.18
PRT,1873,4.19
PRT,1874,4.2
PRT,1875,4.21
PRT,1876,4.22
PRT,1877,4.23
PRT,1878,4.24
PRT,1879,4.23
PRT,1880,4.22
PRT,1881,4.21
PRT,1882,4.19
PRT,1883,4.18
PRT,1884,4.17
PRT,1885,4.16
PRT,1886,4.15
PRT,1887,4.38
PRT,1888,4.3
PRT,1889,4.38
PRT,1890,4.24
PRT,1891,4.16
PRT,1892,4.06
PRT,1893,4.15
PRT,1894,3.86
PRT,1895,3.9
PRT,1896,3.9
PRT,1897,3.95
PRT,1898,3.93
PRT,1899,3.89
PRT,1900,3.97
PRT,1901,4.07
PRT,1902,4.16
PRT,1903,4.29
PRT,1904,4.11
PRT,1905,4.13
PRT,1906,4.17
PRT,1907,3.99
PRT,1908,3.94
PRT,1909,3.89
PRT,1910,4.12
PRT,1911,5.02
PRT,1912,4.54
PRT,1913,4.23
PRT,1914,4.1
PRT,1915,4.24
PRT,1916,4.17
PRT,1917,4.08
PRT,1918,3.86
PRT,1919,3.59
PRT,1920,4.37
PRT,1921,4.21
PRT,1922,4.3
PRT,1923,4.32
PRT,1924,4.26
PRT,1925,4.24
PRT,1926,4.36
PRT,1927,4.03
PRT,1928,4.15
PRT,1929,3.89
PRT,1930,3.86
PRT,1931,3.86
PRT,1932,3.89
PRT,1933,3.88
PRT,1934,3.74
PRT,1935,3.59
PRT,1936,3.45
PRT,1937,3.39
PRT,1938,3.34
PRT,1939,3.28
PRT,1940,3.22
PRT,1941,3.12
PRT,1942,3.14
PRT,1943,3.27
PRT,1944,3.28
PRT,1945,3.39
PRT,1946,3.29
PRT,1947,3.14
PRT,1948,3.42
PRT,1949,3.23
PRT,1950,3.1
PRT,1951,3.1
PRT,1952,3.1
PRT,1953,3.1
PRT,1954,3.1
PRT,1955,3.1
PRT,1956,3.11
PRT,1957,3.12
PRT,1958,3.13
PRT,1959,3.15
PRT,1960,3.16
PRT,1961,3.18
PRT,1962,3.19
PRT,1963,3.19
PRT,1964,3.19
PRT,1965,3.18
PRT,1966,3.16
PRT,1967,3.13
PRT,1968,3.09
PRT,1969,3.05
PRT,1970,2.99
PRT,1971,2.94
PRT,1972,2.88
PRT,1973,2.83
PRT,1974,2.77
PRT,1975,2.71
PRT,1976,2.65
PRT,1977,2.57
PRT,1978,2.49
PRT,1979,2.39
PRT,1980,2.29
PRT,1981,2.18
PRT,1982,2.07
PRT,1983,1.96
PRT,1984,1.87
PRT,1985,1.78
PRT,1986,1.71
PRT,1987,1.65
PRT,1988,1.6
PRT,1989,1.56
PRT,1990,1.54
PRT,1991,1.52
PRT,1992,1.5
PRT,1993,1.49
PRT,1994,1.49
PRT,1995,1.48
PRT,1996,1.48
PRT,1997,1.48
PRT,1998,1.47
PRT,1999,1.47
PRT,2000,1.47
PRT,2001,1.46
PRT,2002,1.45
PRT,2003,1.44
PRT,2004,1.43
PRT,2005,1.41
PRT,2006,1.39
PRT,2007,1.37
PRT,2008,1.36
PRT,2009,1.34
PRT,2010,1.33
PRT,2011,1.33
PRT,2012,1.32
PRT,2013,1.32
PRT,2014,1.31
PRT,2015,1.31
PRI,1800,5.15
PRI,1801,5.15
PRI,1802,5.15
PRI,1803,5.15
PRI,1804,5.15
PRI,1805,5.15
PRI,1806,5.15
PRI,1807,5.15
PRI,1808,5.15
PRI,1809,5.15
PRI,1810,5.15
PRI,1811,5.15
PRI,1812,5.15
PRI,1813,5.15
PRI,1814,5.15
PRI,1815,5.15
PRI,1816,5.15
PRI,1817,5.15
PRI,1818,5.15
PRI,1819,5.15
PRI,1820,5.15
PRI,1821,5.15
PRI,1822,5.15
PRI,1823,5.15
PRI,1824,5.15
PRI,1825,5.15
PRI,1826,5.15
PRI,1827,5.15
PRI,1828,5.15
PRI,1829,5.15
PRI,1830,5.15
PRI,1831,5.15
PRI,1832,5.15
PRI,1833,5.15
PRI,1834,5.15
PRI,1835,5.15
PRI,1836,5.15
PRI,1837,5.15
PRI,1838,5.15
PRI,1839,5.15
PRI,1840,5.15
PRI,1841,5.15
PRI,1842,5.15
PRI,1843,5.15
PRI,1844,5.15
PRI,1845,5.15
PRI,1846,5.15
PRI,1847,5.15
PRI,1848,5.15
PRI,1849,5.15
PRI,1850,5.15
PRI,1851,5.15
PRI,1852,5.15
PRI,1853,5.15
PRI,1854,5.15
PRI,1855,5.15
PRI,1856,5.15
PRI,1857,5.15
PRI,1858,5.15
PRI,1859,5.15
PRI,1860,5.15
PRI,1861,5.15
PRI,1862,5.15
PRI,1863,5.15
PRI,1864,5.15
PRI,1865,5.15
PRI,1866,5.15
PRI,1867,5.15
PRI,1868,5.15
PRI,1869,5.15
PRI,1870,5.15
PRI,1871,5.15
PRI,1872,5.15
PRI,1873,5.15
PRI,1874,5.15
PRI,1875,5.15
PRI,1876,5.15
PRI,1877,5.15
PRI,1878,5.15
PRI,1879,5.15
PRI,1880,5.15
PRI,1881,5.15
PRI,1882,5.15
PRI,1883,5.15
PRI,1884,5.15
PRI,1885,5.15
PRI,1886,5.15
PRI,1887,5.15
PRI,1888,5.15
PRI,1889,5.15
PRI,1890,5.15
PRI,1891,5.15
PRI,1892,5.15
PRI,1893,5.15
PRI,1894,5.15
PRI,1895,5.15
PRI,1896,5.15
PRI,1897,5.15
PRI,1898,5.15
PRI,1899,5.15
PRI,1900,5.15
PRI,1901,5.09
PRI,1902,5.02
PRI,1903,4.96
PRI,1904,4.89
PRI,1905,4.83
PRI,1906,4.76
PRI,1907,4.7
PRI,1908,4.63
PRI,1909,4.57
PRI,1910,4.5
PRI,1911,4.6
PRI,1912,4.7
PRI,1913,4.79
PRI,1914,4.89
PRI,1915,4.98
PRI,1916,5.02
PRI,1917,5.05
PRI,1918,5.08
PRI,1919,5.11
PRI,1920,5.15
PRI,1921,5.11
PRI,1922,5.08
PRI,1923,5.04
PRI,1924,5.01
PRI,1925,4.97
PRI,1926,4.92
PRI,1927,4.87
PRI,1928,4.82
PRI,1929,4.77
PRI,1930,4.72
PRI,1931,5.11
PRI,1932,5.51
PRI,1933,5.01
PRI,1934,5.24
PRI,1935,5.29
PRI,1936,5.31
PRI,1937,5.12
PRI,1938,5.17
PRI,1939,5.31
PRI,1940,5.17
PRI,1941,5.33
PRI,1942,5.39
PRI,1943,5.19
PRI,1944,5.44
PRI,1945,5.61
PRI,1946,5.57
PRI,1947,5.65
PRI,1948,5.39
PRI,1949,5.23
PRI,1950,4.98
PRI,1951,4.98
PRI,1952,4.98
PRI,1953,4.97
PRI,1954,4.96
PRI,1955,4.94
PRI,1956,4.91
PRI,1957,4.87
PRI,1958,4.81
PRI,1959,4.75
PRI,1960,4.66
PRI,1961,4.55
PRI,1962,4.41
PRI,1963,4.25
PRI,1964,4.08
PRI,1965,3.89
PRI,1966,3.7
PRI,1967,3.53
PRI,1968,3.38
PRI,1969,3.25
PRI,1970,3.15
PRI,1971,3.07
PRI,1972,3.01
PRI,1973,2.96
PRI,1974,2.91
PRI,1975,2.86
PRI,1976,2.82
PRI,1977,2.77
PRI,1978,2.72
PRI,1979,2.66
PRI,1980,2.61
PRI,1981,2.55
PRI,1982,2.49
PRI,1983,2.44
PRI,1984,2.39
PRI,1985,2.34
PRI,1986,2.31
PRI,1987,2.28
PRI,1988,2.26
PRI,1989,2.24
PRI,1990,2.22
PRI,1991,2.2
PRI,1992,2.18
PRI,1993,2.15
PRI,1994,2.12
PRI,1995,2.09
PRI,1996,2.05
PRI,1997,2.01
PRI,1998,1.97
PRI,1999,1.93
PRI,2000,1.9
PRI,2001,1.86
PRI,2002,1.83
PRI,2003,1.8
PRI,2004,1.78
PRI,2005,1.75
PRI,2006,1.73
PRI,2007,1.71
PRI,2008,1.69
PRI,2009,1.68
PRI,2010,1.66
PRI,2011,1.65
PRI,2012,1.64
PRI,2013,1.64
PRI,2014,1.63
PRI,2015,1.62
QAT,1800,6.97
QAT,1801,6.97
QAT,1802,6.97
QAT,1803,6.97
QAT,1804,6.97
QAT,1805,6.97
QAT,1806,6.97
QAT,1807,6.97
QAT,1808,6.97
QAT,1809,6.97
QAT,1810,6.97
QAT,1811,6.97
QAT,1812,6.97
QAT,1813,6.97
QAT,1814,6.97
QAT,1815,6.97
QAT,1816,6.97
QAT,1817,6.97
QAT,1818,6.97
QAT,1819,6.97
QAT,1820,6.97
QAT,1821,6.97
QAT,1822,6.97
QAT,1823,6.97
QAT,1824,6.97
QAT,1825,6.97
QAT,1826,6.97
QAT,1827,6.97
QAT,1828,6.97
QAT,1829,6.97
QAT,1830,6.97
QAT,1831,6.97
QAT,1832,6.97
QAT,1833,6.97
QAT,1834,6.97
QAT,1835,6.97
QAT,1836,6.97
QAT,1837,6.97
QAT,1838,6.97
QAT,1839,6.97
QAT,1840,6.97
QAT,1841,6.97
QAT,1842,6.97
QAT,1843,6.97
QAT,1844,6.97
QAT,1845,6.97
QAT,1846,6.97
QAT,1847,6.97
QAT,1848,6.97
QAT,1849,6.97
QAT,1850,6.97
QAT,1851,6.97
QAT,1852,6.97
QAT,1853,6.97
QAT,1854,6.97
QAT,1855,6.97
QAT,1856,6.97
QAT,1857,6.97
QAT,1858,6.97
QAT,1859,6.97
QAT,1860,6.97
QAT,1861,6.97
QAT,1862,6.97
QAT,1863,6.97
QAT,1864,6.97
QAT,1865,6.97
QAT,1866,6.97
QAT,1867,6.97
QAT,1868,6.97
QAT,1869,6.97
QAT,1870,6.97
QAT,1871,6.97
QAT,1872,6.97
QAT,1873,6.97
QAT,1874,6.97
QAT,1875,6.97
QAT,1876,6.97
QAT,1877,6.97
QAT,1878,6.97
QAT,1879,6.97
QAT,1880,6.97
QAT,1881,6.97
QAT,1882,6.97
QAT,1883,6.97
QAT,1884,6.97
QAT,1885,6.97
QAT,1886,6.97
QAT,1887,6.97
QAT,1888,6.97
QAT,1889,6.97
QAT,1890,6.97
QAT,1891,6.97
QAT,1892,6.97
QAT,1893,6.97
QAT,1894,6.97
QAT,1895,6.97
QAT,1896,6.97
QAT,1897,6.97
QAT,1898,6.97
QAT,1899,6.97
QAT,1900,6.97
QAT,1901,6.97
QAT,1902,6.97
QAT,1903,6.97
QAT,1904,6.97
QAT,1905,6.97
QAT,1906,6.97
QAT,1907,6.97
QAT,1908,6.97
QAT,1909,6.97
QAT,1910,6.97
QAT,1911,6.97
QAT,1912,6.97
QAT,1913,6.97
QAT,1914,6.97
QAT,1915,6.97
QAT,1916,6.97
QAT,1917,6.97
QAT,1918,6.97
QAT,1919,6.97
QAT,1920,6.97
QAT,1921,6.97
QAT,1922,6.97
QAT,1923,6.97
QAT,1924,6.97
QAT,1925,6.97
QAT,1926,6.97
QAT,1927,6.97
QAT,1928,6.97
QAT,1929,6.97
QAT,1930,6.97
QAT,1931,6.97
QAT,1932,6.97
QAT,1933,6.97
QAT,1934,6.97
QAT,1935,6.97
QAT,1936,6.97
QAT,1937,6.97
QAT,1938,6.97
QAT,1939,6.97
QAT,1940,6.97
QAT,1941,6.97
QAT,1942,6.97
QAT,1943,6.97
QAT,1944,6.97
QAT,1945,6.97
QAT,1946,6.97
QAT,1947,6.97
QAT,1948,6.97
QAT,1949,6.97
QAT,1950,6.97
QAT,1951,6.97
QAT,1952,6.97
QAT,1953,6.97
QAT,1954,6.97
QAT,1955,6.97
QAT,1956,6.97
QAT,1957,6.97
QAT,1958,6.97
QAT,1959,6.97
QAT,1960,6.97
QAT,1961,6.97
QAT,1962,6.98
QAT,1963,6.98
QAT,1964,6.99
QAT,1965,6.99
QAT,1966,6.99
QAT,1967,6.98
QAT,1968,6.97
QAT,1969,6.95
QAT,1970,6.92
QAT,1971,6.87
QAT,1972,6.79
QAT,1973,6.7
QAT,1974,6.6
QAT,1975,6.47
QAT,1976,6.34
QAT,1977,6.21
QAT,1978,6.08
QAT,1979,5.95
QAT,1980,5.81
QAT,1981,5.67
QAT,1982,5.5
QAT,1983,5.33
QAT,1984,5.13
QAT,1985,4.93
QAT,1986,4.72
QAT,1987,4.52
QAT,1988,4.33
QAT,1989,4.16
QAT,1990,4.02
QAT,1991,3.89
QAT,1992,3.8
QAT,1993,3.72
QAT,1994,3.65
QAT,1995,3.59
QAT,1996,3.53
QAT,1997,3.48
QAT,1998,3.41
QAT,1999,3.33
QAT,2000,3.24
QAT,2001,3.13
QAT,2002,3
QAT,2003,2.85
QAT,2004,2.7
QAT,2005,2.56
QAT,2006,2.42
QAT,2007,2.3
QAT,2008,2.2
QAT,2009,2.13
QAT,2010,2.09
QAT,2011,2.06
QAT,2012,2.04
QAT,2013,2.02
QAT,2014,2
QAT,2015,1.98
REU,1800,6.51
REU,1801,6.51
REU,1802,6.51
REU,1803,6.51
REU,1804,6.51
REU,1805,6.51
REU,1806,6.51
REU,1807,6.51
REU,1808,6.51
REU,1809,6.51
REU,1810,6.51
REU,1811,6.51
REU,1812,6.51
REU,1813,6.51
REU,1814,6.51
REU,1815,6.51
REU,1816,6.51
REU,1817,6.51
REU,1818,6.51
REU,1819,6.51
REU,1820,6.51
REU,1821,6.51
REU,1822,6.51
REU,1823,6.51
REU,1824,6.51
REU,1825,6.51
REU,1826,6.51
REU,1827,6.51
REU,1828,6.51
REU,1829,6.51
REU,1830,6.51
REU,1831,6.51
REU,1832,6.51
REU,1833,6.51
REU,1834,6.51
REU,1835,6.51
REU,1836,6.51
REU,1837,6.51
REU,1838,6.51
REU,1839,6.51
REU,1840,6.51
REU,1841,6.51
REU,1842,6.51
REU,1843,6.51
REU,1844,6.51
REU,1845,6.51
REU,1846,6.51
REU,1847,6.51
REU,1848,6.51
REU,1849,6.51
REU,1850,6.51
REU,1851,6.51
REU,1852,6.51
REU,1853,6.51
REU,1854,6.51
REU,1855,6.51
REU,1856,6.51
REU,1857,6.51
REU,1858,6.51
REU,1859,6.51
REU,1860,6.51
REU,1861,6.51
REU,1862,6.51
REU,1863,6.51
REU,1864,6.51
REU,1865,6.51
REU,1866,6.51
REU,1867,6.51
REU,1868,6.51
REU,1869,6.51
REU,1870,6.51
REU,1871,6.51
REU,1872,6.51
REU,1873,6.51
REU,1874,6.51
REU,1875,6.51
REU,1876,6.51
REU,1877,6.51
REU,1878,6.51
REU,1879,6.51
REU,1880,6.51
REU,1881,6.51
REU,1882,6.51
REU,1883,6.51
REU,1884,6.51
REU,1885,6.51
REU,1886,6.51
REU,1887,6.51
REU,1888,6.51
REU,1889,6.51
REU,1890,6.51
REU,1891,6.51
REU,1892,6.51
REU,1893,6.51
REU,1894,6.51
REU,1895,6.51
REU,1896,6.51
REU,1897,6.51
REU,1898,6.51
REU,1899,6.51
REU,1900,6.51
REU,1901,6.51
REU,1902,6.51
REU,1903,6.51
REU,1904,6.51
REU,1905,6.51
REU,1906,6.51
REU,1907,6.51
REU,1908,6.51
REU,1909,6.51
REU,1910,6.51
REU,1911,6.51
REU,1912,6.51
REU,1913,6.51
REU,1914,6.51
REU,1915,6.51
REU,1916,6.51
REU,1917,6.51
REU,1918,6.51
REU,1919,6.51
REU,1920,6.51
REU,1921,6.51
REU,1922,6.51
REU,1923,6.51
REU,1924,6.51
REU,1925,6.51
REU,1926,6.54
REU,1927,6.57
REU,1928,6.6
REU,1929,6.62
REU,1930,6.65
REU,1931,6.68
REU,1932,6.7
REU,1933,6.73
REU,1934,6.76
REU,1935,6.78
REU,1936,6.81
REU,1937,6.84
REU,1938,6.87
REU,1939,6.89
REU,1940,6.92
REU,1941,6.95
REU,1942,6.97
REU,1943,7
REU,1944,7.03
REU,1945,7.05
REU,1946,7.08
REU,1947,7.11
REU,1948,7.14
REU,1949,7.16
REU,1950,7.19
REU,1951,7.11
REU,1952,6.97
REU,1953,6.85
REU,1954,6.76
REU,1955,6.69
REU,1956,6.64
REU,1957,6.62
REU,1958,6.61
REU,1959,6.61
REU,1960,6.61
REU,1961,6.6
REU,1962,6.57
REU,1963,6.51
REU,1964,6.4
REU,1965,6.25
REU,1966,6.04
REU,1967,5.77
REU,1968,5.46
REU,1969,5.12
REU,1970,4.77
REU,1971,4.42
REU,1972,4.1
REU,1973,3.81
REU,1974,3.58
REU,1975,3.39
REU,1976,3.25
REU,1977,3.13
REU,1978,3.04
REU,1979,2.96
REU,1980,2.89
REU,1981,2.84
REU,1982,2.8
REU,1983,2.77
REU,1984,2.75
REU,1985,2.74
REU,1986,2.72
REU,1987,2.7
REU,1988,2.66
REU,1989,2.61
REU,1990,2.56
REU,1991,2.5
REU,1992,2.44
REU,1993,2.4
REU,1994,2.36
REU,1995,2.34
REU,1996,2.33
REU,1997,2.33
REU,1998,2.34
REU,1999,2.36
REU,2000,2.38
REU,2001,2.41
REU,2002,2.43
REU,2003,2.44
REU,2004,2.44
REU,2005,2.44
REU,2006,2.43
REU,2007,2.41
REU,2008,2.39
REU,2009,2.36
REU,2010,2.33
REU,2011,2.3
REU,2012,2.26
REU,2013,2.23
REU,2014,2.2
REU,2015,2.17
ROU,1800,5.22
ROU,1801,5.22
ROU,1802,5.22
ROU,1803,5.22
ROU,1804,5.22
ROU,1805,5.22
ROU,1806,5.22
ROU,1807,5.22
ROU,1808,5.22
ROU,1809,5.22
ROU,1810,5.22
ROU,1811,5.22
ROU,1812,5.22
ROU,1813,5.22
ROU,1814,5.22
ROU,1815,5.22
ROU,1816,5.22
ROU,1817,5.22
ROU,1818,5.22
ROU,1819,5.22
ROU,1820,5.22
ROU,1821,5.22
ROU,1822,5.22
ROU,1823,5.22
ROU,1824,5.22
ROU,1825,5.22
ROU,1826,5.22
ROU,1827,5.22
ROU,1828,5.22
ROU,1829,5.22
ROU,1830,5.22
ROU,1831,5.22
ROU,1832,5.22
ROU,1833,5.22
ROU,1834,5.22
ROU,1835,5.22
ROU,1836,5.22
ROU,1837,5.22
ROU,1838,5.22
ROU,1839,5.22
ROU,1840,5.22
ROU,1841,5.22
ROU,1842,5.22
ROU,1843,5.22
ROU,1844,5.22
ROU,1845,5.22
ROU,1846,5.22
ROU,1847,5.22
ROU,1848,5.22
ROU,1849,5.22
ROU,1850,5.22
ROU,1851,5.08
ROU,1852,4.94
ROU,1853,4.8
ROU,1854,4.66
ROU,1855,4.52
ROU,1856,4.38
ROU,1857,4.24
ROU,1858,4.11
ROU,1859,3.97
ROU,1860,4.23
ROU,1861,4.29
ROU,1862,4.29
ROU,1863,4.07
ROU,1864,4.82
ROU,1865,4.64
ROU,1866,4.19
ROU,1867,4.25
ROU,1868,4.48
ROU,1869,4.56
ROU,1870,4.61
ROU,1871,4.49
ROU,1872,4.29
ROU,1873,4.36
ROU,1874,4.6
ROU,1875,5.2
ROU,1876,4.96
ROU,1877,4.74
ROU,1878,4.22
ROU,1879,4.97
ROU,1880,5.05
ROU,1881,5.56
ROU,1882,5.41
ROU,1883,5.74
ROU,1884,5.55
ROU,1885,5.78
ROU,1886,5.65
ROU,1887,5.49
ROU,1888,5.68
ROU,1889,5.44
ROU,1890,5.16
ROU,1891,5.67
ROU,1892,5.23
ROU,1893,5.43
ROU,1894,5.48
ROU,1895,5.67
ROU,1896,5.45
ROU,1897,5.75
ROU,1898,4.92
ROU,1899,5.63
ROU,1900,5.2
ROU,1901,5.27
ROU,1902,5.23
ROU,1903,5.37
ROU,1904,5.37
ROU,1905,5.13
ROU,1906,5.35
ROU,1907,5.51
ROU,1908,5.4
ROU,1909,5.51
ROU,1910,5.27
ROU,1911,5.67
ROU,1912,5.82
ROU,1913,5.64
ROU,1914,5.64
ROU,1915,5.43
ROU,1916,4.84
ROU,1917,4.25
ROU,1918,3.67
ROU,1919,3.08
ROU,1920,4.52
ROU,1921,5.12
ROU,1922,4.98
ROU,1923,4.88
ROU,1924,4.92
ROU,1925,4.72
ROU,1926,4.66
ROU,1927,4.57
ROU,1928,4.65
ROU,1929,4.57
ROU,1930,4.69
ROU,1931,4.46
ROU,1932,4.81
ROU,1933,4.3
ROU,1934,4.34
ROU,1935,4.11
ROU,1936,4.22
ROU,1937,4.13
ROU,1938,3.97
ROU,1939,3.79
ROU,1940,3.55
ROU,1941,3.08
ROU,1942,2.87
ROU,1943,3.14
ROU,1944,2.91
ROU,1945,2.63
ROU,1946,3.32
ROU,1947,3.14
ROU,1948,3.2
ROU,1949,3.7
ROU,1950,3.58
ROU,1951,3.46
ROU,1952,3.34
ROU,1953,3.22
ROU,1954,3.1
ROU,1955,2.99
ROU,1956,2.87
ROU,1957,2.73
ROU,1958,2.58
ROU,1959,2.41
ROU,1960,2.32
ROU,1961,2.16
ROU,1962,2.02
ROU,1963,2
ROU,1964,1.95
ROU,1965,1.89
ROU,1966,1.89
ROU,1967,3.65
ROU,1968,3.61
ROU,1969,3.19
ROU,1970,2.87
ROU,1971,2.65
ROU,1972,2.53
ROU,1973,2.42
ROU,1974,2.71
ROU,1975,2.62
ROU,1976,2.57
ROU,1977,2.58
ROU,1978,2.51
ROU,1979,2.5
ROU,1980,2.44
ROU,1981,2.35
ROU,1982,2.16
ROU,1983,2
ROU,1984,2.18
ROU,1985,2.27
ROU,1986,2.37
ROU,1987,2.41
ROU,1988,2.3
ROU,1989,2.18
ROU,1990,1.81
ROU,1991,1.56
ROU,1992,1.49
ROU,1993,1.43
ROU,1994,1.42
ROU,1995,1.35
ROU,1996,1.32
ROU,1997,1.3
ROU,1998,1.29
ROU,1999,1.28
ROU,2000,1.27
ROU,2001,1.27
ROU,2002,1.27
ROU,2003,1.28
ROU,2004,1.29
ROU,2005,1.3
ROU,2006,1.31
ROU,2007,1.33
ROU,2008,1.34
ROU,2009,1.36
ROU,2010,1.37
ROU,2011,1.39
ROU,2012,1.4
ROU,2013,1.42
ROU,2014,1.43
ROU,2015,1.45
RUS,1800,7
RUS,1801,7
RUS,1802,7
RUS,1803,7
RUS,1804,7
RUS,1805,7
RUS,1806,7
RUS,1807,7
RUS,1808,7
RUS,1809,7
RUS,1810,7
RUS,1811,7
RUS,1812,7
RUS,1813,7
RUS,1814,7
RUS,1815,7
RUS,1816,7
RUS,1817,7
RUS,1818,7
RUS,1819,7
RUS,1820,7
RUS,1821,7
RUS,1822,7
RUS,1823,7
RUS,1824,7
RUS,1825,7
RUS,1826,7
RUS,1827,7
RUS,1828,7
RUS,1829,7
RUS,1830,7
RUS,1831,7
RUS,1832,7
RUS,1833,7
RUS,1834,7
RUS,1835,7
RUS,1836,7
RUS,1837,7
RUS,1838,7
RUS,1839,7
RUS,1840,7
RUS,1841,7
RUS,1842,7
RUS,1843,7.01
RUS,1844,7.02
RUS,1845,7.03
RUS,1846,7.05
RUS,1847,7.06
RUS,1848,7.08
RUS,1849,7.08
RUS,1850,7.07
RUS,1851,7.07
RUS,1852,7.07
RUS,1853,7.06
RUS,1854,7.05
RUS,1855,7.03
RUS,1856,7.01
RUS,1857,7
RUS,1858,6.98
RUS,1859,6.97
RUS,1860,6.95
RUS,1861,6.93
RUS,1862,6.95
RUS,1863,6.96
RUS,1864,6.98
RUS,1865,6.99
RUS,1866,7.01
RUS,1867,7.02
RUS,1868,6.51
RUS,1869,6.87
RUS,1870,6.74
RUS,1871,7.03
RUS,1872,6.85
RUS,1873,7.24
RUS,1874,7.17
RUS,1875,7.15
RUS,1876,7.02
RUS,1877,6.87
RUS,1878,6.58
RUS,1879,6.98
RUS,1880,6.8
RUS,1881,6.66
RUS,1882,7.03
RUS,1883,6.89
RUS,1884,6.83
RUS,1885,6.74
RUS,1886,6.47
RUS,1887,6.61
RUS,1888,6.96
RUS,1889,6.8
RUS,1890,6.71
RUS,1891,7.44
RUS,1892,6.57
RUS,1893,7.17
RUS,1894,7.18
RUS,1895,7.34
RUS,1896,7.43
RUS,1897,7.52
RUS,1898,7.28
RUS,1899,7.36
RUS,1900,7.36
RUS,1901,7.2
RUS,1902,7.36
RUS,1903,7.2
RUS,1904,7.24
RUS,1905,6.72
RUS,1906,7.04
RUS,1907,7.08
RUS,1908,7.44
RUS,1909,7.12
RUS,1910,7.2
RUS,1911,7.2
RUS,1912,7.04
RUS,1913,6.96
RUS,1914,6.88
RUS,1915,3.36
RUS,1916,5.2
RUS,1917,5.04
RUS,1918,5.72
RUS,1919,3.44
RUS,1920,6.72
RUS,1921,4.72
RUS,1922,6
RUS,1923,6.48
RUS,1924,6.72
RUS,1925,6.8
RUS,1926,6.72
RUS,1927,6.64
RUS,1928,6.52
RUS,1929,6.16
RUS,1930,5.76
RUS,1931,5.6
RUS,1932,5.04
RUS,1933,4
RUS,1934,3.56
RUS,1935,4.24
RUS,1936,4.56
RUS,1937,5.04
RUS,1938,4.96
RUS,1939,4.88
RUS,1940,4.2
RUS,1941,4.6
RUS,1942,2.96
RUS,1943,1.68
RUS,1944,1.72
RUS,1945,1.92
RUS,1946,2.8
RUS,1947,2.96
RUS,1948,2.56
RUS,1949,3.12
RUS,1950,2.88
RUS,1951,2.88
RUS,1952,2.88
RUS,1953,2.72
RUS,1954,2.96
RUS,1955,2.8
RUS,1956,2.72
RUS,1957,2.76
RUS,1958,2.69
RUS,1959,2.58
RUS,1960,2.56
RUS,1961,2.46
RUS,1962,2.34
RUS,1963,2.28
RUS,1964,2.16
RUS,1965,2.09
RUS,1966,2.1
RUS,1967,2.01
RUS,1968,1.97
RUS,1969,1.98
RUS,1970,2
RUS,1971,2.02
RUS,1972,2.03
RUS,1973,1.96
RUS,1974,2
RUS,1975,1.97
RUS,1976,1.95
RUS,1977,1.92
RUS,1978,1.9
RUS,1979,1.87
RUS,1980,1.86
RUS,1981,1.88
RUS,1982,1.96
RUS,1983,2.09
RUS,1984,2.05
RUS,1985,2.05
RUS,1986,2.18
RUS,1987,2.23
RUS,1988,2.14
RUS,1989,2.02
RUS,1990,1.89
RUS,1991,1.73
RUS,1992,1.55
RUS,1993,1.37
RUS,1994,1.4
RUS,1995,1.34
RUS,1996,1.27
RUS,1997,1.22
RUS,1998,1.23
RUS,1999,1.16
RUS,2000,1.2
RUS,2001,1.22
RUS,2002,1.29
RUS,2003,1.33
RUS,2004,1.34
RUS,2005,1.29
RUS,2006,1.3
RUS,2007,1.41
RUS,2008,1.49
RUS,2009,1.54
RUS,2010,1.57
RUS,2011,1.58
RUS,2012,1.59
RUS,2013,1.6
RUS,2014,1.6
RUS,2015,1.61
RWA,1800,7.07
RWA,1801,7.07
RWA,1802,7.07
RWA,1803,7.07
RWA,1804,7.07
RWA,1805,7.07
RWA,1806,7.07
RWA,1807,7.07
RWA,1808,7.07
RWA,1809,7.07
RWA,1810,7.07
RWA,1811,7.07
RWA,1812,7.07
RWA,1813,7.07
RWA,1814,7.07
RWA,1815,7.07
RWA,1816,7.07
RWA,1817,7.07
RWA,1818,7.07
RWA,1819,7.07
RWA,1820,7.07
RWA,1821,7.07
RWA,1822,7.07
RWA,1823,7.07
RWA,1824,7.07
RWA,1825,7.07
RWA,1826,7.07
RWA,1827,7.07
RWA,1828,7.07
RWA,1829,7.07
RWA,1830,7.07
RWA,1831,7.07
RWA,1832,7.07
RWA,1833,7.07
RWA,1834,7.07
RWA,1835,7.07
RWA,1836,7.07
RWA,1837,7.07
RWA,1838,7.07
RWA,1839,7.07
RWA,1840,7.07
RWA,1841,7.07
RWA,1842,7.07
RWA,1843,7.07
RWA,1844,7.07
RWA,1845,7.07
RWA,1846,7.07
RWA,1847,7.07
RWA,1848,7.07
RWA,1849,7.07
RWA,1850,7.07
RWA,1851,7.07
RWA,1852,7.07
RWA,1853,7.07
RWA,1854,7.07
RWA,1855,7.07
RWA,1856,7.07
RWA,1857,7.07
RWA,1858,7.07
RWA,1859,7.07
RWA,1860,7.07
RWA,1861,7.07
RWA,1862,7.07
RWA,1863,7.07
RWA,1864,7.07
RWA,1865,7.07
RWA,1866,7.07
RWA,1867,7.07
RWA,1868,7.07
RWA,1869,7.07
RWA,1870,7.07
RWA,1871,7.07
RWA,1872,7.07
RWA,1873,7.07
RWA,1874,7.07
RWA,1875,7.07
RWA,1876,7.07
RWA,1877,7.07
RWA,1878,7.07
RWA,1879,7.07
RWA,1880,7.07
RWA,1881,7.07
RWA,1882,7.07
RWA,1883,7.07
RWA,1884,7.07
RWA,1885,7.07
RWA,1886,7.07
RWA,1887,7.07
RWA,1888,7.07
RWA,1889,7.07
RWA,1890,7.07
RWA,1891,7.07
RWA,1892,7.07
RWA,1893,7.07
RWA,1894,7.07
RWA,1895,7.07
RWA,1896,7.07
RWA,1897,7.07
RWA,1898,7.07
RWA,1899,7.07
RWA,1900,7.07
RWA,1901,7.07
RWA,1902,7.07
RWA,1903,7.07
RWA,1904,7.07
RWA,1905,7.07
RWA,1906,7.07
RWA,1907,7.07
RWA,1908,7.07
RWA,1909,7.07
RWA,1910,7.07
RWA,1911,7.07
RWA,1912,7.07
RWA,1913,7.07
RWA,1914,7.07
RWA,1915,7.07
RWA,1916,7.07
RWA,1917,7.07
RWA,1918,7.07
RWA,1919,7.07
RWA,1920,7.07
RWA,1921,7.07
RWA,1922,7.07
RWA,1923,7.07
RWA,1924,7.07
RWA,1925,7.07
RWA,1926,7.11
RWA,1927,7.14
RWA,1928,7.18
RWA,1929,7.21
RWA,1930,7.24
RWA,1931,7.28
RWA,1932,7.31
RWA,1933,7.34
RWA,1934,7.38
RWA,1935,7.41
RWA,1936,7.44
RWA,1937,7.48
RWA,1938,7.51
RWA,1939,7.55
RWA,1940,7.58
RWA,1941,7.61
RWA,1942,7.65
RWA,1943,7.68
RWA,1944,7.71
RWA,1945,7.75
RWA,1946,7.78
RWA,1947,7.82
RWA,1948,7.85
RWA,1949,7.88
RWA,1950,7.92
RWA,1951,7.94
RWA,1952,7.98
RWA,1953,8.02
RWA,1954,8.06
RWA,1955,8.09
RWA,1956,8.12
RWA,1957,8.14
RWA,1958,8.16
RWA,1959,8.18
RWA,1960,8.19
RWA,1961,8.19
RWA,1962,8.2
RWA,1963,8.2
RWA,1964,8.2
RWA,1965,8.2
RWA,1966,8.2
RWA,1967,8.2
RWA,1968,8.21
RWA,1969,8.22
RWA,1970,8.23
RWA,1971,8.25
RWA,1972,8.28
RWA,1973,8.31
RWA,1974,8.34
RWA,1975,8.37
RWA,1976,8.4
RWA,1977,8.42
RWA,1978,8.44
RWA,1979,8.45
RWA,1980,8.45
RWA,1981,8.44
RWA,1982,8.42
RWA,1983,8.4
RWA,1984,8.36
RWA,1985,8.28
RWA,1986,8.17
RWA,1987,8
RWA,1988,7.79
RWA,1989,7.54
RWA,1990,7.27
RWA,1991,7.01
RWA,1992,6.77
RWA,1993,6.57
RWA,1994,6.42
RWA,1995,6.31
RWA,1996,6.23
RWA,1997,6.16
RWA,1998,6.09
RWA,1999,6
RWA,2000,5.9
RWA,2001,5.79
RWA,2002,5.67
RWA,2003,5.57
RWA,2004,5.46
RWA,2005,5.37
RWA,2006,5.27
RWA,2007,5.17
RWA,2008,5.06
RWA,2009,4.95
RWA,2010,4.84
RWA,2011,4.73
RWA,2012,4.62
RWA,2013,4.51
RWA,2014,4.4
RWA,2015,4.31
LCA,1800,5.53
LCA,1801,5.53
LCA,1802,5.53
LCA,1803,5.53
LCA,1804,5.53
LCA,1805,5.53
LCA,1806,5.53
LCA,1807,5.53
LCA,1808,5.53
LCA,1809,5.53
LCA,1810,5.53
LCA,1811,5.53
LCA,1812,5.53
LCA,1813,5.53
LCA,1814,5.53
LCA,1815,5.53
LCA,1816,5.53
LCA,1817,5.53
LCA,1818,5.53
LCA,1819,5.53
LCA,1820,5.53
LCA,1821,5.53
LCA,1822,5.53
LCA,1823,5.53
LCA,1824,5.53
LCA,1825,5.53
LCA,1826,5.53
LCA,1827,5.53
LCA,1828,5.53
LCA,1829,5.53
LCA,1830,5.53
LCA,1831,5.53
LCA,1832,5.53
LCA,1833,5.53
LCA,1834,5.53
LCA,1835,5.53
LCA,1836,5.53
LCA,1837,5.53
LCA,1838,5.53
LCA,1839,5.53
LCA,1840,5.53
LCA,1841,5.53
LCA,1842,5.53
LCA,1843,5.53
LCA,1844,5.53
LCA,1845,5.53
LCA,1846,5.53
LCA,1847,5.53
LCA,1848,5.53
LCA,1849,5.53
LCA,1850,5.53
LCA,1851,5.53
LCA,1852,5.53
LCA,1853,5.53
LCA,1854,5.53
LCA,1855,5.53
LCA,1856,5.53
LCA,1857,5.53
LCA,1858,5.53
LCA,1859,5.53
LCA,1860,5.53
LCA,1861,5.53
LCA,1862,5.53
LCA,1863,5.53
LCA,1864,5.53
LCA,1865,5.53
LCA,1866,5.53
LCA,1867,5.53
LCA,1868,5.53
LCA,1869,5.53
LCA,1870,5.53
LCA,1871,5.53
LCA,1872,5.53
LCA,1873,5.53
LCA,1874,5.53
LCA,1875,5.53
LCA,1876,5.53
LCA,1877,5.53
LCA,1878,5.53
LCA,1879,5.53
LCA,1880,5.53
LCA,1881,5.53
LCA,1882,5.53
LCA,1883,5.53
LCA,1884,5.53
LCA,1885,5.53
LCA,1886,5.53
LCA,1887,5.53
LCA,1888,5.53
LCA,1889,5.53
LCA,1890,5.53
LCA,1891,5.53
LCA,1892,5.53
LCA,1893,5.53
LCA,1894,5.53
LCA,1895,5.53
LCA,1896,5.53
LCA,1897,5.53
LCA,1898,5.53
LCA,1899,5.53
LCA,1900,5.53
LCA,1901,5.53
LCA,1902,5.53
LCA,1903,5.53
LCA,1904,5.53
LCA,1905,5.53
LCA,1906,5.53
LCA,1907,5.53
LCA,1908,5.53
LCA,1909,5.53
LCA,1910,5.53
LCA,1911,5.53
LCA,1912,5.53
LCA,1913,5.53
LCA,1914,5.53
LCA,1915,5.53
LCA,1916,5.53
LCA,1917,5.53
LCA,1918,5.53
LCA,1919,5.53
LCA,1920,5.53
LCA,1921,5.53
LCA,1922,5.53
LCA,1923,5.53
LCA,1924,5.53
LCA,1925,5.53
LCA,1926,5.52
LCA,1927,5.51
LCA,1928,5.51
LCA,1929,5.5
LCA,1930,5.49
LCA,1931,5.48
LCA,1932,5.48
LCA,1933,5.47
LCA,1934,5.46
LCA,1935,5.45
LCA,1936,5.45
LCA,1937,5.44
LCA,1938,5.43
LCA,1939,5.42
LCA,1940,5.41
LCA,1941,5.41
LCA,1942,5.4
LCA,1943,5.39
LCA,1944,5.38
LCA,1945,5.38
LCA,1946,5.37
LCA,1947,5.36
LCA,1948,5.35
LCA,1949,5.35
LCA,1950,5.34
LCA,1951,5.53
LCA,1952,5.89
LCA,1953,6.19
LCA,1954,6.45
LCA,1955,6.65
LCA,1956,6.8
LCA,1957,6.9
LCA,1958,6.96
LCA,1959,6.98
LCA,1960,6.97
LCA,1961,6.93
LCA,1962,6.88
LCA,1963,6.82
LCA,1964,6.76
LCA,1965,6.69
LCA,1966,6.61
LCA,1967,6.51
LCA,1968,6.39
LCA,1969,6.25
LCA,1970,6.1
LCA,1971,5.95
LCA,1972,5.81
LCA,1973,5.69
LCA,1974,5.57
LCA,1975,5.46
LCA,1976,5.35
LCA,1977,5.22
LCA,1978,5.06
LCA,1979,4.89
LCA,1980,4.7
LCA,1981,4.51
LCA,1982,4.33
LCA,1983,4.16
LCA,1984,4.01
LCA,1985,3.89
LCA,1986,3.78
LCA,1987,3.68
LCA,1988,3.59
LCA,1989,3.5
LCA,1990,3.4
LCA,1991,3.3
LCA,1992,3.2
LCA,1993,3.09
LCA,1994,2.98
LCA,1995,2.87
LCA,1996,2.76
LCA,1997,2.64
LCA,1998,2.53
LCA,1999,2.42
LCA,2000,2.31
LCA,2001,2.22
LCA,2002,2.15
LCA,2003,2.1
LCA,2004,2.06
LCA,2005,2.04
LCA,2006,2.03
LCA,2007,2.02
LCA,2008,2.01
LCA,2009,2
LCA,2010,1.98
LCA,2011,1.96
LCA,2012,1.94
LCA,2013,1.91
LCA,2014,1.89
LCA,2015,1.87
VCT,1800,6.54
VCT,1801,6.54
VCT,1802,6.54
VCT,1803,6.54
VCT,1804,6.54
VCT,1805,6.54
VCT,1806,6.54
VCT,1807,6.54
VCT,1808,6.54
VCT,1809,6.54
VCT,1810,6.54
VCT,1811,6.54
VCT,1812,6.54
VCT,1813,6.54
VCT,1814,6.54
VCT,1815,6.54
VCT,1816,6.54
VCT,1817,6.54
VCT,1818,6.54
VCT,1819,6.54
VCT,1820,6.54
VCT,1821,6.54
VCT,1822,6.54
VCT,1823,6.54
VCT,1824,6.54
VCT,1825,6.54
VCT,1826,6.54
VCT,1827,6.54
VCT,1828,6.54
VCT,1829,6.54
VCT,1830,6.54
VCT,1831,6.54
VCT,1832,6.54
VCT,1833,6.54
VCT,1834,6.54
VCT,1835,6.54
VCT,1836,6.54
VCT,1837,6.54
VCT,1838,6.54
VCT,1839,6.54
VCT,1840,6.54
VCT,1841,6.54
VCT,1842,6.54
VCT,1843,6.54
VCT,1844,6.54
VCT,1845,6.54
VCT,1846,6.54
VCT,1847,6.54
VCT,1848,6.54
VCT,1849,6.54
VCT,1850,6.54
VCT,1851,6.54
VCT,1852,6.54
VCT,1853,6.54
VCT,1854,6.54
VCT,1855,6.54
VCT,1856,6.54
VCT,1857,6.54
VCT,1858,6.54
VCT,1859,6.54
VCT,1860,6.54
VCT,1861,6.54
VCT,1862,6.54
VCT,1863,6.54
VCT,1864,6.54
VCT,1865,6.54
VCT,1866,6.54
VCT,1867,6.54
VCT,1868,6.54
VCT,1869,6.54
VCT,1870,6.54
VCT,1871,6.54
VCT,1872,6.54
VCT,1873,6.54
VCT,1874,6.54
VCT,1875,6.54
VCT,1876,6.54
VCT,1877,6.54
VCT,1878,6.54
VCT,1879,6.54
VCT,1880,6.54
VCT,1881,6.54
VCT,1882,6.54
VCT,1883,6.54
VCT,1884,6.54
VCT,1885,6.54
VCT,1886,6.54
VCT,1887,6.54
VCT,1888,6.54
VCT,1889,6.54
VCT,1890,6.54
VCT,1891,6.54
VCT,1892,6.54
VCT,1893,6.54
VCT,1894,6.54
VCT,1895,6.54
VCT,1896,6.54
VCT,1897,6.54
VCT,1898,6.54
VCT,1899,6.54
VCT,1900,6.54
VCT,1901,6.54
VCT,1902,6.54
VCT,1903,6.54
VCT,1904,6.54
VCT,1905,6.54
VCT,1906,6.54
VCT,1907,6.54
VCT,1908,6.54
VCT,1909,6.54
VCT,1910,6.54
VCT,1911,6.54
VCT,1912,6.54
VCT,1913,6.54
VCT,1914,6.54
VCT,1915,6.54
VCT,1916,6.54
VCT,1917,6.54
VCT,1918,6.54
VCT,1919,6.54
VCT,1920,6.54
VCT,1921,6.54
VCT,1922,6.54
VCT,1923,6.54
VCT,1924,6.54
VCT,1925,6.54
VCT,1926,6.57
VCT,1927,6.6
VCT,1928,6.63
VCT,1929,6.65
VCT,1930,6.68
VCT,1931,6.71
VCT,1932,6.74
VCT,1933,6.77
VCT,1934,6.8
VCT,1935,6.83
VCT,1936,6.86
VCT,1937,6.88
VCT,1938,6.91
VCT,1939,6.94
VCT,1940,6.97
VCT,1941,7
VCT,1942,7.03
VCT,1943,7.06
VCT,1944,7.08
VCT,1945,7.11
VCT,1946,7.14
VCT,1947,7.17
VCT,1948,7.2
VCT,1949,7.23
VCT,1950,7.26
VCT,1951,7.28
VCT,1952,7.32
VCT,1953,7.36
VCT,1954,7.37
VCT,1955,7.38
VCT,1956,7.37
VCT,1957,7.35
VCT,1958,7.32
VCT,1959,7.28
VCT,1960,7.22
VCT,1961,7.16
VCT,1962,7.07
VCT,1963,6.98
VCT,1964,6.88
VCT,1965,6.76
VCT,1966,6.63
VCT,1967,6.49
VCT,1968,6.35
VCT,1969,6.19
VCT,1970,6.01
VCT,1971,5.83
VCT,1972,5.63
VCT,1973,5.42
VCT,1974,5.2
VCT,1975,4.97
VCT,1976,4.75
VCT,1977,4.54
VCT,1978,4.34
VCT,1979,4.15
VCT,1980,3.99
VCT,1981,3.83
VCT,1982,3.69
VCT,1983,3.56
VCT,1984,3.44
VCT,1985,3.33
VCT,1986,3.23
VCT,1987,3.14
VCT,1988,3.07
VCT,1989,3.01
VCT,1990,2.96
VCT,1991,2.91
VCT,1992,2.86
VCT,1993,2.81
VCT,1994,2.76
VCT,1995,2.7
VCT,1996,2.64
VCT,1997,2.58
VCT,1998,2.51
VCT,1999,2.44
VCT,2000,2.38
VCT,2001,2.32
VCT,2002,2.27
VCT,2003,2.23
VCT,2004,2.2
VCT,2005,2.17
VCT,2006,2.15
VCT,2007,2.13
VCT,2008,2.11
VCT,2009,2.09
VCT,2010,2.07
VCT,2011,2.05
VCT,2012,2.02
VCT,2013,2
VCT,2014,1.97
VCT,2015,1.95
WSM,1800,6.98
WSM,1801,6.98
WSM,1802,6.98
WSM,1803,6.98
WSM,1804,6.98
WSM,1805,6.98
WSM,1806,6.98
WSM,1807,6.98
WSM,1808,6.98
WSM,1809,6.98
WSM,1810,6.98
WSM,1811,6.98
WSM,1812,6.98
WSM,1813,6.98
WSM,1814,6.98
WSM,1815,6.98
WSM,1816,6.98
WSM,1817,6.98
WSM,1818,6.98
WSM,1819,6.98
WSM,1820,6.98
WSM,1821,6.98
WSM,1822,6.98
WSM,1823,6.98
WSM,1824,6.98
WSM,1825,6.98
WSM,1826,6.98
WSM,1827,6.98
WSM,1828,6.98
WSM,1829,6.98
WSM,1830,6.98
WSM,1831,6.98
WSM,1832,6.98
WSM,1833,6.98
WSM,1834,6.98
WSM,1835,6.98
WSM,1836,6.98
WSM,1837,6.98
WSM,1838,6.98
WSM,1839,6.98
WSM,1840,6.98
WSM,1841,6.98
WSM,1842,6.98
WSM,1843,6.98
WSM,1844,6.98
WSM,1845,6.98
WSM,1846,6.98
WSM,1847,6.98
WSM,1848,6.98
WSM,1849,6.98
WSM,1850,6.98
WSM,1851,6.98
WSM,1852,6.98
WSM,1853,6.98
WSM,1854,6.98
WSM,1855,6.98
WSM,1856,6.98
WSM,1857,6.98
WSM,1858,6.98
WSM,1859,6.98
WSM,1860,6.98
WSM,1861,6.98
WSM,1862,6.98
WSM,1863,6.98
WSM,1864,6.98
WSM,1865,6.98
WSM,1866,6.98
WSM,1867,6.98
WSM,1868,6.98
WSM,1869,6.98
WSM,1870,6.98
WSM,1871,6.98
WSM,1872,6.98
WSM,1873,6.98
WSM,1874,6.98
WSM,1875,6.98
WSM,1876,6.98
WSM,1877,6.98
WSM,1878,6.98
WSM,1879,6.98
WSM,1880,6.98
WSM,1881,6.98
WSM,1882,6.98
WSM,1883,6.98
WSM,1884,6.98
WSM,1885,6.98
WSM,1886,6.98
WSM,1887,6.98
WSM,1888,6.98
WSM,1889,6.98
WSM,1890,6.98
WSM,1891,6.98
WSM,1892,6.98
WSM,1893,6.98
WSM,1894,6.98
WSM,1895,6.98
WSM,1896,6.98
WSM,1897,6.98
WSM,1898,6.98
WSM,1899,6.98
WSM,1900,6.98
WSM,1901,6.98
WSM,1902,6.98
WSM,1903,6.98
WSM,1904,6.98
WSM,1905,6.98
WSM,1906,6.98
WSM,1907,6.98
WSM,1908,6.98
WSM,1909,6.98
WSM,1910,6.98
WSM,1911,6.98
WSM,1912,6.98
WSM,1913,6.98
WSM,1914,6.98
WSM,1915,6.98
WSM,1916,6.98
WSM,1917,6.98
WSM,1918,6.98
WSM,1919,6.98
WSM,1920,6.98
WSM,1921,6.98
WSM,1922,6.98
WSM,1923,6.98
WSM,1924,6.98
WSM,1925,6.98
WSM,1926,7.01
WSM,1927,7.03
WSM,1928,7.06
WSM,1929,7.09
WSM,1930,7.11
WSM,1931,7.14
WSM,1932,7.16
WSM,1933,7.19
WSM,1934,7.22
WSM,1935,7.24
WSM,1936,7.27
WSM,1937,7.3
WSM,1938,7.32
WSM,1939,7.35
WSM,1940,7.38
WSM,1941,7.4
WSM,1942,7.43
WSM,1943,7.45
WSM,1944,7.48
WSM,1945,7.51
WSM,1946,7.53
WSM,1947,7.56
WSM,1948,7.59
WSM,1949,7.61
WSM,1950,7.64
WSM,1951,7.64
WSM,1952,7.63
WSM,1953,7.63
WSM,1954,7.63
WSM,1955,7.63
WSM,1956,7.63
WSM,1957,7.64
WSM,1958,7.65
WSM,1959,7.65
WSM,1960,7.65
WSM,1961,7.65
WSM,1962,7.63
WSM,1963,7.6
WSM,1964,7.57
WSM,1965,7.52
WSM,1966,7.46
WSM,1967,7.4
WSM,1968,7.33
WSM,1969,7.27
WSM,1970,7.19
WSM,1971,7.12
WSM,1972,7.04
WSM,1973,6.95
WSM,1974,6.86
WSM,1975,6.76
WSM,1976,6.66
WSM,1977,6.55
WSM,1978,6.43
WSM,1979,6.32
WSM,1980,6.2
WSM,1981,6.09
WSM,1982,5.97
WSM,1983,5.85
WSM,1984,5.73
WSM,1985,5.62
WSM,1986,5.51
WSM,1987,5.4
WSM,1988,5.3
WSM,1989,5.21
WSM,1990,5.12
WSM,1991,5.03
WSM,1992,4.96
WSM,1993,4.88
WSM,1994,4.82
WSM,1995,4.75
WSM,1996,4.69
WSM,1997,4.64
WSM,1998,4.59
WSM,1999,4.54
WSM,2000,4.5
WSM,2001,4.48
WSM,2002,4.46
WSM,2003,4.45
WSM,2004,4.46
WSM,2005,4.46
WSM,2006,4.46
WSM,2007,4.45
WSM,2008,4.43
WSM,2009,4.39
WSM,2010,4.34
WSM,2011,4.28
WSM,2012,4.21
WSM,2013,4.15
WSM,2014,4.09
WSM,2015,4.03
STP,1800,6.23
STP,1801,6.23
STP,1802,6.23
STP,1803,6.23
STP,1804,6.23
STP,1805,6.23
STP,1806,6.23
STP,1807,6.23
STP,1808,6.23
STP,1809,6.23
STP,1810,6.23
STP,1811,6.23
STP,1812,6.23
STP,1813,6.23
STP,1814,6.23
STP,1815,6.23
STP,1816,6.23
STP,1817,6.23
STP,1818,6.23
STP,1819,6.23
STP,1820,6.23
STP,1821,6.23
STP,1822,6.23
STP,1823,6.23
STP,1824,6.23
STP,1825,6.23
STP,1826,6.23
STP,1827,6.23
STP,1828,6.23
STP,1829,6.23
STP,1830,6.23
STP,1831,6.23
STP,1832,6.23
STP,1833,6.23
STP,1834,6.23
STP,1835,6.23
STP,1836,6.23
STP,1837,6.23
STP,1838,6.23
STP,1839,6.23
STP,1840,6.23
STP,1841,6.23
STP,1842,6.23
STP,1843,6.23
STP,1844,6.23
STP,1845,6.23
STP,1846,6.23
STP,1847,6.23
STP,1848,6.23
STP,1849,6.23
STP,1850,6.23
STP,1851,6.23
STP,1852,6.23
STP,1853,6.23
STP,1854,6.23
STP,1855,6.23
STP,1856,6.23
STP,1857,6.23
STP,1858,6.23
STP,1859,6.23
STP,1860,6.23
STP,1861,6.23
STP,1862,6.23
STP,1863,6.23
STP,1864,6.23
STP,1865,6.23
STP,1866,6.23
STP,1867,6.23
STP,1868,6.23
STP,1869,6.23
STP,1870,6.23
STP,1871,6.23
STP,1872,6.23
STP,1873,6.23
STP,1874,6.23
STP,1875,6.23
STP,1876,6.23
STP,1877,6.23
STP,1878,6.23
STP,1879,6.23
STP,1880,6.23
STP,1881,6.23
STP,1882,6.23
STP,1883,6.23
STP,1884,6.23
STP,1885,6.23
STP,1886,6.23
STP,1887,6.23
STP,1888,6.23
STP,1889,6.23
STP,1890,6.23
STP,1891,6.23
STP,1892,6.23
STP,1893,6.23
STP,1894,6.23
STP,1895,6.23
STP,1896,6.23
STP,1897,6.23
STP,1898,6.23
STP,1899,6.23
STP,1900,6.23
STP,1901,6.23
STP,1902,6.23
STP,1903,6.23
STP,1904,6.23
STP,1905,6.23
STP,1906,6.23
STP,1907,6.23
STP,1908,6.23
STP,1909,6.23
STP,1910,6.23
STP,1911,6.23
STP,1912,6.23
STP,1913,6.23
STP,1914,6.23
STP,1915,6.23
STP,1916,6.23
STP,1917,6.23
STP,1918,6.23
STP,1919,6.23
STP,1920,6.23
STP,1921,6.23
STP,1922,6.23
STP,1923,6.23
STP,1924,6.23
STP,1925,6.23
STP,1926,6.23
STP,1927,6.23
STP,1928,6.23
STP,1929,6.23
STP,1930,6.23
STP,1931,6.23
STP,1932,6.23
STP,1933,6.23
STP,1934,6.23
STP,1935,6.23
STP,1936,6.23
STP,1937,6.23
STP,1938,6.23
STP,1939,6.23
STP,1940,6.23
STP,1941,6.23
STP,1942,6.23
STP,1943,6.23
STP,1944,6.23
STP,1945,6.23
STP,1946,6.23
STP,1947,6.23
STP,1948,6.23
STP,1949,6.23
STP,1950,6.23
STP,1951,6.22
STP,1952,6.2
STP,1953,6.19
STP,1954,6.19
STP,1955,6.18
STP,1956,6.19
STP,1957,6.2
STP,1958,6.21
STP,1959,6.22
STP,1960,6.24
STP,1961,6.26
STP,1962,6.28
STP,1963,6.31
STP,1964,6.33
STP,1965,6.35
STP,1966,6.37
STP,1967,6.39
STP,1968,6.42
STP,1969,6.44
STP,1970,6.47
STP,1971,6.49
STP,1972,6.51
STP,1973,6.53
STP,1974,6.53
STP,1975,6.54
STP,1976,6.53
STP,1977,6.51
STP,1978,6.49
STP,1979,6.46
STP,1980,6.41
STP,1981,6.35
STP,1982,6.27
STP,1983,6.18
STP,1984,6.08
STP,1985,5.97
STP,1986,5.85
STP,1987,5.73
STP,1988,5.61
STP,1989,5.5
STP,1990,5.4
STP,1991,5.3
STP,1992,5.2
STP,1993,5.12
STP,1994,5.03
STP,1995,4.96
STP,1996,4.89
STP,1997,4.83
STP,1998,4.77
STP,1999,4.73
STP,2000,4.69
STP,2001,4.65
STP,2002,4.63
STP,2003,4.6
STP,2004,4.57
STP,2005,4.54
STP,2006,4.51
STP,2007,4.46
STP,2008,4.41
STP,2009,4.35
STP,2010,4.29
STP,2011,4.22
STP,2012,4.15
STP,2013,4.08
STP,2014,4.01
STP,2015,3.94
SAU,1800,6.86
SAU,1801,6.86
SAU,1802,6.86
SAU,1803,6.86
SAU,1804,6.86
SAU,1805,6.86
SAU,1806,6.86
SAU,1807,6.86
SAU,1808,6.86
SAU,1809,6.86
SAU,1810,6.86
SAU,1811,6.86
SAU,1812,6.86
SAU,1813,6.86
SAU,1814,6.86
SAU,1815,6.86
SAU,1816,6.86
SAU,1817,6.86
SAU,1818,6.86
SAU,1819,6.86
SAU,1820,6.86
SAU,1821,6.86
SAU,1822,6.86
SAU,1823,6.86
SAU,1824,6.86
SAU,1825,6.86
SAU,1826,6.86
SAU,1827,6.86
SAU,1828,6.86
SAU,1829,6.86
SAU,1830,6.86
SAU,1831,6.86
SAU,1832,6.86
SAU,1833,6.86
SAU,1834,6.86
SAU,1835,6.86
SAU,1836,6.86
SAU,1837,6.86
SAU,1838,6.86
SAU,1839,6.86
SAU,1840,6.86
SAU,1841,6.86
SAU,1842,6.86
SAU,1843,6.86
SAU,1844,6.86
SAU,1845,6.86
SAU,1846,6.86
SAU,1847,6.86
SAU,1848,6.86
SAU,1849,6.86
SAU,1850,6.86
SAU,1851,6.86
SAU,1852,6.86
SAU,1853,6.86
SAU,1854,6.86
SAU,1855,6.86
SAU,1856,6.86
SAU,1857,6.86
SAU,1858,6.86
SAU,1859,6.86
SAU,1860,6.86
SAU,1861,6.86
SAU,1862,6.86
SAU,1863,6.86
SAU,1864,6.86
SAU,1865,6.86
SAU,1866,6.86
SAU,1867,6.86
SAU,1868,6.86
SAU,1869,6.86
SAU,1870,6.86
SAU,1871,6.86
SAU,1872,6.86
SAU,1873,6.86
SAU,1874,6.86
SAU,1875,6.86
SAU,1876,6.86
SAU,1877,6.86
SAU,1878,6.86
SAU,1879,6.86
SAU,1880,6.86
SAU,1881,6.86
SAU,1882,6.86
SAU,1883,6.86
SAU,1884,6.86
SAU,1885,6.86
SAU,1886,6.86
SAU,1887,6.86
SAU,1888,6.86
SAU,1889,6.86
SAU,1890,6.86
SAU,1891,6.86
SAU,1892,6.86
SAU,1893,6.86
SAU,1894,6.86
SAU,1895,6.86
SAU,1896,6.86
SAU,1897,6.86
SAU,1898,6.86
SAU,1899,6.86
SAU,1900,6.86
SAU,1901,6.86
SAU,1902,6.86
SAU,1903,6.86
SAU,1904,6.86
SAU,1905,6.86
SAU,1906,6.86
SAU,1907,6.86
SAU,1908,6.86
SAU,1909,6.86
SAU,1910,6.86
SAU,1911,6.86
SAU,1912,6.86
SAU,1913,6.86
SAU,1914,6.86
SAU,1915,6.86
SAU,1916,6.86
SAU,1917,6.86
SAU,1918,6.86
SAU,1919,6.86
SAU,1920,6.86
SAU,1921,6.86
SAU,1922,6.86
SAU,1923,6.86
SAU,1924,6.86
SAU,1925,6.86
SAU,1926,6.87
SAU,1927,6.89
SAU,1928,6.9
SAU,1929,6.91
SAU,1930,6.93
SAU,1931,6.94
SAU,1932,6.96
SAU,1933,6.97
SAU,1934,6.98
SAU,1935,7
SAU,1936,7.01
SAU,1937,7.02
SAU,1938,7.04
SAU,1939,7.05
SAU,1940,7.06
SAU,1941,7.08
SAU,1942,7.09
SAU,1943,7.1
SAU,1944,7.12
SAU,1945,7.13
SAU,1946,7.15
SAU,1947,7.16
SAU,1948,7.17
SAU,1949,7.19
SAU,1950,7.2
SAU,1951,7.19
SAU,1952,7.18
SAU,1953,7.17
SAU,1954,7.16
SAU,1955,7.16
SAU,1956,7.17
SAU,1957,7.17
SAU,1958,7.19
SAU,1959,7.2
SAU,1960,7.22
SAU,1961,7.23
SAU,1962,7.24
SAU,1963,7.25
SAU,1964,7.26
SAU,1965,7.26
SAU,1966,7.26
SAU,1967,7.26
SAU,1968,7.27
SAU,1969,7.27
SAU,1970,7.28
SAU,1971,7.29
SAU,1972,7.3
SAU,1973,7.31
SAU,1974,7.31
SAU,1975,7.31
SAU,1976,7.31
SAU,1977,7.3
SAU,1978,7.28
SAU,1979,7.25
SAU,1980,7.21
SAU,1981,7.14
SAU,1982,7.05
SAU,1983,6.94
SAU,1984,6.81
SAU,1985,6.66
SAU,1986,6.5
SAU,1987,6.33
SAU,1988,6.17
SAU,1989,6
SAU,1990,5.84
SAU,1991,5.69
SAU,1992,5.52
SAU,1993,5.35
SAU,1994,5.17
SAU,1995,4.99
SAU,1996,4.8
SAU,1997,4.59
SAU,1998,4.39
SAU,1999,4.19
SAU,2000,3.99
SAU,2001,3.8
SAU,2002,3.63
SAU,2003,3.48
SAU,2004,3.35
SAU,2005,3.23
SAU,2006,3.14
SAU,2007,3.05
SAU,2008,2.97
SAU,2009,2.9
SAU,2010,2.83
SAU,2011,2.76
SAU,2012,2.7
SAU,2013,2.64
SAU,2014,2.59
SAU,2015,2.54
SEN,1800,5.7
SEN,1801,5.7
SEN,1802,5.7
SEN,1803,5.7
SEN,1804,5.7
SEN,1805,5.7
SEN,1806,5.7
SEN,1807,5.7
SEN,1808,5.7
SEN,1809,5.7
SEN,1810,5.7
SEN,1811,5.7
SEN,1812,5.7
SEN,1813,5.7
SEN,1814,5.7
SEN,1815,5.7
SEN,1816,5.7
SEN,1817,5.7
SEN,1818,5.7
SEN,1819,5.7
SEN,1820,5.7
SEN,1821,5.7
SEN,1822,5.7
SEN,1823,5.7
SEN,1824,5.7
SEN,1825,5.7
SEN,1826,5.7
SEN,1827,5.7
SEN,1828,5.7
SEN,1829,5.7
SEN,1830,5.7
SEN,1831,5.7
SEN,1832,5.7
SEN,1833,5.7
SEN,1834,5.7
SEN,1835,5.7
SEN,1836,5.7
SEN,1837,5.7
SEN,1838,5.7
SEN,1839,5.7
SEN,1840,5.7
SEN,1841,5.7
SEN,1842,5.7
SEN,1843,5.7
SEN,1844,5.7
SEN,1845,5.7
SEN,1846,5.7
SEN,1847,5.7
SEN,1848,5.7
SEN,1849,5.7
SEN,1850,5.7
SEN,1851,5.7
SEN,1852,5.7
SEN,1853,5.7
SEN,1854,5.7
SEN,1855,5.7
SEN,1856,5.7
SEN,1857,5.7
SEN,1858,5.7
SEN,1859,5.7
SEN,1860,5.7
SEN,1861,5.7
SEN,1862,5.7
SEN,1863,5.7
SEN,1864,5.7
SEN,1865,5.7
SEN,1866,5.7
SEN,1867,5.7
SEN,1868,5.7
SEN,1869,5.7
SEN,1870,5.7
SEN,1871,5.7
SEN,1872,5.7
SEN,1873,5.7
SEN,1874,5.7
SEN,1875,5.7
SEN,1876,5.7
SEN,1877,5.7
SEN,1878,5.7
SEN,1879,5.7
SEN,1880,5.7
SEN,1881,5.7
SEN,1882,5.7
SEN,1883,5.7
SEN,1884,5.7
SEN,1885,5.7
SEN,1886,5.7
SEN,1887,5.7
SEN,1888,5.7
SEN,1889,5.7
SEN,1890,5.7
SEN,1891,5.7
SEN,1892,5.7
SEN,1893,5.7
SEN,1894,5.7
SEN,1895,5.7
SEN,1896,5.7
SEN,1897,5.7
SEN,1898,5.7
SEN,1899,5.7
SEN,1900,5.7
SEN,1901,5.7
SEN,1902,5.7
SEN,1903,5.7
SEN,1904,5.7
SEN,1905,5.7
SEN,1906,5.7
SEN,1907,5.7
SEN,1908,5.7
SEN,1909,5.7
SEN,1910,5.7
SEN,1911,5.7
SEN,1912,5.7
SEN,1913,5.7
SEN,1914,5.7
SEN,1915,5.7
SEN,1916,5.7
SEN,1917,5.7
SEN,1918,5.7
SEN,1919,5.7
SEN,1920,5.7
SEN,1921,5.7
SEN,1922,5.7
SEN,1923,5.7
SEN,1924,5.7
SEN,1925,5.7
SEN,1926,5.73
SEN,1927,5.76
SEN,1928,5.79
SEN,1929,5.82
SEN,1930,5.85
SEN,1931,5.88
SEN,1932,5.91
SEN,1933,5.94
SEN,1934,5.97
SEN,1935,6
SEN,1936,6.03
SEN,1937,6.06
SEN,1938,6.09
SEN,1939,6.12
SEN,1940,6.15
SEN,1941,6.18
SEN,1942,6.21
SEN,1943,6.24
SEN,1944,6.27
SEN,1945,6.3
SEN,1946,6.34
SEN,1947,6.37
SEN,1948,6.4
SEN,1949,6.43
SEN,1950,6.46
SEN,1951,6.49
SEN,1952,6.54
SEN,1953,6.6
SEN,1954,6.66
SEN,1955,6.71
SEN,1956,6.76
SEN,1957,6.81
SEN,1958,6.86
SEN,1959,6.91
SEN,1960,6.95
SEN,1961,6.99
SEN,1962,7.04
SEN,1963,7.08
SEN,1964,7.11
SEN,1965,7.15
SEN,1966,7.19
SEN,1967,7.23
SEN,1968,7.27
SEN,1969,7.3
SEN,1970,7.34
SEN,1971,7.37
SEN,1972,7.41
SEN,1973,7.43
SEN,1974,7.45
SEN,1975,7.47
SEN,1976,7.47
SEN,1977,7.46
SEN,1978,7.45
SEN,1979,7.42
SEN,1980,7.38
SEN,1981,7.34
SEN,1982,7.28
SEN,1983,7.23
SEN,1984,7.16
SEN,1985,7.09
SEN,1986,7.01
SEN,1987,6.93
SEN,1988,6.83
SEN,1989,6.73
SEN,1990,6.63
SEN,1991,6.52
SEN,1992,6.4
SEN,1993,6.29
SEN,1994,6.17
SEN,1995,6.05
SEN,1996,5.94
SEN,1997,5.84
SEN,1998,5.74
SEN,1999,5.65
SEN,2000,5.56
SEN,2001,5.48
SEN,2002,5.41
SEN,2003,5.35
SEN,2004,5.29
SEN,2005,5.23
SEN,2006,5.18
SEN,2007,5.14
SEN,2008,5.11
SEN,2009,5.08
SEN,2010,5.05
SEN,2011,5.02
SEN,2012,4.98
SEN,2013,4.93
SEN,2014,4.88
SEN,2015,4.81
SRB,1800,5.9
SRB,1801,5.9
SRB,1802,5.9
SRB,1803,5.9
SRB,1804,5.9
SRB,1805,5.9
SRB,1806,5.9
SRB,1807,5.9
SRB,1808,5.9
SRB,1809,5.9
SRB,1810,5.9
SRB,1811,5.9
SRB,1812,5.9
SRB,1813,5.9
SRB,1814,5.9
SRB,1815,5.9
SRB,1816,5.9
SRB,1817,5.9
SRB,1818,5.9
SRB,1819,5.9
SRB,1820,5.9
SRB,1821,5.9
SRB,1822,5.9
SRB,1823,5.9
SRB,1824,5.9
SRB,1825,5.9
SRB,1826,5.9
SRB,1827,5.9
SRB,1828,5.9
SRB,1829,5.9
SRB,1830,5.9
SRB,1831,5.9
SRB,1832,5.9
SRB,1833,5.9
SRB,1834,5.9
SRB,1835,5.9
SRB,1836,5.9
SRB,1837,5.9
SRB,1838,5.9
SRB,1839,5.9
SRB,1840,5.9
SRB,1841,5.9
SRB,1842,5.9
SRB,1843,5.9
SRB,1844,5.9
SRB,1845,5.9
SRB,1846,5.9
SRB,1847,5.9
SRB,1848,5.9
SRB,1849,5.9
SRB,1850,5.9
SRB,1851,5.86
SRB,1852,5.82
SRB,1853,5.78
SRB,1854,5.74
SRB,1855,5.7
SRB,1856,5.66
SRB,1857,5.62
SRB,1858,5.58
SRB,1859,5.55
SRB,1860,5.51
SRB,1861,5.47
SRB,1862,5.43
SRB,1863,5.7
SRB,1864,5.96
SRB,1865,5.97
SRB,1866,5.98
SRB,1867,5.98
SRB,1868,5.99
SRB,1869,6
SRB,1870,6
SRB,1871,5.95
SRB,1872,5.89
SRB,1873,5.84
SRB,1874,5.78
SRB,1875,5.73
SRB,1876,5.67
SRB,1877,5.62
SRB,1878,5.56
SRB,1879,5.51
SRB,1880,5.45
SRB,1881,5.45
SRB,1882,5.44
SRB,1883,5.44
SRB,1884,5.43
SRB,1885,5.43
SRB,1886,5.42
SRB,1887,5.42
SRB,1888,5.41
SRB,1889,5.41
SRB,1890,5.4
SRB,1891,5.43
SRB,1892,5.46
SRB,1893,5.48
SRB,1894,5.51
SRB,1895,5.54
SRB,1896,5.57
SRB,1897,5.6
SRB,1898,5.63
SRB,1899,5.65
SRB,1900,5.68
SRB,1901,5.54
SRB,1902,5.41
SRB,1903,5.27
SRB,1904,5.13
SRB,1905,5
SRB,1906,5.04
SRB,1907,5.09
SRB,1908,5.13
SRB,1909,5.18
SRB,1910,5.23
SRB,1911,5.18
SRB,1912,5.14
SRB,1913,5.1
SRB,1914,5.05
SRB,1915,5.01
SRB,1916,4.96
SRB,1917,4.92
SRB,1918,4.88
SRB,1919,4.83
SRB,1920,4.79
SRB,1921,4.75
SRB,1922,4.7
SRB,1923,4.66
SRB,1924,4.62
SRB,1925,4.57
SRB,1926,4.53
SRB,1927,4.49
SRB,1928,4.44
SRB,1929,4.4
SRB,1930,4.36
SRB,1931,4.31
SRB,1932,4.27
SRB,1933,4.22
SRB,1934,4.18
SRB,1935,4.14
SRB,1936,4.09
SRB,1937,4.05
SRB,1938,4.01
SRB,1939,3.96
SRB,1940,3.92
SRB,1941,3.88
SRB,1942,3.83
SRB,1943,3.79
SRB,1944,3.75
SRB,1945,3.7
SRB,1946,3.66
SRB,1947,3.61
SRB,1948,3.57
SRB,1949,3.53
SRB,1950,3.48
SRB,1951,3.41
SRB,1952,3.27
SRB,1953,3.15
SRB,1954,3.04
SRB,1955,2.94
SRB,1956,2.85
SRB,1957,2.78
SRB,1958,2.72
SRB,1959,2.67
SRB,1960,2.63
SRB,1961,2.6
SRB,1962,2.57
SRB,1963,2.54
SRB,1964,2.52
SRB,1965,2.49
SRB,1966,2.46
SRB,1967,2.44
SRB,1968,2.42
SRB,1969,2.4
SRB,1970,2.38
SRB,1971,2.37
SRB,1972,2.37
SRB,1973,2.36
SRB,1974,2.36
SRB,1975,2.36
SRB,1976,2.37
SRB,1977,2.37
SRB,1978,2.36
SRB,1979,2.36
SRB,1980,2.35
SRB,1981,2.34
SRB,1982,2.33
SRB,1983,2.32
SRB,1984,2.31
SRB,1985,2.29
SRB,1986,2.27
SRB,1987,2.24
SRB,1988,2.2
SRB,1989,2.16
SRB,1990,2.11
SRB,1991,2.05
SRB,1992,2
SRB,1993,1.94
SRB,1994,1.89
SRB,1995,1.85
SRB,1996,1.8
SRB,1997,1.76
SRB,1998,1.72
SRB,1999,1.68
SRB,2000,1.64
SRB,2001,1.6
SRB,2002,1.57
SRB,2003,1.53
SRB,2004,1.5
SRB,2005,1.47
SRB,2006,1.45
SRB,2007,1.42
SRB,2008,1.41
SRB,2009,1.39
SRB,2010,1.38
SRB,2011,1.37
SRB,2012,1.37
SRB,2013,1.37
SRB,2014,1.36
SRB,2015,1.37
SYC,1800,5.16
SYC,1801,5.16
SYC,1802,5.16
SYC,1803,5.16
SYC,1804,5.16
SYC,1805,5.16
SYC,1806,5.16
SYC,1807,5.16
SYC,1808,5.16
SYC,1809,5.16
SYC,1810,5.16
SYC,1811,5.16
SYC,1812,5.16
SYC,1813,5.16
SYC,1814,5.16
SYC,1815,5.16
SYC,1816,5.16
SYC,1817,5.16
SYC,1818,5.16
SYC,1819,5.16
SYC,1820,5.16
SYC,1821,5.16
SYC,1822,5.16
SYC,1823,5.16
SYC,1824,5.16
SYC,1825,5.16
SYC,1826,5.16
SYC,1827,5.16
SYC,1828,5.16
SYC,1829,5.16
SYC,1830,5.16
SYC,1831,5.16
SYC,1832,5.16
SYC,1833,5.16
SYC,1834,5.16
SYC,1835,5.16
SYC,1836,5.16
SYC,1837,5.16
SYC,1838,5.16
SYC,1839,5.16
SYC,1840,5.16
SYC,1841,5.16
SYC,1842,5.16
SYC,1843,5.16
SYC,1844,5.16
SYC,1845,5.16
SYC,1846,5.16
SYC,1847,5.16
SYC,1848,5.16
SYC,1849,5.16
SYC,1850,5.16
SYC,1851,5.16
SYC,1852,5.16
SYC,1853,5.16
SYC,1854,5.16
SYC,1855,5.16
SYC,1856,5.16
SYC,1857,5.16
SYC,1858,5.16
SYC,1859,5.16
SYC,1860,5.16
SYC,1861,5.16
SYC,1862,5.16
SYC,1863,5.16
SYC,1864,5.16
SYC,1865,5.16
SYC,1866,5.16
SYC,1867,5.16
SYC,1868,5.16
SYC,1869,5.16
SYC,1870,5.16
SYC,1871,5.16
SYC,1872,5.16
SYC,1873,5.16
SYC,1874,5.16
SYC,1875,5.16
SYC,1876,5.16
SYC,1877,5.16
SYC,1878,5.16
SYC,1879,5.16
SYC,1880,5.16
SYC,1881,5.16
SYC,1882,5.16
SYC,1883,5.16
SYC,1884,5.16
SYC,1885,5.16
SYC,1886,5.16
SYC,1887,5.16
SYC,1888,5.16
SYC,1889,5.16
SYC,1890,5.16
SYC,1891,5.16
SYC,1892,5.16
SYC,1893,5.16
SYC,1894,5.16
SYC,1895,5.16
SYC,1896,5.16
SYC,1897,5.16
SYC,1898,5.16
SYC,1899,5.16
SYC,1900,5.16
SYC,1901,5.16
SYC,1902,5.16
SYC,1903,5.16
SYC,1904,5.16
SYC,1905,5.16
SYC,1906,5.16
SYC,1907,5.16
SYC,1908,5.16
SYC,1909,5.16
SYC,1910,5.16
SYC,1911,5.16
SYC,1912,5.16
SYC,1913,5.16
SYC,1914,5.16
SYC,1915,5.16
SYC,1916,5.16
SYC,1917,5.16
SYC,1918,5.16
SYC,1919,5.16
SYC,1920,5.16
SYC,1921,5.16
SYC,1922,5.16
SYC,1923,5.16
SYC,1924,5.16
SYC,1925,5.16
SYC,1926,5.16
SYC,1927,5.16
SYC,1928,5.16
SYC,1929,5.16
SYC,1930,5.16
SYC,1931,5.16
SYC,1932,5.16
SYC,1933,5.16
SYC,1934,5.16
SYC,1935,5.16
SYC,1936,5.16
SYC,1937,5.16
SYC,1938,5.16
SYC,1939,5.16
SYC,1940,5.16
SYC,1941,5.16
SYC,1942,5.16
SYC,1943,5.16
SYC,1944,5.16
SYC,1945,5.16
SYC,1946,5.16
SYC,1947,5.16
SYC,1948,5.16
SYC,1949,5.16
SYC,1950,5.16
SYC,1951,5.1
SYC,1952,5.01
SYC,1953,4.95
SYC,1954,4.91
SYC,1955,4.91
SYC,1956,4.93
SYC,1957,4.98
SYC,1958,5.06
SYC,1959,5.16
SYC,1960,5.27
SYC,1961,5.4
SYC,1962,5.53
SYC,1963,5.65
SYC,1964,5.76
SYC,1965,5.84
SYC,1966,5.89
SYC,1967,5.92
SYC,1968,5.9
SYC,1969,5.85
SYC,1970,5.76
SYC,1971,5.63
SYC,1972,5.47
SYC,1973,5.28
SYC,1974,5.07
SYC,1975,4.85
SYC,1976,4.62
SYC,1977,4.41
SYC,1978,4.2
SYC,1979,4.02
SYC,1980,3.85
SYC,1981,3.7
SYC,1982,3.56
SYC,1983,3.43
SYC,1984,3.31
SYC,1985,3.19
SYC,1986,3.08
SYC,1987,2.99
SYC,1988,2.9
SYC,1989,2.82
SYC,1990,2.74
SYC,1991,2.66
SYC,1992,2.59
SYC,1993,2.51
SYC,1994,2.42
SYC,1995,2.35
SYC,1996,2.28
SYC,1997,2.22
SYC,1998,2.18
SYC,1999,2.16
SYC,2000,2.15
SYC,2001,2.16
SYC,2002,2.18
SYC,2003,2.21
SYC,2004,2.24
SYC,2005,2.26
SYC,2006,2.28
SYC,2007,2.28
SYC,2008,2.28
SYC,2009,2.27
SYC,2010,2.26
SYC,2011,2.23
SYC,2012,2.21
SYC,2013,2.18
SYC,2014,2.16
SYC,2015,2.13
SLE,1800,5.72
SLE,1801,5.72
SLE,1802,5.72
SLE,1803,5.72
SLE,1804,5.72
SLE,1805,5.72
SLE,1806,5.72
SLE,1807,5.72
SLE,1808,5.72
SLE,1809,5.72
SLE,1810,5.72
SLE,1811,5.72
SLE,1812,5.72
SLE,1813,5.72
SLE,1814,5.72
SLE,1815,5.72
SLE,1816,5.72
SLE,1817,5.72
SLE,1818,5.72
SLE,1819,5.72
SLE,1820,5.72
SLE,1821,5.72
SLE,1822,5.72
SLE,1823,5.72
SLE,1824,5.72
SLE,1825,5.72
SLE,1826,5.72
SLE,1827,5.72
SLE,1828,5.72
SLE,1829,5.72
SLE,1830,5.72
SLE,1831,5.72
SLE,1832,5.72
SLE,1833,5.72
SLE,1834,5.72
SLE,1835,5.72
SLE,1836,5.72
SLE,1837,5.72
SLE,1838,5.72
SLE,1839,5.72
SLE,1840,5.72
SLE,1841,5.72
SLE,1842,5.72
SLE,1843,5.72
SLE,1844,5.72
SLE,1845,5.72
SLE,1846,5.72
SLE,1847,5.72
SLE,1848,5.72
SLE,1849,5.72
SLE,1850,5.72
SLE,1851,5.72
SLE,1852,5.72
SLE,1853,5.72
SLE,1854,5.72
SLE,1855,5.72
SLE,1856,5.72
SLE,1857,5.72
SLE,1858,5.72
SLE,1859,5.72
SLE,1860,5.72
SLE,1861,5.72
SLE,1862,5.72
SLE,1863,5.72
SLE,1864,5.72
SLE,1865,5.72
SLE,1866,5.72
SLE,1867,5.72
SLE,1868,5.72
SLE,1869,5.72
SLE,1870,5.72
SLE,1871,5.72
SLE,1872,5.72
SLE,1873,5.72
SLE,1874,5.72
SLE,1875,5.72
SLE,1876,5.72
SLE,1877,5.72
SLE,1878,5.72
SLE,1879,5.72
SLE,1880,5.72
SLE,1881,5.72
SLE,1882,5.72
SLE,1883,5.72
SLE,1884,5.72
SLE,1885,5.72
SLE,1886,5.72
SLE,1887,5.72
SLE,1888,5.72
SLE,1889,5.72
SLE,1890,5.72
SLE,1891,5.72
SLE,1892,5.72
SLE,1893,5.72
SLE,1894,5.72
SLE,1895,5.72
SLE,1896,5.72
SLE,1897,5.72
SLE,1898,5.72
SLE,1899,5.72
SLE,1900,5.72
SLE,1901,5.72
SLE,1902,5.72
SLE,1903,5.72
SLE,1904,5.72
SLE,1905,5.72
SLE,1906,5.72
SLE,1907,5.72
SLE,1908,5.72
SLE,1909,5.72
SLE,1910,5.72
SLE,1911,5.72
SLE,1912,5.72
SLE,1913,5.72
SLE,1914,5.72
SLE,1915,5.72
SLE,1916,5.72
SLE,1917,5.72
SLE,1918,5.72
SLE,1919,5.72
SLE,1920,5.72
SLE,1921,5.72
SLE,1922,5.72
SLE,1923,5.72
SLE,1924,5.72
SLE,1925,5.72
SLE,1926,5.72
SLE,1927,5.72
SLE,1928,5.72
SLE,1929,5.72
SLE,1930,5.72
SLE,1931,5.72
SLE,1932,5.72
SLE,1933,5.72
SLE,1934,5.72
SLE,1935,5.72
SLE,1936,5.72
SLE,1937,5.72
SLE,1938,5.72
SLE,1939,5.72
SLE,1940,5.72
SLE,1941,5.72
SLE,1942,5.72
SLE,1943,5.72
SLE,1944,5.72
SLE,1945,5.72
SLE,1946,5.72
SLE,1947,5.72
SLE,1948,5.72
SLE,1949,5.72
SLE,1950,5.72
SLE,1951,5.73
SLE,1952,5.74
SLE,1953,5.76
SLE,1954,5.79
SLE,1955,5.82
SLE,1956,5.85
SLE,1957,5.89
SLE,1958,5.93
SLE,1959,5.98
SLE,1960,6.03
SLE,1961,6.09
SLE,1962,6.16
SLE,1963,6.23
SLE,1964,6.3
SLE,1965,6.38
SLE,1966,6.45
SLE,1967,6.52
SLE,1968,6.58
SLE,1969,6.64
SLE,1970,6.7
SLE,1971,6.75
SLE,1972,6.8
SLE,1973,6.85
SLE,1974,6.89
SLE,1975,6.94
SLE,1976,6.98
SLE,1977,7.01
SLE,1978,7.04
SLE,1979,7.05
SLE,1980,7.06
SLE,1981,7.05
SLE,1982,7.03
SLE,1983,6.99
SLE,1984,6.95
SLE,1985,6.89
SLE,1986,6.82
SLE,1987,6.75
SLE,1988,6.68
SLE,1989,6.6
SLE,1990,6.53
SLE,1991,6.45
SLE,1992,6.39
SLE,1993,6.32
SLE,1994,6.26
SLE,1995,6.2
SLE,1996,6.15
SLE,1997,6.1
SLE,1998,6.04
SLE,1999,5.99
SLE,2000,5.92
SLE,2001,5.85
SLE,2002,5.76
SLE,2003,5.66
SLE,2004,5.56
SLE,2005,5.45
SLE,2006,5.34
SLE,2007,5.23
SLE,2008,5.13
SLE,2009,5.03
SLE,2010,4.94
SLE,2011,4.86
SLE,2012,4.78
SLE,2013,4.71
SLE,2014,4.63
SLE,2015,4.55
SGP,1800,5.47
SGP,1801,5.47
SGP,1802,5.46
SGP,1803,5.46
SGP,1804,5.46
SGP,1805,5.45
SGP,1806,5.45
SGP,1807,5.44
SGP,1808,5.44
SGP,1809,5.44
SGP,1810,5.43
SGP,1811,5.43
SGP,1812,5.43
SGP,1813,5.42
SGP,1814,5.42
SGP,1815,5.42
SGP,1816,5.41
SGP,1817,5.41
SGP,1818,5.4
SGP,1819,5.4
SGP,1820,5.4
SGP,1821,5.39
SGP,1822,5.39
SGP,1823,5.39
SGP,1824,5.38
SGP,1825,5.38
SGP,1826,5.37
SGP,1827,5.37
SGP,1828,5.37
SGP,1829,5.36
SGP,1830,5.36
SGP,1831,5.36
SGP,1832,5.35
SGP,1833,5.35
SGP,1834,5.35
SGP,1835,5.34
SGP,1836,5.34
SGP,1837,5.33
SGP,1838,5.33
SGP,1839,5.33
SGP,1840,5.32
SGP,1841,5.32
SGP,1842,5.32
SGP,1843,5.31
SGP,1844,5.31
SGP,1845,5.31
SGP,1846,5.3
SGP,1847,5.3
SGP,1848,5.29
SGP,1849,5.29
SGP,1850,5.29
SGP,1851,5.28
SGP,1852,5.28
SGP,1853,5.28
SGP,1854,5.27
SGP,1855,5.27
SGP,1856,5.26
SGP,1857,5.26
SGP,1858,5.26
SGP,1859,5.25
SGP,1860,5.25
SGP,1861,5.25
SGP,1862,5.24
SGP,1863,5.24
SGP,1864,5.24
SGP,1865,5.23
SGP,1866,5.23
SGP,1867,5.22
SGP,1868,5.22
SGP,1869,5.22
SGP,1870,5.21
SGP,1871,5.21
SGP,1872,5.21
SGP,1873,5.2
SGP,1874,5.2
SGP,1875,5.2
SGP,1876,5.19
SGP,1877,5.19
SGP,1878,5.18
SGP,1879,5.18
SGP,1880,5.18
SGP,1881,5.17
SGP,1882,5.17
SGP,1883,5.17
SGP,1884,5.28
SGP,1885,5.39
SGP,1886,5.51
SGP,1887,5.62
SGP,1888,5.73
SGP,1889,5.71
SGP,1890,5.69
SGP,1891,5.68
SGP,1892,5.66
SGP,1893,5.64
SGP,1894,5.62
SGP,1895,5.6
SGP,1896,5.58
SGP,1897,5.57
SGP,1898,5.55
SGP,1899,5.53
SGP,1900,5.51
SGP,1901,5.49
SGP,1902,5.47
SGP,1903,5.46
SGP,1904,5.44
SGP,1905,5.42
SGP,1906,5.41
SGP,1907,5.39
SGP,1908,5.38
SGP,1909,5.38
SGP,1910,5.39
SGP,1911,5.39
SGP,1912,5.39
SGP,1913,5.4
SGP,1914,5.44
SGP,1915,5.49
SGP,1916,5.53
SGP,1917,5.58
SGP,1918,5.62
SGP,1919,5.68
SGP,1920,5.73
SGP,1921,5.78
SGP,1922,5.83
SGP,1923,5.89
SGP,1924,6
SGP,1925,6.12
SGP,1926,6.23
SGP,1927,6.35
SGP,1928,6.46
SGP,1929,6.61
SGP,1930,6.76
SGP,1931,6.9
SGP,1932,7.05
SGP,1933,7.19
SGP,1934,7.29
SGP,1935,7.39
SGP,1936,7.48
SGP,1937,7.58
SGP,1938,7.68
SGP,1939,7.29
SGP,1940,6.9
SGP,1941,6.51
SGP,1942,6.12
SGP,1943,5.72
SGP,1944,5.9
SGP,1945,6.08
SGP,1946,6.25
SGP,1947,6.43
SGP,1948,6.6
SGP,1949,6.55
SGP,1950,6.49
SGP,1951,6.54
SGP,1952,6.62
SGP,1953,6.66
SGP,1954,6.66
SGP,1955,6.62
SGP,1956,6.54
SGP,1957,6.42
SGP,1958,6.25
SGP,1959,6.06
SGP,1960,5.82
SGP,1961,5.56
SGP,1962,5.27
SGP,1963,4.97
SGP,1964,4.66
SGP,1965,4.36
SGP,1966,4.07
SGP,1967,3.82
SGP,1968,3.58
SGP,1969,3.38
SGP,1970,3.19
SGP,1971,3.01
SGP,1972,2.84
SGP,1973,2.65
SGP,1974,2.46
SGP,1975,2.27
SGP,1976,2.1
SGP,1977,1.95
SGP,1978,1.83
SGP,1979,1.74
SGP,1980,1.82
SGP,1981,1.78
SGP,1982,1.74
SGP,1983,1.61
SGP,1984,1.62
SGP,1985,1.61
SGP,1986,1.43
SGP,1987,1.62
SGP,1988,1.96
SGP,1989,1.75
SGP,1990,1.83
SGP,1991,1.73
SGP,1992,1.72
SGP,1993,1.74
SGP,1994,1.71
SGP,1995,1.67
SGP,1996,1.66
SGP,1997,1.61
SGP,1998,1.48
SGP,1999,1.47
SGP,2000,1.6
SGP,2001,1.41
SGP,2002,1.37
SGP,2003,1.27
SGP,2004,1.26
SGP,2005,1.26
SGP,2006,1.28
SGP,2007,1.29
SGP,2008,1.28
SGP,2009,1.26
SGP,2010,1.26
SGP,2011,1.27
SGP,2012,1.28
SGP,2013,1.28
SGP,2014,1.29
SGP,2015,1.3
SVK,1800,5.94
SVK,1801,5.94
SVK,1802,5.94
SVK,1803,5.94
SVK,1804,5.94
SVK,1805,5.94
SVK,1806,5.94
SVK,1807,5.94
SVK,1808,5.94
SVK,1809,5.94
SVK,1810,5.94
SVK,1811,5.94
SVK,1812,5.94
SVK,1813,5.94
SVK,1814,5.94
SVK,1815,5.94
SVK,1816,5.94
SVK,1817,5.94
SVK,1818,5.94
SVK,1819,5.94
SVK,1820,5.94
SVK,1821,5.94
SVK,1822,5.94
SVK,1823,5.94
SVK,1824,5.94
SVK,1825,5.94
SVK,1826,5.94
SVK,1827,5.94
SVK,1828,5.94
SVK,1829,5.94
SVK,1830,5.94
SVK,1831,5.94
SVK,1832,5.94
SVK,1833,5.94
SVK,1834,5.94
SVK,1835,5.94
SVK,1836,5.94
SVK,1837,5.94
SVK,1838,5.94
SVK,1839,5.94
SVK,1840,5.94
SVK,1841,5.94
SVK,1842,5.94
SVK,1843,5.94
SVK,1844,5.94
SVK,1845,5.94
SVK,1846,5.94
SVK,1847,5.94
SVK,1848,5.94
SVK,1849,5.94
SVK,1850,5.94
SVK,1851,5.94
SVK,1852,5.94
SVK,1853,5.94
SVK,1854,5.94
SVK,1855,5.94
SVK,1856,5.94
SVK,1857,5.94
SVK,1858,5.94
SVK,1859,5.94
SVK,1860,5.94
SVK,1861,5.94
SVK,1862,5.94
SVK,1863,5.94
SVK,1864,5.94
SVK,1865,5.94
SVK,1866,5.94
SVK,1867,5.94
SVK,1868,5.94
SVK,1869,5.94
SVK,1870,5.94
SVK,1871,5.94
SVK,1872,5.94
SVK,1873,5.94
SVK,1874,5.95
SVK,1875,5.95
SVK,1876,5.96
SVK,1877,5.96
SVK,1878,5.92
SVK,1879,5.87
SVK,1880,5.83
SVK,1881,5.78
SVK,1882,5.74
SVK,1883,5.77
SVK,1884,5.8
SVK,1885,5.83
SVK,1886,5.86
SVK,1887,5.9
SVK,1888,5.83
SVK,1889,5.76
SVK,1890,5.7
SVK,1891,5.63
SVK,1892,5.56
SVK,1893,5.54
SVK,1894,5.52
SVK,1895,5.5
SVK,1896,5.49
SVK,1897,5.47
SVK,1898,5.42
SVK,1899,5.37
SVK,1900,5.31
SVK,1901,5.26
SVK,1902,5.21
SVK,1903,5.16
SVK,1904,5.1
SVK,1905,5.04
SVK,1906,4.99
SVK,1907,4.93
SVK,1908,4.86
SVK,1909,4.78
SVK,1910,4.71
SVK,1911,4.63
SVK,1912,4.56
SVK,1913,4.13
SVK,1914,3.7
SVK,1915,3.28
SVK,1916,2.85
SVK,1917,2.43
SVK,1918,3.03
SVK,1919,3.64
SVK,1920,4.25
SVK,1921,4.96
SVK,1922,4.67
SVK,1923,4.55
SVK,1924,4.25
SVK,1925,4.01
SVK,1926,3.98
SVK,1927,3.76
SVK,1928,3.69
SVK,1929,3.48
SVK,1930,3.49
SVK,1931,3.33
SVK,1932,3.29
SVK,1933,2.96
SVK,1934,2.86
SVK,1935,2.8
SVK,1936,2.79
SVK,1937,2.77
SVK,1938,2.8
SVK,1939,2.83
SVK,1940,2.87
SVK,1941,2.9
SVK,1942,2.93
SVK,1943,2.96
SVK,1944,3
SVK,1945,3.03
SVK,1946,3.11
SVK,1947,3.22
SVK,1948,3.26
SVK,1949,3.26
SVK,1950,3.59
SVK,1951,3.57
SVK,1952,3.53
SVK,1953,3.48
SVK,1954,3.43
SVK,1955,3.38
SVK,1956,3.33
SVK,1957,3.27
SVK,1958,3.21
SVK,1959,3.15
SVK,1960,3.09
SVK,1961,3.01
SVK,1962,2.94
SVK,1963,2.86
SVK,1964,2.78
SVK,1965,2.7
SVK,1966,2.64
SVK,1967,2.58
SVK,1968,2.54
SVK,1969,2.51
SVK,1970,2.5
SVK,1971,2.5
SVK,1972,2.5
SVK,1973,2.5
SVK,1974,2.5
SVK,1975,2.5
SVK,1976,2.48
SVK,1977,2.47
SVK,1978,2.44
SVK,1979,2.41
SVK,1980,2.37
SVK,1981,2.34
SVK,1982,2.3
SVK,1983,2.27
SVK,1984,2.25
SVK,1985,2.22
SVK,1986,2.2
SVK,1987,2.17
SVK,1988,2.13
SVK,1989,2.09
SVK,1990,2.04
SVK,1991,1.97
SVK,1992,1.9
SVK,1993,1.81
SVK,1994,1.72
SVK,1995,1.63
SVK,1996,1.54
SVK,1997,1.46
SVK,1998,1.38
SVK,1999,1.32
SVK,2000,1.27
SVK,2001,1.24
SVK,2002,1.23
SVK,2003,1.22
SVK,2004,1.23
SVK,2005,1.24
SVK,2006,1.26
SVK,2007,1.29
SVK,2008,1.31
SVK,2009,1.33
SVK,2010,1.35
SVK,2011,1.37
SVK,2012,1.38
SVK,2013,1.4
SVK,2014,1.41
SVK,2015,1.43
SVN,1800,4.93
SVN,1801,4.92
SVN,1802,4.91
SVN,1803,4.9
SVN,1804,4.89
SVN,1805,4.88
SVN,1806,4.87
SVN,1807,4.86
SVN,1808,4.85
SVN,1809,4.84
SVN,1810,4.82
SVN,1811,4.81
SVN,1812,4.8
SVN,1813,4.79
SVN,1814,4.78
SVN,1815,4.77
SVN,1816,4.76
SVN,1817,4.75
SVN,1818,4.74
SVN,1819,4.73
SVN,1820,4.72
SVN,1821,4.71
SVN,1822,4.7
SVN,1823,4.69
SVN,1824,4.68
SVN,1825,4.67
SVN,1826,4.66
SVN,1827,4.65
SVN,1828,4.63
SVN,1829,4.62
SVN,1830,4.61
SVN,1831,4.6
SVN,1832,4.59
SVN,1833,4.58
SVN,1834,4.57
SVN,1835,4.56
SVN,1836,4.55
SVN,1837,4.54
SVN,1838,4.53
SVN,1839,4.52
SVN,1840,4.51
SVN,1841,4.5
SVN,1842,4.49
SVN,1843,4.48
SVN,1844,4.47
SVN,1845,4.46
SVN,1846,4.44
SVN,1847,4.43
SVN,1848,4.42
SVN,1849,4.41
SVN,1850,4.4
SVN,1851,4.39
SVN,1852,4.38
SVN,1853,4.37
SVN,1854,4.36
SVN,1855,4.35
SVN,1856,4.34
SVN,1857,4.33
SVN,1858,4.21
SVN,1859,4.45
SVN,1860,3.93
SVN,1861,4.25
SVN,1862,4.12
SVN,1863,4.32
SVN,1864,4.25
SVN,1865,4.23
SVN,1866,4.32
SVN,1867,4.2
SVN,1868,4.47
SVN,1869,4.55
SVN,1870,4.59
SVN,1871,4.43
SVN,1872,4.32
SVN,1873,4.55
SVN,1874,4.42
SVN,1875,4.51
SVN,1876,4.64
SVN,1877,4.38
SVN,1878,4.3
SVN,1879,4.41
SVN,1880,4.55
SVN,1881,4.45
SVN,1882,4.51
SVN,1883,4.54
SVN,1884,4.64
SVN,1885,4.59
SVN,1886,4.68
SVN,1887,4.64
SVN,1888,4.59
SVN,1889,4.63
SVN,1890,4.26
SVN,1891,4.59
SVN,1892,4.45
SVN,1893,4.49
SVN,1894,4.49
SVN,1895,4.63
SVN,1896,4.56
SVN,1897,4.6
SVN,1898,4.45
SVN,1899,4.49
SVN,1900,4.49
SVN,1901,4.5
SVN,1902,4.58
SVN,1903,4.41
SVN,1904,4.46
SVN,1905,4.36
SVN,1906,4.39
SVN,1907,4.26
SVN,1908,4.32
SVN,1909,4.43
SVN,1910,4.36
SVN,1911,4.12
SVN,1912,4
SVN,1913,4.06
SVN,1914,3.9
SVN,1915,3.12
SVN,1916,2.34
SVN,1917,2.34
SVN,1918,2.34
SVN,1919,2.95
SVN,1920,3.54
SVN,1921,3.95
SVN,1922,3.9
SVN,1923,4.02
SVN,1924,3.94
SVN,1925,3.84
SVN,1926,3.69
SVN,1927,3.63
SVN,1928,3.56
SVN,1929,3.34
SVN,1930,3.61
SVN,1931,3.45
SVN,1932,3.43
SVN,1933,3.2
SVN,1934,3.06
SVN,1935,2.95
SVN,1936,2.95
SVN,1937,2.85
SVN,1938,2.81
SVN,1939,2.81
SVN,1940,2.82
SVN,1941,2.9
SVN,1942,2.76
SVN,1943,2.83
SVN,1944,2.48
SVN,1945,1.86
SVN,1946,2.63
SVN,1947,2.85
SVN,1948,2.85
SVN,1949,2.98
SVN,1950,2.74
SVN,1951,2.69
SVN,1952,2.61
SVN,1953,2.54
SVN,1954,2.48
SVN,1955,2.43
SVN,1956,2.39
SVN,1957,2.36
SVN,1958,2.34
SVN,1959,2.33
SVN,1960,2.32
SVN,1961,2.33
SVN,1962,2.33
SVN,1963,2.34
SVN,1964,2.34
SVN,1965,2.34
SVN,1966,2.34
SVN,1967,2.33
SVN,1968,2.31
SVN,1969,2.29
SVN,1970,2.27
SVN,1971,2.26
SVN,1972,2.24
SVN,1973,2.23
SVN,1974,2.22
SVN,1975,2.21
SVN,1976,2.2
SVN,1977,2.17
SVN,1978,2.14
SVN,1979,2.09
SVN,1980,2.04
SVN,1981,1.98
SVN,1982,1.92
SVN,1983,1.85
SVN,1984,1.79
SVN,1985,1.74
SVN,1986,1.68
SVN,1987,1.63
SVN,1988,1.58
SVN,1989,1.52
SVN,1990,1.47
SVN,1991,1.43
SVN,1992,1.38
SVN,1993,1.34
SVN,1994,1.31
SVN,1995,1.29
SVN,1996,1.27
SVN,1997,1.25
SVN,1998,1.23
SVN,1999,1.22
SVN,2000,1.21
SVN,2001,1.22
SVN,2002,1.23
SVN,2003,1.25
SVN,2004,1.29
SVN,2005,1.32
SVN,2006,1.36
SVN,2007,1.4
SVN,2008,1.43
SVN,2009,1.46
SVN,2010,1.48
SVN,2011,1.49
SVN,2012,1.5
SVN,2013,1.51
SVN,2014,1.52
SVN,2015,1.53
SLB,1800,6.42
SLB,1801,6.42
SLB,1802,6.42
SLB,1803,6.42
SLB,1804,6.42
SLB,1805,6.42
SLB,1806,6.42
SLB,1807,6.42
SLB,1808,6.42
SLB,1809,6.42
SLB,1810,6.42
SLB,1811,6.42
SLB,1812,6.42
SLB,1813,6.42
SLB,1814,6.42
SLB,1815,6.42
SLB,1816,6.42
SLB,1817,6.42
SLB,1818,6.42
SLB,1819,6.42
SLB,1820,6.42
SLB,1821,6.42
SLB,1822,6.42
SLB,1823,6.42
SLB,1824,6.42
SLB,1825,6.42
SLB,1826,6.42
SLB,1827,6.42
SLB,1828,6.42
SLB,1829,6.42
SLB,1830,6.42
SLB,1831,6.42
SLB,1832,6.42
SLB,1833,6.42
SLB,1834,6.42
SLB,1835,6.42
SLB,1836,6.42
SLB,1837,6.42
SLB,1838,6.42
SLB,1839,6.42
SLB,1840,6.42
SLB,1841,6.42
SLB,1842,6.42
SLB,1843,6.42
SLB,1844,6.42
SLB,1845,6.42
SLB,1846,6.42
SLB,1847,6.42
SLB,1848,6.42
SLB,1849,6.42
SLB,1850,6.42
SLB,1851,6.42
SLB,1852,6.42
SLB,1853,6.42
SLB,1854,6.42
SLB,1855,6.42
SLB,1856,6.42
SLB,1857,6.42
SLB,1858,6.42
SLB,1859,6.42
SLB,1860,6.42
SLB,1861,6.42
SLB,1862,6.42
SLB,1863,6.42
SLB,1864,6.42
SLB,1865,6.42
SLB,1866,6.42
SLB,1867,6.42
SLB,1868,6.42
SLB,1869,6.42
SLB,1870,6.42
SLB,1871,6.42
SLB,1872,6.42
SLB,1873,6.42
SLB,1874,6.42
SLB,1875,6.42
SLB,1876,6.42
SLB,1877,6.42
SLB,1878,6.42
SLB,1879,6.42
SLB,1880,6.42
SLB,1881,6.42
SLB,1882,6.42
SLB,1883,6.42
SLB,1884,6.42
SLB,1885,6.42
SLB,1886,6.42
SLB,1887,6.42
SLB,1888,6.42
SLB,1889,6.42
SLB,1890,6.42
SLB,1891,6.42
SLB,1892,6.42
SLB,1893,6.42
SLB,1894,6.42
SLB,1895,6.42
SLB,1896,6.42
SLB,1897,6.42
SLB,1898,6.42
SLB,1899,6.42
SLB,1900,6.42
SLB,1901,6.42
SLB,1902,6.42
SLB,1903,6.42
SLB,1904,6.42
SLB,1905,6.42
SLB,1906,6.42
SLB,1907,6.42
SLB,1908,6.42
SLB,1909,6.42
SLB,1910,6.42
SLB,1911,6.42
SLB,1912,6.42
SLB,1913,6.42
SLB,1914,6.42
SLB,1915,6.42
SLB,1916,6.42
SLB,1917,6.42
SLB,1918,6.42
SLB,1919,6.42
SLB,1920,6.42
SLB,1921,6.42
SLB,1922,6.42
SLB,1923,6.42
SLB,1924,6.42
SLB,1925,6.42
SLB,1926,6.42
SLB,1927,6.42
SLB,1928,6.42
SLB,1929,6.42
SLB,1930,6.42
SLB,1931,6.42
SLB,1932,6.41
SLB,1933,6.41
SLB,1934,6.41
SLB,1935,6.41
SLB,1936,6.41
SLB,1937,6.41
SLB,1938,6.41
SLB,1939,6.41
SLB,1940,6.41
SLB,1941,6.41
SLB,1942,6.41
SLB,1943,6.41
SLB,1944,6.41
SLB,1945,6.4
SLB,1946,6.4
SLB,1947,6.4
SLB,1948,6.4
SLB,1949,6.4
SLB,1950,6.4
SLB,1951,6.4
SLB,1952,6.4
SLB,1953,6.4
SLB,1954,6.4
SLB,1955,6.4
SLB,1956,6.4
SLB,1957,6.4
SLB,1958,6.39
SLB,1959,6.39
SLB,1960,6.39
SLB,1961,6.39
SLB,1962,6.38
SLB,1963,6.39
SLB,1964,6.39
SLB,1965,6.42
SLB,1966,6.47
SLB,1967,6.55
SLB,1968,6.66
SLB,1969,6.78
SLB,1970,6.91
SLB,1971,7.04
SLB,1972,7.15
SLB,1973,7.22
SLB,1974,7.25
SLB,1975,7.24
SLB,1976,7.18
SLB,1977,7.1
SLB,1978,6.99
SLB,1979,6.87
SLB,1980,6.75
SLB,1981,6.63
SLB,1982,6.53
SLB,1983,6.43
SLB,1984,6.35
SLB,1985,6.28
SLB,1986,6.21
SLB,1987,6.14
SLB,1988,6.06
SLB,1989,5.96
SLB,1990,5.85
SLB,1991,5.73
SLB,1992,5.6
SLB,1993,5.46
SLB,1994,5.33
SLB,1995,5.2
SLB,1996,5.08
SLB,1997,4.97
SLB,1998,4.87
SLB,1999,4.79
SLB,2000,4.72
SLB,2001,4.67
SLB,2002,4.62
SLB,2003,4.58
SLB,2004,4.54
SLB,2005,4.5
SLB,2006,4.46
SLB,2007,4.41
SLB,2008,4.36
SLB,2009,4.3
SLB,2010,4.24
SLB,2011,4.17
SLB,2012,4.1
SLB,2013,4.03
SLB,2014,3.97
SLB,2015,3.91
SOM,1800,6.87
SOM,1801,6.87
SOM,1802,6.87
SOM,1803,6.87
SOM,1804,6.87
SOM,1805,6.87
SOM,1806,6.87
SOM,1807,6.87
SOM,1808,6.87
SOM,1809,6.87
SOM,1810,6.87
SOM,1811,6.87
SOM,1812,6.87
SOM,1813,6.87
SOM,1814,6.87
SOM,1815,6.87
SOM,1816,6.87
SOM,1817,6.87
SOM,1818,6.87
SOM,1819,6.87
SOM,1820,6.87
SOM,1821,6.87
SOM,1822,6.87
SOM,1823,6.87
SOM,1824,6.87
SOM,1825,6.87
SOM,1826,6.87
SOM,1827,6.87
SOM,1828,6.87
SOM,1829,6.87
SOM,1830,6.87
SOM,1831,6.87
SOM,1832,6.87
SOM,1833,6.87
SOM,1834,6.87
SOM,1835,6.87
SOM,1836,6.87
SOM,1837,6.87
SOM,1838,6.87
SOM,1839,6.87
SOM,1840,6.87
SOM,1841,6.87
SOM,1842,6.87
SOM,1843,6.87
SOM,1844,6.87
SOM,1845,6.87
SOM,1846,6.87
SOM,1847,6.87
SOM,1848,6.87
SOM,1849,6.87
SOM,1850,6.87
SOM,1851,6.87
SOM,1852,6.87
SOM,1853,6.87
SOM,1854,6.87
SOM,1855,6.87
SOM,1856,6.87
SOM,1857,6.87
SOM,1858,6.87
SOM,1859,6.87
SOM,1860,6.87
SOM,1861,6.87
SOM,1862,6.87
SOM,1863,6.87
SOM,1864,6.87
SOM,1865,6.87
SOM,1866,6.87
SOM,1867,6.87
SOM,1868,6.87
SOM,1869,6.87
SOM,1870,6.87
SOM,1871,6.87
SOM,1872,6.87
SOM,1873,6.87
SOM,1874,6.87
SOM,1875,6.87
SOM,1876,6.87
SOM,1877,6.87
SOM,1878,6.87
SOM,1879,6.87
SOM,1880,6.87
SOM,1881,6.87
SOM,1882,6.87
SOM,1883,6.87
SOM,1884,6.87
SOM,1885,6.87
SOM,1886,6.87
SOM,1887,6.87
SOM,1888,6.87
SOM,1889,6.87
SOM,1890,6.87
SOM,1891,6.87
SOM,1892,6.87
SOM,1893,6.87
SOM,1894,6.87
SOM,1895,6.87
SOM,1896,6.87
SOM,1897,6.87
SOM,1898,6.87
SOM,1899,6.87
SOM,1900,6.87
SOM,1901,6.87
SOM,1902,6.87
SOM,1903,6.87
SOM,1904,6.87
SOM,1905,6.87
SOM,1906,6.87
SOM,1907,6.87
SOM,1908,6.87
SOM,1909,6.87
SOM,1910,6.87
SOM,1911,6.87
SOM,1912,6.87
SOM,1913,6.87
SOM,1914,6.87
SOM,1915,6.87
SOM,1916,6.87
SOM,1917,6.87
SOM,1918,6.87
SOM,1919,6.87
SOM,1920,6.87
SOM,1921,6.87
SOM,1922,6.87
SOM,1923,6.87
SOM,1924,6.87
SOM,1925,6.87
SOM,1926,6.89
SOM,1927,6.9
SOM,1928,6.92
SOM,1929,6.93
SOM,1930,6.95
SOM,1931,6.96
SOM,1932,6.98
SOM,1933,6.99
SOM,1934,7.01
SOM,1935,7.02
SOM,1936,7.04
SOM,1937,7.05
SOM,1938,7.07
SOM,1939,7.08
SOM,1940,7.1
SOM,1941,7.11
SOM,1942,7.13
SOM,1943,7.14
SOM,1944,7.16
SOM,1945,7.17
SOM,1946,7.19
SOM,1947,7.2
SOM,1948,7.22
SOM,1949,7.23
SOM,1950,7.25
SOM,1951,7.25
SOM,1952,7.25
SOM,1953,7.25
SOM,1954,7.25
SOM,1955,7.25
SOM,1956,7.25
SOM,1957,7.25
SOM,1958,7.25
SOM,1959,7.25
SOM,1960,7.25
SOM,1961,7.25
SOM,1962,7.26
SOM,1963,7.26
SOM,1964,7.26
SOM,1965,7.26
SOM,1966,7.26
SOM,1967,7.25
SOM,1968,7.23
SOM,1969,7.21
SOM,1970,7.18
SOM,1971,7.15
SOM,1972,7.12
SOM,1973,7.09
SOM,1974,7.06
SOM,1975,7.03
SOM,1976,7.02
SOM,1977,7.01
SOM,1978,7
SOM,1979,7
SOM,1980,7.01
SOM,1981,7.03
SOM,1982,7.05
SOM,1983,7.08
SOM,1984,7.11
SOM,1985,7.15
SOM,1986,7.19
SOM,1987,7.24
SOM,1988,7.29
SOM,1989,7.34
SOM,1990,7.4
SOM,1991,7.46
SOM,1992,7.51
SOM,1993,7.57
SOM,1994,7.62
SOM,1995,7.66
SOM,1996,7.68
SOM,1997,7.69
SOM,1998,7.68
SOM,1999,7.65
SOM,2000,7.61
SOM,2001,7.56
SOM,2002,7.5
SOM,2003,7.43
SOM,2004,7.36
SOM,2005,7.29
SOM,2006,7.22
SOM,2007,7.14
SOM,2008,7.06
SOM,2009,6.97
SOM,2010,6.87
SOM,2011,6.77
SOM,2012,6.67
SOM,2013,6.56
SOM,2014,6.46
SOM,2015,6.36
ZAF,1800,6.47
ZAF,1801,6.47
ZAF,1802,6.47
ZAF,1803,6.47
ZAF,1804,6.47
ZAF,1805,6.47
ZAF,1806,6.47
ZAF,1807,6.47
ZAF,1808,6.47
ZAF,1809,6.47
ZAF,1810,6.47
ZAF,1811,6.47
ZAF,1812,6.47
ZAF,1813,6.47
ZAF,1814,6.47
ZAF,1815,6.47
ZAF,1816,6.47
ZAF,1817,6.47
ZAF,1818,6.47
ZAF,1819,6.47
ZAF,1820,6.47
ZAF,1821,6.47
ZAF,1822,6.47
ZAF,1823,6.47
ZAF,1824,6.47
ZAF,1825,6.47
ZAF,1826,6.47
ZAF,1827,6.47
ZAF,1828,6.47
ZAF,1829,6.47
ZAF,1830,6.47
ZAF,1831,6.47
ZAF,1832,6.47
ZAF,1833,6.47
ZAF,1834,6.47
ZAF,1835,6.47
ZAF,1836,6.47
ZAF,1837,6.47
ZAF,1838,6.47
ZAF,1839,6.47
ZAF,1840,6.47
ZAF,1841,6.47
ZAF,1842,6.47
ZAF,1843,6.47
ZAF,1844,6.47
ZAF,1845,6.47
ZAF,1846,6.47
ZAF,1847,6.47
ZAF,1848,6.47
ZAF,1849,6.47
ZAF,1850,6.47
ZAF,1851,6.47
ZAF,1852,6.47
ZAF,1853,6.47
ZAF,1854,6.47
ZAF,1855,6.47
ZAF,1856,6.47
ZAF,1857,6.47
ZAF,1858,6.47
ZAF,1859,6.47
ZAF,1860,6.47
ZAF,1861,6.47
ZAF,1862,6.47
ZAF,1863,6.47
ZAF,1864,6.47
ZAF,1865,6.47
ZAF,1866,6.47
ZAF,1867,6.47
ZAF,1868,6.47
ZAF,1869,6.47
ZAF,1870,6.47
ZAF,1871,6.47
ZAF,1872,6.47
ZAF,1873,6.47
ZAF,1874,6.47
ZAF,1875,6.47
ZAF,1876,6.47
ZAF,1877,6.47
ZAF,1878,6.47
ZAF,1879,6.47
ZAF,1880,6.47
ZAF,1881,6.47
ZAF,1882,6.47
ZAF,1883,6.47
ZAF,1884,6.47
ZAF,1885,6.47
ZAF,1886,6.47
ZAF,1887,6.47
ZAF,1888,6.47
ZAF,1889,6.47
ZAF,1890,6.47
ZAF,1891,6.47
ZAF,1892,6.47
ZAF,1893,6.47
ZAF,1894,6.47
ZAF,1895,6.47
ZAF,1896,6.47
ZAF,1897,6.47
ZAF,1898,6.47
ZAF,1899,6.47
ZAF,1900,6.47
ZAF,1901,6.47
ZAF,1902,6.47
ZAF,1903,6.47
ZAF,1904,6.47
ZAF,1905,6.47
ZAF,1906,6.47
ZAF,1907,6.47
ZAF,1908,6.47
ZAF,1909,6.47
ZAF,1910,6.47
ZAF,1911,6.47
ZAF,1912,6.47
ZAF,1913,6.47
ZAF,1914,6.47
ZAF,1915,6.47
ZAF,1916,6.47
ZAF,1917,6.47
ZAF,1918,6.47
ZAF,1919,6.47
ZAF,1920,6.47
ZAF,1921,6.47
ZAF,1922,6.47
ZAF,1923,6.47
ZAF,1924,6.47
ZAF,1925,6.47
ZAF,1926,6.47
ZAF,1927,6.46
ZAF,1928,6.46
ZAF,1929,6.45
ZAF,1930,6.45
ZAF,1931,6.44
ZAF,1932,6.44
ZAF,1933,6.43
ZAF,1934,6.43
ZAF,1935,6.42
ZAF,1936,6.42
ZAF,1937,6.41
ZAF,1938,6.41
ZAF,1939,6.4
ZAF,1940,6.4
ZAF,1941,6.4
ZAF,1942,6.39
ZAF,1943,6.39
ZAF,1944,6.38
ZAF,1945,6.38
ZAF,1946,6.37
ZAF,1947,6.37
ZAF,1948,6.36
ZAF,1949,6.36
ZAF,1950,6.35
ZAF,1951,6.34
ZAF,1952,6.31
ZAF,1953,6.29
ZAF,1954,6.26
ZAF,1955,6.25
ZAF,1956,6.23
ZAF,1957,6.22
ZAF,1958,6.21
ZAF,1959,6.19
ZAF,1960,6.17
ZAF,1961,6.14
ZAF,1962,6.1
ZAF,1963,6.05
ZAF,1964,5.98
ZAF,1965,5.91
ZAF,1966,5.84
ZAF,1967,5.77
ZAF,1968,5.7
ZAF,1969,5.64
ZAF,1970,5.59
ZAF,1971,5.54
ZAF,1972,5.48
ZAF,1973,5.42
ZAF,1974,5.34
ZAF,1975,5.25
ZAF,1976,5.16
ZAF,1977,5.06
ZAF,1978,4.97
ZAF,1979,4.88
ZAF,1980,4.79
ZAF,1981,4.7
ZAF,1982,4.6
ZAF,1983,4.5
ZAF,1984,4.4
ZAF,1985,4.29
ZAF,1986,4.18
ZAF,1987,4.05
ZAF,1988,3.92
ZAF,1989,3.79
ZAF,1990,3.66
ZAF,1991,3.53
ZAF,1992,3.41
ZAF,1993,3.3
ZAF,1994,3.2
ZAF,1995,3.11
ZAF,1996,3.04
ZAF,1997,2.98
ZAF,1998,2.94
ZAF,1999,2.9
ZAF,2000,2.87
ZAF,2001,2.83
ZAF,2002,2.8
ZAF,2003,2.76
ZAF,2004,2.72
ZAF,2005,2.68
ZAF,2006,2.63
ZAF,2007,2.58
ZAF,2008,2.54
ZAF,2009,2.5
ZAF,2010,2.47
ZAF,2011,2.44
ZAF,2012,2.41
ZAF,2013,2.39
ZAF,2014,2.36
ZAF,2015,2.34
ESP,1800,5.13
ESP,1801,5.13
ESP,1802,5.13
ESP,1803,5.13
ESP,1804,5.13
ESP,1805,5.13
ESP,1806,5.13
ESP,1807,5.13
ESP,1808,5.13
ESP,1809,5.13
ESP,1810,5.13
ESP,1811,5.13
ESP,1812,5.13
ESP,1813,5.13
ESP,1814,5.13
ESP,1815,5.13
ESP,1816,5.13
ESP,1817,5.13
ESP,1818,5.13
ESP,1819,5.13
ESP,1820,5.13
ESP,1821,5.13
ESP,1822,5.13
ESP,1823,5.13
ESP,1824,5.13
ESP,1825,5.13
ESP,1826,5.13
ESP,1827,5.13
ESP,1828,5.13
ESP,1829,5.13
ESP,1830,5.13
ESP,1831,5.13
ESP,1832,5.13
ESP,1833,5.13
ESP,1834,5.13
ESP,1835,5.13
ESP,1836,5.13
ESP,1837,5.13
ESP,1838,5.13
ESP,1839,5.13
ESP,1840,5.13
ESP,1841,5.13
ESP,1842,5.13
ESP,1843,5.13
ESP,1844,5.13
ESP,1845,5.13
ESP,1846,5.13
ESP,1847,5.13
ESP,1848,5.13
ESP,1849,5.13
ESP,1850,5.13
ESP,1851,5.07
ESP,1852,5.01
ESP,1853,4.95
ESP,1854,4.89
ESP,1855,4.83
ESP,1856,4.78
ESP,1857,4.72
ESP,1858,4.66
ESP,1859,4.75
ESP,1860,4.86
ESP,1861,5.16
ESP,1862,5.09
ESP,1863,5
ESP,1864,5.19
ESP,1865,5.11
ESP,1866,5.07
ESP,1867,5.09
ESP,1868,4.72
ESP,1869,4.9
ESP,1870,4.84
ESP,1871,4.83
ESP,1872,4.83
ESP,1873,4.82
ESP,1874,4.81
ESP,1875,4.8
ESP,1876,4.79
ESP,1877,4.78
ESP,1878,4.78
ESP,1879,4.74
ESP,1880,4.7
ESP,1881,4.91
ESP,1882,4.79
ESP,1883,4.71
ESP,1884,4.86
ESP,1885,4.8
ESP,1886,4.86
ESP,1887,4.78
ESP,1888,4.82
ESP,1889,4.82
ESP,1890,4.55
ESP,1891,4.67
ESP,1892,4.71
ESP,1893,4.71
ESP,1894,4.6
ESP,1895,4.63
ESP,1896,4.75
ESP,1897,4.51
ESP,1898,4.41
ESP,1899,4.53
ESP,1900,4.49
ESP,1901,4.71
ESP,1902,4.7
ESP,1903,4.69
ESP,1904,4.67
ESP,1905,4.66
ESP,1906,4.61
ESP,1907,4.57
ESP,1908,4.52
ESP,1909,4.48
ESP,1910,4.43
ESP,1911,4.39
ESP,1912,4.35
ESP,1913,4.3
ESP,1914,4.26
ESP,1915,4.22
ESP,1916,4.2
ESP,1917,4.19
ESP,1918,4.17
ESP,1919,4.16
ESP,1920,4.14
ESP,1921,4.08
ESP,1922,4.02
ESP,1923,4.02
ESP,1924,3.92
ESP,1925,3.82
ESP,1926,3.87
ESP,1927,3.7
ESP,1928,3.8
ESP,1929,3.69
ESP,1930,3.68
ESP,1931,3.58
ESP,1932,3.64
ESP,1933,3.59
ESP,1934,3.38
ESP,1935,3.31
ESP,1936,3.18
ESP,1937,2.89
ESP,1938,2.56
ESP,1939,2.12
ESP,1940,3.09
ESP,1941,2.47
ESP,1942,2.53
ESP,1943,2.88
ESP,1944,2.84
ESP,1945,2.91
ESP,1946,2.7
ESP,1947,2.67
ESP,1948,2.88
ESP,1949,2.68
ESP,1950,2.45
ESP,1951,2.47
ESP,1952,2.51
ESP,1953,2.55
ESP,1954,2.59
ESP,1955,2.62
ESP,1956,2.66
ESP,1957,2.69
ESP,1958,2.72
ESP,1959,2.74
ESP,1960,2.77
ESP,1961,2.79
ESP,1962,2.8
ESP,1963,2.82
ESP,1964,2.83
ESP,1965,2.83
ESP,1966,2.84
ESP,1967,2.85
ESP,1968,2.86
ESP,1969,2.87
ESP,1970,2.87
ESP,1971,2.87
ESP,1972,2.86
ESP,1973,2.84
ESP,1974,2.8
ESP,1975,2.75
ESP,1976,2.68
ESP,1977,2.59
ESP,1978,2.48
ESP,1979,2.36
ESP,1980,2.22
ESP,1981,2.09
ESP,1982,1.96
ESP,1983,1.84
ESP,1984,1.73
ESP,1985,1.63
ESP,1986,1.55
ESP,1987,1.49
ESP,1988,1.43
ESP,1989,1.38
ESP,1990,1.34
ESP,1991,1.31
ESP,1992,1.28
ESP,1993,1.25
ESP,1994,1.23
ESP,1995,1.21
ESP,1996,1.2
ESP,1997,1.2
ESP,1998,1.2
ESP,1999,1.21
ESP,2000,1.22
ESP,2001,1.25
ESP,2002,1.27
ESP,2003,1.3
ESP,2004,1.33
ESP,2005,1.35
ESP,2006,1.38
ESP,2007,1.4
ESP,2008,1.42
ESP,2009,1.44
ESP,2010,1.46
ESP,2011,1.47
ESP,2012,1.49
ESP,2013,1.51
ESP,2014,1.52
ESP,2015,1.53
LKA,1800,5.68
LKA,1801,5.68
LKA,1802,5.68
LKA,1803,5.68
LKA,1804,5.68
LKA,1805,5.68
LKA,1806,5.68
LKA,1807,5.68
LKA,1808,5.68
LKA,1809,5.68
LKA,1810,5.68
LKA,1811,5.68
LKA,1812,5.68
LKA,1813,5.68
LKA,1814,5.68
LKA,1815,5.68
LKA,1816,5.68
LKA,1817,5.68
LKA,1818,5.68
LKA,1819,5.68
LKA,1820,5.68
LKA,1821,5.68
LKA,1822,5.68
LKA,1823,5.68
LKA,1824,5.68
LKA,1825,5.68
LKA,1826,5.68
LKA,1827,5.68
LKA,1828,5.68
LKA,1829,5.68
LKA,1830,5.68
LKA,1831,5.68
LKA,1832,5.68
LKA,1833,5.68
LKA,1834,5.68
LKA,1835,5.68
LKA,1836,5.68
LKA,1837,5.68
LKA,1838,5.68
LKA,1839,5.68
LKA,1840,5.68
LKA,1841,5.68
LKA,1842,5.68
LKA,1843,5.68
LKA,1844,5.68
LKA,1845,5.68
LKA,1846,5.68
LKA,1847,5.68
LKA,1848,5.68
LKA,1849,5.68
LKA,1850,5.68
LKA,1851,5.68
LKA,1852,5.68
LKA,1853,5.68
LKA,1854,5.68
LKA,1855,5.68
LKA,1856,5.68
LKA,1857,5.68
LKA,1858,5.68
LKA,1859,5.68
LKA,1860,5.68
LKA,1861,5.68
LKA,1862,5.68
LKA,1863,5.68
LKA,1864,5.68
LKA,1865,5.68
LKA,1866,5.68
LKA,1867,5.68
LKA,1868,5.68
LKA,1869,5.68
LKA,1870,5.68
LKA,1871,5.68
LKA,1872,5.68
LKA,1873,5.68
LKA,1874,5.68
LKA,1875,5.68
LKA,1876,5.68
LKA,1877,5.68
LKA,1878,5.68
LKA,1879,5.68
LKA,1880,5.68
LKA,1881,5.68
LKA,1882,5.49
LKA,1883,5.94
LKA,1884,6.17
LKA,1885,5.46
LKA,1886,5.16
LKA,1887,6.1
LKA,1888,5.89
LKA,1889,5.03
LKA,1890,5.78
LKA,1891,5.69
LKA,1892,5.31
LKA,1893,5.37
LKA,1894,5.52
LKA,1895,5.19
LKA,1896,5.12
LKA,1897,5.94
LKA,1898,6.02
LKA,1899,4.92
LKA,1900,5.79
LKA,1901,5.48
LKA,1902,5.5
LKA,1903,5.59
LKA,1904,5.26
LKA,1905,4.36
LKA,1906,5.55
LKA,1907,5.11
LKA,1908,6.23
LKA,1909,5.7
LKA,1910,5.93
LKA,1911,5.76
LKA,1912,5.05
LKA,1913,5.85
LKA,1914,5.76
LKA,1915,5.67
LKA,1916,6.06
LKA,1917,6.29
LKA,1918,6.23
LKA,1919,5.46
LKA,1920,5.55
LKA,1921,6.17
LKA,1922,5.94
LKA,1923,5.88
LKA,1924,5.7
LKA,1925,6.06
LKA,1926,6.38
LKA,1927,6.23
LKA,1928,6.37
LKA,1929,5.82
LKA,1930,5.93
LKA,1931,5.68
LKA,1932,5.62
LKA,1933,5.87
LKA,1934,5.65
LKA,1935,5.23
LKA,1936,5.18
LKA,1937,5.75
LKA,1938,5.46
LKA,1939,5.47
LKA,1940,5.44
LKA,1941,5.55
LKA,1942,5.58
LKA,1943,6.17
LKA,1944,5.64
LKA,1945,5.58
LKA,1946,5.84
LKA,1947,5.99
LKA,1948,6.03
LKA,1949,5.94
LKA,1950,6.03
LKA,1951,6.05
LKA,1952,5.9
LKA,1953,5.86
LKA,1954,5.89
LKA,1955,5.9
LKA,1956,5.88
LKA,1957,5.83
LKA,1958,5.75
LKA,1959,5.65
LKA,1960,5.54
LKA,1961,5.42
LKA,1962,5.3
LKA,1963,5.18
LKA,1964,5.07
LKA,1965,4.96
LKA,1966,4.85
LKA,1967,4.73
LKA,1968,4.61
LKA,1969,4.48
LKA,1970,4.34
LKA,1971,4.21
LKA,1972,4.08
LKA,1973,3.97
LKA,1974,3.87
LKA,1975,3.78
LKA,1976,3.71
LKA,1977,3.63
LKA,1978,3.56
LKA,1979,3.49
LKA,1980,3.41
LKA,1981,3.32
LKA,1982,3.22
LKA,1983,3.12
LKA,1984,3.01
LKA,1985,2.9
LKA,1986,2.8
LKA,1987,2.7
LKA,1988,2.62
LKA,1989,2.54
LKA,1990,2.48
LKA,1991,2.43
LKA,1992,2.39
LKA,1993,2.35
LKA,1994,2.32
LKA,1995,2.29
LKA,1996,2.27
LKA,1997,2.25
LKA,1998,2.24
LKA,1999,2.24
LKA,2000,2.24
LKA,2001,2.24
LKA,2002,2.25
LKA,2003,2.26
LKA,2004,2.27
LKA,2005,2.29
LKA,2006,2.3
LKA,2007,2.31
LKA,2008,2.32
LKA,2009,2.34
LKA,2010,2.34
LKA,2011,2.35
LKA,2012,2.35
LKA,2013,2.34
LKA,2014,2.33
LKA,2015,2.31
SDN,1800,6.64
SDN,1801,6.64
SDN,1802,6.64
SDN,1803,6.64
SDN,1804,6.64
SDN,1805,6.64
SDN,1806,6.64
SDN,1807,6.64
SDN,1808,6.64
SDN,1809,6.64
SDN,1810,6.64
SDN,1811,6.64
SDN,1812,6.64
SDN,1813,6.64
SDN,1814,6.64
SDN,1815,6.64
SDN,1816,6.64
SDN,1817,6.64
SDN,1818,6.64
SDN,1819,6.64
SDN,1820,6.64
SDN,1821,6.64
SDN,1822,6.64
SDN,1823,6.64
SDN,1824,6.64
SDN,1825,6.64
SDN,1826,6.64
SDN,1827,6.64
SDN,1828,6.64
SDN,1829,6.64
SDN,1830,6.64
SDN,1831,6.64
SDN,1832,6.64
SDN,1833,6.64
SDN,1834,6.64
SDN,1835,6.64
SDN,1836,6.64
SDN,1837,6.64
SDN,1838,6.64
SDN,1839,6.64
SDN,1840,6.64
SDN,1841,6.64
SDN,1842,6.64
SDN,1843,6.64
SDN,1844,6.64
SDN,1845,6.64
SDN,1846,6.64
SDN,1847,6.64
SDN,1848,6.64
SDN,1849,6.64
SDN,1850,6.64
SDN,1851,6.64
SDN,1852,6.64
SDN,1853,6.64
SDN,1854,6.64
SDN,1855,6.64
SDN,1856,6.64
SDN,1857,6.64
SDN,1858,6.64
SDN,1859,6.64
SDN,1860,6.64
SDN,1861,6.64
SDN,1862,6.64
SDN,1863,6.64
SDN,1864,6.64
SDN,1865,6.64
SDN,1866,6.64
SDN,1867,6.64
SDN,1868,6.64
SDN,1869,6.64
SDN,1870,6.64
SDN,1871,6.64
SDN,1872,6.64
SDN,1873,6.64
SDN,1874,6.64
SDN,1875,6.64
SDN,1876,6.64
SDN,1877,6.64
SDN,1878,6.64
SDN,1879,6.64
SDN,1880,6.64
SDN,1881,6.64
SDN,1882,6.64
SDN,1883,6.64
SDN,1884,6.64
SDN,1885,6.64
SDN,1886,6.64
SDN,1887,6.64
SDN,1888,6.64
SDN,1889,6.64
SDN,1890,6.64
SDN,1891,6.64
SDN,1892,6.64
SDN,1893,6.64
SDN,1894,6.64
SDN,1895,6.64
SDN,1896,6.64
SDN,1897,6.64
SDN,1898,6.64
SDN,1899,6.64
SDN,1900,6.64
SDN,1901,6.64
SDN,1902,6.64
SDN,1903,6.64
SDN,1904,6.64
SDN,1905,6.64
SDN,1906,6.64
SDN,1907,6.64
SDN,1908,6.64
SDN,1909,6.64
SDN,1910,6.64
SDN,1911,6.64
SDN,1912,6.64
SDN,1913,6.64
SDN,1914,6.64
SDN,1915,6.64
SDN,1916,6.64
SDN,1917,6.64
SDN,1918,6.64
SDN,1919,6.64
SDN,1920,6.64
SDN,1921,6.64
SDN,1922,6.64
SDN,1923,6.64
SDN,1924,6.64
SDN,1925,6.64
SDN,1926,6.64
SDN,1927,6.64
SDN,1928,6.64
SDN,1929,6.65
SDN,1930,6.65
SDN,1931,6.65
SDN,1932,6.65
SDN,1933,6.65
SDN,1934,6.65
SDN,1935,6.65
SDN,1936,6.66
SDN,1937,6.66
SDN,1938,6.66
SDN,1939,6.66
SDN,1940,6.66
SDN,1941,6.66
SDN,1942,6.66
SDN,1943,6.67
SDN,1944,6.67
SDN,1945,6.67
SDN,1946,6.67
SDN,1947,6.67
SDN,1948,6.67
SDN,1949,6.67
SDN,1950,6.68
SDN,1951,6.67
SDN,1952,6.65
SDN,1953,6.64
SDN,1954,6.64
SDN,1955,6.63
SDN,1956,6.64
SDN,1957,6.65
SDN,1958,6.66
SDN,1959,6.67
SDN,1960,6.69
SDN,1961,6.71
SDN,1962,6.74
SDN,1963,6.76
SDN,1964,6.79
SDN,1965,6.81
SDN,1966,6.83
SDN,1967,6.85
SDN,1968,6.87
SDN,1969,6.88
SDN,1970,6.89
SDN,1971,6.9
SDN,1972,6.91
SDN,1973,6.92
SDN,1974,6.93
SDN,1975,6.94
SDN,1976,6.93
SDN,1977,6.92
SDN,1978,6.89
SDN,1979,6.85
SDN,1980,6.8
SDN,1981,6.74
SDN,1982,6.67
SDN,1983,6.61
SDN,1984,6.54
SDN,1985,6.47
SDN,1986,6.4
SDN,1987,6.34
SDN,1988,6.28
SDN,1989,6.21
SDN,1990,6.15
SDN,1991,6.09
SDN,1992,6.03
SDN,1993,5.96
SDN,1994,5.89
SDN,1995,5.82
SDN,1996,5.75
SDN,1997,5.67
SDN,1998,5.6
SDN,1999,5.52
SDN,2000,5.44
SDN,2001,5.37
SDN,2002,5.29
SDN,2003,5.21
SDN,2004,5.12
SDN,2005,5.04
SDN,2006,4.96
SDN,2007,4.87
SDN,2008,4.79
SDN,2009,4.71
SDN,2010,4.64
SDN,2011,4.56
SDN,2012,4.49
SDN,2013,4.42
SDN,2014,4.35
SDN,2015,4.28
SUR,1800,6.58
SUR,1801,6.58
SUR,1802,6.58
SUR,1803,6.58
SUR,1804,6.58
SUR,1805,6.58
SUR,1806,6.58
SUR,1807,6.58
SUR,1808,6.58
SUR,1809,6.58
SUR,1810,6.58
SUR,1811,6.58
SUR,1812,6.58
SUR,1813,6.58
SUR,1814,6.58
SUR,1815,6.58
SUR,1816,6.58
SUR,1817,6.58
SUR,1818,6.58
SUR,1819,6.58
SUR,1820,6.58
SUR,1821,6.58
SUR,1822,6.58
SUR,1823,6.58
SUR,1824,6.58
SUR,1825,6.58
SUR,1826,6.58
SUR,1827,6.58
SUR,1828,6.58
SUR,1829,6.58
SUR,1830,6.58
SUR,1831,6.58
SUR,1832,6.58
SUR,1833,6.58
SUR,1834,6.58
SUR,1835,6.58
SUR,1836,6.58
SUR,1837,6.58
SUR,1838,6.58
SUR,1839,6.58
SUR,1840,6.58
SUR,1841,6.58
SUR,1842,6.58
SUR,1843,6.58
SUR,1844,6.58
SUR,1845,6.58
SUR,1846,6.58
SUR,1847,6.58
SUR,1848,6.58
SUR,1849,6.58
SUR,1850,6.58
SUR,1851,6.58
SUR,1852,6.58
SUR,1853,6.58
SUR,1854,6.58
SUR,1855,6.58
SUR,1856,6.58
SUR,1857,6.58
SUR,1858,6.58
SUR,1859,6.58
SUR,1860,6.58
SUR,1861,6.58
SUR,1862,6.58
SUR,1863,6.58
SUR,1864,6.58
SUR,1865,6.58
SUR,1866,6.58
SUR,1867,6.58
SUR,1868,6.58
SUR,1869,6.58
SUR,1870,6.58
SUR,1871,6.58
SUR,1872,6.58
SUR,1873,6.58
SUR,1874,6.58
SUR,1875,6.58
SUR,1876,6.58
SUR,1877,6.58
SUR,1878,6.58
SUR,1879,6.58
SUR,1880,6.58
SUR,1881,6.58
SUR,1882,6.58
SUR,1883,6.58
SUR,1884,6.58
SUR,1885,6.58
SUR,1886,6.58
SUR,1887,6.58
SUR,1888,6.58
SUR,1889,6.58
SUR,1890,6.58
SUR,1891,6.58
SUR,1892,6.58
SUR,1893,6.58
SUR,1894,6.58
SUR,1895,6.58
SUR,1896,6.58
SUR,1897,6.58
SUR,1898,6.58
SUR,1899,6.58
SUR,1900,6.58
SUR,1901,6.58
SUR,1902,6.58
SUR,1903,6.58
SUR,1904,6.58
SUR,1905,6.58
SUR,1906,6.58
SUR,1907,6.58
SUR,1908,6.58
SUR,1909,6.58
SUR,1910,6.58
SUR,1911,6.58
SUR,1912,6.58
SUR,1913,6.58
SUR,1914,6.58
SUR,1915,6.58
SUR,1916,6.58
SUR,1917,6.58
SUR,1918,6.58
SUR,1919,6.58
SUR,1920,6.58
SUR,1921,6.58
SUR,1922,6.58
SUR,1923,6.58
SUR,1924,6.58
SUR,1925,6.58
SUR,1926,6.58
SUR,1927,6.58
SUR,1928,6.58
SUR,1929,6.58
SUR,1930,6.58
SUR,1931,6.58
SUR,1932,6.58
SUR,1933,6.58
SUR,1934,6.58
SUR,1935,6.58
SUR,1936,6.58
SUR,1937,6.58
SUR,1938,6.58
SUR,1939,6.58
SUR,1940,6.58
SUR,1941,6.58
SUR,1942,6.58
SUR,1943,6.58
SUR,1944,6.58
SUR,1945,6.58
SUR,1946,6.58
SUR,1947,6.58
SUR,1948,6.58
SUR,1949,6.58
SUR,1950,6.58
SUR,1951,6.57
SUR,1952,6.56
SUR,1953,6.55
SUR,1954,6.55
SUR,1955,6.56
SUR,1956,6.57
SUR,1957,6.58
SUR,1958,6.6
SUR,1959,6.61
SUR,1960,6.61
SUR,1961,6.59
SUR,1962,6.56
SUR,1963,6.5
SUR,1964,6.41
SUR,1965,6.3
SUR,1966,6.18
SUR,1967,6.05
SUR,1968,5.92
SUR,1969,5.79
SUR,1970,5.65
SUR,1971,5.5
SUR,1972,5.34
SUR,1973,5.15
SUR,1974,4.95
SUR,1975,4.74
SUR,1976,4.53
SUR,1977,4.34
SUR,1978,4.18
SUR,1979,4.04
SUR,1980,3.92
SUR,1981,3.82
SUR,1982,3.71
SUR,1983,3.59
SUR,1984,3.47
SUR,1985,3.34
SUR,1986,3.2
SUR,1987,3.06
SUR,1988,2.94
SUR,1989,2.82
SUR,1990,2.73
SUR,1991,2.67
SUR,1992,2.64
SUR,1993,2.63
SUR,1994,2.65
SUR,1995,2.68
SUR,1996,2.72
SUR,1997,2.75
SUR,1998,2.76
SUR,1999,2.76
SUR,2000,2.74
SUR,2001,2.7
SUR,2002,2.66
SUR,2003,2.61
SUR,2004,2.56
SUR,2005,2.52
SUR,2006,2.48
SUR,2007,2.44
SUR,2008,2.41
SUR,2009,2.37
SUR,2010,2.35
SUR,2011,2.32
SUR,2012,2.29
SUR,2013,2.27
SUR,2014,2.24
SUR,2015,2.22
SWZ,1800,6.71
SWZ,1801,6.71
SWZ,1802,6.71
SWZ,1803,6.71
SWZ,1804,6.71
SWZ,1805,6.71
SWZ,1806,6.71
SWZ,1807,6.71
SWZ,1808,6.71
SWZ,1809,6.71
SWZ,1810,6.71
SWZ,1811,6.71
SWZ,1812,6.71
SWZ,1813,6.71
SWZ,1814,6.71
SWZ,1815,6.71
SWZ,1816,6.71
SWZ,1817,6.71
SWZ,1818,6.71
SWZ,1819,6.71
SWZ,1820,6.71
SWZ,1821,6.71
SWZ,1822,6.71
SWZ,1823,6.71
SWZ,1824,6.71
SWZ,1825,6.71
SWZ,1826,6.71
SWZ,1827,6.71
SWZ,1828,6.71
SWZ,1829,6.71
SWZ,1830,6.71
SWZ,1831,6.71
SWZ,1832,6.71
SWZ,1833,6.71
SWZ,1834,6.71
SWZ,1835,6.71
SWZ,1836,6.71
SWZ,1837,6.71
SWZ,1838,6.71
SWZ,1839,6.71
SWZ,1840,6.71
SWZ,1841,6.71
SWZ,1842,6.71
SWZ,1843,6.71
SWZ,1844,6.71
SWZ,1845,6.71
SWZ,1846,6.71
SWZ,1847,6.71
SWZ,1848,6.71
SWZ,1849,6.71
SWZ,1850,6.71
SWZ,1851,6.71
SWZ,1852,6.71
SWZ,1853,6.71
SWZ,1854,6.71
SWZ,1855,6.71
SWZ,1856,6.71
SWZ,1857,6.71
SWZ,1858,6.71
SWZ,1859,6.71
SWZ,1860,6.71
SWZ,1861,6.71
SWZ,1862,6.71
SWZ,1863,6.71
SWZ,1864,6.71
SWZ,1865,6.71
SWZ,1866,6.71
SWZ,1867,6.71
SWZ,1868,6.71
SWZ,1869,6.71
SWZ,1870,6.71
SWZ,1871,6.71
SWZ,1872,6.71
SWZ,1873,6.71
SWZ,1874,6.71
SWZ,1875,6.71
SWZ,1876,6.71
SWZ,1877,6.71
SWZ,1878,6.71
SWZ,1879,6.71
SWZ,1880,6.71
SWZ,1881,6.71
SWZ,1882,6.71
SWZ,1883,6.71
SWZ,1884,6.71
SWZ,1885,6.71
SWZ,1886,6.71
SWZ,1887,6.71
SWZ,1888,6.71
SWZ,1889,6.71
SWZ,1890,6.71
SWZ,1891,6.71
SWZ,1892,6.71
SWZ,1893,6.71
SWZ,1894,6.71
SWZ,1895,6.71
SWZ,1896,6.71
SWZ,1897,6.71
SWZ,1898,6.71
SWZ,1899,6.71
SWZ,1900,6.71
SWZ,1901,6.71
SWZ,1902,6.71
SWZ,1903,6.71
SWZ,1904,6.71
SWZ,1905,6.71
SWZ,1906,6.71
SWZ,1907,6.71
SWZ,1908,6.71
SWZ,1909,6.71
SWZ,1910,6.71
SWZ,1911,6.71
SWZ,1912,6.71
SWZ,1913,6.71
SWZ,1914,6.71
SWZ,1915,6.71
SWZ,1916,6.71
SWZ,1917,6.71
SWZ,1918,6.71
SWZ,1919,6.71
SWZ,1920,6.71
SWZ,1921,6.71
SWZ,1922,6.71
SWZ,1923,6.71
SWZ,1924,6.71
SWZ,1925,6.71
SWZ,1926,6.71
SWZ,1927,6.71
SWZ,1928,6.71
SWZ,1929,6.71
SWZ,1930,6.71
SWZ,1931,6.71
SWZ,1932,6.71
SWZ,1933,6.71
SWZ,1934,6.71
SWZ,1935,6.71
SWZ,1936,6.71
SWZ,1937,6.71
SWZ,1938,6.71
SWZ,1939,6.71
SWZ,1940,6.71
SWZ,1941,6.71
SWZ,1942,6.71
SWZ,1943,6.71
SWZ,1944,6.71
SWZ,1945,6.71
SWZ,1946,6.71
SWZ,1947,6.71
SWZ,1948,6.71
SWZ,1949,6.71
SWZ,1950,6.71
SWZ,1951,6.71
SWZ,1952,6.7
SWZ,1953,6.7
SWZ,1954,6.69
SWZ,1955,6.69
SWZ,1956,6.69
SWZ,1957,6.7
SWZ,1958,6.7
SWZ,1959,6.71
SWZ,1960,6.72
SWZ,1961,6.73
SWZ,1962,6.75
SWZ,1963,6.76
SWZ,1964,6.78
SWZ,1965,6.8
SWZ,1966,6.82
SWZ,1967,6.84
SWZ,1968,6.86
SWZ,1969,6.87
SWZ,1970,6.88
SWZ,1971,6.88
SWZ,1972,6.87
SWZ,1973,6.86
SWZ,1974,6.84
SWZ,1975,6.82
SWZ,1976,6.79
SWZ,1977,6.76
SWZ,1978,6.73
SWZ,1979,6.7
SWZ,1980,6.66
SWZ,1981,6.62
SWZ,1982,6.57
SWZ,1983,6.52
SWZ,1984,6.46
SWZ,1985,6.38
SWZ,1986,6.29
SWZ,1987,6.18
SWZ,1988,6.05
SWZ,1989,5.91
SWZ,1990,5.74
SWZ,1991,5.57
SWZ,1992,5.39
SWZ,1993,5.21
SWZ,1994,5.04
SWZ,1995,4.87
SWZ,1996,4.71
SWZ,1997,4.56
SWZ,1998,4.43
SWZ,1999,4.31
SWZ,2000,4.21
SWZ,2001,4.12
SWZ,2002,4.05
SWZ,2003,3.98
SWZ,2004,3.93
SWZ,2005,3.87
SWZ,2006,3.82
SWZ,2007,3.76
SWZ,2008,3.7
SWZ,2009,3.63
SWZ,2010,3.56
SWZ,2011,3.48
SWZ,2012,3.41
SWZ,2013,3.33
SWZ,2014,3.27
SWZ,2015,3.2
SWE,1800,4.07
SWE,1801,4.26
SWE,1802,4.5
SWE,1803,4.45
SWE,1804,4.52
SWE,1805,4.5
SWE,1806,4.36
SWE,1807,4.42
SWE,1808,4.31
SWE,1809,3.78
SWE,1810,4.67
SWE,1811,5.01
SWE,1812,4.76
SWE,1813,4.22
SWE,1814,4.42
SWE,1815,4.93
SWE,1816,5.01
SWE,1817,4.74
SWE,1818,4.8
SWE,1819,4.68
SWE,1820,4.68
SWE,1821,5.03
SWE,1822,5.09
SWE,1823,5.22
SWE,1824,4.9
SWE,1825,5.18
SWE,1826,4.94
SWE,1827,4.44
SWE,1828,4.77
SWE,1829,4.94
SWE,1830,4.67
SWE,1831,4.32
SWE,1832,4.38
SWE,1833,4.84
SWE,1834,4.78
SWE,1835,4.63
SWE,1836,4.52
SWE,1837,4.37
SWE,1838,4.17
SWE,1839,4.18
SWE,1840,4.46
SWE,1841,4.3
SWE,1842,4.49
SWE,1843,4.36
SWE,1844,4.56
SWE,1845,4.46
SWE,1846,4.25
SWE,1847,4.2
SWE,1848,4.3
SWE,1849,4.66
SWE,1850,4.45
SWE,1851,4.36
SWE,1852,4.2
SWE,1853,4.26
SWE,1854,4.53
SWE,1855,4.3
SWE,1856,4.23
SWE,1857,4.36
SWE,1858,4.66
SWE,1859,4.71
SWE,1860,4.71
SWE,1861,4.44
SWE,1862,4.59
SWE,1863,4.65
SWE,1864,4.69
SWE,1865,4.58
SWE,1866,4.68
SWE,1867,4.4
SWE,1868,3.93
SWE,1869,4.03
SWE,1870,4.11
SWE,1871,4.37
SWE,1872,4.34
SWE,1873,4.49
SWE,1874,4.54
SWE,1875,4.6
SWE,1876,4.57
SWE,1877,4.62
SWE,1878,4.44
SWE,1879,4.56
SWE,1880,4.36
SWE,1881,4.29
SWE,1882,4.32
SWE,1883,4.24
SWE,1884,4.4
SWE,1885,4.34
SWE,1886,4.39
SWE,1887,4.36
SWE,1888,4.24
SWE,1889,4.1
SWE,1890,4.15
SWE,1891,4.14
SWE,1892,3.93
SWE,1893,3.98
SWE,1894,3.94
SWE,1895,4.01
SWE,1896,3.98
SWE,1897,3.92
SWE,1898,3.99
SWE,1899,3.9
SWE,1900,4
SWE,1901,4
SWE,1902,3.91
SWE,1903,3.78
SWE,1904,3.77
SWE,1905,3.74
SWE,1906,3.73
SWE,1907,3.7
SWE,1908,3.7
SWE,1909,3.69
SWE,1910,3.55
SWE,1911,3.45
SWE,1912,3.39
SWE,1913,3.27
SWE,1914,3.2
SWE,1915,3.01
SWE,1916,2.93
SWE,1917,2.88
SWE,1918,2.78
SWE,1919,2.69
SWE,1920,3.19
SWE,1921,2.9
SWE,1922,2.63
SWE,1923,2.52
SWE,1924,2.4
SWE,1925,2.3
SWE,1926,2.18
SWE,1927,2.07
SWE,1928,2.05
SWE,1929,1.92
SWE,1930,1.93
SWE,1931,1.85
SWE,1932,1.8
SWE,1933,1.69
SWE,1934,1.68
SWE,1935,1.68
SWE,1936,1.73
SWE,1937,1.74
SWE,1938,1.8
SWE,1939,1.86
SWE,1940,1.82
SWE,1941,1.89
SWE,1942,2.16
SWE,1943,2.38
SWE,1944,2.56
SWE,1945,2.59
SWE,1946,2.55
SWE,1947,2.49
SWE,1948,2.46
SWE,1949,2.37
SWE,1950,2.28
SWE,1951,2.21
SWE,1952,2.24
SWE,1953,2.27
SWE,1954,2.2
SWE,1955,2.27
SWE,1956,2.31
SWE,1957,2.3
SWE,1958,2.28
SWE,1959,2.26
SWE,1960,2.2
SWE,1961,2.23
SWE,1962,2.26
SWE,1963,2.33
SWE,1964,2.48
SWE,1965,2.41
SWE,1966,2.36
SWE,1967,2.27
SWE,1968,2.07
SWE,1969,1.92
SWE,1970,1.92
SWE,1971,1.96
SWE,1972,1.91
SWE,1973,1.87
SWE,1974,1.88
SWE,1975,1.77
SWE,1976,1.68
SWE,1977,1.65
SWE,1978,1.6
SWE,1979,1.66
SWE,1980,1.68
SWE,1981,1.64
SWE,1982,1.63
SWE,1983,1.61
SWE,1984,1.66
SWE,1985,1.74
SWE,1986,1.8
SWE,1987,1.84
SWE,1988,1.97
SWE,1989,2.02
SWE,1990,2.14
SWE,1991,2.11
SWE,1992,2.08
SWE,1993,1.98
SWE,1994,1.88
SWE,1995,1.73
SWE,1996,1.6
SWE,1997,1.53
SWE,1998,1.52
SWE,1999,1.51
SWE,2000,1.56
SWE,2001,1.58
SWE,2002,1.67
SWE,2003,1.73
SWE,2004,1.77
SWE,2005,1.79
SWE,2006,1.87
SWE,2007,1.89
SWE,2008,1.92
SWE,2009,1.94
SWE,2010,1.99
SWE,2011,1.9
SWE,2012,1.91
SWE,2013,1.93
SWE,2014,1.93
SWE,2015,1.93
CHE,1800,4.14
CHE,1801,4.14
CHE,1802,4.14
CHE,1803,4.14
CHE,1804,4.14
CHE,1805,4.14
CHE,1806,4.14
CHE,1807,4.14
CHE,1808,4.14
CHE,1809,4.14
CHE,1810,4.14
CHE,1811,4.14
CHE,1812,4.14
CHE,1813,4.14
CHE,1814,4.14
CHE,1815,4.14
CHE,1816,4.14
CHE,1817,4.14
CHE,1818,4.14
CHE,1819,4.14
CHE,1820,4.14
CHE,1821,4.14
CHE,1822,4.14
CHE,1823,4.14
CHE,1824,4.14
CHE,1825,4.14
CHE,1826,4.14
CHE,1827,4.14
CHE,1828,4.14
CHE,1829,4.14
CHE,1830,4.14
CHE,1831,4.14
CHE,1832,4.14
CHE,1833,4.14
CHE,1834,4.14
CHE,1835,4.14
CHE,1836,4.14
CHE,1837,4.14
CHE,1838,4.14
CHE,1839,4.14
CHE,1840,4.14
CHE,1841,4.14
CHE,1842,4.14
CHE,1843,4.14
CHE,1844,4.14
CHE,1845,4.14
CHE,1846,4.14
CHE,1847,4.14
CHE,1848,4.14
CHE,1849,4.14
CHE,1850,4.14
CHE,1851,4.02
CHE,1852,3.89
CHE,1853,3.74
CHE,1854,3.65
CHE,1855,3.44
CHE,1856,3.82
CHE,1857,3.85
CHE,1858,4.05
CHE,1859,4.27
CHE,1860,4.19
CHE,1861,4.14
CHE,1862,4.18
CHE,1863,4.32
CHE,1864,4.32
CHE,1865,4.26
CHE,1866,4.33
CHE,1867,4.16
CHE,1868,4.04
CHE,1869,4.14
CHE,1870,3.99
CHE,1871,3.99
CHE,1872,3.99
CHE,1873,3.98
CHE,1874,4.07
CHE,1875,4.26
CHE,1876,4.4
CHE,1877,4.29
CHE,1878,4.19
CHE,1879,4.09
CHE,1880,3.97
CHE,1881,3.99
CHE,1882,3.87
CHE,1883,3.82
CHE,1884,3.79
CHE,1885,3.71
CHE,1886,3.73
CHE,1887,3.74
CHE,1888,3.71
CHE,1889,3.7
CHE,1890,3.56
CHE,1891,3.78
CHE,1892,3.71
CHE,1893,3.74
CHE,1894,3.66
CHE,1895,3.66
CHE,1896,3.77
CHE,1897,3.79
CHE,1898,3.82
CHE,1899,3.89
CHE,1900,3.83
CHE,1901,3.89
CHE,1902,3.82
CHE,1903,3.67
CHE,1904,3.66
CHE,1905,3.6
CHE,1906,3.6
CHE,1907,3.51
CHE,1908,3.54
CHE,1909,3.42
CHE,1910,3.1
CHE,1911,3.07
CHE,1912,3.04
CHE,1913,3.01
CHE,1914,3
CHE,1915,2.61
CHE,1916,2.53
CHE,1917,2.48
CHE,1918,2.47
CHE,1919,2.49
CHE,1920,2.34
CHE,1921,2.37
CHE,1922,2.4
CHE,1923,2.43
CHE,1924,2.36
CHE,1925,2.3
CHE,1926,2.23
CHE,1927,2.17
CHE,1928,2.1
CHE,1929,2.05
CHE,1930,1.99
CHE,1931,1.97
CHE,1932,1.94
CHE,1933,1.89
CHE,1934,1.88
CHE,1935,1.84
CHE,1936,1.8
CHE,1937,1.74
CHE,1938,1.78
CHE,1939,1.79
CHE,1940,1.82
CHE,1941,2.05
CHE,1942,2.27
CHE,1943,2.4
CHE,1944,2.5
CHE,1945,2.6
CHE,1946,2.62
CHE,1947,2.56
CHE,1948,2.54
CHE,1949,2.44
CHE,1950,2.33
CHE,1951,2.32
CHE,1952,2.3
CHE,1953,2.3
CHE,1954,2.31
CHE,1955,2.33
CHE,1956,2.36
CHE,1957,2.39
CHE,1958,2.43
CHE,1959,2.48
CHE,1960,2.52
CHE,1961,2.55
CHE,1962,2.58
CHE,1963,2.58
CHE,1964,2.56
CHE,1965,2.53
CHE,1966,2.47
CHE,1967,2.4
CHE,1968,2.31
CHE,1969,2.22
CHE,1970,2.12
CHE,1971,2.02
CHE,1972,1.92
CHE,1973,1.83
CHE,1974,1.74
CHE,1975,1.67
CHE,1976,1.61
CHE,1977,1.57
CHE,1978,1.54
CHE,1979,1.52
CHE,1980,1.51
CHE,1981,1.51
CHE,1982,1.52
CHE,1983,1.53
CHE,1984,1.54
CHE,1985,1.54
CHE,1986,1.54
CHE,1987,1.55
CHE,1988,1.55
CHE,1989,1.55
CHE,1990,1.55
CHE,1991,1.54
CHE,1992,1.54
CHE,1993,1.53
CHE,1994,1.53
CHE,1995,1.52
CHE,1996,1.5
CHE,1997,1.49
CHE,1998,1.47
CHE,1999,1.45
CHE,2000,1.44
CHE,2001,1.43
CHE,2002,1.42
CHE,2003,1.42
CHE,2004,1.42
CHE,2005,1.43
CHE,2006,1.44
CHE,2007,1.46
CHE,2008,1.47
CHE,2009,1.49
CHE,2010,1.5
CHE,2011,1.51
CHE,2012,1.52
CHE,2013,1.53
CHE,2014,1.54
CHE,2015,1.55
SYR,1800,6.85
SYR,1801,6.85
SYR,1802,6.85
SYR,1803,6.85
SYR,1804,6.85
SYR,1805,6.85
SYR,1806,6.85
SYR,1807,6.85
SYR,1808,6.85
SYR,1809,6.85
SYR,1810,6.85
SYR,1811,6.85
SYR,1812,6.85
SYR,1813,6.85
SYR,1814,6.85
SYR,1815,6.85
SYR,1816,6.85
SYR,1817,6.85
SYR,1818,6.85
SYR,1819,6.85
SYR,1820,6.85
SYR,1821,6.85
SYR,1822,6.85
SYR,1823,6.85
SYR,1824,6.85
SYR,1825,6.85
SYR,1826,6.85
SYR,1827,6.85
SYR,1828,6.85
SYR,1829,6.85
SYR,1830,6.85
SYR,1831,6.85
SYR,1832,6.85
SYR,1833,6.85
SYR,1834,6.85
SYR,1835,6.85
SYR,1836,6.85
SYR,1837,6.85
SYR,1838,6.85
SYR,1839,6.85
SYR,1840,6.85
SYR,1841,6.85
SYR,1842,6.85
SYR,1843,6.85
SYR,1844,6.85
SYR,1845,6.85
SYR,1846,6.85
SYR,1847,6.85
SYR,1848,6.85
SYR,1849,6.85
SYR,1850,6.85
SYR,1851,6.85
SYR,1852,6.85
SYR,1853,6.85
SYR,1854,6.85
SYR,1855,6.85
SYR,1856,6.85
SYR,1857,6.85
SYR,1858,6.85
SYR,1859,6.85
SYR,1860,6.85
SYR,1861,6.85
SYR,1862,6.85
SYR,1863,6.85
SYR,1864,6.85
SYR,1865,6.85
SYR,1866,6.85
SYR,1867,6.85
SYR,1868,6.85
SYR,1869,6.85
SYR,1870,6.85
SYR,1871,6.85
SYR,1872,6.85
SYR,1873,6.85
SYR,1874,6.85
SYR,1875,6.85
SYR,1876,6.85
SYR,1877,6.85
SYR,1878,6.85
SYR,1879,6.85
SYR,1880,6.85
SYR,1881,6.85
SYR,1882,6.85
SYR,1883,6.85
SYR,1884,6.85
SYR,1885,6.85
SYR,1886,6.85
SYR,1887,6.85
SYR,1888,6.85
SYR,1889,6.85
SYR,1890,6.85
SYR,1891,6.85
SYR,1892,6.85
SYR,1893,6.85
SYR,1894,6.85
SYR,1895,6.85
SYR,1896,6.85
SYR,1897,6.85
SYR,1898,6.85
SYR,1899,6.85
SYR,1900,6.85
SYR,1901,6.85
SYR,1902,6.85
SYR,1903,6.85
SYR,1904,6.85
SYR,1905,6.85
SYR,1906,6.85
SYR,1907,6.85
SYR,1908,6.85
SYR,1909,6.85
SYR,1910,6.85
SYR,1911,6.85
SYR,1912,6.85
SYR,1913,6.85
SYR,1914,6.85
SYR,1915,6.85
SYR,1916,6.85
SYR,1917,6.85
SYR,1918,6.85
SYR,1919,6.85
SYR,1920,6.85
SYR,1921,6.85
SYR,1922,6.85
SYR,1923,6.85
SYR,1924,6.85
SYR,1925,6.85
SYR,1926,6.87
SYR,1927,6.88
SYR,1928,6.89
SYR,1929,6.9
SYR,1930,6.92
SYR,1931,6.93
SYR,1932,6.94
SYR,1933,6.96
SYR,1934,6.97
SYR,1935,6.98
SYR,1936,7
SYR,1937,7.01
SYR,1938,7.02
SYR,1939,7.03
SYR,1940,7.05
SYR,1941,7.06
SYR,1942,7.07
SYR,1943,7.09
SYR,1944,7.1
SYR,1945,7.11
SYR,1946,7.12
SYR,1947,7.14
SYR,1948,7.15
SYR,1949,7.16
SYR,1950,7.18
SYR,1951,7.19
SYR,1952,7.21
SYR,1953,7.24
SYR,1954,7.27
SYR,1955,7.3
SYR,1956,7.33
SYR,1957,7.37
SYR,1958,7.4
SYR,1959,7.43
SYR,1960,7.47
SYR,1961,7.5
SYR,1962,7.52
SYR,1963,7.54
SYR,1964,7.56
SYR,1965,7.56
SYR,1966,7.57
SYR,1967,7.57
SYR,1968,7.57
SYR,1969,7.57
SYR,1970,7.57
SYR,1971,7.57
SYR,1972,7.56
SYR,1973,7.54
SYR,1974,7.51
SYR,1975,7.47
SYR,1976,7.42
SYR,1977,7.36
SYR,1978,7.29
SYR,1979,7.2
SYR,1980,7.09
SYR,1981,6.98
SYR,1982,6.84
SYR,1983,6.7
SYR,1984,6.53
SYR,1985,6.36
SYR,1986,6.17
SYR,1987,5.96
SYR,1988,5.75
SYR,1989,5.53
SYR,1990,5.31
SYR,1991,5.11
SYR,1992,4.93
SYR,1993,4.76
SYR,1994,4.62
SYR,1995,4.5
SYR,1996,4.39
SYR,1997,4.28
SYR,1998,4.18
SYR,1999,4.07
SYR,2000,3.96
SYR,2001,3.84
SYR,2002,3.72
SYR,2003,3.61
SYR,2004,3.5
SYR,2005,3.4
SYR,2006,3.31
SYR,2007,3.24
SYR,2008,3.17
SYR,2009,3.12
SYR,2010,3.08
SYR,2011,3.04
SYR,2012,3
SYR,2013,2.96
SYR,2014,2.92
SYR,2015,2.88
TWN,1800,5.83
TWN,1801,5.83
TWN,1802,5.83
TWN,1803,5.83
TWN,1804,5.83
TWN,1805,5.83
TWN,1806,5.83
TWN,1807,5.83
TWN,1808,5.83
TWN,1809,5.83
TWN,1810,5.83
TWN,1811,5.83
TWN,1812,5.83
TWN,1813,5.83
TWN,1814,5.83
TWN,1815,5.83
TWN,1816,5.83
TWN,1817,5.83
TWN,1818,5.83
TWN,1819,5.83
TWN,1820,5.83
TWN,1821,5.83
TWN,1822,5.83
TWN,1823,5.83
TWN,1824,5.83
TWN,1825,5.83
TWN,1826,5.83
TWN,1827,5.83
TWN,1828,5.83
TWN,1829,5.83
TWN,1830,5.83
TWN,1831,5.83
TWN,1832,5.83
TWN,1833,5.83
TWN,1834,5.83
TWN,1835,5.83
TWN,1836,5.83
TWN,1837,5.83
TWN,1838,5.83
TWN,1839,5.83
TWN,1840,5.83
TWN,1841,5.83
TWN,1842,5.83
TWN,1843,5.83
TWN,1844,5.83
TWN,1845,5.83
TWN,1846,5.83
TWN,1847,5.83
TWN,1848,5.83
TWN,1849,5.83
TWN,1850,5.83
TWN,1851,5.83
TWN,1852,5.83
TWN,1853,5.83
TWN,1854,5.83
TWN,1855,5.83
TWN,1856,5.83
TWN,1857,5.83
TWN,1858,5.83
TWN,1859,5.83
TWN,1860,5.83
TWN,1861,5.83
TWN,1862,5.83
TWN,1863,5.83
TWN,1864,5.83
TWN,1865,5.83
TWN,1866,5.83
TWN,1867,5.83
TWN,1868,5.83
TWN,1869,5.83
TWN,1870,5.83
TWN,1871,5.83
TWN,1872,5.83
TWN,1873,5.83
TWN,1874,5.83
TWN,1875,5.83
TWN,1876,5.82
TWN,1877,5.81
TWN,1878,5.81
TWN,1879,5.8
TWN,1880,5.79
TWN,1881,5.78
TWN,1882,5.78
TWN,1883,5.77
TWN,1884,5.76
TWN,1885,5.75
TWN,1886,5.75
TWN,1887,5.74
TWN,1888,5.73
TWN,1889,5.72
TWN,1890,5.72
TWN,1891,5.71
TWN,1892,5.7
TWN,1893,5.69
TWN,1894,5.69
TWN,1895,5.68
TWN,1896,5.67
TWN,1897,5.66
TWN,1898,5.66
TWN,1899,5.65
TWN,1900,5.64
TWN,1901,5.63
TWN,1902,5.63
TWN,1903,5.62
TWN,1904,5.61
TWN,1905,5.6
TWN,1906,5.6
TWN,1907,5.67
TWN,1908,5.54
TWN,1909,5.83
TWN,1910,5.99
TWN,1911,6.06
TWN,1912,5.99
TWN,1913,5.92
TWN,1914,6
TWN,1915,5.8
TWN,1916,5.41
TWN,1917,5.93
TWN,1918,5.76
TWN,1919,5.58
TWN,1920,5.73
TWN,1921,6.21
TWN,1922,6.06
TWN,1923,5.67
TWN,1924,6
TWN,1925,5.92
TWN,1926,6.34
TWN,1927,6.26
TWN,1928,6.34
TWN,1929,6.38
TWN,1930,6.5
TWN,1931,6.64
TWN,1932,6.38
TWN,1933,6.42
TWN,1934,6.47
TWN,1935,6.51
TWN,1936,6.31
TWN,1937,6.5
TWN,1938,6.25
TWN,1939,6.34
TWN,1940,6.24
TWN,1941,5.96
TWN,1942,5.84
TWN,1943,5.8
TWN,1944,5.74
TWN,1945,5.68
TWN,1946,5.62
TWN,1947,5.55
TWN,1948,5.8
TWN,1949,6.05
TWN,1950,6.29
TWN,1951,6.34
TWN,1952,6.38
TWN,1953,6.42
TWN,1954,6.47
TWN,1955,6.49
TWN,1956,6.51
TWN,1957,6.33
TWN,1958,6.14
TWN,1959,5.96
TWN,1960,5.77
TWN,1961,5.59
TWN,1962,5.44
TWN,1963,5.28
TWN,1964,5.13
TWN,1965,4.97
TWN,1966,4.82
TWN,1967,4.6
TWN,1968,4.38
TWN,1969,4.15
TWN,1970,3.93
TWN,1971,3.71
TWN,1972,3.59
TWN,1973,3.46
TWN,1974,3.34
TWN,1975,3.21
TWN,1976,3.09
TWN,1977,2.9
TWN,1978,2.72
TWN,1979,2.67
TWN,1980,2.52
TWN,1981,2.46
TWN,1982,2.32
TWN,1983,2.17
TWN,1984,2.06
TWN,1985,1.88
TWN,1986,1.68
TWN,1987,1.7
TWN,1988,1.86
TWN,1989,1.68
TWN,1990,1.81
TWN,1991,1.72
TWN,1992,1.73
TWN,1993,1.76
TWN,1994,1.76
TWN,1995,1.78
TWN,1996,1.76
TWN,1997,1.77
TWN,1998,1.47
TWN,1999,1.56
TWN,2000,1.68
TWN,2001,1.4
TWN,2002,1.34
TWN,2003,1.24
TWN,2004,1.18
TWN,2005,1.12
TWN,2006,1.12
TWN,2007,1.1
TWN,2008,1.05
TWN,2009,1.03
TWN,2010,0.9
TWN,2011,1.07
TWN,2012,1.27
TWN,2013,1.07
TJK,1800,5.87
TJK,1801,5.87
TJK,1802,5.87
TJK,1803,5.87
TJK,1804,5.87
TJK,1805,5.87
TJK,1806,5.87
TJK,1807,5.87
TJK,1808,5.87
TJK,1809,5.87
TJK,1810,5.87
TJK,1811,5.87
TJK,1812,5.87
TJK,1813,5.87
TJK,1814,5.87
TJK,1815,5.87
TJK,1816,5.87
TJK,1817,5.87
TJK,1818,5.87
TJK,1819,5.87
TJK,1820,5.87
TJK,1821,5.87
TJK,1822,5.87
TJK,1823,5.87
TJK,1824,5.87
TJK,1825,5.87
TJK,1826,5.87
TJK,1827,5.87
TJK,1828,5.87
TJK,1829,5.87
TJK,1830,5.87
TJK,1831,5.87
TJK,1832,5.87
TJK,1833,5.87
TJK,1834,5.87
TJK,1835,5.87
TJK,1836,5.87
TJK,1837,5.87
TJK,1838,5.87
TJK,1839,5.87
TJK,1840,5.87
TJK,1841,5.87
TJK,1842,5.87
TJK,1843,5.87
TJK,1844,5.87
TJK,1845,5.87
TJK,1846,5.87
TJK,1847,5.87
TJK,1848,5.87
TJK,1849,5.87
TJK,1850,5.87
TJK,1851,5.87
TJK,1852,5.87
TJK,1853,5.87
TJK,1854,5.87
TJK,1855,5.87
TJK,1856,5.87
TJK,1857,5.87
TJK,1858,5.87
TJK,1859,5.87
TJK,1860,5.87
TJK,1861,5.87
TJK,1862,5.87
TJK,1863,5.87
TJK,1864,5.87
TJK,1865,5.87
TJK,1866,5.87
TJK,1867,5.87
TJK,1868,5.87
TJK,1869,5.87
TJK,1870,5.87
TJK,1871,5.87
TJK,1872,5.87
TJK,1873,5.87
TJK,1874,5.87
TJK,1875,5.87
TJK,1876,5.87
TJK,1877,5.87
TJK,1878,5.87
TJK,1879,5.87
TJK,1880,5.87
TJK,1881,5.87
TJK,1882,5.87
TJK,1883,5.87
TJK,1884,5.87
TJK,1885,5.87
TJK,1886,5.87
TJK,1887,5.87
TJK,1888,5.87
TJK,1889,5.87
TJK,1890,5.87
TJK,1891,5.87
TJK,1892,5.87
TJK,1893,5.87
TJK,1894,5.87
TJK,1895,5.87
TJK,1896,5.87
TJK,1897,5.87
TJK,1898,5.87
TJK,1899,5.87
TJK,1900,5.87
TJK,1901,5.87
TJK,1902,5.87
TJK,1903,5.87
TJK,1904,5.87
TJK,1905,5.87
TJK,1906,5.87
TJK,1907,5.87
TJK,1908,5.87
TJK,1909,5.87
TJK,1910,5.87
TJK,1911,5.87
TJK,1912,5.87
TJK,1913,5.87
TJK,1914,5.87
TJK,1915,5.87
TJK,1916,5.87
TJK,1917,5.87
TJK,1918,5.87
TJK,1919,5.87
TJK,1920,5.87
TJK,1921,5.87
TJK,1922,5.87
TJK,1923,5.87
TJK,1924,5.87
TJK,1925,5.87
TJK,1926,5.87
TJK,1927,5.87
TJK,1928,5.87
TJK,1929,5.87
TJK,1930,5.87
TJK,1931,5.87
TJK,1932,5.87
TJK,1933,5.87
TJK,1934,5.87
TJK,1935,5.87
TJK,1936,5.87
TJK,1937,5.87
TJK,1938,5.87
TJK,1939,5.87
TJK,1940,5.87
TJK,1941,5.87
TJK,1942,5.87
TJK,1943,5.87
TJK,1944,5.87
TJK,1945,5.87
TJK,1946,5.87
TJK,1947,5.87
TJK,1948,5.87
TJK,1949,5.87
TJK,1950,5.87
TJK,1951,5.91
TJK,1952,5.97
TJK,1953,6.03
TJK,1954,6.08
TJK,1955,6.12
TJK,1956,6.15
TJK,1957,6.17
TJK,1958,6.19
TJK,1959,6.21
TJK,1960,6.24
TJK,1961,6.27
TJK,1962,6.31
TJK,1963,6.37
TJK,1964,6.43
TJK,1965,6.51
TJK,1966,6.6
TJK,1967,6.69
TJK,1968,6.78
TJK,1969,6.84
TJK,1970,6.88
TJK,1971,6.87
TJK,1972,6.81
TJK,1973,6.71
TJK,1974,6.57
TJK,1975,6.4
TJK,1976,6.22
TJK,1977,6.04
TJK,1978,5.89
TJK,1979,5.76
TJK,1980,5.66
TJK,1981,5.6
TJK,1982,5.56
TJK,1983,5.53
TJK,1984,5.51
TJK,1985,5.49
TJK,1986,5.45
TJK,1987,5.41
TJK,1988,5.35
TJK,1989,5.27
TJK,1990,5.18
TJK,1991,5.07
TJK,1992,4.95
TJK,1993,4.83
TJK,1994,4.71
TJK,1995,4.59
TJK,1996,4.46
TJK,1997,4.33
TJK,1998,4.2
TJK,1999,4.08
TJK,2000,3.95
TJK,2001,3.85
TJK,2002,3.76
TJK,2003,3.7
TJK,2004,3.65
TJK,2005,3.64
TJK,2006,3.64
TJK,2007,3.67
TJK,2008,3.7
TJK,2009,3.74
TJK,2010,3.78
TJK,2011,3.81
TJK,2012,3.82
TJK,2013,3.82
TJK,2014,3.79
TJK,2015,3.75
TZA,1800,6.74
TZA,1801,6.74
TZA,1802,6.74
TZA,1803,6.74
TZA,1804,6.74
TZA,1805,6.74
TZA,1806,6.74
TZA,1807,6.74
TZA,1808,6.74
TZA,1809,6.74
TZA,1810,6.74
TZA,1811,6.74
TZA,1812,6.74
TZA,1813,6.74
TZA,1814,6.74
TZA,1815,6.74
TZA,1816,6.74
TZA,1817,6.74
TZA,1818,6.74
TZA,1819,6.74
TZA,1820,6.74
TZA,1821,6.74
TZA,1822,6.74
TZA,1823,6.74
TZA,1824,6.74
TZA,1825,6.74
TZA,1826,6.74
TZA,1827,6.74
TZA,1828,6.74
TZA,1829,6.74
TZA,1830,6.74
TZA,1831,6.74
TZA,1832,6.74
TZA,1833,6.74
TZA,1834,6.74
TZA,1835,6.74
TZA,1836,6.74
TZA,1837,6.74
TZA,1838,6.74
TZA,1839,6.74
TZA,1840,6.74
TZA,1841,6.74
TZA,1842,6.74
TZA,1843,6.74
TZA,1844,6.74
TZA,1845,6.74
TZA,1846,6.74
TZA,1847,6.74
TZA,1848,6.74
TZA,1849,6.74
TZA,1850,6.74
TZA,1851,6.74
TZA,1852,6.74
TZA,1853,6.74
TZA,1854,6.74
TZA,1855,6.74
TZA,1856,6.74
TZA,1857,6.74
TZA,1858,6.74
TZA,1859,6.74
TZA,1860,6.74
TZA,1861,6.74
TZA,1862,6.74
TZA,1863,6.74
TZA,1864,6.74
TZA,1865,6.74
TZA,1866,6.74
TZA,1867,6.74
TZA,1868,6.74
TZA,1869,6.74
TZA,1870,6.74
TZA,1871,6.74
TZA,1872,6.74
TZA,1873,6.74
TZA,1874,6.74
TZA,1875,6.74
TZA,1876,6.74
TZA,1877,6.74
TZA,1878,6.74
TZA,1879,6.74
TZA,1880,6.74
TZA,1881,6.74
TZA,1882,6.74
TZA,1883,6.74
TZA,1884,6.74
TZA,1885,6.74
TZA,1886,6.74
TZA,1887,6.74
TZA,1888,6.74
TZA,1889,6.74
TZA,1890,6.74
TZA,1891,6.74
TZA,1892,6.74
TZA,1893,6.74
TZA,1894,6.74
TZA,1895,6.74
TZA,1896,6.74
TZA,1897,6.74
TZA,1898,6.74
TZA,1899,6.74
TZA,1900,6.74
TZA,1901,6.74
TZA,1902,6.74
TZA,1903,6.74
TZA,1904,6.74
TZA,1905,6.74
TZA,1906,6.74
TZA,1907,6.74
TZA,1908,6.74
TZA,1909,6.74
TZA,1910,6.74
TZA,1911,6.74
TZA,1912,6.74
TZA,1913,6.74
TZA,1914,6.74
TZA,1915,6.74
TZA,1916,6.74
TZA,1917,6.74
TZA,1918,6.74
TZA,1919,6.74
TZA,1920,6.74
TZA,1921,6.74
TZA,1922,6.74
TZA,1923,6.74
TZA,1924,6.74
TZA,1925,6.74
TZA,1926,6.74
TZA,1927,6.74
TZA,1928,6.74
TZA,1929,6.73
TZA,1930,6.73
TZA,1931,6.73
TZA,1932,6.73
TZA,1933,6.73
TZA,1934,6.73
TZA,1935,6.72
TZA,1936,6.72
TZA,1937,6.72
TZA,1938,6.72
TZA,1939,6.72
TZA,1940,6.72
TZA,1941,6.71
TZA,1942,6.71
TZA,1943,6.71
TZA,1944,6.71
TZA,1945,6.71
TZA,1946,6.71
TZA,1947,6.7
TZA,1948,6.7
TZA,1949,6.7
TZA,1950,6.7
TZA,1951,6.71
TZA,1952,6.73
TZA,1953,6.75
TZA,1954,6.77
TZA,1955,6.78
TZA,1956,6.79
TZA,1957,6.8
TZA,1958,6.8
TZA,1959,6.81
TZA,1960,6.81
TZA,1961,6.81
TZA,1962,6.8
TZA,1963,6.8
TZA,1964,6.8
TZA,1965,6.8
TZA,1966,6.8
TZA,1967,6.79
TZA,1968,6.79
TZA,1969,6.78
TZA,1970,6.77
TZA,1971,6.77
TZA,1972,6.76
TZA,1973,6.76
TZA,1974,6.76
TZA,1975,6.75
TZA,1976,6.74
TZA,1977,6.73
TZA,1978,6.71
TZA,1979,6.69
TZA,1980,6.65
TZA,1981,6.62
TZA,1982,6.58
TZA,1983,6.54
TZA,1984,6.5
TZA,1985,6.47
TZA,1986,6.42
TZA,1987,6.38
TZA,1988,6.33
TZA,1989,6.27
TZA,1990,6.21
TZA,1991,6.15
TZA,1992,6.08
TZA,1993,6.01
TZA,1994,5.95
TZA,1995,5.88
TZA,1996,5.83
TZA,1997,5.78
TZA,1998,5.74
TZA,1999,5.71
TZA,2000,5.69
TZA,2001,5.68
TZA,2002,5.67
TZA,2003,5.66
TZA,2004,5.65
TZA,2005,5.64
TZA,2006,5.62
TZA,2007,5.59
TZA,2008,5.54
TZA,2009,5.49
TZA,2010,5.43
TZA,2011,5.36
TZA,2012,5.29
TZA,2013,5.21
TZA,2014,5.14
TZA,2015,5.07
THA,1800,6.35
THA,1801,6.35
THA,1802,6.35
THA,1803,6.35
THA,1804,6.35
THA,1805,6.35
THA,1806,6.35
THA,1807,6.35
THA,1808,6.35
THA,1809,6.35
THA,1810,6.35
THA,1811,6.35
THA,1812,6.35
THA,1813,6.35
THA,1814,6.35
THA,1815,6.35
THA,1816,6.35
THA,1817,6.35
THA,1818,6.35
THA,1819,6.35
THA,1820,6.35
THA,1821,6.35
THA,1822,6.35
THA,1823,6.35
THA,1824,6.35
THA,1825,6.35
THA,1826,6.35
THA,1827,6.35
THA,1828,6.35
THA,1829,6.35
THA,1830,6.35
THA,1831,6.35
THA,1832,6.35
THA,1833,6.35
THA,1834,6.35
THA,1835,6.35
THA,1836,6.35
THA,1837,6.35
THA,1838,6.35
THA,1839,6.35
THA,1840,6.35
THA,1841,6.35
THA,1842,6.35
THA,1843,6.35
THA,1844,6.35
THA,1845,6.35
THA,1846,6.35
THA,1847,6.35
THA,1848,6.35
THA,1849,6.35
THA,1850,6.35
THA,1851,6.35
THA,1852,6.35
THA,1853,6.35
THA,1854,6.35
THA,1855,6.35
THA,1856,6.35
THA,1857,6.35
THA,1858,6.35
THA,1859,6.35
THA,1860,6.35
THA,1861,6.35
THA,1862,6.35
THA,1863,6.35
THA,1864,6.35
THA,1865,6.35
THA,1866,6.35
THA,1867,6.35
THA,1868,6.35
THA,1869,6.35
THA,1870,6.35
THA,1871,6.35
THA,1872,6.35
THA,1873,6.35
THA,1874,6.35
THA,1875,6.35
THA,1876,6.35
THA,1877,6.35
THA,1878,6.35
THA,1879,6.35
THA,1880,6.35
THA,1881,6.35
THA,1882,6.35
THA,1883,6.35
THA,1884,6.35
THA,1885,6.35
THA,1886,6.35
THA,1887,6.35
THA,1888,6.35
THA,1889,6.35
THA,1890,6.35
THA,1891,6.35
THA,1892,6.35
THA,1893,6.35
THA,1894,6.35
THA,1895,6.35
THA,1896,6.35
THA,1897,6.35
THA,1898,6.35
THA,1899,6.35
THA,1900,6.35
THA,1901,6.35
THA,1902,6.35
THA,1903,6.35
THA,1904,6.35
THA,1905,6.35
THA,1906,6.35
THA,1907,6.35
THA,1908,6.35
THA,1909,6.35
THA,1910,6.35
THA,1911,6.35
THA,1912,6.35
THA,1913,6.35
THA,1914,6.35
THA,1915,6.35
THA,1916,6.35
THA,1917,6.35
THA,1918,6.35
THA,1919,6.35
THA,1920,6.35
THA,1921,6.35
THA,1922,6.35
THA,1923,6.35
THA,1924,6.35
THA,1925,6.35
THA,1926,6.34
THA,1927,6.33
THA,1928,6.32
THA,1929,6.32
THA,1930,6.31
THA,1931,6.3
THA,1932,6.29
THA,1933,6.28
THA,1934,6.27
THA,1935,6.26
THA,1936,6.25
THA,1937,6.25
THA,1938,6.24
THA,1939,6.23
THA,1940,6.22
THA,1941,6.21
THA,1942,6.2
THA,1943,6.19
THA,1944,6.18
THA,1945,6.18
THA,1946,6.17
THA,1947,6.16
THA,1948,6.15
THA,1949,6.14
THA,1950,6.13
THA,1951,6.13
THA,1952,6.14
THA,1953,6.14
THA,1954,6.14
THA,1955,6.14
THA,1956,6.14
THA,1957,6.14
THA,1958,6.14
THA,1959,6.14
THA,1960,6.15
THA,1961,6.15
THA,1962,6.16
THA,1963,6.16
THA,1964,6.15
THA,1965,6.13
THA,1966,6.08
THA,1967,6.01
THA,1968,5.9
THA,1969,5.76
THA,1970,5.6
THA,1971,5.4
THA,1972,5.18
THA,1973,4.95
THA,1974,4.72
THA,1975,4.49
THA,1976,4.26
THA,1977,4.03
THA,1978,3.81
THA,1979,3.59
THA,1980,3.39
THA,1981,3.2
THA,1982,3.02
THA,1983,2.86
THA,1984,2.71
THA,1985,2.57
THA,1986,2.45
THA,1987,2.35
THA,1988,2.26
THA,1989,2.18
THA,1990,2.11
THA,1991,2.06
THA,1992,2
THA,1993,1.96
THA,1994,1.91
THA,1995,1.87
THA,1996,1.82
THA,1997,1.78
THA,1998,1.75
THA,1999,1.71
THA,2000,1.68
THA,2001,1.64
THA,2002,1.62
THA,2003,1.59
THA,2004,1.56
THA,2005,1.54
THA,2006,1.52
THA,2007,1.5
THA,2008,1.48
THA,2009,1.46
THA,2010,1.44
THA,2011,1.43
THA,2012,1.41
THA,2013,1.4
THA,2014,1.39
THA,2015,1.38
TLS,1800,6.52
TLS,1801,6.52
TLS,1802,6.52
TLS,1803,6.52
TLS,1804,6.52
TLS,1805,6.52
TLS,1806,6.52
TLS,1807,6.52
TLS,1808,6.52
TLS,1809,6.52
TLS,1810,6.52
TLS,1811,6.52
TLS,1812,6.52
TLS,1813,6.52
TLS,1814,6.52
TLS,1815,6.52
TLS,1816,6.52
TLS,1817,6.52
TLS,1818,6.52
TLS,1819,6.52
TLS,1820,6.52
TLS,1821,6.52
TLS,1822,6.52
TLS,1823,6.52
TLS,1824,6.52
TLS,1825,6.52
TLS,1826,6.52
TLS,1827,6.52
TLS,1828,6.52
TLS,1829,6.52
TLS,1830,6.52
TLS,1831,6.52
TLS,1832,6.52
TLS,1833,6.52
TLS,1834,6.52
TLS,1835,6.52
TLS,1836,6.52
TLS,1837,6.52
TLS,1838,6.52
TLS,1839,6.52
TLS,1840,6.52
TLS,1841,6.52
TLS,1842,6.52
TLS,1843,6.52
TLS,1844,6.52
TLS,1845,6.52
TLS,1846,6.52
TLS,1847,6.52
TLS,1848,6.52
TLS,1849,6.52
TLS,1850,6.52
TLS,1851,6.52
TLS,1852,6.52
TLS,1853,6.52
TLS,1854,6.52
TLS,1855,6.52
TLS,1856,6.52
TLS,1857,6.52
TLS,1858,6.52
TLS,1859,6.52
TLS,1860,6.52
TLS,1861,6.52
TLS,1862,6.52
TLS,1863,6.52
TLS,1864,6.52
TLS,1865,6.52
TLS,1866,6.52
TLS,1867,6.52
TLS,1868,6.52
TLS,1869,6.52
TLS,1870,6.52
TLS,1871,6.52
TLS,1872,6.52
TLS,1873,6.52
TLS,1874,6.52
TLS,1875,6.52
TLS,1876,6.52
TLS,1877,6.52
TLS,1878,6.52
TLS,1879,6.52
TLS,1880,6.52
TLS,1881,6.52
TLS,1882,6.52
TLS,1883,6.52
TLS,1884,6.52
TLS,1885,6.52
TLS,1886,6.52
TLS,1887,6.52
TLS,1888,6.52
TLS,1889,6.52
TLS,1890,6.52
TLS,1891,6.52
TLS,1892,6.52
TLS,1893,6.52
TLS,1894,6.52
TLS,1895,6.52
TLS,1896,6.52
TLS,1897,6.52
TLS,1898,6.52
TLS,1899,6.52
TLS,1900,6.52
TLS,1901,6.52
TLS,1902,6.52
TLS,1903,6.52
TLS,1904,6.52
TLS,1905,6.52
TLS,1906,6.52
TLS,1907,6.52
TLS,1908,6.52
TLS,1909,6.52
TLS,1910,6.52
TLS,1911,6.52
TLS,1912,6.52
TLS,1913,6.52
TLS,1914,6.52
TLS,1915,6.52
TLS,1916,6.52
TLS,1917,6.52
TLS,1918,6.52
TLS,1919,6.52
TLS,1920,6.52
TLS,1921,6.52
TLS,1922,6.52
TLS,1923,6.52
TLS,1924,6.52
TLS,1925,6.52
TLS,1926,6.52
TLS,1927,6.52
TLS,1928,6.52
TLS,1929,6.52
TLS,1930,6.52
TLS,1931,6.52
TLS,1932,6.52
TLS,1933,6.52
TLS,1934,6.52
TLS,1935,6.52
TLS,1936,6.52
TLS,1937,6.51
TLS,1938,6.51
TLS,1939,6.51
TLS,1940,6.51
TLS,1941,6.51
TLS,1942,6.51
TLS,1943,6.51
TLS,1944,6.51
TLS,1945,6.51
TLS,1946,6.51
TLS,1947,6.51
TLS,1948,6.51
TLS,1949,6.51
TLS,1950,6.51
TLS,1951,6.49
TLS,1952,6.45
TLS,1953,6.42
TLS,1954,6.4
TLS,1955,6.38
TLS,1956,6.37
TLS,1957,6.36
TLS,1958,6.37
TLS,1959,6.37
TLS,1960,6.37
TLS,1961,6.38
TLS,1962,6.38
TLS,1963,6.37
TLS,1964,6.35
TLS,1965,6.31
TLS,1966,6.27
TLS,1967,6.21
TLS,1968,6.13
TLS,1969,6.04
TLS,1970,5.92
TLS,1971,5.75
TLS,1972,5.54
TLS,1973,5.3
TLS,1974,5.04
TLS,1975,4.79
TLS,1976,4.61
TLS,1977,4.51
TLS,1978,4.51
TLS,1979,4.61
TLS,1980,4.77
TLS,1981,4.96
TLS,1982,5.13
TLS,1983,5.26
TLS,1984,5.32
TLS,1985,5.34
TLS,1986,5.31
TLS,1987,5.27
TLS,1988,5.26
TLS,1989,5.27
TLS,1990,5.34
TLS,1991,5.47
TLS,1992,5.65
TLS,1993,5.87
TLS,1994,6.13
TLS,1995,6.38
TLS,1996,6.63
TLS,1997,6.83
TLS,1998,6.99
TLS,1999,7.08
TLS,2000,7.11
TLS,2001,7.09
TLS,2002,7.04
TLS,2003,6.97
TLS,2004,6.88
TLS,2005,6.79
TLS,2006,6.7
TLS,2007,6.59
TLS,2008,6.48
TLS,2009,6.36
TLS,2010,6.24
TLS,2011,6.11
TLS,2012,5.98
TLS,2013,5.86
TLS,2014,5.73
TLS,2015,5.6
TGO,1800,6.34
TGO,1801,6.34
TGO,1802,6.34
TGO,1803,6.34
TGO,1804,6.34
TGO,1805,6.34
TGO,1806,6.34
TGO,1807,6.34
TGO,1808,6.34
TGO,1809,6.34
TGO,1810,6.34
TGO,1811,6.34
TGO,1812,6.34
TGO,1813,6.34
TGO,1814,6.34
TGO,1815,6.34
TGO,1816,6.34
TGO,1817,6.34
TGO,1818,6.34
TGO,1819,6.34
TGO,1820,6.34
TGO,1821,6.34
TGO,1822,6.34
TGO,1823,6.34
TGO,1824,6.34
TGO,1825,6.34
TGO,1826,6.34
TGO,1827,6.34
TGO,1828,6.34
TGO,1829,6.34
TGO,1830,6.34
TGO,1831,6.34
TGO,1832,6.34
TGO,1833,6.34
TGO,1834,6.34
TGO,1835,6.34
TGO,1836,6.34
TGO,1837,6.34
TGO,1838,6.34
TGO,1839,6.34
TGO,1840,6.34
TGO,1841,6.34
TGO,1842,6.34
TGO,1843,6.34
TGO,1844,6.34
TGO,1845,6.34
TGO,1846,6.34
TGO,1847,6.34
TGO,1848,6.34
TGO,1849,6.34
TGO,1850,6.34
TGO,1851,6.34
TGO,1852,6.34
TGO,1853,6.34
TGO,1854,6.34
TGO,1855,6.34
TGO,1856,6.34
TGO,1857,6.34
TGO,1858,6.34
TGO,1859,6.34
TGO,1860,6.34
TGO,1861,6.34
TGO,1862,6.34
TGO,1863,6.34
TGO,1864,6.34
TGO,1865,6.34
TGO,1866,6.34
TGO,1867,6.34
TGO,1868,6.34
TGO,1869,6.34
TGO,1870,6.34
TGO,1871,6.34
TGO,1872,6.34
TGO,1873,6.34
TGO,1874,6.34
TGO,1875,6.34
TGO,1876,6.34
TGO,1877,6.34
TGO,1878,6.34
TGO,1879,6.34
TGO,1880,6.34
TGO,1881,6.34
TGO,1882,6.34
TGO,1883,6.34
TGO,1884,6.34
TGO,1885,6.34
TGO,1886,6.34
TGO,1887,6.34
TGO,1888,6.34
TGO,1889,6.34
TGO,1890,6.34
TGO,1891,6.34
TGO,1892,6.34
TGO,1893,6.34
TGO,1894,6.34
TGO,1895,6.34
TGO,1896,6.34
TGO,1897,6.34
TGO,1898,6.34
TGO,1899,6.34
TGO,1900,6.34
TGO,1901,6.34
TGO,1902,6.34
TGO,1903,6.34
TGO,1904,6.34
TGO,1905,6.34
TGO,1906,6.34
TGO,1907,6.34
TGO,1908,6.34
TGO,1909,6.34
TGO,1910,6.34
TGO,1911,6.34
TGO,1912,6.34
TGO,1913,6.34
TGO,1914,6.34
TGO,1915,6.34
TGO,1916,6.34
TGO,1917,6.34
TGO,1918,6.34
TGO,1919,6.34
TGO,1920,6.34
TGO,1921,6.34
TGO,1922,6.34
TGO,1923,6.34
TGO,1924,6.34
TGO,1925,6.34
TGO,1926,6.34
TGO,1927,6.34
TGO,1928,6.34
TGO,1929,6.34
TGO,1930,6.34
TGO,1931,6.34
TGO,1932,6.34
TGO,1933,6.34
TGO,1934,6.34
TGO,1935,6.34
TGO,1936,6.34
TGO,1937,6.34
TGO,1938,6.34
TGO,1939,6.34
TGO,1940,6.34
TGO,1941,6.34
TGO,1942,6.34
TGO,1943,6.34
TGO,1944,6.34
TGO,1945,6.34
TGO,1946,6.34
TGO,1947,6.34
TGO,1948,6.34
TGO,1949,6.34
TGO,1950,6.34
TGO,1951,6.33
TGO,1952,6.33
TGO,1953,6.33
TGO,1954,6.34
TGO,1955,6.36
TGO,1956,6.38
TGO,1957,6.4
TGO,1958,6.44
TGO,1959,6.48
TGO,1960,6.52
TGO,1961,6.57
TGO,1962,6.62
TGO,1963,6.68
TGO,1964,6.73
TGO,1965,6.79
TGO,1966,6.85
TGO,1967,6.91
TGO,1968,6.97
TGO,1969,7.03
TGO,1970,7.08
TGO,1971,7.14
TGO,1972,7.18
TGO,1973,7.22
TGO,1974,7.25
TGO,1975,7.28
TGO,1976,7.29
TGO,1977,7.28
TGO,1978,7.27
TGO,1979,7.24
TGO,1980,7.21
TGO,1981,7.16
TGO,1982,7.1
TGO,1983,7.03
TGO,1984,6.96
TGO,1985,6.87
TGO,1986,6.78
TGO,1987,6.68
TGO,1988,6.57
TGO,1989,6.45
TGO,1990,6.33
TGO,1991,6.21
TGO,1992,6.08
TGO,1993,5.96
TGO,1994,5.84
TGO,1995,5.73
TGO,1996,5.62
TGO,1997,5.52
TGO,1998,5.44
TGO,1999,5.36
TGO,2000,5.29
TGO,2001,5.22
TGO,2002,5.17
TGO,2003,5.11
TGO,2004,5.06
TGO,2005,5.01
TGO,2006,4.96
TGO,2007,4.92
TGO,2008,4.88
TGO,2009,4.84
TGO,2010,4.79
TGO,2011,4.75
TGO,2012,4.7
TGO,2013,4.64
TGO,2014,4.58
TGO,2015,4.51
TON,1800,6.51
TON,1801,6.51
TON,1802,6.51
TON,1803,6.51
TON,1804,6.51
TON,1805,6.51
TON,1806,6.51
TON,1807,6.51
TON,1808,6.51
TON,1809,6.51
TON,1810,6.51
TON,1811,6.51
TON,1812,6.51
TON,1813,6.51
TON,1814,6.51
TON,1815,6.51
TON,1816,6.51
TON,1817,6.51
TON,1818,6.51
TON,1819,6.51
TON,1820,6.51
TON,1821,6.51
TON,1822,6.51
TON,1823,6.51
TON,1824,6.51
TON,1825,6.51
TON,1826,6.51
TON,1827,6.51
TON,1828,6.51
TON,1829,6.51
TON,1830,6.51
TON,1831,6.51
TON,1832,6.51
TON,1833,6.51
TON,1834,6.51
TON,1835,6.51
TON,1836,6.51
TON,1837,6.51
TON,1838,6.51
TON,1839,6.51
TON,1840,6.51
TON,1841,6.51
TON,1842,6.51
TON,1843,6.51
TON,1844,6.51
TON,1845,6.51
TON,1846,6.51
TON,1847,6.51
TON,1848,6.51
TON,1849,6.51
TON,1850,6.51
TON,1851,6.51
TON,1852,6.51
TON,1853,6.51
TON,1854,6.51
TON,1855,6.51
TON,1856,6.51
TON,1857,6.51
TON,1858,6.51
TON,1859,6.51
TON,1860,6.51
TON,1861,6.51
TON,1862,6.51
TON,1863,6.51
TON,1864,6.51
TON,1865,6.51
TON,1866,6.51
TON,1867,6.51
TON,1868,6.51
TON,1869,6.51
TON,1870,6.51
TON,1871,6.51
TON,1872,6.51
TON,1873,6.51
TON,1874,6.51
TON,1875,6.51
TON,1876,6.51
TON,1877,6.51
TON,1878,6.51
TON,1879,6.51
TON,1880,6.51
TON,1881,6.51
TON,1882,6.51
TON,1883,6.51
TON,1884,6.51
TON,1885,6.51
TON,1886,6.51
TON,1887,6.51
TON,1888,6.51
TON,1889,6.51
TON,1890,6.51
TON,1891,6.51
TON,1892,6.51
TON,1893,6.51
TON,1894,6.51
TON,1895,6.51
TON,1896,6.51
TON,1897,6.51
TON,1898,6.51
TON,1899,6.51
TON,1900,6.51
TON,1901,6.51
TON,1902,6.51
TON,1903,6.51
TON,1904,6.51
TON,1905,6.51
TON,1906,6.51
TON,1907,6.51
TON,1908,6.51
TON,1909,6.51
TON,1910,6.51
TON,1911,6.51
TON,1912,6.51
TON,1913,6.51
TON,1914,6.51
TON,1915,6.51
TON,1916,6.51
TON,1917,6.51
TON,1918,6.51
TON,1919,6.51
TON,1920,6.51
TON,1921,6.51
TON,1922,6.51
TON,1923,6.51
TON,1924,6.51
TON,1925,6.51
TON,1926,6.54
TON,1927,6.57
TON,1928,6.6
TON,1929,6.64
TON,1930,6.67
TON,1931,6.7
TON,1932,6.74
TON,1933,6.77
TON,1934,6.8
TON,1935,6.83
TON,1936,6.87
TON,1937,6.9
TON,1938,6.93
TON,1939,6.97
TON,1940,7
TON,1941,7.03
TON,1942,7.06
TON,1943,7.1
TON,1944,7.13
TON,1945,7.16
TON,1946,7.2
TON,1947,7.23
TON,1948,7.26
TON,1949,7.29
TON,1950,7.33
TON,1951,7.32
TON,1952,7.3
TON,1953,7.29
TON,1954,7.29
TON,1955,7.29
TON,1956,7.31
TON,1957,7.33
TON,1958,7.35
TON,1959,7.36
TON,1960,7.36
TON,1961,7.35
TON,1962,7.3
TON,1963,7.23
TON,1964,7.12
TON,1965,6.97
TON,1966,6.8
TON,1967,6.59
TON,1968,6.37
TON,1969,6.15
TON,1970,5.94
TON,1971,5.76
TON,1972,5.62
TON,1973,5.51
TON,1974,5.45
TON,1975,5.43
TON,1976,5.44
TON,1977,5.47
TON,1978,5.51
TON,1979,5.54
TON,1980,5.55
TON,1981,5.53
TON,1982,5.48
TON,1983,5.39
TON,1984,5.27
TON,1985,5.13
TON,1986,4.99
TON,1987,4.86
TON,1988,4.76
TON,1989,4.69
TON,1990,4.64
TON,1991,4.61
TON,1992,4.58
TON,1993,4.55
TON,1994,4.5
TON,1995,4.45
TON,1996,4.39
TON,1997,4.34
TON,1998,4.3
TON,1999,4.27
TON,2000,4.25
TON,2001,4.24
TON,2002,4.22
TON,2003,4.2
TON,2004,4.18
TON,2005,4.14
TON,2006,4.1
TON,2007,4.06
TON,2008,4.01
TON,2009,3.96
TON,2010,3.91
TON,2011,3.86
TON,2012,3.82
TON,2013,3.77
TON,2014,3.72
TON,2015,3.68
TTO,1800,4.44
TTO,1801,4.44
TTO,1802,4.44
TTO,1803,4.44
TTO,1804,4.44
TTO,1805,4.44
TTO,1806,4.44
TTO,1807,4.44
TTO,1808,4.44
TTO,1809,4.44
TTO,1810,4.44
TTO,1811,4.44
TTO,1812,4.44
TTO,1813,4.44
TTO,1814,4.44
TTO,1815,4.45
TTO,1816,4.46
TTO,1817,4.46
TTO,1818,4.47
TTO,1819,4.48
TTO,1820,4.49
TTO,1821,4.49
TTO,1822,4.5
TTO,1823,4.51
TTO,1824,4.52
TTO,1825,4.52
TTO,1826,4.53
TTO,1827,4.54
TTO,1828,4.55
TTO,1829,4.55
TTO,1830,4.56
TTO,1831,4.57
TTO,1832,4.58
TTO,1833,4.58
TTO,1834,4.59
TTO,1835,4.6
TTO,1836,4.61
TTO,1837,4.61
TTO,1838,4.62
TTO,1839,4.63
TTO,1840,4.64
TTO,1841,4.64
TTO,1842,4.65
TTO,1843,4.66
TTO,1844,4.67
TTO,1845,4.67
TTO,1846,4.68
TTO,1847,4.69
TTO,1848,4.7
TTO,1849,4.7
TTO,1850,4.71
TTO,1851,4.72
TTO,1852,4.73
TTO,1853,4.73
TTO,1854,4.74
TTO,1855,4.75
TTO,1856,4.76
TTO,1857,4.76
TTO,1858,4.77
TTO,1859,4.78
TTO,1860,4.79
TTO,1861,4.79
TTO,1862,4.8
TTO,1863,4.81
TTO,1864,4.82
TTO,1865,4.82
TTO,1866,4.83
TTO,1867,4.84
TTO,1868,4.85
TTO,1869,4.85
TTO,1870,4.86
TTO,1871,4.87
TTO,1872,4.88
TTO,1873,4.88
TTO,1874,4.89
TTO,1875,4.9
TTO,1876,4.91
TTO,1877,4.91
TTO,1878,4.92
TTO,1879,4.93
TTO,1880,4.94
TTO,1881,4.94
TTO,1882,4.95
TTO,1883,4.96
TTO,1884,4.89
TTO,1885,4.82
TTO,1886,4.72
TTO,1887,4.61
TTO,1888,4.5
TTO,1889,4.4
TTO,1890,4.29
TTO,1891,4.36
TTO,1892,4.43
TTO,1893,4.5
TTO,1894,4.57
TTO,1895,4.64
TTO,1896,4.69
TTO,1897,4.74
TTO,1898,4.8
TTO,1899,4.85
TTO,1900,4.9
TTO,1901,4.91
TTO,1902,4.92
TTO,1903,4.92
TTO,1904,4.93
TTO,1905,4.93
TTO,1906,4.81
TTO,1907,4.69
TTO,1908,4.57
TTO,1909,4.45
TTO,1910,4.33
TTO,1911,4.33
TTO,1912,4.33
TTO,1913,4.33
TTO,1914,4.34
TTO,1915,4.34
TTO,1916,4.34
TTO,1917,4.26
TTO,1918,4.19
TTO,1919,4.11
TTO,1920,4.03
TTO,1921,4.11
TTO,1922,4.19
TTO,1923,4.27
TTO,1924,4.36
TTO,1925,4.44
TTO,1926,4.36
TTO,1927,4.28
TTO,1928,4.2
TTO,1929,4.12
TTO,1930,4.04
TTO,1931,3.96
TTO,1932,3.89
TTO,1933,4.06
TTO,1934,4.23
TTO,1935,4.41
TTO,1936,4.31
TTO,1937,4.21
TTO,1938,4.36
TTO,1939,4.5
TTO,1940,4.65
TTO,1941,4.78
TTO,1942,4.91
TTO,1943,5.04
TTO,1944,5.16
TTO,1945,5.29
TTO,1946,5.29
TTO,1947,5.29
TTO,1948,5.28
TTO,1949,5.28
TTO,1950,5.28
TTO,1951,5.28
TTO,1952,5.29
TTO,1953,5.31
TTO,1954,5.32
TTO,1955,5.33
TTO,1956,5.34
TTO,1957,5.34
TTO,1958,5.34
TTO,1959,5.32
TTO,1960,5.26
TTO,1961,5.18
TTO,1962,5.05
TTO,1963,4.87
TTO,1964,4.66
TTO,1965,4.43
TTO,1966,4.2
TTO,1967,3.99
TTO,1968,3.8
TTO,1969,3.66
TTO,1970,3.55
TTO,1971,3.48
TTO,1972,3.43
TTO,1973,3.39
TTO,1974,3.35
TTO,1975,3.31
TTO,1976,3.29
TTO,1977,3.27
TTO,1978,3.27
TTO,1979,3.28
TTO,1980,3.28
TTO,1981,3.28
TTO,1982,3.26
TTO,1983,3.22
TTO,1984,3.15
TTO,1985,3.06
TTO,1986,2.95
TTO,1987,2.83
TTO,1988,2.7
TTO,1989,2.57
TTO,1990,2.45
TTO,1991,2.34
TTO,1992,2.23
TTO,1993,2.13
TTO,1994,2.04
TTO,1995,1.96
TTO,1996,1.9
TTO,1997,1.84
TTO,1998,1.8
TTO,1999,1.77
TTO,2000,1.75
TTO,2001,1.74
TTO,2002,1.74
TTO,2003,1.75
TTO,2004,1.76
TTO,2005,1.77
TTO,2006,1.78
TTO,2007,1.79
TTO,2008,1.8
TTO,2009,1.8
TTO,2010,1.8
TTO,2011,1.8
TTO,2012,1.8
TTO,2013,1.8
TTO,2014,1.8
TTO,2015,1.79
TUN,1800,6.4
TUN,1801,6.4
TUN,1802,6.4
TUN,1803,6.4
TUN,1804,6.4
TUN,1805,6.4
TUN,1806,6.4
TUN,1807,6.4
TUN,1808,6.4
TUN,1809,6.4
TUN,1810,6.4
TUN,1811,6.4
TUN,1812,6.4
TUN,1813,6.4
TUN,1814,6.4
TUN,1815,6.4
TUN,1816,6.4
TUN,1817,6.4
TUN,1818,6.4
TUN,1819,6.4
TUN,1820,6.4
TUN,1821,6.4
TUN,1822,6.4
TUN,1823,6.4
TUN,1824,6.4
TUN,1825,6.4
TUN,1826,6.4
TUN,1827,6.4
TUN,1828,6.4
TUN,1829,6.4
TUN,1830,6.4
TUN,1831,6.4
TUN,1832,6.4
TUN,1833,6.4
TUN,1834,6.4
TUN,1835,6.4
TUN,1836,6.4
TUN,1837,6.4
TUN,1838,6.4
TUN,1839,6.4
TUN,1840,6.4
TUN,1841,6.4
TUN,1842,6.4
TUN,1843,6.4
TUN,1844,6.4
TUN,1845,6.4
TUN,1846,6.4
TUN,1847,6.4
TUN,1848,6.4
TUN,1849,6.4
TUN,1850,6.4
TUN,1851,6.4
TUN,1852,6.4
TUN,1853,6.4
TUN,1854,6.4
TUN,1855,6.4
TUN,1856,6.4
TUN,1857,6.4
TUN,1858,6.4
TUN,1859,6.4
TUN,1860,6.4
TUN,1861,6.4
TUN,1862,6.4
TUN,1863,6.4
TUN,1864,6.4
TUN,1865,6.4
TUN,1866,6.4
TUN,1867,6.4
TUN,1868,6.4
TUN,1869,6.4
TUN,1870,6.4
TUN,1871,6.4
TUN,1872,6.4
TUN,1873,6.4
TUN,1874,6.4
TUN,1875,6.4
TUN,1876,6.4
TUN,1877,6.4
TUN,1878,6.4
TUN,1879,6.4
TUN,1880,6.4
TUN,1881,6.4
TUN,1882,6.4
TUN,1883,6.4
TUN,1884,6.4
TUN,1885,6.4
TUN,1886,6.4
TUN,1887,6.4
TUN,1888,6.4
TUN,1889,6.4
TUN,1890,6.4
TUN,1891,6.4
TUN,1892,6.4
TUN,1893,6.4
TUN,1894,6.4
TUN,1895,6.4
TUN,1896,6.4
TUN,1897,6.4
TUN,1898,6.4
TUN,1899,6.4
TUN,1900,6.4
TUN,1901,6.4
TUN,1902,6.4
TUN,1903,6.4
TUN,1904,6.4
TUN,1905,6.4
TUN,1906,6.4
TUN,1907,6.4
TUN,1908,6.4
TUN,1909,6.4
TUN,1910,6.4
TUN,1911,6.4
TUN,1912,6.4
TUN,1913,6.4
TUN,1914,6.4
TUN,1915,6.4
TUN,1916,6.4
TUN,1917,6.4
TUN,1918,6.4
TUN,1919,6.4
TUN,1920,6.4
TUN,1921,6.4
TUN,1922,6.4
TUN,1923,6.4
TUN,1924,6.4
TUN,1925,6.4
TUN,1926,6.4
TUN,1927,6.4
TUN,1928,6.4
TUN,1929,6.4
TUN,1930,6.4
TUN,1931,6.38
TUN,1932,6.35
TUN,1933,6.33
TUN,1934,6.3
TUN,1935,6.28
TUN,1936,6.25
TUN,1937,6.23
TUN,1938,6.2
TUN,1939,6.18
TUN,1940,6.15
TUN,1941,6.13
TUN,1942,6.1
TUN,1943,6.08
TUN,1944,6.05
TUN,1945,6.03
TUN,1946,6
TUN,1947,5.48
TUN,1948,4.93
TUN,1949,5.84
TUN,1950,6.74
TUN,1951,6.74
TUN,1952,6.73
TUN,1953,6.74
TUN,1954,6.75
TUN,1955,6.78
TUN,1956,6.82
TUN,1957,6.87
TUN,1958,6.93
TUN,1959,6.99
TUN,1960,7.04
TUN,1961,7.09
TUN,1962,7.12
TUN,1963,7.13
TUN,1964,7.11
TUN,1965,7.06
TUN,1966,6.98
TUN,1967,6.87
TUN,1968,6.74
TUN,1969,6.59
TUN,1970,6.44
TUN,1971,6.29
TUN,1972,6.16
TUN,1973,6.05
TUN,1974,5.95
TUN,1975,5.87
TUN,1976,5.79
TUN,1977,5.71
TUN,1978,5.61
TUN,1979,5.49
TUN,1980,5.35
TUN,1981,5.19
TUN,1982,5.02
TUN,1983,4.83
TUN,1984,4.65
TUN,1985,4.45
TUN,1986,4.27
TUN,1987,4.08
TUN,1988,3.89
TUN,1989,3.71
TUN,1990,3.54
TUN,1991,3.36
TUN,1992,3.19
TUN,1993,3.01
TUN,1994,2.84
TUN,1995,2.68
TUN,1996,2.52
TUN,1997,2.39
TUN,1998,2.28
TUN,1999,2.18
TUN,2000,2.11
TUN,2001,2.07
TUN,2002,2.04
TUN,2003,2.03
TUN,2004,2.02
TUN,2005,2.03
TUN,2006,2.03
TUN,2007,2.04
TUN,2008,2.04
TUN,2009,2.05
TUN,2010,2.04
TUN,2011,2.04
TUN,2012,2.02
TUN,2013,2.01
TUN,2014,1.99
TUN,2015,1.97
TUR,1800,6.92
TUR,1801,6.92
TUR,1802,6.92
TUR,1803,6.92
TUR,1804,6.92
TUR,1805,6.92
TUR,1806,6.92
TUR,1807,6.92
TUR,1808,6.92
TUR,1809,6.92
TUR,1810,6.92
TUR,1811,6.92
TUR,1812,6.92
TUR,1813,6.92
TUR,1814,6.92
TUR,1815,6.92
TUR,1816,6.92
TUR,1817,6.92
TUR,1818,6.92
TUR,1819,6.92
TUR,1820,6.92
TUR,1821,6.92
TUR,1822,6.92
TUR,1823,6.92
TUR,1824,6.92
TUR,1825,6.92
TUR,1826,6.92
TUR,1827,6.92
TUR,1828,6.92
TUR,1829,6.92
TUR,1830,6.92
TUR,1831,6.92
TUR,1832,6.92
TUR,1833,6.92
TUR,1834,6.92
TUR,1835,6.92
TUR,1836,6.92
TUR,1837,6.92
TUR,1838,6.92
TUR,1839,6.92
TUR,1840,6.92
TUR,1841,6.92
TUR,1842,6.92
TUR,1843,6.92
TUR,1844,6.92
TUR,1845,6.92
TUR,1846,6.92
TUR,1847,6.92
TUR,1848,6.92
TUR,1849,6.92
TUR,1850,6.92
TUR,1851,6.92
TUR,1852,6.92
TUR,1853,6.92
TUR,1854,6.92
TUR,1855,6.92
TUR,1856,6.92
TUR,1857,6.92
TUR,1858,6.92
TUR,1859,6.92
TUR,1860,6.92
TUR,1861,6.92
TUR,1862,6.92
TUR,1863,6.92
TUR,1864,6.92
TUR,1865,6.92
TUR,1866,6.92
TUR,1867,6.92
TUR,1868,6.92
TUR,1869,6.92
TUR,1870,6.92
TUR,1871,6.92
TUR,1872,6.92
TUR,1873,6.92
TUR,1874,6.92
TUR,1875,6.92
TUR,1876,6.92
TUR,1877,6.92
TUR,1878,6.92
TUR,1879,6.92
TUR,1880,6.92
TUR,1881,6.92
TUR,1882,6.92
TUR,1883,6.92
TUR,1884,6.92
TUR,1885,6.92
TUR,1886,6.92
TUR,1887,6.92
TUR,1888,6.92
TUR,1889,6.92
TUR,1890,6.92
TUR,1891,6.92
TUR,1892,6.92
TUR,1893,6.92
TUR,1894,6.92
TUR,1895,6.92
TUR,1896,6.92
TUR,1897,6.92
TUR,1898,6.92
TUR,1899,6.92
TUR,1900,6.92
TUR,1901,6.91
TUR,1902,6.91
TUR,1903,6.9
TUR,1904,6.9
TUR,1905,6.89
TUR,1906,6.89
TUR,1907,6.88
TUR,1908,6.87
TUR,1909,6.87
TUR,1910,6.86
TUR,1911,6.86
TUR,1912,6.85
TUR,1913,6.84
TUR,1914,6.84
TUR,1915,6.83
TUR,1916,6.83
TUR,1917,6.82
TUR,1918,6.82
TUR,1919,6.81
TUR,1920,6.8
TUR,1921,6.8
TUR,1922,6.79
TUR,1923,6.79
TUR,1924,6.78
TUR,1925,6.78
TUR,1926,6.77
TUR,1927,6.76
TUR,1928,6.76
TUR,1929,6.75
TUR,1930,6.75
TUR,1931,6.74
TUR,1932,6.73
TUR,1933,6.73
TUR,1934,6.72
TUR,1935,6.72
TUR,1936,6.71
TUR,1937,6.71
TUR,1938,6.7
TUR,1939,6.68
TUR,1940,6.66
TUR,1941,6.64
TUR,1942,6.62
TUR,1943,6.6
TUR,1944,6.66
TUR,1945,6.72
TUR,1946,6.78
TUR,1947,6.84
TUR,1948,6.9
TUR,1949,6.79
TUR,1950,6.67
TUR,1951,6.66
TUR,1952,6.64
TUR,1953,6.61
TUR,1954,6.58
TUR,1955,6.54
TUR,1956,6.5
TUR,1957,6.46
TUR,1958,6.41
TUR,1959,6.36
TUR,1960,6.3
TUR,1961,6.24
TUR,1962,6.18
TUR,1963,6.1
TUR,1964,6.03
TUR,1965,5.95
TUR,1966,5.87
TUR,1967,5.8
TUR,1968,5.72
TUR,1969,5.64
TUR,1970,5.56
TUR,1971,5.48
TUR,1972,5.38
TUR,1973,5.26
TUR,1974,5.14
TUR,1975,5.01
TUR,1976,4.87
TUR,1977,4.74
TUR,1978,4.61
TUR,1979,4.48
TUR,1980,4.36
TUR,1981,4.24
TUR,1982,4.11
TUR,1983,3.98
TUR,1984,3.84
TUR,1985,3.7
TUR,1986,3.56
TUR,1987,3.43
TUR,1988,3.3
TUR,1989,3.18
TUR,1990,3.08
TUR,1991,2.99
TUR,1992,2.91
TUR,1993,2.84
TUR,1994,2.77
TUR,1995,2.72
TUR,1996,2.66
TUR,1997,2.61
TUR,1998,2.56
TUR,1999,2.51
TUR,2000,2.45
TUR,2001,2.4
TUR,2002,2.36
TUR,2003,2.31
TUR,2004,2.27
TUR,2005,2.23
TUR,2006,2.2
TUR,2007,2.17
TUR,2008,2.15
TUR,2009,2.12
TUR,2010,2.1
TUR,2011,2.08
TUR,2012,2.06
TUR,2013,2.04
TUR,2014,2.02
TUR,2015,2
TKM,1800,6.22
TKM,1801,6.22
TKM,1802,6.22
TKM,1803,6.22
TKM,1804,6.22
TKM,1805,6.22
TKM,1806,6.22
TKM,1807,6.22
TKM,1808,6.22
TKM,1809,6.22
TKM,1810,6.22
TKM,1811,6.22
TKM,1812,6.22
TKM,1813,6.22
TKM,1814,6.22
TKM,1815,6.22
TKM,1816,6.22
TKM,1817,6.22
TKM,1818,6.22
TKM,1819,6.22
TKM,1820,6.22
TKM,1821,6.22
TKM,1822,6.22
TKM,1823,6.22
TKM,1824,6.22
TKM,1825,6.22
TKM,1826,6.22
TKM,1827,6.22
TKM,1828,6.22
TKM,1829,6.22
TKM,1830,6.22
TKM,1831,6.22
TKM,1832,6.22
TKM,1833,6.22
TKM,1834,6.22
TKM,1835,6.22
TKM,1836,6.22
TKM,1837,6.22
TKM,1838,6.22
TKM,1839,6.22
TKM,1840,6.22
TKM,1841,6.22
TKM,1842,6.22
TKM,1843,6.22
TKM,1844,6.22
TKM,1845,6.22
TKM,1846,6.22
TKM,1847,6.22
TKM,1848,6.22
TKM,1849,6.22
TKM,1850,6.22
TKM,1851,6.22
TKM,1852,6.22
TKM,1853,6.22
TKM,1854,6.22
TKM,1855,6.22
TKM,1856,6.22
TKM,1857,6.22
TKM,1858,6.22
TKM,1859,6.22
TKM,1860,6.22
TKM,1861,6.22
TKM,1862,6.22
TKM,1863,6.22
TKM,1864,6.22
TKM,1865,6.22
TKM,1866,6.22
TKM,1867,6.22
TKM,1868,6.22
TKM,1869,6.22
TKM,1870,6.22
TKM,1871,6.22
TKM,1872,6.22
TKM,1873,6.22
TKM,1874,6.22
TKM,1875,6.22
TKM,1876,6.22
TKM,1877,6.22
TKM,1878,6.22
TKM,1879,6.22
TKM,1880,6.22
TKM,1881,6.22
TKM,1882,6.22
TKM,1883,6.22
TKM,1884,6.22
TKM,1885,6.22
TKM,1886,6.22
TKM,1887,6.22
TKM,1888,6.22
TKM,1889,6.22
TKM,1890,6.22
TKM,1891,6.22
TKM,1892,6.22
TKM,1893,6.22
TKM,1894,6.22
TKM,1895,6.22
TKM,1896,6.22
TKM,1897,6.22
TKM,1898,6.22
TKM,1899,6.22
TKM,1900,6.22
TKM,1901,6.22
TKM,1902,6.22
TKM,1903,6.22
TKM,1904,6.22
TKM,1905,6.22
TKM,1906,6.22
TKM,1907,6.22
TKM,1908,6.22
TKM,1909,6.22
TKM,1910,6.22
TKM,1911,6.22
TKM,1912,6.22
TKM,1913,6.22
TKM,1914,6.22
TKM,1915,6.22
TKM,1916,6.22
TKM,1917,6.22
TKM,1918,6.22
TKM,1919,6.22
TKM,1920,6.22
TKM,1921,6.22
TKM,1922,6.22
TKM,1923,6.22
TKM,1924,6.22
TKM,1925,6.22
TKM,1926,6.22
TKM,1927,6.22
TKM,1928,6.22
TKM,1929,6.22
TKM,1930,6.22
TKM,1931,6.22
TKM,1932,6.22
TKM,1933,6.22
TKM,1934,6.22
TKM,1935,6.22
TKM,1936,6.22
TKM,1937,6.22
TKM,1938,6.22
TKM,1939,6.22
TKM,1940,6.22
TKM,1941,6.22
TKM,1942,6.22
TKM,1943,6.22
TKM,1944,6.22
TKM,1945,6.22
TKM,1946,6.22
TKM,1947,6.22
TKM,1948,6.22
TKM,1949,6.22
TKM,1950,6.22
TKM,1951,6.14
TKM,1952,6
TKM,1953,5.91
TKM,1954,5.87
TKM,1955,5.88
TKM,1956,5.93
TKM,1957,6.02
TKM,1958,6.14
TKM,1959,6.28
TKM,1960,6.42
TKM,1961,6.54
TKM,1962,6.63
TKM,1963,6.67
TKM,1964,6.66
TKM,1965,6.62
TKM,1966,6.55
TKM,1967,6.47
TKM,1968,6.4
TKM,1969,6.35
TKM,1970,6.3
TKM,1971,6.25
TKM,1972,6.18
TKM,1973,6.07
TKM,1974,5.94
TKM,1975,5.78
TKM,1976,5.61
TKM,1977,5.44
TKM,1978,5.28
TKM,1979,5.14
TKM,1980,5.01
TKM,1981,4.92
TKM,1982,4.84
TKM,1983,4.77
TKM,1984,4.72
TKM,1985,4.67
TKM,1986,4.62
TKM,1987,4.57
TKM,1988,4.51
TKM,1989,4.44
TKM,1990,4.35
TKM,1991,4.22
TKM,1992,4.07
TKM,1993,3.9
TKM,1994,3.71
TKM,1995,3.51
TKM,1996,3.33
TKM,1997,3.16
TKM,1998,3.02
TKM,1999,2.91
TKM,2000,2.84
TKM,2001,2.78
TKM,2002,2.74
TKM,2003,2.7
TKM,2004,2.66
TKM,2005,2.62
TKM,2006,2.57
TKM,2007,2.52
TKM,2008,2.48
TKM,2009,2.45
TKM,2010,2.41
TKM,2011,2.38
TKM,2012,2.35
TKM,2013,2.33
TKM,2014,2.3
TKM,2015,2.27
UGA,1800,6.89
UGA,1801,6.89
UGA,1802,6.89
UGA,1803,6.89
UGA,1804,6.89
UGA,1805,6.89
UGA,1806,6.89
UGA,1807,6.89
UGA,1808,6.89
UGA,1809,6.89
UGA,1810,6.89
UGA,1811,6.89
UGA,1812,6.89
UGA,1813,6.89
UGA,1814,6.89
UGA,1815,6.89
UGA,1816,6.89
UGA,1817,6.89
UGA,1818,6.89
UGA,1819,6.89
UGA,1820,6.89
UGA,1821,6.89
UGA,1822,6.89
UGA,1823,6.89
UGA,1824,6.89
UGA,1825,6.89
UGA,1826,6.89
UGA,1827,6.89
UGA,1828,6.89
UGA,1829,6.89
UGA,1830,6.89
UGA,1831,6.89
UGA,1832,6.89
UGA,1833,6.89
UGA,1834,6.89
UGA,1835,6.89
UGA,1836,6.89
UGA,1837,6.89
UGA,1838,6.89
UGA,1839,6.89
UGA,1840,6.89
UGA,1841,6.89
UGA,1842,6.89
UGA,1843,6.89
UGA,1844,6.89
UGA,1845,6.89
UGA,1846,6.89
UGA,1847,6.89
UGA,1848,6.89
UGA,1849,6.89
UGA,1850,6.89
UGA,1851,6.89
UGA,1852,6.89
UGA,1853,6.89
UGA,1854,6.89
UGA,1855,6.89
UGA,1856,6.89
UGA,1857,6.89
UGA,1858,6.89
UGA,1859,6.89
UGA,1860,6.89
UGA,1861,6.89
UGA,1862,6.89
UGA,1863,6.89
UGA,1864,6.89
UGA,1865,6.89
UGA,1866,6.89
UGA,1867,6.89
UGA,1868,6.89
UGA,1869,6.89
UGA,1870,6.89
UGA,1871,6.89
UGA,1872,6.89
UGA,1873,6.89
UGA,1874,6.89
UGA,1875,6.89
UGA,1876,6.89
UGA,1877,6.89
UGA,1878,6.89
UGA,1879,6.89
UGA,1880,6.89
UGA,1881,6.89
UGA,1882,6.89
UGA,1883,6.89
UGA,1884,6.89
UGA,1885,6.89
UGA,1886,6.89
UGA,1887,6.89
UGA,1888,6.89
UGA,1889,6.89
UGA,1890,6.89
UGA,1891,6.89
UGA,1892,6.89
UGA,1893,6.89
UGA,1894,6.89
UGA,1895,6.89
UGA,1896,6.89
UGA,1897,6.89
UGA,1898,6.89
UGA,1899,6.89
UGA,1900,6.89
UGA,1901,6.89
UGA,1902,6.89
UGA,1903,6.89
UGA,1904,6.89
UGA,1905,6.89
UGA,1906,6.89
UGA,1907,6.89
UGA,1908,6.89
UGA,1909,6.89
UGA,1910,6.89
UGA,1911,6.89
UGA,1912,6.89
UGA,1913,6.89
UGA,1914,6.89
UGA,1915,6.89
UGA,1916,6.89
UGA,1917,6.89
UGA,1918,6.89
UGA,1919,6.89
UGA,1920,6.89
UGA,1921,6.89
UGA,1922,6.89
UGA,1923,6.89
UGA,1924,6.89
UGA,1925,6.89
UGA,1926,6.89
UGA,1927,6.89
UGA,1928,6.89
UGA,1929,6.89
UGA,1930,6.89
UGA,1931,6.89
UGA,1932,6.89
UGA,1933,6.89
UGA,1934,6.89
UGA,1935,6.89
UGA,1936,6.89
UGA,1937,6.89
UGA,1938,6.89
UGA,1939,6.89
UGA,1940,6.89
UGA,1941,6.89
UGA,1942,6.89
UGA,1943,6.89
UGA,1944,6.89
UGA,1945,6.89
UGA,1946,6.89
UGA,1947,6.89
UGA,1948,6.89
UGA,1949,6.89
UGA,1950,6.89
UGA,1951,6.89
UGA,1952,6.9
UGA,1953,6.9
UGA,1954,6.91
UGA,1955,6.92
UGA,1956,6.93
UGA,1957,6.94
UGA,1958,6.96
UGA,1959,6.98
UGA,1960,7
UGA,1961,7.02
UGA,1962,7.04
UGA,1963,7.06
UGA,1964,7.08
UGA,1965,7.09
UGA,1966,7.11
UGA,1967,7.11
UGA,1968,7.12
UGA,1969,7.12
UGA,1970,7.12
UGA,1971,7.11
UGA,1972,7.11
UGA,1973,7.1
UGA,1974,7.1
UGA,1975,7.1
UGA,1976,7.1
UGA,1977,7.1
UGA,1978,7.1
UGA,1979,7.1
UGA,1980,7.1
UGA,1981,7.1
UGA,1982,7.1
UGA,1983,7.1
UGA,1984,7.1
UGA,1985,7.1
UGA,1986,7.1
UGA,1987,7.1
UGA,1988,7.1
UGA,1989,7.1
UGA,1990,7.09
UGA,1991,7.08
UGA,1992,7.07
UGA,1993,7.06
UGA,1994,7.04
UGA,1995,7.02
UGA,1996,6.99
UGA,1997,6.97
UGA,1998,6.94
UGA,1999,6.9
UGA,2000,6.87
UGA,2001,6.82
UGA,2002,6.77
UGA,2003,6.72
UGA,2004,6.65
UGA,2005,6.58
UGA,2006,6.51
UGA,2007,6.43
UGA,2008,6.34
UGA,2009,6.25
UGA,2010,6.16
UGA,2011,6.06
UGA,2012,5.96
UGA,2013,5.87
UGA,2014,5.77
UGA,2015,5.67
UKR,1800,7.5
UKR,1801,7.5
UKR,1802,7.5
UKR,1803,7.5
UKR,1804,7.5
UKR,1805,7.5
UKR,1806,7.5
UKR,1807,7.5
UKR,1808,7.5
UKR,1809,7.5
UKR,1810,7.5
UKR,1811,7.5
UKR,1812,7.5
UKR,1813,7.5
UKR,1814,7.5
UKR,1815,7.5
UKR,1816,7.5
UKR,1817,7.5
UKR,1818,7.5
UKR,1819,7.5
UKR,1820,7.5
UKR,1821,7.5
UKR,1822,7.5
UKR,1823,7.5
UKR,1824,7.5
UKR,1825,7.5
UKR,1826,7.5
UKR,1827,7.5
UKR,1828,7.5
UKR,1829,7.5
UKR,1830,7.5
UKR,1831,7.5
UKR,1832,7.5
UKR,1833,7.5
UKR,1834,7.5
UKR,1835,7.5
UKR,1836,7.5
UKR,1837,7.5
UKR,1838,7.5
UKR,1839,7.5
UKR,1840,7.5
UKR,1841,7.5
UKR,1842,7.5
UKR,1843,7.5
UKR,1844,7.5
UKR,1845,7.5
UKR,1846,7.5
UKR,1847,7.5
UKR,1848,7.5
UKR,1849,7.5
UKR,1850,7.5
UKR,1851,7.5
UKR,1852,7.5
UKR,1853,7.5
UKR,1854,7.5
UKR,1855,7.5
UKR,1856,7.5
UKR,1857,7.5
UKR,1858,7.5
UKR,1859,7.5
UKR,1860,7.5
UKR,1861,7.5
UKR,1862,7.5
UKR,1863,7.5
UKR,1864,7.5
UKR,1865,7.5
UKR,1866,7.5
UKR,1867,7.5
UKR,1868,7.5
UKR,1869,7.5
UKR,1870,7.5
UKR,1871,7.5
UKR,1872,7.5
UKR,1873,7.5
UKR,1874,7.5
UKR,1875,7.5
UKR,1876,7.5
UKR,1877,7.5
UKR,1878,7.5
UKR,1879,7.5
UKR,1880,7.5
UKR,1881,7.46
UKR,1882,7.43
UKR,1883,7.39
UKR,1884,7.36
UKR,1885,7.32
UKR,1886,7.29
UKR,1887,7.25
UKR,1888,7.21
UKR,1889,7.18
UKR,1890,7.14
UKR,1891,7.11
UKR,1892,7.07
UKR,1893,7.03
UKR,1894,7
UKR,1895,6.96
UKR,1896,6.93
UKR,1897,6.89
UKR,1898,6.83
UKR,1899,6.76
UKR,1900,6.69
UKR,1901,6.63
UKR,1902,6.56
UKR,1903,6.5
UKR,1904,6.43
UKR,1905,6.36
UKR,1906,6.3
UKR,1907,6.23
UKR,1908,6.17
UKR,1909,6.1
UKR,1910,6.03
UKR,1911,5.97
UKR,1912,5.9
UKR,1913,5.83
UKR,1914,5.77
UKR,1915,5.7
UKR,1916,5.64
UKR,1917,5.57
UKR,1918,5.5
UKR,1919,5.44
UKR,1920,5.37
UKR,1921,5.31
UKR,1922,5.24
UKR,1923,5.17
UKR,1924,5.11
UKR,1925,5.04
UKR,1926,4.98
UKR,1927,4.84
UKR,1928,4.71
UKR,1929,4.58
UKR,1930,4.45
UKR,1931,4.31
UKR,1932,4.18
UKR,1933,4.05
UKR,1934,3.92
UKR,1935,3.78
UKR,1936,3.65
UKR,1937,3.52
UKR,1938,3.39
UKR,1939,3.25
UKR,1940,3.12
UKR,1941,3.08
UKR,1942,3.04
UKR,1943,3
UKR,1944,2.96
UKR,1945,2.92
UKR,1946,2.88
UKR,1947,2.84
UKR,1948,2.8
UKR,1949,2.76
UKR,1950,2.72
UKR,1951,2.75
UKR,1952,2.81
UKR,1953,2.85
UKR,1954,2.85
UKR,1955,2.83
UKR,1956,2.79
UKR,1957,2.72
UKR,1958,2.63
UKR,1959,2.53
UKR,1960,2.42
UKR,1961,2.31
UKR,1962,2.21
UKR,1963,2.13
UKR,1964,2.07
UKR,1965,2.03
UKR,1966,2.02
UKR,1967,2.01
UKR,1968,2.02
UKR,1969,2.03
UKR,1970,2.05
UKR,1971,2.06
UKR,1972,2.06
UKR,1973,2.06
UKR,1974,2.05
UKR,1975,2.03
UKR,1976,2.01
UKR,1977,2
UKR,1978,1.99
UKR,1979,1.98
UKR,1980,1.98
UKR,1981,1.99
UKR,1982,2.01
UKR,1983,2.03
UKR,1984,2.04
UKR,1985,2.05
UKR,1986,2.05
UKR,1987,2.03
UKR,1988,1.99
UKR,1989,1.94
UKR,1990,1.87
UKR,1991,1.79
UKR,1992,1.69
UKR,1993,1.6
UKR,1994,1.5
UKR,1995,1.41
UKR,1996,1.33
UKR,1997,1.26
UKR,1998,1.2
UKR,1999,1.16
UKR,2000,1.14
UKR,2001,1.14
UKR,2002,1.15
UKR,2003,1.18
UKR,2004,1.21
UKR,2005,1.26
UKR,2006,1.3
UKR,2007,1.35
UKR,2008,1.38
UKR,2009,1.41
UKR,2010,1.44
UKR,2011,1.45
UKR,2012,1.46
UKR,2013,1.47
UKR,2014,1.48
UKR,2015,1.49
ARE,1800,6.94
ARE,1801,6.94
ARE,1802,6.94
ARE,1803,6.94
ARE,1804,6.94
ARE,1805,6.94
ARE,1806,6.94
ARE,1807,6.94
ARE,1808,6.94
ARE,1809,6.94
ARE,1810,6.94
ARE,1811,6.94
ARE,1812,6.94
ARE,1813,6.94
ARE,1814,6.94
ARE,1815,6.94
ARE,1816,6.94
ARE,1817,6.94
ARE,1818,6.94
ARE,1819,6.94
ARE,1820,6.94
ARE,1821,6.94
ARE,1822,6.94
ARE,1823,6.94
ARE,1824,6.94
ARE,1825,6.94
ARE,1826,6.94
ARE,1827,6.94
ARE,1828,6.94
ARE,1829,6.94
ARE,1830,6.94
ARE,1831,6.94
ARE,1832,6.94
ARE,1833,6.94
ARE,1834,6.94
ARE,1835,6.94
ARE,1836,6.94
ARE,1837,6.94
ARE,1838,6.94
ARE,1839,6.94
ARE,1840,6.94
ARE,1841,6.94
ARE,1842,6.94
ARE,1843,6.94
ARE,1844,6.94
ARE,1845,6.94
ARE,1846,6.94
ARE,1847,6.94
ARE,1848,6.94
ARE,1849,6.94
ARE,1850,6.94
ARE,1851,6.94
ARE,1852,6.94
ARE,1853,6.94
ARE,1854,6.94
ARE,1855,6.94
ARE,1856,6.94
ARE,1857,6.94
ARE,1858,6.94
ARE,1859,6.94
ARE,1860,6.94
ARE,1861,6.94
ARE,1862,6.94
ARE,1863,6.94
ARE,1864,6.94
ARE,1865,6.94
ARE,1866,6.94
ARE,1867,6.94
ARE,1868,6.94
ARE,1869,6.94
ARE,1870,6.94
ARE,1871,6.94
ARE,1872,6.94
ARE,1873,6.94
ARE,1874,6.94
ARE,1875,6.94
ARE,1876,6.94
ARE,1877,6.94
ARE,1878,6.94
ARE,1879,6.94
ARE,1880,6.94
ARE,1881,6.94
ARE,1882,6.94
ARE,1883,6.94
ARE,1884,6.94
ARE,1885,6.94
ARE,1886,6.94
ARE,1887,6.94
ARE,1888,6.94
ARE,1889,6.94
ARE,1890,6.94
ARE,1891,6.94
ARE,1892,6.94
ARE,1893,6.94
ARE,1894,6.94
ARE,1895,6.94
ARE,1896,6.94
ARE,1897,6.94
ARE,1898,6.94
ARE,1899,6.94
ARE,1900,6.94
ARE,1901,6.94
ARE,1902,6.94
ARE,1903,6.94
ARE,1904,6.94
ARE,1905,6.94
ARE,1906,6.94
ARE,1907,6.94
ARE,1908,6.94
ARE,1909,6.94
ARE,1910,6.94
ARE,1911,6.94
ARE,1912,6.94
ARE,1913,6.94
ARE,1914,6.94
ARE,1915,6.94
ARE,1916,6.94
ARE,1917,6.94
ARE,1918,6.94
ARE,1919,6.94
ARE,1920,6.94
ARE,1921,6.94
ARE,1922,6.94
ARE,1923,6.94
ARE,1924,6.94
ARE,1925,6.94
ARE,1926,6.94
ARE,1927,6.94
ARE,1928,6.94
ARE,1929,6.94
ARE,1930,6.94
ARE,1931,6.94
ARE,1932,6.94
ARE,1933,6.94
ARE,1934,6.94
ARE,1935,6.94
ARE,1936,6.94
ARE,1937,6.94
ARE,1938,6.94
ARE,1939,6.94
ARE,1940,6.94
ARE,1941,6.94
ARE,1942,6.94
ARE,1943,6.94
ARE,1944,6.94
ARE,1945,6.94
ARE,1946,6.94
ARE,1947,6.94
ARE,1948,6.94
ARE,1949,6.94
ARE,1950,6.94
ARE,1951,6.95
ARE,1952,6.97
ARE,1953,6.98
ARE,1954,6.99
ARE,1955,6.99
ARE,1956,6.98
ARE,1957,6.98
ARE,1958,6.96
ARE,1959,6.95
ARE,1960,6.93
ARE,1961,6.91
ARE,1962,6.89
ARE,1963,6.88
ARE,1964,6.86
ARE,1965,6.84
ARE,1966,6.82
ARE,1967,6.78
ARE,1968,6.74
ARE,1969,6.68
ARE,1970,6.61
ARE,1971,6.51
ARE,1972,6.4
ARE,1973,6.28
ARE,1974,6.15
ARE,1975,6.01
ARE,1976,5.87
ARE,1977,5.74
ARE,1978,5.62
ARE,1979,5.52
ARE,1980,5.42
ARE,1981,5.34
ARE,1982,5.27
ARE,1983,5.21
ARE,1984,5.14
ARE,1985,5.07
ARE,1986,4.97
ARE,1987,4.86
ARE,1988,4.72
ARE,1989,4.57
ARE,1990,4.39
ARE,1991,4.19
ARE,1992,3.99
ARE,1993,3.78
ARE,1994,3.58
ARE,1995,3.39
ARE,1996,3.22
ARE,1997,3.05
ARE,1998,2.9
ARE,1999,2.77
ARE,2000,2.64
ARE,2001,2.53
ARE,2002,2.43
ARE,2003,2.33
ARE,2004,2.24
ARE,2005,2.15
ARE,2006,2.07
ARE,2007,2
ARE,2008,1.95
ARE,2009,1.9
ARE,2010,1.87
ARE,2011,1.84
ARE,2012,1.82
ARE,2013,1.8
ARE,2014,1.78
ARE,2015,1.77
GBR,1800,4.97
GBR,1801,4.6
GBR,1802,5.3
GBR,1803,5.61
GBR,1804,5.65
GBR,1805,5.55
GBR,1806,5.49
GBR,1807,5.45
GBR,1808,5.4
GBR,1809,5.24
GBR,1810,5.36
GBR,1811,5.43
GBR,1812,5.31
GBR,1813,5.45
GBR,1814,5.46
GBR,1815,6.02
GBR,1816,5.73
GBR,1817,5.69
GBR,1818,5.54
GBR,1819,5.45
GBR,1820,5.4
GBR,1821,5.55
GBR,1822,5.69
GBR,1823,5.54
GBR,1824,5.42
GBR,1825,5.38
GBR,1826,5.36
GBR,1827,5.07
GBR,1828,5.23
GBR,1829,4.85
GBR,1830,4.83
GBR,1831,4.78
GBR,1832,4.78
GBR,1833,5
GBR,1834,4.89
GBR,1835,4.83
GBR,1836,4.86
GBR,1837,4.79
GBR,1838,4.78
GBR,1839,4.93
GBR,1840,4.9
GBR,1841,4.89
GBR,1842,4.83
GBR,1843,4.82
GBR,1844,4.83
GBR,1845,4.75
GBR,1846,4.9
GBR,1847,4.58
GBR,1848,4.71
GBR,1849,4.78
GBR,1850,4.85
GBR,1851,4.94
GBR,1852,4.94
GBR,1853,4.78
GBR,1854,4.89
GBR,1855,4.85
GBR,1856,4.94
GBR,1857,4.9
GBR,1858,4.79
GBR,1859,4.97
GBR,1860,4.86
GBR,1861,4.88
GBR,1862,4.92
GBR,1863,4.94
GBR,1864,4.96
GBR,1865,4.94
GBR,1866,4.92
GBR,1867,4.94
GBR,1868,4.97
GBR,1869,4.82
GBR,1870,4.88
GBR,1871,4.85
GBR,1872,4.89
GBR,1873,4.94
GBR,1874,4.93
GBR,1875,4.92
GBR,1876,4.9
GBR,1877,4.89
GBR,1878,4.88
GBR,1879,4.81
GBR,1880,4.75
GBR,1881,4.68
GBR,1882,4.62
GBR,1883,4.55
GBR,1884,4.47
GBR,1885,4.39
GBR,1886,4.32
GBR,1887,4.24
GBR,1888,4.16
GBR,1889,4.11
GBR,1890,4.06
GBR,1891,4
GBR,1892,3.95
GBR,1893,3.9
GBR,1894,3.84
GBR,1895,3.79
GBR,1896,3.73
GBR,1897,3.68
GBR,1898,3.62
GBR,1899,3.58
GBR,1900,3.53
GBR,1901,3.49
GBR,1902,3.44
GBR,1903,3.4
GBR,1904,3.35
GBR,1905,3.3
GBR,1906,3.24
GBR,1907,3.19
GBR,1908,3.14
GBR,1909,3.07
GBR,1910,2.99
GBR,1911,2.92
GBR,1912,2.9
GBR,1913,2.93
GBR,1914,2.88
GBR,1915,2.59
GBR,1916,2.6
GBR,1917,2.1
GBR,1918,2.03
GBR,1919,2.31
GBR,1920,3.08
GBR,1921,2.69
GBR,1922,2.44
GBR,1923,2.38
GBR,1924,2.28
GBR,1925,2.2
GBR,1926,2.15
GBR,1927,2.01
GBR,1928,2.01
GBR,1929,1.95
GBR,1930,1.95
GBR,1931,1.89
GBR,1932,1.83
GBR,1933,1.72
GBR,1934,1.76
GBR,1935,1.75
GBR,1936,1.77
GBR,1937,1.79
GBR,1938,1.84
GBR,1939,1.84
GBR,1940,1.74
GBR,1941,1.72
GBR,1942,1.93
GBR,1943,2.03
GBR,1944,2.25
GBR,1945,2.05
GBR,1946,2.47
GBR,1947,2.7
GBR,1948,2.39
GBR,1949,2.26
GBR,1950,2.08
GBR,1951,2.1
GBR,1952,2.15
GBR,1953,2.2
GBR,1954,2.26
GBR,1955,2.33
GBR,1956,2.4
GBR,1957,2.48
GBR,1958,2.55
GBR,1959,2.63
GBR,1960,2.69
GBR,1961,2.75
GBR,1962,2.79
GBR,1963,2.8
GBR,1964,2.79
GBR,1965,2.76
GBR,1966,2.7
GBR,1967,2.61
GBR,1968,2.52
GBR,1969,2.41
GBR,1970,2.29
GBR,1971,2.18
GBR,1972,2.07
GBR,1973,1.98
GBR,1974,1.89
GBR,1975,1.83
GBR,1976,1.78
GBR,1977,1.74
GBR,1978,1.73
GBR,1979,1.72
GBR,1980,1.73
GBR,1981,1.74
GBR,1982,1.76
GBR,1983,1.78
GBR,1984,1.8
GBR,1985,1.81
GBR,1986,1.82
GBR,1987,1.83
GBR,1988,1.83
GBR,1989,1.82
GBR,1990,1.81
GBR,1991,1.8
GBR,1992,1.79
GBR,1993,1.78
GBR,1994,1.77
GBR,1995,1.76
GBR,1996,1.74
GBR,1997,1.73
GBR,1998,1.71
GBR,1999,1.69
GBR,2000,1.68
GBR,2001,1.67
GBR,2002,1.67
GBR,2003,1.69
GBR,2004,1.72
GBR,2005,1.76
GBR,2006,1.8
GBR,2007,1.84
GBR,2008,1.87
GBR,2009,1.89
GBR,2010,1.9
GBR,2011,1.9
GBR,2012,1.9
GBR,2013,1.89
GBR,2014,1.89
GBR,2015,1.89
USA,1800,7.03
USA,1801,7.01
USA,1802,6.99
USA,1803,6.96
USA,1804,6.94
USA,1805,6.92
USA,1806,6.9
USA,1807,6.87
USA,1808,6.85
USA,1809,6.83
USA,1810,6.81
USA,1811,6.79
USA,1812,6.76
USA,1813,6.74
USA,1814,6.72
USA,1815,6.7
USA,1816,6.67
USA,1817,6.65
USA,1818,6.63
USA,1819,6.61
USA,1820,6.59
USA,1821,6.57
USA,1822,6.54
USA,1823,6.52
USA,1824,6.5
USA,1825,6.48
USA,1826,6.46
USA,1827,6.44
USA,1828,6.42
USA,1829,6.4
USA,1830,6.38
USA,1831,6.36
USA,1832,6.34
USA,1833,6.32
USA,1834,6.3
USA,1835,6.28
USA,1836,6.26
USA,1837,6.24
USA,1838,6.22
USA,1839,6.2
USA,1840,6.18
USA,1841,6.14
USA,1842,6.09
USA,1843,6.05
USA,1844,6
USA,1845,5.96
USA,1846,5.91
USA,1847,5.87
USA,1848,5.82
USA,1849,5.78
USA,1850,5.73
USA,1851,5.69
USA,1852,5.64
USA,1853,5.6
USA,1854,5.55
USA,1855,5.51
USA,1856,5.46
USA,1857,5.42
USA,1858,5.37
USA,1859,5.33
USA,1860,5.28
USA,1861,5.26
USA,1862,5.23
USA,1863,5.2
USA,1864,5.18
USA,1865,5.15
USA,1866,5.12
USA,1867,5.1
USA,1868,5.07
USA,1869,5.04
USA,1870,5.02
USA,1871,4.99
USA,1872,4.96
USA,1873,4.94
USA,1874,4.91
USA,1875,4.88
USA,1876,4.86
USA,1877,4.83
USA,1878,4.8
USA,1879,4.77
USA,1880,4.75
USA,1881,4.7
USA,1882,4.66
USA,1883,4.61
USA,1884,4.57
USA,1885,4.52
USA,1886,4.48
USA,1887,4.43
USA,1888,4.39
USA,1889,4.35
USA,1890,4.3
USA,1891,4.26
USA,1892,4.21
USA,1893,4.17
USA,1894,4.12
USA,1895,4.08
USA,1896,4.03
USA,1897,3.99
USA,1898,3.94
USA,1899,3.9
USA,1900,3.85
USA,1901,3.85
USA,1902,3.84
USA,1903,3.83
USA,1904,3.79
USA,1905,3.75
USA,1906,3.71
USA,1907,3.67
USA,1908,3.63
USA,1909,3.58
USA,1910,3.59
USA,1911,3.57
USA,1912,3.56
USA,1913,3.45
USA,1914,3.57
USA,1915,3.52
USA,1916,3.47
USA,1917,3.33
USA,1918,3.31
USA,1919,3.07
USA,1920,3.26
USA,1921,3.33
USA,1922,3.11
USA,1923,3.1
USA,1924,3.12
USA,1925,3.01
USA,1926,2.9
USA,1927,2.82
USA,1928,2.66
USA,1929,2.53
USA,1930,2.53
USA,1931,2.4
USA,1932,2.32
USA,1933,2.01
USA,1934,2.07
USA,1935,2.04
USA,1936,2.01
USA,1937,2.04
USA,1938,2.09
USA,1939,2.05
USA,1940,2.11
USA,1941,2.23
USA,1942,2.47
USA,1943,2.57
USA,1944,2.44
USA,1945,2.38
USA,1946,2.83
USA,1947,3.16
USA,1948,3.01
USA,1949,3.02
USA,1950,3.02
USA,1951,3.2
USA,1952,3.3
USA,1953,3.37
USA,1954,3.49
USA,1955,3.54
USA,1956,3.65
USA,1957,3.74
USA,1958,3.69
USA,1959,3.69
USA,1960,3.67
USA,1961,3.63
USA,1962,3.48
USA,1963,3.35
USA,1964,3.22
USA,1965,2.93
USA,1966,2.71
USA,1967,2.56
USA,1968,2.47
USA,1969,2.46
USA,1970,2.46
USA,1971,2.27
USA,1972,2.01
USA,1973,1.87
USA,1974,1.83
USA,1975,1.77
USA,1976,1.74
USA,1977,1.78
USA,1978,1.75
USA,1979,1.8
USA,1980,1.82
USA,1981,1.81
USA,1982,1.81
USA,1983,1.78
USA,1984,1.79
USA,1985,1.84
USA,1986,1.84
USA,1987,1.87
USA,1988,1.92
USA,1989,2
USA,1990,2.07
USA,1991,2.06
USA,1992,2.04
USA,1993,2.02
USA,1994,2
USA,1995,1.98
USA,1996,1.98
USA,1997,1.97
USA,1998,2
USA,1999,2.01
USA,2000,2.05
USA,2001,2.03
USA,2002,2.02
USA,2003,2.05
USA,2004,2.06
USA,2005,2.06
USA,2006,2.11
USA,2007,2.12
USA,2008,2.07
USA,2009,2
USA,2010,1.93
USA,2011,1.9
USA,2012,1.9
USA,2013,1.98
USA,2014,1.97
USA,2015,1.97
URY,1800,5.97
URY,1801,5.97
URY,1802,5.96
URY,1803,5.96
URY,1804,5.96
URY,1805,5.95
URY,1806,5.95
URY,1807,5.95
URY,1808,5.94
URY,1809,5.94
URY,1810,5.94
URY,1811,5.93
URY,1812,5.93
URY,1813,5.93
URY,1814,5.92
URY,1815,5.92
URY,1816,5.92
URY,1817,5.91
URY,1818,5.91
URY,1819,5.91
URY,1820,5.9
URY,1821,5.9
URY,1822,5.9
URY,1823,5.89
URY,1824,5.89
URY,1825,5.89
URY,1826,5.88
URY,1827,5.88
URY,1828,5.87
URY,1829,5.87
URY,1830,5.87
URY,1831,5.86
URY,1832,5.86
URY,1833,5.86
URY,1834,5.85
URY,1835,5.85
URY,1836,5.85
URY,1837,5.84
URY,1838,5.84
URY,1839,5.84
URY,1840,5.83
URY,1841,5.83
URY,1842,5.83
URY,1843,5.82
URY,1844,5.82
URY,1845,5.82
URY,1846,5.81
URY,1847,5.81
URY,1848,5.81
URY,1849,5.8
URY,1850,5.8
URY,1851,5.8
URY,1852,5.8
URY,1853,5.8
URY,1854,5.8
URY,1855,5.79
URY,1856,5.79
URY,1857,5.79
URY,1858,5.79
URY,1859,5.79
URY,1860,5.79
URY,1861,5.79
URY,1862,5.79
URY,1863,5.78
URY,1864,5.78
URY,1865,5.78
URY,1866,5.78
URY,1867,5.78
URY,1868,5.78
URY,1869,5.78
URY,1870,5.78
URY,1871,5.78
URY,1872,5.77
URY,1873,5.77
URY,1874,5.77
URY,1875,5.77
URY,1876,5.77
URY,1877,5.77
URY,1878,5.77
URY,1879,5.77
URY,1880,5.76
URY,1881,5.76
URY,1882,5.76
URY,1883,5.71
URY,1884,5.21
URY,1885,5.45
URY,1886,5.56
URY,1887,5.64
URY,1888,5.63
URY,1889,5.57
URY,1890,5.45
URY,1891,5.44
URY,1892,5.31
URY,1893,5.04
URY,1894,5.11
URY,1895,5.25
URY,1896,5.07
URY,1897,4.3
URY,1898,4.5
URY,1899,4.6
URY,1900,4.5
URY,1901,4.41
URY,1902,4.31
URY,1903,4.34
URY,1904,4.37
URY,1905,4.4
URY,1906,4.42
URY,1907,4.45
URY,1908,4.43
URY,1909,4.41
URY,1910,4.38
URY,1911,4.36
URY,1912,4.34
URY,1913,4.22
URY,1914,4.1
URY,1915,3.98
URY,1916,3.86
URY,1917,3.74
URY,1918,3.69
URY,1919,3.64
URY,1920,3.59
URY,1921,3.53
URY,1922,3.48
URY,1923,3.45
URY,1924,3.43
URY,1925,3.4
URY,1926,3.37
URY,1927,3.34
URY,1928,3.27
URY,1929,3.2
URY,1930,3.13
URY,1931,3.06
URY,1932,2.99
URY,1933,2.93
URY,1934,2.86
URY,1935,2.8
URY,1936,2.74
URY,1937,2.68
URY,1938,2.68
URY,1939,2.68
URY,1940,2.68
URY,1941,2.68
URY,1942,2.68
URY,1943,2.68
URY,1944,2.68
URY,1945,2.68
URY,1946,2.69
URY,1947,2.69
URY,1948,2.69
URY,1949,2.69
URY,1950,2.69
URY,1951,2.7
URY,1952,2.72
URY,1953,2.74
URY,1954,2.76
URY,1955,2.78
URY,1956,2.81
URY,1957,2.83
URY,1958,2.85
URY,1959,2.87
URY,1960,2.88
URY,1961,2.89
URY,1962,2.89
URY,1963,2.87
URY,1964,2.86
URY,1965,2.84
URY,1966,2.83
URY,1967,2.83
URY,1968,2.84
URY,1969,2.87
URY,1970,2.9
URY,1971,2.94
URY,1972,2.97
URY,1973,2.99
URY,1974,2.99
URY,1975,2.98
URY,1976,2.95
URY,1977,2.91
URY,1978,2.85
URY,1979,2.79
URY,1980,2.72
URY,1981,2.67
URY,1982,2.61
URY,1983,2.57
URY,1984,2.55
URY,1985,2.53
URY,1986,2.52
URY,1987,2.52
URY,1988,2.52
URY,1989,2.52
URY,1990,2.52
URY,1991,2.51
URY,1992,2.49
URY,1993,2.46
URY,1994,2.43
URY,1995,2.4
URY,1996,2.36
URY,1997,2.33
URY,1998,2.3
URY,1999,2.27
URY,2000,2.24
URY,2001,2.22
URY,2002,2.21
URY,2003,2.19
URY,2004,2.17
URY,2005,2.16
URY,2006,2.14
URY,2007,2.12
URY,2008,2.11
URY,2009,2.09
URY,2010,2.08
URY,2011,2.07
URY,2012,2.06
URY,2013,2.05
URY,2014,2.04
URY,2015,2.03
UZB,1800,5.71
UZB,1801,5.71
UZB,1802,5.71
UZB,1803,5.71
UZB,1804,5.71
UZB,1805,5.71
UZB,1806,5.71
UZB,1807,5.71
UZB,1808,5.71
UZB,1809,5.71
UZB,1810,5.71
UZB,1811,5.71
UZB,1812,5.71
UZB,1813,5.71
UZB,1814,5.71
UZB,1815,5.71
UZB,1816,5.71
UZB,1817,5.71
UZB,1818,5.71
UZB,1819,5.71
UZB,1820,5.71
UZB,1821,5.71
UZB,1822,5.71
UZB,1823,5.71
UZB,1824,5.71
UZB,1825,5.71
UZB,1826,5.71
UZB,1827,5.71
UZB,1828,5.71
UZB,1829,5.71
UZB,1830,5.71
UZB,1831,5.71
UZB,1832,5.71
UZB,1833,5.71
UZB,1834,5.71
UZB,1835,5.71
UZB,1836,5.71
UZB,1837,5.71
UZB,1838,5.71
UZB,1839,5.71
UZB,1840,5.71
UZB,1841,5.71
UZB,1842,5.71
UZB,1843,5.71
UZB,1844,5.71
UZB,1845,5.71
UZB,1846,5.71
UZB,1847,5.71
UZB,1848,5.71
UZB,1849,5.71
UZB,1850,5.71
UZB,1851,5.71
UZB,1852,5.71
UZB,1853,5.71
UZB,1854,5.71
UZB,1855,5.71
UZB,1856,5.71
UZB,1857,5.71
UZB,1858,5.71
UZB,1859,5.71
UZB,1860,5.71
UZB,1861,5.71
UZB,1862,5.71
UZB,1863,5.71
UZB,1864,5.71
UZB,1865,5.71
UZB,1866,5.71
UZB,1867,5.71
UZB,1868,5.71
UZB,1869,5.71
UZB,1870,5.71
UZB,1871,5.71
UZB,1872,5.71
UZB,1873,5.71
UZB,1874,5.71
UZB,1875,5.71
UZB,1876,5.71
UZB,1877,5.71
UZB,1878,5.71
UZB,1879,5.71
UZB,1880,5.71
UZB,1881,5.71
UZB,1882,5.71
UZB,1883,5.71
UZB,1884,5.71
UZB,1885,5.71
UZB,1886,5.71
UZB,1887,5.71
UZB,1888,5.71
UZB,1889,5.71
UZB,1890,5.71
UZB,1891,5.71
UZB,1892,5.71
UZB,1893,5.71
UZB,1894,5.71
UZB,1895,5.71
UZB,1896,5.71
UZB,1897,5.71
UZB,1898,5.71
UZB,1899,5.71
UZB,1900,5.71
UZB,1901,5.71
UZB,1902,5.71
UZB,1903,5.71
UZB,1904,5.71
UZB,1905,5.71
UZB,1906,5.71
UZB,1907,5.71
UZB,1908,5.71
UZB,1909,5.71
UZB,1910,5.71
UZB,1911,5.71
UZB,1912,5.71
UZB,1913,5.71
UZB,1914,5.71
UZB,1915,5.71
UZB,1916,5.71
UZB,1917,5.71
UZB,1918,5.71
UZB,1919,5.71
UZB,1920,5.71
UZB,1921,5.71
UZB,1922,5.71
UZB,1923,5.71
UZB,1924,5.71
UZB,1925,5.71
UZB,1926,5.71
UZB,1927,5.71
UZB,1928,5.71
UZB,1929,5.71
UZB,1930,5.71
UZB,1931,5.71
UZB,1932,5.71
UZB,1933,5.71
UZB,1934,5.71
UZB,1935,5.71
UZB,1936,5.71
UZB,1937,5.71
UZB,1938,5.71
UZB,1939,5.71
UZB,1940,5.71
UZB,1941,5.71
UZB,1942,5.71
UZB,1943,5.71
UZB,1944,5.71
UZB,1945,5.71
UZB,1946,5.71
UZB,1947,5.71
UZB,1948,5.71
UZB,1949,5.71
UZB,1950,5.71
UZB,1951,5.78
UZB,1952,5.91
UZB,1953,6.04
UZB,1954,6.16
UZB,1955,6.27
UZB,1956,6.38
UZB,1957,6.47
UZB,1958,6.56
UZB,1959,6.64
UZB,1960,6.71
UZB,1961,6.76
UZB,1962,6.78
UZB,1963,6.79
UZB,1964,6.78
UZB,1965,6.75
UZB,1966,6.71
UZB,1967,6.66
UZB,1968,6.61
UZB,1969,6.55
UZB,1970,6.49
UZB,1971,6.42
UZB,1972,6.34
UZB,1973,6.24
UZB,1974,6.12
UZB,1975,5.98
UZB,1976,5.83
UZB,1977,5.66
UZB,1978,5.48
UZB,1979,5.3
UZB,1980,5.13
UZB,1981,4.97
UZB,1982,4.83
UZB,1983,4.71
UZB,1984,4.62
UZB,1985,4.54
UZB,1986,4.47
UZB,1987,4.41
UZB,1988,4.35
UZB,1989,4.27
UZB,1990,4.18
UZB,1991,4.06
UZB,1992,3.93
UZB,1993,3.78
UZB,1994,3.63
UZB,1995,3.46
UZB,1996,3.3
UZB,1997,3.14
UZB,1998,2.99
UZB,1999,2.86
UZB,2000,2.74
UZB,2001,2.65
UZB,2002,2.59
UZB,2003,2.54
UZB,2004,2.51
UZB,2005,2.49
UZB,2006,2.48
UZB,2007,2.47
UZB,2008,2.46
UZB,2009,2.44
UZB,2010,2.41
UZB,2011,2.38
UZB,2012,2.34
UZB,2013,2.31
UZB,2014,2.28
UZB,2015,2.25
VUT,1800,6.6
VUT,1801,6.6
VUT,1802,6.6
VUT,1803,6.6
VUT,1804,6.6
VUT,1805,6.6
VUT,1806,6.6
VUT,1807,6.6
VUT,1808,6.6
VUT,1809,6.6
VUT,1810,6.6
VUT,1811,6.6
VUT,1812,6.6
VUT,1813,6.6
VUT,1814,6.6
VUT,1815,6.6
VUT,1816,6.6
VUT,1817,6.6
VUT,1818,6.6
VUT,1819,6.6
VUT,1820,6.6
VUT,1821,6.6
VUT,1822,6.6
VUT,1823,6.6
VUT,1824,6.6
VUT,1825,6.6
VUT,1826,6.6
VUT,1827,6.6
VUT,1828,6.6
VUT,1829,6.6
VUT,1830,6.6
VUT,1831,6.6
VUT,1832,6.6
VUT,1833,6.6
VUT,1834,6.6
VUT,1835,6.6
VUT,1836,6.6
VUT,1837,6.6
VUT,1838,6.6
VUT,1839,6.6
VUT,1840,6.6
VUT,1841,6.6
VUT,1842,6.6
VUT,1843,6.6
VUT,1844,6.6
VUT,1845,6.6
VUT,1846,6.6
VUT,1847,6.6
VUT,1848,6.6
VUT,1849,6.6
VUT,1850,6.6
VUT,1851,6.6
VUT,1852,6.6
VUT,1853,6.6
VUT,1854,6.6
VUT,1855,6.6
VUT,1856,6.6
VUT,1857,6.6
VUT,1858,6.6
VUT,1859,6.6
VUT,1860,6.6
VUT,1861,6.6
VUT,1862,6.6
VUT,1863,6.6
VUT,1864,6.6
VUT,1865,6.6
VUT,1866,6.6
VUT,1867,6.6
VUT,1868,6.6
VUT,1869,6.6
VUT,1870,6.6
VUT,1871,6.6
VUT,1872,6.6
VUT,1873,6.6
VUT,1874,6.6
VUT,1875,6.6
VUT,1876,6.6
VUT,1877,6.6
VUT,1878,6.6
VUT,1879,6.6
VUT,1880,6.6
VUT,1881,6.6
VUT,1882,6.6
VUT,1883,6.6
VUT,1884,6.6
VUT,1885,6.6
VUT,1886,6.6
VUT,1887,6.6
VUT,1888,6.6
VUT,1889,6.6
VUT,1890,6.6
VUT,1891,6.6
VUT,1892,6.6
VUT,1893,6.6
VUT,1894,6.6
VUT,1895,6.6
VUT,1896,6.6
VUT,1897,6.6
VUT,1898,6.6
VUT,1899,6.6
VUT,1900,6.6
VUT,1901,6.6
VUT,1902,6.6
VUT,1903,6.6
VUT,1904,6.6
VUT,1905,6.6
VUT,1906,6.6
VUT,1907,6.6
VUT,1908,6.6
VUT,1909,6.6
VUT,1910,6.6
VUT,1911,6.6
VUT,1912,6.6
VUT,1913,6.6
VUT,1914,6.6
VUT,1915,6.6
VUT,1916,6.6
VUT,1917,6.6
VUT,1918,6.6
VUT,1919,6.6
VUT,1920,6.6
VUT,1921,6.6
VUT,1922,6.6
VUT,1923,6.6
VUT,1924,6.6
VUT,1925,6.6
VUT,1926,6.64
VUT,1927,6.69
VUT,1928,6.73
VUT,1929,6.77
VUT,1930,6.82
VUT,1931,6.86
VUT,1932,6.9
VUT,1933,6.95
VUT,1934,6.99
VUT,1935,7.03
VUT,1936,7.08
VUT,1937,7.12
VUT,1938,7.16
VUT,1939,7.21
VUT,1940,7.25
VUT,1941,7.29
VUT,1942,7.34
VUT,1943,7.38
VUT,1944,7.42
VUT,1945,7.47
VUT,1946,7.51
VUT,1947,7.55
VUT,1948,7.6
VUT,1949,7.64
VUT,1950,7.68
VUT,1951,7.66
VUT,1952,7.62
VUT,1953,7.58
VUT,1954,7.54
VUT,1955,7.49
VUT,1956,7.44
VUT,1957,7.39
VUT,1958,7.33
VUT,1959,7.27
VUT,1960,7.2
VUT,1961,7.12
VUT,1962,7.03
VUT,1963,6.94
VUT,1964,6.84
VUT,1965,6.73
VUT,1966,6.63
VUT,1967,6.53
VUT,1968,6.43
VUT,1969,6.35
VUT,1970,6.27
VUT,1971,6.2
VUT,1972,6.13
VUT,1973,6.07
VUT,1974,6
VUT,1975,5.93
VUT,1976,5.86
VUT,1977,5.79
VUT,1978,5.72
VUT,1979,5.65
VUT,1980,5.58
VUT,1981,5.5
VUT,1982,5.43
VUT,1983,5.36
VUT,1984,5.28
VUT,1985,5.21
VUT,1986,5.14
VUT,1987,5.08
VUT,1988,5.02
VUT,1989,4.97
VUT,1990,4.93
VUT,1991,4.89
VUT,1992,4.85
VUT,1993,4.81
VUT,1994,4.78
VUT,1995,4.73
VUT,1996,4.68
VUT,1997,4.61
VUT,1998,4.54
VUT,1999,4.46
VUT,2000,4.37
VUT,2001,4.27
VUT,2002,4.16
VUT,2003,4.06
VUT,2004,3.95
VUT,2005,3.85
VUT,2006,3.76
VUT,2007,3.68
VUT,2008,3.61
VUT,2009,3.55
VUT,2010,3.5
VUT,2011,3.46
VUT,2012,3.42
VUT,2013,3.38
VUT,2014,3.35
VUT,2015,3.31
VEN,1800,5.63
VEN,1801,5.63
VEN,1802,5.64
VEN,1803,5.64
VEN,1804,5.64
VEN,1805,5.65
VEN,1806,5.65
VEN,1807,5.65
VEN,1808,5.66
VEN,1809,5.66
VEN,1810,5.66
VEN,1811,5.67
VEN,1812,5.67
VEN,1813,5.68
VEN,1814,5.68
VEN,1815,5.68
VEN,1816,5.69
VEN,1817,5.69
VEN,1818,5.69
VEN,1819,5.7
VEN,1820,5.7
VEN,1821,5.71
VEN,1822,5.71
VEN,1823,5.71
VEN,1824,5.72
VEN,1825,5.72
VEN,1826,5.72
VEN,1827,5.73
VEN,1828,5.73
VEN,1829,5.74
VEN,1830,5.74
VEN,1831,5.74
VEN,1832,5.75
VEN,1833,5.75
VEN,1834,5.75
VEN,1835,5.76
VEN,1836,5.76
VEN,1837,5.76
VEN,1838,5.77
VEN,1839,5.77
VEN,1840,5.78
VEN,1841,5.78
VEN,1842,5.78
VEN,1843,5.79
VEN,1844,5.79
VEN,1845,5.79
VEN,1846,5.8
VEN,1847,5.8
VEN,1848,5.81
VEN,1849,5.81
VEN,1850,5.81
VEN,1851,5.82
VEN,1852,5.82
VEN,1853,5.82
VEN,1854,5.83
VEN,1855,5.83
VEN,1856,5.84
VEN,1857,5.84
VEN,1858,5.84
VEN,1859,5.85
VEN,1860,5.85
VEN,1861,5.85
VEN,1862,5.86
VEN,1863,5.86
VEN,1864,5.86
VEN,1865,5.87
VEN,1866,5.87
VEN,1867,5.88
VEN,1868,5.88
VEN,1869,5.88
VEN,1870,5.89
VEN,1871,5.89
VEN,1872,5.89
VEN,1873,5.9
VEN,1874,5.9
VEN,1875,5.91
VEN,1876,5.91
VEN,1877,5.91
VEN,1878,5.92
VEN,1879,5.92
VEN,1880,5.92
VEN,1881,5.93
VEN,1882,5.93
VEN,1883,5.93
VEN,1884,5.94
VEN,1885,5.94
VEN,1886,5.95
VEN,1887,5.95
VEN,1888,5.98
VEN,1889,6.01
VEN,1890,6.04
VEN,1891,6.07
VEN,1892,6.1
VEN,1893,6.03
VEN,1894,5.97
VEN,1895,5.9
VEN,1896,5.84
VEN,1897,5.78
VEN,1898,5.74
VEN,1899,5.71
VEN,1900,5.67
VEN,1901,5.64
VEN,1902,5.6
VEN,1903,5.65
VEN,1904,5.7
VEN,1905,5.75
VEN,1906,5.79
VEN,1907,5.84
VEN,1908,5.87
VEN,1909,5.89
VEN,1910,5.91
VEN,1911,5.94
VEN,1912,5.96
VEN,1913,5.88
VEN,1914,5.8
VEN,1915,5.71
VEN,1916,5.63
VEN,1917,5.55
VEN,1918,5.54
VEN,1919,5.54
VEN,1920,5.53
VEN,1921,5.53
VEN,1922,5.52
VEN,1923,5.57
VEN,1924,5.62
VEN,1925,5.67
VEN,1926,5.72
VEN,1927,5.78
VEN,1928,5.69
VEN,1929,5.6
VEN,1930,5.52
VEN,1931,5.43
VEN,1932,5.35
VEN,1933,5.35
VEN,1934,5.36
VEN,1935,5.37
VEN,1936,5.38
VEN,1937,5.39
VEN,1938,5.42
VEN,1939,5.46
VEN,1940,5.49
VEN,1941,5.53
VEN,1942,5.56
VEN,1943,5.62
VEN,1944,5.67
VEN,1945,5.73
VEN,1946,5.79
VEN,1947,5.84
VEN,1948,6.08
VEN,1949,6.31
VEN,1950,6.54
VEN,1951,6.51
VEN,1952,6.46
VEN,1953,6.43
VEN,1954,6.41
VEN,1955,6.42
VEN,1956,6.44
VEN,1957,6.48
VEN,1958,6.53
VEN,1959,6.58
VEN,1960,6.62
VEN,1961,6.64
VEN,1962,6.63
VEN,1963,6.58
VEN,1964,6.5
VEN,1965,6.37
VEN,1966,6.2
VEN,1967,6.01
VEN,1968,5.81
VEN,1969,5.61
VEN,1970,5.4
VEN,1971,5.22
VEN,1972,5.05
VEN,1973,4.91
VEN,1974,4.78
VEN,1975,4.67
VEN,1976,4.57
VEN,1977,4.48
VEN,1978,4.39
VEN,1979,4.3
VEN,1980,4.2
VEN,1981,4.1
VEN,1982,4.01
VEN,1983,3.93
VEN,1984,3.86
VEN,1985,3.79
VEN,1986,3.73
VEN,1987,3.67
VEN,1988,3.6
VEN,1989,3.52
VEN,1990,3.45
VEN,1991,3.37
VEN,1992,3.29
VEN,1993,3.22
VEN,1994,3.15
VEN,1995,3.08
VEN,1996,3.02
VEN,1997,2.97
VEN,1998,2.92
VEN,1999,2.87
VEN,2000,2.82
VEN,2001,2.78
VEN,2002,2.74
VEN,2003,2.7
VEN,2004,2.66
VEN,2005,2.63
VEN,2006,2.6
VEN,2007,2.56
VEN,2008,2.53
VEN,2009,2.5
VEN,2010,2.47
VEN,2011,2.44
VEN,2012,2.42
VEN,2013,2.39
VEN,2014,2.36
VEN,2015,2.34
PSE,1800,6.97
PSE,1801,6.97
PSE,1802,6.97
PSE,1803,6.97
PSE,1804,6.97
PSE,1805,6.97
PSE,1806,6.97
PSE,1807,6.97
PSE,1808,6.97
PSE,1809,6.97
PSE,1810,6.97
PSE,1811,6.97
PSE,1812,6.97
PSE,1813,6.97
PSE,1814,6.97
PSE,1815,6.97
PSE,1816,6.97
PSE,1817,6.97
PSE,1818,6.97
PSE,1819,6.97
PSE,1820,6.97
PSE,1821,6.97
PSE,1822,6.97
PSE,1823,6.97
PSE,1824,6.97
PSE,1825,6.97
PSE,1826,6.97
PSE,1827,6.97
PSE,1828,6.97
PSE,1829,6.97
PSE,1830,6.97
PSE,1831,6.97
PSE,1832,6.97
PSE,1833,6.97
PSE,1834,6.97
PSE,1835,6.97
PSE,1836,6.97
PSE,1837,6.97
PSE,1838,6.97
PSE,1839,6.97
PSE,1840,6.97
PSE,1841,6.97
PSE,1842,6.97
PSE,1843,6.97
PSE,1844,6.97
PSE,1845,6.97
PSE,1846,6.97
PSE,1847,6.97
PSE,1848,6.97
PSE,1849,6.97
PSE,1850,6.97
PSE,1851,6.97
PSE,1852,6.97
PSE,1853,6.97
PSE,1854,6.97
PSE,1855,6.97
PSE,1856,6.97
PSE,1857,6.97
PSE,1858,6.97
PSE,1859,6.97
PSE,1860,6.97
PSE,1861,6.97
PSE,1862,6.97
PSE,1863,6.97
PSE,1864,6.97
PSE,1865,6.97
PSE,1866,6.97
PSE,1867,6.97
PSE,1868,6.97
PSE,1869,6.97
PSE,1870,6.97
PSE,1871,6.97
PSE,1872,6.97
PSE,1873,6.97
PSE,1874,6.97
PSE,1875,6.97
PSE,1876,6.97
PSE,1877,6.97
PSE,1878,6.97
PSE,1879,6.97
PSE,1880,6.97
PSE,1881,6.97
PSE,1882,6.97
PSE,1883,6.97
PSE,1884,6.97
PSE,1885,6.97
PSE,1886,6.97
PSE,1887,6.97
PSE,1888,6.97
PSE,1889,6.97
PSE,1890,6.97
PSE,1891,6.97
PSE,1892,6.97
PSE,1893,6.97
PSE,1894,6.97
PSE,1895,6.97
PSE,1896,6.97
PSE,1897,6.97
PSE,1898,6.97
PSE,1899,6.97
PSE,1900,6.97
PSE,1901,6.97
PSE,1902,6.97
PSE,1903,6.97
PSE,1904,6.97
PSE,1905,6.97
PSE,1906,6.97
PSE,1907,6.97
PSE,1908,6.97
PSE,1909,6.97
PSE,1910,6.97
PSE,1911,6.97
PSE,1912,6.97
PSE,1913,6.97
PSE,1914,6.97
PSE,1915,6.97
PSE,1916,6.97
PSE,1917,6.97
PSE,1918,6.97
PSE,1919,6.97
PSE,1920,6.97
PSE,1921,6.97
PSE,1922,6.97
PSE,1923,6.97
PSE,1924,6.97
PSE,1925,6.97
PSE,1926,6.99
PSE,1927,7.02
PSE,1928,7.04
PSE,1929,7.06
PSE,1930,7.09
PSE,1931,7.11
PSE,1932,7.14
PSE,1933,7.16
PSE,1934,7.18
PSE,1935,7.21
PSE,1936,7.23
PSE,1937,7.25
PSE,1938,7.28
PSE,1939,7.3
PSE,1940,7.33
PSE,1941,7.35
PSE,1942,7.37
PSE,1943,7.4
PSE,1944,7.42
PSE,1945,7.44
PSE,1946,7.47
PSE,1947,7.49
PSE,1948,7.52
PSE,1949,7.54
PSE,1950,7.56
PSE,1951,7.5
PSE,1952,7.39
PSE,1953,7.32
PSE,1954,7.28
PSE,1955,7.28
PSE,1956,7.31
PSE,1957,7.37
PSE,1958,7.46
PSE,1959,7.57
PSE,1960,7.69
PSE,1961,7.8
PSE,1962,7.91
PSE,1963,7.99
PSE,1964,8.04
PSE,1965,8.06
PSE,1966,8.05
PSE,1967,8.02
PSE,1968,7.98
PSE,1969,7.92
PSE,1970,7.86
PSE,1971,7.8
PSE,1972,7.75
PSE,1973,7.7
PSE,1974,7.65
PSE,1975,7.61
PSE,1976,7.57
PSE,1977,7.52
PSE,1978,7.46
PSE,1979,7.39
PSE,1980,7.31
PSE,1981,7.2
PSE,1982,7.08
PSE,1983,6.95
PSE,1984,6.82
PSE,1985,6.7
PSE,1986,6.6
PSE,1987,6.54
PSE,1988,6.51
PSE,1989,6.51
PSE,1990,6.53
PSE,1991,6.55
PSE,1992,6.54
PSE,1993,6.49
PSE,1994,6.4
PSE,1995,6.27
PSE,1996,6.11
PSE,1997,5.93
PSE,1998,5.75
PSE,1999,5.57
PSE,2000,5.4
PSE,2001,5.25
PSE,2002,5.1
PSE,2003,4.96
PSE,2004,4.82
PSE,2005,4.7
PSE,2006,4.58
PSE,2007,4.48
PSE,2008,4.38
PSE,2009,4.3
PSE,2010,4.22
PSE,2011,4.14
PSE,2012,4.08
PSE,2013,4.01
PSE,2014,3.95
PSE,2015,3.88
ESH,1800,6.32
ESH,1801,6.32
ESH,1802,6.32
ESH,1803,6.32
ESH,1804,6.32
ESH,1805,6.32
ESH,1806,6.32
ESH,1807,6.32
ESH,1808,6.32
ESH,1809,6.32
ESH,1810,6.32
ESH,1811,6.32
ESH,1812,6.32
ESH,1813,6.32
ESH,1814,6.32
ESH,1815,6.32
ESH,1816,6.32
ESH,1817,6.32
ESH,1818,6.32
ESH,1819,6.32
ESH,1820,6.32
ESH,1821,6.32
ESH,1822,6.32
ESH,1823,6.32
ESH,1824,6.32
ESH,1825,6.32
ESH,1826,6.32
ESH,1827,6.32
ESH,1828,6.32
ESH,1829,6.32
ESH,1830,6.32
ESH,1831,6.32
ESH,1832,6.32
ESH,1833,6.32
ESH,1834,6.32
ESH,1835,6.32
ESH,1836,6.32
ESH,1837,6.32
ESH,1838,6.32
ESH,1839,6.32
ESH,1840,6.32
ESH,1841,6.32
ESH,1842,6.32
ESH,1843,6.32
ESH,1844,6.32
ESH,1845,6.32
ESH,1846,6.32
ESH,1847,6.32
ESH,1848,6.32
ESH,1849,6.32
ESH,1850,6.32
ESH,1851,6.32
ESH,1852,6.32
ESH,1853,6.32
ESH,1854,6.32
ESH,1855,6.32
ESH,1856,6.32
ESH,1857,6.32
ESH,1858,6.32
ESH,1859,6.32
ESH,1860,6.32
ESH,1861,6.32
ESH,1862,6.32
ESH,1863,6.32
ESH,1864,6.32
ESH,1865,6.32
ESH,1866,6.32
ESH,1867,6.32
ESH,1868,6.32
ESH,1869,6.32
ESH,1870,6.32
ESH,1871,6.32
ESH,1872,6.32
ESH,1873,6.32
ESH,1874,6.32
ESH,1875,6.32
ESH,1876,6.32
ESH,1877,6.32
ESH,1878,6.32
ESH,1879,6.32
ESH,1880,6.32
ESH,1881,6.32
ESH,1882,6.32
ESH,1883,6.32
ESH,1884,6.32
ESH,1885,6.32
ESH,1886,6.32
ESH,1887,6.32
ESH,1888,6.32
ESH,1889,6.32
ESH,1890,6.32
ESH,1891,6.32
ESH,1892,6.32
ESH,1893,6.32
ESH,1894,6.32
ESH,1895,6.32
ESH,1896,6.32
ESH,1897,6.32
ESH,1898,6.32
ESH,1899,6.32
ESH,1900,6.32
ESH,1901,6.32
ESH,1902,6.32
ESH,1903,6.32
ESH,1904,6.32
ESH,1905,6.32
ESH,1906,6.32
ESH,1907,6.32
ESH,1908,6.32
ESH,1909,6.32
ESH,1910,6.32
ESH,1911,6.32
ESH,1912,6.32
ESH,1913,6.32
ESH,1914,6.32
ESH,1915,6.32
ESH,1916,6.32
ESH,1917,6.32
ESH,1918,6.32
ESH,1919,6.32
ESH,1920,6.32
ESH,1921,6.32
ESH,1922,6.32
ESH,1923,6.32
ESH,1924,6.32
ESH,1925,6.32
ESH,1926,6.32
ESH,1927,6.32
ESH,1928,6.32
ESH,1929,6.32
ESH,1930,6.32
ESH,1931,6.32
ESH,1932,6.32
ESH,1933,6.32
ESH,1934,6.32
ESH,1935,6.32
ESH,1936,6.32
ESH,1937,6.32
ESH,1938,6.32
ESH,1939,6.32
ESH,1940,6.32
ESH,1941,6.32
ESH,1942,6.32
ESH,1943,6.32
ESH,1944,6.32
ESH,1945,6.32
ESH,1946,6.32
ESH,1947,6.32
ESH,1948,6.32
ESH,1949,6.32
ESH,1950,6.32
ESH,1951,6.32
ESH,1952,6.33
ESH,1953,6.35
ESH,1954,6.36
ESH,1955,6.38
ESH,1956,6.4
ESH,1957,6.42
ESH,1958,6.44
ESH,1959,6.46
ESH,1960,6.48
ESH,1961,6.5
ESH,1962,6.52
ESH,1963,6.54
ESH,1964,6.56
ESH,1965,6.58
ESH,1966,6.59
ESH,1967,6.61
ESH,1968,6.62
ESH,1969,6.62
ESH,1970,6.62
ESH,1971,6.61
ESH,1972,6.6
ESH,1973,6.57
ESH,1974,6.53
ESH,1975,6.47
ESH,1976,6.39
ESH,1977,6.28
ESH,1978,6.15
ESH,1979,5.99
ESH,1980,5.82
ESH,1981,5.64
ESH,1982,5.45
ESH,1983,5.26
ESH,1984,5.08
ESH,1985,4.91
ESH,1986,4.76
ESH,1987,4.62
ESH,1988,4.49
ESH,1989,4.37
ESH,1990,4.25
ESH,1991,4.12
ESH,1992,3.99
ESH,1993,3.85
ESH,1994,3.71
ESH,1995,3.56
ESH,1996,3.41
ESH,1997,3.27
ESH,1998,3.15
ESH,1999,3.04
ESH,2000,2.96
ESH,2001,2.89
ESH,2002,2.83
ESH,2003,2.77
ESH,2004,2.73
ESH,2005,2.68
ESH,2006,2.63
ESH,2007,2.59
ESH,2008,2.55
ESH,2009,2.51
ESH,2010,2.47
ESH,2011,2.43
ESH,2012,2.4
ESH,2013,2.36
ESH,2014,2.33
ESH,2015,2.3
VNM,1800,4.7
VNM,1801,4.7
VNM,1802,4.7
VNM,1803,4.7
VNM,1804,4.7
VNM,1805,4.7
VNM,1806,4.7
VNM,1807,4.7
VNM,1808,4.7
VNM,1809,4.7
VNM,1810,4.7
VNM,1811,4.7
VNM,1812,4.7
VNM,1813,4.7
VNM,1814,4.7
VNM,1815,4.7
VNM,1816,4.7
VNM,1817,4.7
VNM,1818,4.7
VNM,1819,4.7
VNM,1820,4.7
VNM,1821,4.7
VNM,1822,4.7
VNM,1823,4.7
VNM,1824,4.7
VNM,1825,4.7
VNM,1826,4.7
VNM,1827,4.7
VNM,1828,4.7
VNM,1829,4.7
VNM,1830,4.7
VNM,1831,4.7
VNM,1832,4.7
VNM,1833,4.7
VNM,1834,4.7
VNM,1835,4.7
VNM,1836,4.7
VNM,1837,4.7
VNM,1838,4.7
VNM,1839,4.7
VNM,1840,4.7
VNM,1841,4.7
VNM,1842,4.7
VNM,1843,4.7
VNM,1844,4.7
VNM,1845,4.7
VNM,1846,4.7
VNM,1847,4.7
VNM,1848,4.7
VNM,1849,4.7
VNM,1850,4.7
VNM,1851,4.7
VNM,1852,4.7
VNM,1853,4.7
VNM,1854,4.7
VNM,1855,4.7
VNM,1856,4.7
VNM,1857,4.7
VNM,1858,4.7
VNM,1859,4.7
VNM,1860,4.7
VNM,1861,4.7
VNM,1862,4.7
VNM,1863,4.7
VNM,1864,4.7
VNM,1865,4.7
VNM,1866,4.7
VNM,1867,4.7
VNM,1868,4.7
VNM,1869,4.7
VNM,1870,4.7
VNM,1871,4.7
VNM,1872,4.7
VNM,1873,4.7
VNM,1874,4.7
VNM,1875,4.7
VNM,1876,4.7
VNM,1877,4.7
VNM,1878,4.7
VNM,1879,4.7
VNM,1880,4.7
VNM,1881,4.7
VNM,1882,4.7
VNM,1883,4.7
VNM,1884,4.7
VNM,1885,4.7
VNM,1886,4.7
VNM,1887,4.7
VNM,1888,4.7
VNM,1889,4.7
VNM,1890,4.7
VNM,1891,4.7
VNM,1892,4.7
VNM,1893,4.7
VNM,1894,4.7
VNM,1895,4.7
VNM,1896,4.7
VNM,1897,4.7
VNM,1898,4.7
VNM,1899,4.7
VNM,1900,4.7
VNM,1901,4.66
VNM,1902,4.62
VNM,1903,4.57
VNM,1904,4.53
VNM,1905,4.49
VNM,1906,4.45
VNM,1907,4.41
VNM,1908,4.36
VNM,1909,4.32
VNM,1910,4.28
VNM,1911,4.24
VNM,1912,4.2
VNM,1913,4.15
VNM,1914,4.15
VNM,1915,4.42
VNM,1916,4.42
VNM,1917,4.69
VNM,1918,4.69
VNM,1919,4.29
VNM,1920,4.15
VNM,1921,4.29
VNM,1922,4.69
VNM,1923,4.49
VNM,1924,4.76
VNM,1925,4.73
VNM,1926,4.7
VNM,1927,4.7
VNM,1928,4.66
VNM,1929,4.78
VNM,1930,5.03
VNM,1931,4.69
VNM,1932,4.69
VNM,1933,4.73
VNM,1934,5.19
VNM,1935,4.92
VNM,1936,4.97
VNM,1937,5.04
VNM,1938,5.03
VNM,1939,5.03
VNM,1940,5.02
VNM,1941,5.02
VNM,1942,5.01
VNM,1943,5
VNM,1944,5
VNM,1945,4.99
VNM,1946,4.99
VNM,1947,4.98
VNM,1948,4.97
VNM,1949,4.97
VNM,1950,4.96
VNM,1951,5.08
VNM,1952,5.31
VNM,1953,5.52
VNM,1954,5.7
VNM,1955,5.86
VNM,1956,6
VNM,1957,6.12
VNM,1958,6.21
VNM,1959,6.29
VNM,1960,6.35
VNM,1961,6.39
VNM,1962,6.43
VNM,1963,6.45
VNM,1964,6.46
VNM,1965,6.48
VNM,1966,6.49
VNM,1967,6.49
VNM,1968,6.49
VNM,1969,6.49
VNM,1970,6.47
VNM,1971,6.42
VNM,1972,6.35
VNM,1973,6.25
VNM,1974,6.13
VNM,1975,5.97
VNM,1976,5.8
VNM,1977,5.61
VNM,1978,5.42
VNM,1979,5.23
VNM,1980,5.05
VNM,1981,4.87
VNM,1982,4.69
VNM,1983,4.52
VNM,1984,4.36
VNM,1985,4.21
VNM,1986,4.06
VNM,1987,3.93
VNM,1988,3.81
VNM,1989,3.68
VNM,1990,3.56
VNM,1991,3.42
VNM,1992,3.26
VNM,1993,3.07
VNM,1994,2.88
VNM,1995,2.68
VNM,1996,2.48
VNM,1997,2.31
VNM,1998,2.17
VNM,1999,2.06
VNM,2000,1.98
VNM,2001,1.94
VNM,2002,1.92
VNM,2003,1.91
VNM,2004,1.9
VNM,2005,1.9
VNM,2006,1.89
VNM,2007,1.88
VNM,2008,1.86
VNM,2009,1.84
VNM,2010,1.82
VNM,2011,1.79
VNM,2012,1.77
VNM,2013,1.74
VNM,2014,1.72
VNM,2015,1.7
VIR,1800,5.55
VIR,1801,5.55
VIR,1802,5.55
VIR,1803,5.55
VIR,1804,5.55
VIR,1805,5.55
VIR,1806,5.55
VIR,1807,5.55
VIR,1808,5.55
VIR,1809,5.55
VIR,1810,5.55
VIR,1811,5.55
VIR,1812,5.55
VIR,1813,5.55
VIR,1814,5.55
VIR,1815,5.55
VIR,1816,5.55
VIR,1817,5.55
VIR,1818,5.55
VIR,1819,5.55
VIR,1820,5.55
VIR,1821,5.55
VIR,1822,5.55
VIR,1823,5.55
VIR,1824,5.55
VIR,1825,5.55
VIR,1826,5.55
VIR,1827,5.55
VIR,1828,5.55
VIR,1829,5.55
VIR,1830,5.55
VIR,1831,5.55
VIR,1832,5.55
VIR,1833,5.55
VIR,1834,5.55
VIR,1835,5.55
VIR,1836,5.55
VIR,1837,5.55
VIR,1838,5.55
VIR,1839,5.55
VIR,1840,5.55
VIR,1841,5.55
VIR,1842,5.55
VIR,1843,5.55
VIR,1844,5.55
VIR,1845,5.55
VIR,1846,5.55
VIR,1847,5.55
VIR,1848,5.55
VIR,1849,5.55
VIR,1850,5.55
VIR,1851,5.55
VIR,1852,5.55
VIR,1853,5.55
VIR,1854,5.55
VIR,1855,5.55
VIR,1856,5.55
VIR,1857,5.55
VIR,1858,5.55
VIR,1859,5.55
VIR,1860,5.55
VIR,1861,5.55
VIR,1862,5.55
VIR,1863,5.55
VIR,1864,5.55
VIR,1865,5.55
VIR,1866,5.55
VIR,1867,5.55
VIR,1868,5.55
VIR,1869,5.55
VIR,1870,5.55
VIR,1871,5.55
VIR,1872,5.55
VIR,1873,5.55
VIR,1874,5.55
VIR,1875,5.55
VIR,1876,5.55
VIR,1877,5.55
VIR,1878,5.55
VIR,1879,5.55
VIR,1880,5.55
VIR,1881,5.55
VIR,1882,5.55
VIR,1883,5.55
VIR,1884,5.55
VIR,1885,5.55
VIR,1886,5.55
VIR,1887,5.55
VIR,1888,5.55
VIR,1889,5.55
VIR,1890,5.55
VIR,1891,5.55
VIR,1892,5.55
VIR,1893,5.55
VIR,1894,5.55
VIR,1895,5.55
VIR,1896,5.55
VIR,1897,5.55
VIR,1898,5.55
VIR,1899,5.55
VIR,1900,5.55
VIR,1901,5.55
VIR,1902,5.55
VIR,1903,5.55
VIR,1904,5.55
VIR,1905,5.55
VIR,1906,5.55
VIR,1907,5.55
VIR,1908,5.55
VIR,1909,5.55
VIR,1910,5.55
VIR,1911,5.55
VIR,1912,5.55
VIR,1913,5.55
VIR,1914,5.55
VIR,1915,5.55
VIR,1916,5.55
VIR,1917,5.55
VIR,1918,5.55
VIR,1919,5.55
VIR,1920,5.55
VIR,1921,5.55
VIR,1922,5.55
VIR,1923,5.55
VIR,1924,5.55
VIR,1925,5.55
VIR,1926,5.53
VIR,1927,5.52
VIR,1928,5.5
VIR,1929,5.48
VIR,1930,5.47
VIR,1931,5.45
VIR,1932,5.44
VIR,1933,5.42
VIR,1934,5.4
VIR,1935,5.39
VIR,1936,5.37
VIR,1937,5.35
VIR,1938,5.34
VIR,1939,5.32
VIR,1940,5.31
VIR,1941,5.29
VIR,1942,5.27
VIR,1943,5.26
VIR,1944,5.24
VIR,1945,5.22
VIR,1946,5.21
VIR,1947,5.19
VIR,1948,5.17
VIR,1949,5.16
VIR,1950,5.14
VIR,1951,5.17
VIR,1952,5.23
VIR,1953,5.28
VIR,1954,5.33
VIR,1955,5.38
VIR,1956,5.43
VIR,1957,5.48
VIR,1958,5.53
VIR,1959,5.57
VIR,1960,5.62
VIR,1961,5.65
VIR,1962,5.68
VIR,1963,5.7
VIR,1964,5.7
VIR,1965,5.68
VIR,1966,5.63
VIR,1967,5.56
VIR,1968,5.46
VIR,1969,5.33
VIR,1970,5.17
VIR,1971,4.98
VIR,1972,4.76
VIR,1973,4.53
VIR,1974,4.29
VIR,1975,4.05
VIR,1976,3.82
VIR,1977,3.61
VIR,1978,3.42
VIR,1979,3.26
VIR,1980,3.14
VIR,1981,3.05
VIR,1982,3
VIR,1983,2.97
VIR,1984,2.97
VIR,1985,2.97
VIR,1986,2.99
VIR,1987,3
VIR,1988,3
VIR,1989,2.99
VIR,1990,2.95
VIR,1991,2.9
VIR,1992,2.81
VIR,1993,2.71
VIR,1994,2.6
VIR,1995,2.48
VIR,1996,2.37
VIR,1997,2.27
VIR,1998,2.18
VIR,1999,2.13
VIR,2000,2.1
VIR,2001,2.1
VIR,2002,2.13
VIR,2003,2.17
VIR,2004,2.22
VIR,2005,2.28
VIR,2006,2.34
VIR,2007,2.39
VIR,2008,2.44
VIR,2009,2.47
VIR,2010,2.49
VIR,2011,2.5
VIR,2012,2.5
VIR,2013,2.49
VIR,2014,2.47
VIR,2015,2.45
YEM,1800,6.88
YEM,1801,6.88
YEM,1802,6.88
YEM,1803,6.88
YEM,1804,6.88
YEM,1805,6.88
YEM,1806,6.88
YEM,1807,6.88
YEM,1808,6.88
YEM,1809,6.88
YEM,1810,6.88
YEM,1811,6.88
YEM,1812,6.88
YEM,1813,6.88
YEM,1814,6.88
YEM,1815,6.88
YEM,1816,6.88
YEM,1817,6.88
YEM,1818,6.88
YEM,1819,6.88
YEM,1820,6.88
YEM,1821,6.88
YEM,1822,6.88
YEM,1823,6.88
YEM,1824,6.88
YEM,1825,6.88
YEM,1826,6.88
YEM,1827,6.88
YEM,1828,6.88
YEM,1829,6.88
YEM,1830,6.88
YEM,1831,6.88
YEM,1832,6.88
YEM,1833,6.88
YEM,1834,6.88
YEM,1835,6.88
YEM,1836,6.88
YEM,1837,6.88
YEM,1838,6.88
YEM,1839,6.88
YEM,1840,6.88
YEM,1841,6.88
YEM,1842,6.88
YEM,1843,6.88
YEM,1844,6.88
YEM,1845,6.88
YEM,1846,6.88
YEM,1847,6.88
YEM,1848,6.88
YEM,1849,6.88
YEM,1850,6.88
YEM,1851,6.88
YEM,1852,6.88
YEM,1853,6.88
YEM,1854,6.88
YEM,1855,6.88
YEM,1856,6.88
YEM,1857,6.88
YEM,1858,6.88
YEM,1859,6.88
YEM,1860,6.88
YEM,1861,6.88
YEM,1862,6.88
YEM,1863,6.88
YEM,1864,6.88
YEM,1865,6.88
YEM,1866,6.88
YEM,1867,6.88
YEM,1868,6.88
YEM,1869,6.88
YEM,1870,6.88
YEM,1871,6.88
YEM,1872,6.88
YEM,1873,6.88
YEM,1874,6.88
YEM,1875,6.88
YEM,1876,6.88
YEM,1877,6.88
YEM,1878,6.88
YEM,1879,6.88
YEM,1880,6.88
YEM,1881,6.88
YEM,1882,6.88
YEM,1883,6.88
YEM,1884,6.88
YEM,1885,6.88
YEM,1886,6.88
YEM,1887,6.88
YEM,1888,6.88
YEM,1889,6.88
YEM,1890,6.88
YEM,1891,6.88
YEM,1892,6.88
YEM,1893,6.88
YEM,1894,6.88
YEM,1895,6.88
YEM,1896,6.88
YEM,1897,6.88
YEM,1898,6.88
YEM,1899,6.88
YEM,1900,6.88
YEM,1901,6.88
YEM,1902,6.88
YEM,1903,6.88
YEM,1904,6.88
YEM,1905,6.88
YEM,1906,6.88
YEM,1907,6.88
YEM,1908,6.88
YEM,1909,6.88
YEM,1910,6.88
YEM,1911,6.88
YEM,1912,6.88
YEM,1913,6.88
YEM,1914,6.88
YEM,1915,6.88
YEM,1916,6.88
YEM,1917,6.88
YEM,1918,6.88
YEM,1919,6.88
YEM,1920,6.88
YEM,1921,6.88
YEM,1922,6.88
YEM,1923,6.88
YEM,1924,6.88
YEM,1925,6.88
YEM,1926,6.9
YEM,1927,6.91
YEM,1928,6.93
YEM,1929,6.94
YEM,1930,6.96
YEM,1931,6.98
YEM,1932,6.99
YEM,1933,7.01
YEM,1934,7.02
YEM,1935,7.04
YEM,1936,7.05
YEM,1937,7.07
YEM,1938,7.09
YEM,1939,7.1
YEM,1940,7.12
YEM,1941,7.13
YEM,1942,7.15
YEM,1943,7.16
YEM,1944,7.18
YEM,1945,7.2
YEM,1946,7.21
YEM,1947,7.23
YEM,1948,7.24
YEM,1949,7.26
YEM,1950,7.27
YEM,1951,7.27
YEM,1952,7.27
YEM,1953,7.27
YEM,1954,7.27
YEM,1955,7.27
YEM,1956,7.27
YEM,1957,7.27
YEM,1958,7.28
YEM,1959,7.28
YEM,1960,7.29
YEM,1961,7.31
YEM,1962,7.33
YEM,1963,7.35
YEM,1964,7.39
YEM,1965,7.42
YEM,1966,7.45
YEM,1967,7.47
YEM,1968,7.49
YEM,1969,7.51
YEM,1970,7.54
YEM,1971,7.59
YEM,1972,7.67
YEM,1973,7.78
YEM,1974,7.92
YEM,1975,8.09
YEM,1976,8.28
YEM,1977,8.47
YEM,1978,8.67
YEM,1979,8.84
YEM,1980,8.99
YEM,1981,9.11
YEM,1982,9.19
YEM,1983,9.22
YEM,1984,9.22
YEM,1985,9.19
YEM,1986,9.12
YEM,1987,9.03
YEM,1988,8.93
YEM,1989,8.81
YEM,1990,8.67
YEM,1991,8.5
YEM,1992,8.31
YEM,1993,8.09
YEM,1994,7.84
YEM,1995,7.58
YEM,1996,7.31
YEM,1997,7.05
YEM,1998,6.8
YEM,1999,6.57
YEM,2000,6.36
YEM,2001,6.17
YEM,2002,5.98
YEM,2003,5.78
YEM,2004,5.59
YEM,2005,5.39
YEM,2006,5.2
YEM,2007,5.01
YEM,2008,4.83
YEM,2009,4.66
YEM,2010,4.5
YEM,2011,4.35
YEM,2012,4.21
YEM,2013,4.08
YEM,2014,3.95
YEM,2015,3.83
ZMB,1800,6.71
ZMB,1801,6.71
ZMB,1802,6.71
ZMB,1803,6.71
ZMB,1804,6.71
ZMB,1805,6.71
ZMB,1806,6.71
ZMB,1807,6.71
ZMB,1808,6.71
ZMB,1809,6.71
ZMB,1810,6.71
ZMB,1811,6.71
ZMB,1812,6.71
ZMB,1813,6.71
ZMB,1814,6.71
ZMB,1815,6.71
ZMB,1816,6.71
ZMB,1817,6.71
ZMB,1818,6.71
ZMB,1819,6.71
ZMB,1820,6.71
ZMB,1821,6.71
ZMB,1822,6.71
ZMB,1823,6.71
ZMB,1824,6.71
ZMB,1825,6.71
ZMB,1826,6.71
ZMB,1827,6.71
ZMB,1828,6.71
ZMB,1829,6.71
ZMB,1830,6.71
ZMB,1831,6.71
ZMB,1832,6.71
ZMB,1833,6.71
ZMB,1834,6.71
ZMB,1835,6.71
ZMB,1836,6.71
ZMB,1837,6.71
ZMB,1838,6.71
ZMB,1839,6.71
ZMB,1840,6.71
ZMB,1841,6.71
ZMB,1842,6.71
ZMB,1843,6.71
ZMB,1844,6.71
ZMB,1845,6.71
ZMB,1846,6.71
ZMB,1847,6.71
ZMB,1848,6.71
ZMB,1849,6.71
ZMB,1850,6.71
ZMB,1851,6.71
ZMB,1852,6.71
ZMB,1853,6.71
ZMB,1854,6.71
ZMB,1855,6.71
ZMB,1856,6.71
ZMB,1857,6.71
ZMB,1858,6.71
ZMB,1859,6.71
ZMB,1860,6.71
ZMB,1861,6.71
ZMB,1862,6.71
ZMB,1863,6.71
ZMB,1864,6.71
ZMB,1865,6.71
ZMB,1866,6.71
ZMB,1867,6.71
ZMB,1868,6.71
ZMB,1869,6.71
ZMB,1870,6.71
ZMB,1871,6.71
ZMB,1872,6.71
ZMB,1873,6.71
ZMB,1874,6.71
ZMB,1875,6.71
ZMB,1876,6.71
ZMB,1877,6.71
ZMB,1878,6.71
ZMB,1879,6.71
ZMB,1880,6.71
ZMB,1881,6.71
ZMB,1882,6.71
ZMB,1883,6.71
ZMB,1884,6.71
ZMB,1885,6.71
ZMB,1886,6.71
ZMB,1887,6.71
ZMB,1888,6.71
ZMB,1889,6.71
ZMB,1890,6.71
ZMB,1891,6.71
ZMB,1892,6.71
ZMB,1893,6.71
ZMB,1894,6.71
ZMB,1895,6.71
ZMB,1896,6.71
ZMB,1897,6.71
ZMB,1898,6.71
ZMB,1899,6.71
ZMB,1900,6.71
ZMB,1901,6.71
ZMB,1902,6.71
ZMB,1903,6.71
ZMB,1904,6.71
ZMB,1905,6.71
ZMB,1906,6.71
ZMB,1907,6.71
ZMB,1908,6.71
ZMB,1909,6.71
ZMB,1910,6.71
ZMB,1911,6.71
ZMB,1912,6.71
ZMB,1913,6.71
ZMB,1914,6.71
ZMB,1915,6.71
ZMB,1916,6.71
ZMB,1917,6.71
ZMB,1918,6.71
ZMB,1919,6.71
ZMB,1920,6.71
ZMB,1921,6.71
ZMB,1922,6.71
ZMB,1923,6.71
ZMB,1924,6.71
ZMB,1925,6.71
ZMB,1926,6.71
ZMB,1927,6.71
ZMB,1928,6.71
ZMB,1929,6.71
ZMB,1930,6.71
ZMB,1931,6.71
ZMB,1932,6.71
ZMB,1933,6.71
ZMB,1934,6.71
ZMB,1935,6.71
ZMB,1936,6.71
ZMB,1937,6.71
ZMB,1938,6.71
ZMB,1939,6.71
ZMB,1940,6.71
ZMB,1941,6.71
ZMB,1942,6.71
ZMB,1943,6.71
ZMB,1944,6.71
ZMB,1945,6.71
ZMB,1946,6.71
ZMB,1947,6.71
ZMB,1948,6.71
ZMB,1949,6.71
ZMB,1950,6.71
ZMB,1951,6.72
ZMB,1952,6.74
ZMB,1953,6.76
ZMB,1954,6.78
ZMB,1955,6.81
ZMB,1956,6.84
ZMB,1957,6.88
ZMB,1958,6.92
ZMB,1959,6.97
ZMB,1960,7.02
ZMB,1961,7.07
ZMB,1962,7.13
ZMB,1963,7.18
ZMB,1964,7.24
ZMB,1965,7.29
ZMB,1966,7.34
ZMB,1967,7.38
ZMB,1968,7.41
ZMB,1969,7.43
ZMB,1970,7.44
ZMB,1971,7.44
ZMB,1972,7.45
ZMB,1973,7.45
ZMB,1974,7.44
ZMB,1975,7.44
ZMB,1976,7.41
ZMB,1977,7.38
ZMB,1978,7.33
ZMB,1979,7.26
ZMB,1980,7.18
ZMB,1981,7.1
ZMB,1982,7.02
ZMB,1983,6.94
ZMB,1984,6.87
ZMB,1985,6.8
ZMB,1986,6.74
ZMB,1987,6.67
ZMB,1988,6.61
ZMB,1989,6.54
ZMB,1990,6.47
ZMB,1991,6.4
ZMB,1992,6.34
ZMB,1993,6.29
ZMB,1994,6.25
ZMB,1995,6.21
ZMB,1996,6.18
ZMB,1997,6.15
ZMB,1998,6.13
ZMB,1999,6.1
ZMB,2000,6.07
ZMB,2001,6.04
ZMB,2002,6.02
ZMB,2003,6
ZMB,2004,5.97
ZMB,2005,5.95
ZMB,2006,5.93
ZMB,2007,5.91
ZMB,2008,5.88
ZMB,2009,5.85
ZMB,2010,5.81
ZMB,2011,5.77
ZMB,2012,5.73
ZMB,2013,5.69
ZMB,2014,5.64
ZMB,2015,5.59
ZWE,1800,6.75
ZWE,1801,6.75
ZWE,1802,6.75
ZWE,1803,6.75
ZWE,1804,6.75
ZWE,1805,6.75
ZWE,1806,6.75
ZWE,1807,6.75
ZWE,1808,6.75
ZWE,1809,6.75
ZWE,1810,6.75
ZWE,1811,6.75
ZWE,1812,6.75
ZWE,1813,6.75
ZWE,1814,6.75
ZWE,1815,6.75
ZWE,1816,6.75
ZWE,1817,6.75
ZWE,1818,6.75
ZWE,1819,6.75
ZWE,1820,6.75
ZWE,1821,6.75
ZWE,1822,6.75
ZWE,1823,6.75
ZWE,1824,6.75
ZWE,1825,6.75
ZWE,1826,6.75
ZWE,1827,6.75
ZWE,1828,6.75
ZWE,1829,6.75
ZWE,1830,6.75
ZWE,1831,6.75
ZWE,1832,6.75
ZWE,1833,6.75
ZWE,1834,6.75
ZWE,1835,6.75
ZWE,1836,6.75
ZWE,1837,6.75
ZWE,1838,6.75
ZWE,1839,6.75
ZWE,1840,6.75
ZWE,1841,6.75
ZWE,1842,6.75
ZWE,1843,6.75
ZWE,1844,6.75
ZWE,1845,6.75
ZWE,1846,6.75
ZWE,1847,6.75
ZWE,1848,6.75
ZWE,1849,6.75
ZWE,1850,6.75
ZWE,1851,6.75
ZWE,1852,6.75
ZWE,1853,6.75
ZWE,1854,6.75
ZWE,1855,6.75
ZWE,1856,6.75
ZWE,1857,6.75
ZWE,1858,6.75
ZWE,1859,6.75
ZWE,1860,6.75
ZWE,1861,6.75
ZWE,1862,6.75
ZWE,1863,6.75
ZWE,1864,6.75
ZWE,1865,6.75
ZWE,1866,6.75
ZWE,1867,6.75
ZWE,1868,6.75
ZWE,1869,6.75
ZWE,1870,6.75
ZWE,1871,6.75
ZWE,1872,6.75
ZWE,1873,6.75
ZWE,1874,6.75
ZWE,1875,6.75
ZWE,1876,6.75
ZWE,1877,6.75
ZWE,1878,6.75
ZWE,1879,6.75
ZWE,1880,6.75
ZWE,1881,6.75
ZWE,1882,6.75
ZWE,1883,6.75
ZWE,1884,6.75
ZWE,1885,6.75
ZWE,1886,6.75
ZWE,1887,6.75
ZWE,1888,6.75
ZWE,1889,6.75
ZWE,1890,6.75
ZWE,1891,6.75
ZWE,1892,6.75
ZWE,1893,6.75
ZWE,1894,6.75
ZWE,1895,6.75
ZWE,1896,6.75
ZWE,1897,6.75
ZWE,1898,6.75
ZWE,1899,6.75
ZWE,1900,6.75
ZWE,1901,6.75
ZWE,1902,6.75
ZWE,1903,6.75
ZWE,1904,6.75
ZWE,1905,6.75
ZWE,1906,6.75
ZWE,1907,6.75
ZWE,1908,6.75
ZWE,1909,6.75
ZWE,1910,6.75
ZWE,1911,6.75
ZWE,1912,6.75
ZWE,1913,6.75
ZWE,1914,6.75
ZWE,1915,6.75
ZWE,1916,6.75
ZWE,1917,6.75
ZWE,1918,6.75
ZWE,1919,6.75
ZWE,1920,6.75
ZWE,1921,6.75
ZWE,1922,6.75
ZWE,1923,6.75
ZWE,1924,6.75
ZWE,1925,6.75
ZWE,1926,6.75
ZWE,1927,6.75
ZWE,1928,6.75
ZWE,1929,6.75
ZWE,1930,6.75
ZWE,1931,6.75
ZWE,1932,6.75
ZWE,1933,6.75
ZWE,1934,6.75
ZWE,1935,6.75
ZWE,1936,6.75
ZWE,1937,6.75
ZWE,1938,6.75
ZWE,1939,6.75
ZWE,1940,6.75
ZWE,1941,6.75
ZWE,1942,6.75
ZWE,1943,6.75
ZWE,1944,6.75
ZWE,1945,6.75
ZWE,1946,6.75
ZWE,1947,6.75
ZWE,1948,6.75
ZWE,1949,6.75
ZWE,1950,6.75
ZWE,1951,6.76
ZWE,1952,6.78
ZWE,1953,6.81
ZWE,1954,6.84
ZWE,1955,6.88
ZWE,1956,6.93
ZWE,1957,6.98
ZWE,1958,7.04
ZWE,1959,7.1
ZWE,1960,7.16
ZWE,1961,7.22
ZWE,1962,7.27
ZWE,1963,7.31
ZWE,1964,7.35
ZWE,1965,7.37
ZWE,1966,7.39
ZWE,1967,7.4
ZWE,1968,7.41
ZWE,1969,7.42
ZWE,1970,7.42
ZWE,1971,7.42
ZWE,1972,7.42
ZWE,1973,7.42
ZWE,1974,7.41
ZWE,1975,7.4
ZWE,1976,7.37
ZWE,1977,7.33
ZWE,1978,7.27
ZWE,1979,7.2
ZWE,1980,7.1
ZWE,1981,6.97
ZWE,1982,6.81
ZWE,1983,6.63
ZWE,1984,6.44
ZWE,1985,6.22
ZWE,1986,6
ZWE,1987,5.78
ZWE,1988,5.57
ZWE,1989,5.37
ZWE,1990,5.18
ZWE,1991,5
ZWE,1992,4.84
ZWE,1993,4.69
ZWE,1994,4.55
ZWE,1995,4.43
ZWE,1996,4.33
ZWE,1997,4.24
ZWE,1998,4.17
ZWE,1999,4.11
ZWE,2000,4.07
ZWE,2001,4.04
ZWE,2002,4.02
ZWE,2003,4
ZWE,2004,3.99
ZWE,2005,3.97
ZWE,2006,3.94
ZWE,2007,3.9
ZWE,2008,3.85
ZWE,2009,3.79
ZWE,2010,3.72
ZWE,2011,3.64
ZWE,2012,3.56
ZWE,2013,3.49
ZWE,2014,3.41
ZWE,2015,3.35
