code,year,life_expectancy
AFG,1800,28.21
AFG,1801,28.2
AFG,1802,28.19
AFG,1803,28.18
AFG,1804,28.17
AFG,1805,28.16
AFG,1806,28.15
AFG,1807,28.14
AFG,1808,28.13
AFG,1809,28.12
AFG,1810,28.11
AFG,1811,28.1
AFG,1812,28.09
AFG,1813,28.08
AFG,1814,28.07
AFG,1815,28.06
AFG,1816,28.05
AFG,1817,28.04
AFG,1818,28.03
AFG,1819,28.02
AFG,1820,28.01
AFG,1821,28
AFG,1822,27.99
AFG,1823,27.98
AFG,1824,27.97
AFG,1825,27.95
AFG,1826,27.94
AFG,1827,27.93
AFG,1828,27.92
AFG,1829,27.91
AFG,1830,27.9
AFG,1831,27.89
AFG,1832,27.88
AFG,1833,27.87
AFG,1834,27.86
AFG,1835,27.85
AFG,1836,27.84
AFG,1837,27.83
AFG,1838,27.82
AFG,1839,27.81
AFG,1840,27.8
AFG,1841,27.79
AFG,1842,27.78
AFG,1843,27.77
AFG,1844,27.76
AFG,1845,27.75
AFG,1846,27.74
AFG,1847,27.73
AFG,1848,27.72
AFG,1849,27.71
AFG,1850,27.7
AFG,1851,27.69
AFG,1852,27.68
AFG,1853,27.67
AFG,1854,27.66
AFG,1855,27.65
AFG,1856,27.64
AFG,1857,27.63
AFG,1858,27.62
AFG,1859,27.61
AFG,1860,27.6
AFG,1861,27.59
AFG,1862,27.58
AFG,1863,27.57
AFG,1864,27.56
AFG,1865,27.54
AFG,1866,27.53
AFG,1867,27.52
AFG,1868,27.51
AFG,1869,27.5
AFG,1870,27.49
AFG,1871,27.48
AFG,1872,27.47
AFG,1873,27.46
AFG,1874,27.45
AFG,1875,27.44
AFG,1876,27.43
AFG,1877,27.42
AFG,1878,27.41
AFG,1879,27.4
AFG,1880,27.39
AFG,1881,27.38
AFG,1882,27.37
AFG,1883,27.36
AFG,1884,27.35
AFG,1885,27.34
AFG,1886,27.33
AFG,1887,27.32
AFG,1888,27.31
AFG,1889,27.3
AFG,1890,27.29
AFG,1891,27.28
AFG,1892,27.27
AFG,1893,27.26
AFG,1894,27.25
AFG,1895,27.24
AFG,1896,27.23
AFG,1897,27.22
AFG,1898,27.21
AFG,1899,27.2
AFG,1900,27.19
AFG,1901,27.18
AFG,1902,27.17
AFG,1903,27.16
AFG,1904,27.15
AFG,1905,27.14
AFG,1906,27.12
AFG,1907,27.11
AFG,1908,27.1
AFG,1909,27.09
AFG,1910,27.08
AFG,1911,27.07
AFG,1912,27.06
AFG,1913,27.05
AFG,1914,27.04
AFG,1915,27.03
AFG,1916,27.02
AFG,1917,27.01
AFG,1918,7.05
AFG,1919,26.99
AFG,1920,26.98
AFG,1921,26.97
AFG,1922,26.96
AFG,1923,26.95
AFG,1924,26.94
AFG,1925,26.93
AFG,1926,26.92
AFG,1927,26.91
AFG,1928,26.9
AFG,1929,26.89
AFG,1930,26.88
AFG,1931,26.87
AFG,1932,26.86
AFG,1933,26.85
AFG,1934,26.84
AFG,1935,26.83
AFG,1936,26.82
AFG,1937,26.81
AFG,1938,26.8
AFG,1939,26.79
AFG,1940,26.78
AFG,1941,26.79
AFG,1942,26.8
AFG,1943,26.8
AFG,1944,26.81
AFG,1945,26.82
AFG,1946,26.82
AFG,1947,26.83
AFG,1948,26.83
AFG,1949,26.84
AFG,1950,26.85
AFG,1951,27.13
AFG,1952,27.67
AFG,1953,28.19
AFG,1954,28.73
AFG,1955,29.27
AFG,1956,29.8
AFG,1957,30.34
AFG,1958,30.86
AFG,1959,31.4
AFG,1960,31.94
AFG,1961,32.47
AFG,1962,33.01
AFG,1963,33.53
AFG,1964,34.07
AFG,1965,34.6
AFG,1966,35.13
AFG,1967,35.66
AFG,1968,36.17
AFG,1969,36.69
AFG,1970,37.2
AFG,1971,37.7
AFG,1972,38.19
AFG,1973,38.67
AFG,1974,39.14
AFG,1975,39.61
AFG,1976,40.07
AFG,1977,40.53
AFG,1978,40.98
AFG,1979,41.46
AFG,1980,41.96
AFG,1981,42.51
AFG,1982,43.11
AFG,1983,43.75
AFG,1984,44.45
AFG,1985,45.21
AFG,1986,46.02
AFG,1987,46.87
AFG,1988,47.74
AFG,1989,48.62
AFG,1990,49.5
AFG,1991,49.3
AFG,1992,49.4
AFG,1993,49.5
AFG,1994,48.9
AFG,1995,49.4
AFG,1996,49.7
AFG,1997,49.5
AFG,1998,48.6
AFG,1999,50
AFG,2000,50.1
AFG,2001,50.4
AFG,2002,51
AFG,2003,51.4
AFG,2004,51.8
AFG,2005,52
AFG,2006,52.1
AFG,2007,52.4
AFG,2008,52.8
AFG,2009,53.3
AFG,2010,53.6
AFG,2011,54
AFG,2012,54.4
AFG,2013,54.8
AFG,2014,54.9
AFG,2015,53.8
AFG,2016,52.72
ALB,1800,35.4
ALB,1801,35.4
ALB,1802,35.4
ALB,1803,35.4
ALB,1804,35.4
ALB,1805,35.4
ALB,1806,35.4
ALB,1807,35.4
ALB,1808,35.4
ALB,1809,35.4
ALB,1810,35.4
ALB,1811,35.4
ALB,1812,35.4
ALB,1813,35.4
ALB,1814,35.4
ALB,1815,35.4
ALB,1816,35.4
ALB,1817,35.4
ALB,1818,35.4
ALB,1819,35.4
ALB,1820,35.4
ALB,1821,35.4
ALB,1822,35.4
ALB,1823,35.4
ALB,1824,35.4
ALB,1825,35.4
ALB,1826,35.4
ALB,1827,35.4
ALB,1828,35.4
ALB,1829,35.4
ALB,1830,35.4
ALB,1831,35.4
ALB,1832,35.4
ALB,1833,35.4
ALB,1834,35.4
ALB,1835,35.4
ALB,1836,35.4
ALB,1837,35.4
ALB,1838,35.4
ALB,1839,35.4
ALB,1840,35.4
ALB,1841,35.4
ALB,1842,35.4
ALB,1843,35.4
ALB,1844,35.4
ALB,1845,35.4
ALB,1846,35.4
ALB,1847,35.4
ALB,1848,35.4
ALB,1849,35.4
ALB,1850,35.4
ALB,1851,35.4
ALB,1852,35.4
ALB,1853,35.4
ALB,1854,35.4
ALB,1855,35.4
ALB,1856,35.4
ALB,1857,35.4
ALB,1858,35.4
ALB,1859,35.4
ALB,1860,35.4
ALB,1861,35.4
ALB,1862,35.4
ALB,1863,35.4
ALB,1864,35.4
ALB,1865,35.4
ALB,1866,35.4
ALB,1867,35.4
ALB,1868,35.4
ALB,1869,35.4
ALB,1870,35.4
ALB,1871,35.4
ALB,1872,35.4
ALB,1873,35.4
ALB,1874,35.4
ALB,1875,35.4
ALB,1876,35.4
ALB,1877,35.4
ALB,1878,35.4
ALB,1879,35.4
ALB,1880,35.4
ALB,1881,35.4
ALB,1882,35.4
ALB,1883,35.4
ALB,1884,35.4
ALB,1885,35.4
ALB,1886,35.4
ALB,1887,35.4
ALB,1888,35.4
ALB,1889,35.4
ALB,1890,35.4
ALB,1891,35.4
ALB,1892,35.4
ALB,1893,35.4
ALB,1894,35.4
ALB,1895,35.4
ALB,1896,35.4
ALB,1897,35.4
ALB,1898,35.4
ALB,1899,35.4
ALB,1900,35.4
ALB,1901,35.4
ALB,1902,35.4
ALB,1903,35.4
ALB,1904,35.4
ALB,1905,35.4
ALB,1906,35.4
ALB,1907,35.4
ALB,1908,35.4
ALB,1909,35.4
ALB,1910,35.4
ALB,1911,35.4
ALB,1912,35.4
ALB,1913,35.4
ALB,1914,35.4
ALB,1915,35.4
ALB,1916,35.4
ALB,1917,35.4
ALB,1918,19.43
ALB,1919,35.4
ALB,1920,35.4
ALB,1921,35.4
ALB,1922,35.4
ALB,1923,35.4
ALB,1924,35.4
ALB,1925,35.4
ALB,1926,35.4
ALB,1927,35.4
ALB,1928,35.4
ALB,1929,35.4
ALB,1930,36.29
ALB,1931,37.19
ALB,1932,38.08
ALB,1933,38.98
ALB,1934,39.87
ALB,1935,40.77
ALB,1936,41.66
ALB,1937,42.56
ALB,1938,43.45
ALB,1939,43
ALB,1940,42
ALB,1941,41.53
ALB,1942,40.06
ALB,1943,37.09
ALB,1944,34.12
ALB,1945,47.15
ALB,1946,50.18
ALB,1947,51.71
ALB,1948,52.63
ALB,1949,53.56
ALB,1950,54.48
ALB,1951,54.72
ALB,1952,55.23
ALB,1953,55.85
ALB,1954,56.59
ALB,1955,57.45
ALB,1956,58.42
ALB,1957,59.48
ALB,1958,60.6
ALB,1959,61.75
ALB,1960,62.87
ALB,1961,63.92
ALB,1962,64.84
ALB,1963,65.6
ALB,1964,66.18
ALB,1965,66.59
ALB,1966,66.88
ALB,1967,67.11
ALB,1968,67.32
ALB,1969,67.55
ALB,1970,67.83
ALB,1971,68.16
ALB,1972,68.53
ALB,1973,68.93
ALB,1974,69.35
ALB,1975,69.77
ALB,1976,70.17
ALB,1977,70.54
ALB,1978,70.86
ALB,1979,71.14
ALB,1980,71.39
ALB,1981,71.63
ALB,1982,71.88
ALB,1983,72.15
ALB,1984,72.42
ALB,1985,72.71
ALB,1986,72.96
ALB,1987,73.14
ALB,1988,73.25
ALB,1989,73.3
ALB,1990,73.3
ALB,1991,73.4
ALB,1992,73.6
ALB,1993,73.6
ALB,1994,73.6
ALB,1995,73.7
ALB,1996,73.8
ALB,1997,74.1
ALB,1998,74.2
ALB,1999,74.2
ALB,2000,74.7
ALB,2001,75.1
ALB,2002,75.5
ALB,2003,75.7
ALB,2004,75.9
ALB,2005,76.2
ALB,2006,76.4
ALB,2007,76.6
ALB,2008,76.8
ALB,2009,77
ALB,2010,77.2
ALB,2011,77.4
ALB,2012,77.5
ALB,2013,77.7
ALB,2014,77.9
ALB,2015,78
ALB,2016,78.1
DZA,1800,28.82
DZA,1801,28.82
DZA,1802,28.82
DZA,1803,28.82
DZA,1804,28.82
DZA,1805,28.82
DZA,1806,28.82
DZA,1807,28.82
DZA,1808,28.82
DZA,1809,28.82
DZA,1810,28.82
DZA,1811,28.82
DZA,1812,28.82
DZA,1813,28.82
DZA,1814,28.82
DZA,1815,28.82
DZA,1816,28.82
DZA,1817,28.82
DZA,1818,28.82
DZA,1819,28.82
DZA,1820,28.82
DZA,1821,28.82
DZA,1822,28.82
DZA,1823,28.82
DZA,1824,28.82
DZA,1825,28.82
DZA,1826,28.82
DZA,1827,28.82
DZA,1828,28.82
DZA,1829,28.82
DZA,1830,28.82
DZA,1831,28.82
DZA,1832,28.82
DZA,1833,28.82
DZA,1834,28.82
DZA,1835,28.82
DZA,1836,28.82
DZA,1837,28.82
DZA,1838,28.82
DZA,1839,28.82
DZA,1840,28.82
DZA,1841,28.82
DZA,1842,28.82
DZA,1843,28.82
DZA,1844,28.82
DZA,1845,28.82
DZA,1846,28.82
DZA,1847,28.82
DZA,1848,28.82
DZA,1849,20
DZA,1850,15
DZA,1851,22
DZA,1852,28.82
DZA,1853,28.82
DZA,1854,28.82
DZA,1855,28.82
DZA,1856,28.82
DZA,1857,28.82
DZA,1858,28.82
DZA,1859,28.82
DZA,1860,28.82
DZA,1861,28.82
DZA,1862,28.82
DZA,1863,28.82
DZA,1864,28.82
DZA,1865,28.82
DZA,1866,28.82
DZA,1867,21
DZA,1868,11
DZA,1869,15
DZA,1870,22
DZA,1871,28.82
DZA,1872,28.82
DZA,1873,28.82
DZA,1874,28.82
DZA,1875,28.82
DZA,1876,28.82
DZA,1877,28.82
DZA,1878,28.82
DZA,1879,28.82
DZA,1880,28.82
DZA,1881,28.82
DZA,1882,28.82
DZA,1883,28.82
DZA,1884,28.82
DZA,1885,28.82
DZA,1886,28.82
DZA,1887,28.82
DZA,1888,28.82
DZA,1889,28.82
DZA,1890,28.82
DZA,1891,28.82
DZA,1892,28.82
DZA,1893,28.82
DZA,1894,28.82
DZA,1895,28.82
DZA,1896,28.82
DZA,1897,28.82
DZA,1898,28.82
DZA,1899,28.82
DZA,1900,28.86
DZA,1901,28.9
DZA,1902,28.94
DZA,1903,29.86
DZA,1904,24.12
DZA,1905,26.7
DZA,1906,28.03
DZA,1907,27.93
DZA,1908,27.84
DZA,1909,29.26
DZA,1910,30.79
DZA,1911,30.51
DZA,1912,31.79
DZA,1913,29.66
DZA,1914,29.16
DZA,1915,28.66
DZA,1916,28.29
DZA,1917,28.29
DZA,1918,22.06
DZA,1919,28.29
DZA,1920,27.5
DZA,1921,27.5
DZA,1922,27.22
DZA,1923,29.62
DZA,1924,30.97
DZA,1925,31.64
DZA,1926,30.97
DZA,1927,26.49
DZA,1928,29.79
DZA,1929,29.96
DZA,1930,31.14
DZA,1931,29.18
DZA,1932,30.4
DZA,1933,31.52
DZA,1934,30.94
DZA,1935,32.6
DZA,1936,33.7
DZA,1937,31.92
DZA,1938,31.3
DZA,1939,33.36
DZA,1940,33.72
DZA,1941,32.16
DZA,1942,31.6
DZA,1943,27.38
DZA,1944,32.36
DZA,1945,30.34
DZA,1946,32.41
DZA,1947,35.48
DZA,1948,38.34
DZA,1949,40.55
DZA,1950,42.77
DZA,1951,43.03
DZA,1952,43.5
DZA,1953,43.96
DZA,1954,44.44
DZA,1955,44.93
DZA,1956,45.44
DZA,1957,45.94
DZA,1958,46.45
DZA,1959,46.97
DZA,1960,47.5
DZA,1961,48.02
DZA,1962,48.55
DZA,1963,49.07
DZA,1964,49.58
DZA,1965,50.09
DZA,1966,50.58
DZA,1967,51.05
DZA,1968,51.49
DZA,1969,51.95
DZA,1970,52.41
DZA,1971,52.88
DZA,1972,53.38
DZA,1973,53.91
DZA,1974,54.52
DZA,1975,55.24
DZA,1976,56.11
DZA,1977,57.13
DZA,1978,58.28
DZA,1979,59.56
DZA,1980,60.92
DZA,1981,62.31
DZA,1982,63.69
DZA,1983,64.97
DZA,1984,66.15
DZA,1985,67.18
DZA,1986,68.04
DZA,1987,68.75
DZA,1988,69.33
DZA,1989,69.81
DZA,1990,70.2
DZA,1991,70.5
DZA,1992,70.9
DZA,1993,71.2
DZA,1994,71.4
DZA,1995,71.6
DZA,1996,72.1
DZA,1997,72.4
DZA,1998,72.6
DZA,1999,73
DZA,2000,73.3
DZA,2001,73.5
DZA,2002,73.8
DZA,2003,73.9
DZA,2004,74.4
DZA,2005,74.8
DZA,2006,75
DZA,2007,75.3
DZA,2008,75.5
DZA,2009,75.7
DZA,2010,76
DZA,2011,76.1
DZA,2012,76.2
DZA,2013,76.3
DZA,2014,76.3
DZA,2015,76.4
DZA,2016,76.5
ASM,1990,70.2
ASM,1991,70.2
ASM,1992,70.2
ASM,1993,70.5
ASM,1994,70.5
ASM,1995,70.6
ASM,1996,70.7
ASM,1997,70.8
ASM,1998,71
ASM,1999,71.4
ASM,2000,71.7
ASM,2001,71.7
ASM,2002,71.7
ASM,2003,71.7
ASM,2004,71.8
ASM,2005,72
ASM,2006,72.2
ASM,2007,72.4
ASM,2008,72.7
ASM,2009,71.3
ASM,2010,72.8
ASM,2011,72.6
ASM,2012,72.6
ASM,2013,72.7
ASM,2014,72.8
ASM,2015,72.9
ASM,2016,73
AND,1990,81.7
AND,1991,81.8
AND,1992,81.9
AND,1993,82.2
AND,1994,82.3
AND,1995,82.6
AND,1996,82.8
AND,1997,83.1
AND,1998,83.3
AND,1999,83.5
AND,2000,83.7
AND,2001,83.9
AND,2002,84.1
AND,2003,84.2
AND,2004,84.1
AND,2005,84.3
AND,2006,84.4
AND,2007,84.5
AND,2008,84.6
AND,2009,84.6
AND,2010,84.7
AND,2011,84.7
AND,2012,84.7
AND,2013,84.8
AND,2014,84.8
AND,2015,84.8
AND,2016,84.8
AGO,1800,26.98
AGO,1801,26.98
AGO,1802,26.98
AGO,1803,26.98
AGO,1804,26.98
AGO,1805,26.98
AGO,1806,26.98
AGO,1807,26.98
AGO,1808,26.98
AGO,1809,26.98
AGO,1810,26.98
AGO,1811,26.98
AGO,1812,26.98
AGO,1813,26.98
AGO,1814,26.98
AGO,1815,26.98
AGO,1816,26.98
AGO,1817,26.98
AGO,1818,26.98
AGO,1819,26.98
AGO,1820,26.98
AGO,1821,26.98
AGO,1822,26.98
AGO,1823,26.98
AGO,1824,26.98
AGO,1825,26.98
AGO,1826,26.98
AGO,1827,26.98
AGO,1828,26.98
AGO,1829,26.98
AGO,1830,26.98
AGO,1831,26.98
AGO,1832,26.98
AGO,1833,26.98
AGO,1834,26.98
AGO,1835,26.98
AGO,1836,26.98
AGO,1837,26.98
AGO,1838,26.98
AGO,1839,26.98
AGO,1840,26.98
AGO,1841,26.98
AGO,1842,26.98
AGO,1843,26.98
AGO,1844,26.98
AGO,1845,26.98
AGO,1846,26.98
AGO,1847,26.98
AGO,1848,26.98
AGO,1849,26.98
AGO,1850,26.98
AGO,1851,26.98
AGO,1852,26.98
AGO,1853,26.98
AGO,1854,26.98
AGO,1855,26.98
AGO,1856,26.98
AGO,1857,26.98
AGO,1858,26.98
AGO,1859,26.98
AGO,1860,26.98
AGO,1861,26.98
AGO,1862,26.98
AGO,1863,26.98
AGO,1864,26.98
AGO,1865,26.98
AGO,1866,26.98
AGO,1867,26.98
AGO,1868,26.98
AGO,1869,26.98
AGO,1870,26.98
AGO,1871,26.98
AGO,1872,26.98
AGO,1873,26.98
AGO,1874,26.98
AGO,1875,26.98
AGO,1876,26.98
AGO,1877,26.98
AGO,1878,26.98
AGO,1879,26.98
AGO,1880,26.98
AGO,1881,26.98
AGO,1882,26.98
AGO,1883,26.98
AGO,1884,26.98
AGO,1885,26.98
AGO,1886,26.98
AGO,1887,26.98
AGO,1888,26.98
AGO,1889,26.98
AGO,1890,26.98
AGO,1891,26.98
AGO,1892,26.98
AGO,1893,26.98
AGO,1894,26.98
AGO,1895,26.98
AGO,1896,26.98
AGO,1897,26.98
AGO,1898,26.98
AGO,1899,26.98
AGO,1900,26.98
AGO,1901,26.98
AGO,1902,26.98
AGO,1903,26.98
AGO,1904,26.98
AGO,1905,26.98
AGO,1906,26.98
AGO,1907,26.98
AGO,1908,26.98
AGO,1909,26.98
AGO,1910,26.98
AGO,1911,26.98
AGO,1912,26.98
AGO,1913,26.98
AGO,1914,26.98
AGO,1915,26.98
AGO,1916,26.98
AGO,1917,26.98
AGO,1918,10.43
AGO,1919,26.98
AGO,1920,26.98
AGO,1921,26.98
AGO,1922,26.98
AGO,1923,26.98
AGO,1924,26.98
AGO,1925,26.98
AGO,1926,26.98
AGO,1927,26.98
AGO,1928,26.98
AGO,1929,26.98
AGO,1930,26.98
AGO,1931,26.98
AGO,1932,26.98
AGO,1933,26.98
AGO,1934,26.98
AGO,1935,26.98
AGO,1936,26.98
AGO,1937,26.98
AGO,1938,26.98
AGO,1939,26.98
AGO,1940,26.98
AGO,1941,27.35
AGO,1942,27.73
AGO,1943,28.1
AGO,1944,28.47
AGO,1945,28.84
AGO,1946,29.21
AGO,1947,29.58
AGO,1948,29.95
AGO,1949,30.33
AGO,1950,30.7
AGO,1951,31.05
AGO,1952,31.59
AGO,1953,32.14
AGO,1954,32.69
AGO,1955,33.24
AGO,1956,33.78
AGO,1957,34.33
AGO,1958,34.88
AGO,1959,35.43
AGO,1960,35.98
AGO,1961,36.53
AGO,1962,37.08
AGO,1963,37.63
AGO,1964,38.18
AGO,1965,38.74
AGO,1966,39.28
AGO,1967,39.84
AGO,1968,40.39
AGO,1969,40.95
AGO,1970,41.5
AGO,1971,42.06
AGO,1972,42.62
AGO,1973,43.17
AGO,1974,43.71
AGO,1975,44.22
AGO,1976,44.68
AGO,1977,45.12
AGO,1978,45.5
AGO,1979,45.84
AGO,1980,46.14
AGO,1981,46.42
AGO,1982,46.69
AGO,1983,46.96
AGO,1984,47.23
AGO,1985,47.5
AGO,1986,47.75
AGO,1987,47.99
AGO,1988,48.2
AGO,1989,48.4
AGO,1990,48.6
AGO,1991,49.3
AGO,1992,49.6
AGO,1993,48.4
AGO,1994,50
AGO,1995,50.9
AGO,1996,51.3
AGO,1997,51.7
AGO,1998,51.8
AGO,1999,51.8
AGO,2000,52.3
AGO,2001,52.5
AGO,2002,53.3
AGO,2003,53.9
AGO,2004,54.5
AGO,2005,55.2
AGO,2006,55.7
AGO,2007,56.2
AGO,2008,56.7
AGO,2009,57.1
AGO,2010,57.6
AGO,2011,58.1
AGO,2012,58.5
AGO,2013,58.8
AGO,2014,59.2
AGO,2015,59.6
AGO,2016,60
ATG,1800,33.54
ATG,1801,33.54
ATG,1802,33.54
ATG,1803,33.54
ATG,1804,33.54
ATG,1805,33.54
ATG,1806,33.54
ATG,1807,33.54
ATG,1808,33.54
ATG,1809,33.54
ATG,1810,33.54
ATG,1811,33.54
ATG,1812,33.54
ATG,1813,33.54
ATG,1814,33.54
ATG,1815,33.54
ATG,1816,33.54
ATG,1817,33.54
ATG,1818,33.54
ATG,1819,33.54
ATG,1820,33.54
ATG,1821,33.54
ATG,1822,33.54
ATG,1823,33.54
ATG,1824,33.54
ATG,1825,33.54
ATG,1826,33.54
ATG,1827,33.54
ATG,1828,33.54
ATG,1829,33.54
ATG,1830,33.54
ATG,1831,33.54
ATG,1832,33.54
ATG,1833,33.54
ATG,1834,33.54
ATG,1835,33.54
ATG,1836,33.54
ATG,1837,33.54
ATG,1838,33.54
ATG,1839,33.54
ATG,1840,33.54
ATG,1841,33.54
ATG,1842,33.54
ATG,1843,33.54
ATG,1844,33.54
ATG,1845,33.54
ATG,1846,33.54
ATG,1847,33.54
ATG,1848,33.54
ATG,1849,33.54
ATG,1850,33.54
ATG,1851,33.54
ATG,1852,33.54
ATG,1853,33.54
ATG,1854,33.54
ATG,1855,33.54
ATG,1856,33.54
ATG,1857,33.54
ATG,1858,33.54
ATG,1859,33.54
ATG,1860,33.54
ATG,1861,33.54
ATG,1862,33.54
ATG,1863,33.54
ATG,1864,33.54
ATG,1865,33.54
ATG,1866,33.54
ATG,1867,33.54
ATG,1868,33.54
ATG,1869,33.54
ATG,1870,33.54
ATG,1871,33.54
ATG,1872,33.54
ATG,1873,33.54
ATG,1874,33.54
ATG,1875,33.54
ATG,1876,33.54
ATG,1877,33.54
ATG,1878,33.54
ATG,1879,33.54
ATG,1880,33.54
ATG,1881,33.54
ATG,1882,33.54
ATG,1883,33.54
ATG,1884,33.54
ATG,1885,33.54
ATG,1886,33.54
ATG,1887,33.54
ATG,1888,33.54
ATG,1889,33.54
ATG,1890,33.54
ATG,1891,33.54
ATG,1892,33.54
ATG,1893,33.54
ATG,1894,33.54
ATG,1895,33.54
ATG,1896,33.54
ATG,1897,33.54
ATG,1898,33.54
ATG,1899,33.54
ATG,1900,33.54
ATG,1901,33.54
ATG,1902,33.54
ATG,1903,33.54
ATG,1904,33.54
ATG,1905,33.54
ATG,1906,33.54
ATG,1907,33.54
ATG,1908,33.54
ATG,1909,33.54
ATG,1910,33.54
ATG,1911,33.54
ATG,1912,33.54
ATG,1913,33.54
ATG,1914,33.54
ATG,1915,33.54
ATG,1916,33.54
ATG,1917,33.54
ATG,1918,21.75
ATG,1919,33.54
ATG,1920,33.54
ATG,1921,33.54
ATG,1922,34.36
ATG,1923,35.19
ATG,1924,36.02
ATG,1925,36.85
ATG,1926,37.67
ATG,1927,38.5
ATG,1928,39.33
ATG,1929,40.16
ATG,1930,40.98
ATG,1931,41.81
ATG,1932,42.64
ATG,1933,43.47
ATG,1934,44.29
ATG,1935,45.12
ATG,1936,45.95
ATG,1937,46.78
ATG,1938,47.6
ATG,1939,48.43
ATG,1940,49.26
ATG,1941,50.13
ATG,1942,51.01
ATG,1943,51.87
ATG,1944,52.74
ATG,1945,53.62
ATG,1946,54.49
ATG,1947,55.35
ATG,1948,56.22
ATG,1949,57.1
ATG,1950,57.97
ATG,1951,58.26
ATG,1952,58.8
ATG,1953,59.34
ATG,1954,59.87
ATG,1955,60.41
ATG,1956,60.93
ATG,1957,61.45
ATG,1958,61.97
ATG,1959,62.48
ATG,1960,62.97
ATG,1961,63.46
ATG,1962,63.93
ATG,1963,64.38
ATG,1964,64.81
ATG,1965,65.23
ATG,1966,65.63
ATG,1967,66.03
ATG,1968,66.41
ATG,1969,66.81
ATG,1970,67.19
ATG,1971,67.56
ATG,1972,67.94
ATG,1973,68.3
ATG,1974,68.64
ATG,1975,68.99
ATG,1976,69.32
ATG,1977,69.64
ATG,1978,69.96
ATG,1979,70.28
ATG,1980,70.59
ATG,1981,70.9
ATG,1982,71.22
ATG,1983,71.52
ATG,1984,71.82
ATG,1985,72.13
ATG,1986,72.42
ATG,1987,72.7
ATG,1988,72.97
ATG,1989,73.24
ATG,1990,73.5
ATG,1991,73.6
ATG,1992,73.5
ATG,1993,73.4
ATG,1994,73.4
ATG,1995,73.5
ATG,1996,73.5
ATG,1997,73.9
ATG,1998,74.1
ATG,1999,74
ATG,2000,73.8
ATG,2001,74.1
ATG,2002,74.3
ATG,2003,74.5
ATG,2004,74.6
ATG,2005,74.9
ATG,2006,74.9
ATG,2007,75.3
ATG,2008,75.5
ATG,2009,75.7
ATG,2010,75.8
ATG,2011,75.9
ATG,2012,76.1
ATG,2013,76.2
ATG,2014,76.3
ATG,2015,76.4
ATG,2016,76.5
ARG,1800,33.2
ARG,1801,33.2
ARG,1802,33.2
ARG,1803,33.2
ARG,1804,33.2
ARG,1805,33.2
ARG,1806,33.2
ARG,1807,33.2
ARG,1808,33.2
ARG,1809,33.2
ARG,1810,33.2
ARG,1811,33.2
ARG,1812,33.2
ARG,1813,33.2
ARG,1814,33.2
ARG,1815,33.2
ARG,1816,33.2
ARG,1817,33.2
ARG,1818,33.2
ARG,1819,33.2
ARG,1820,33.2
ARG,1821,33.2
ARG,1822,33.2
ARG,1823,33.2
ARG,1824,33.2
ARG,1825,33.2
ARG,1826,33.2
ARG,1827,33.2
ARG,1828,33.2
ARG,1829,33.2
ARG,1830,33.2
ARG,1831,33.2
ARG,1832,33.2
ARG,1833,33.2
ARG,1834,33.2
ARG,1835,33.2
ARG,1836,33.2
ARG,1837,33.2
ARG,1838,33.2
ARG,1839,33.2
ARG,1840,33.2
ARG,1841,33.2
ARG,1842,33.2
ARG,1843,33.2
ARG,1844,33.2
ARG,1845,33.2
ARG,1846,33.2
ARG,1847,33.2
ARG,1848,33.2
ARG,1849,33.2
ARG,1850,33.2
ARG,1851,33.2
ARG,1852,33.2
ARG,1853,33.2
ARG,1854,33.2
ARG,1855,33.2
ARG,1856,33.2
ARG,1857,33.2
ARG,1858,33.2
ARG,1859,33.2
ARG,1860,33.2
ARG,1861,33.2
ARG,1862,33.2
ARG,1863,33.2
ARG,1864,33.2
ARG,1865,33.2
ARG,1866,33.2
ARG,1867,33.2
ARG,1868,33.2
ARG,1869,33.2
ARG,1870,33.2
ARG,1871,33.2
ARG,1872,33.2
ARG,1873,33.2
ARG,1874,33.2
ARG,1875,33.2
ARG,1876,33.18
ARG,1877,33.16
ARG,1878,33.14
ARG,1879,33.12
ARG,1880,33.1
ARG,1881,33
ARG,1882,32.9
ARG,1883,32.8
ARG,1884,32.7
ARG,1885,32.6
ARG,1886,32.88
ARG,1887,33.16
ARG,1888,33.44
ARG,1889,33.72
ARG,1890,34
ARG,1891,33.86
ARG,1892,33.72
ARG,1893,33.58
ARG,1894,33.44
ARG,1895,33.3
ARG,1896,34
ARG,1897,34.7
ARG,1898,35.4
ARG,1899,36.1
ARG,1900,36.8
ARG,1901,37.38
ARG,1902,37.96
ARG,1903,38.54
ARG,1904,39.12
ARG,1905,39.7
ARG,1906,40.46
ARG,1907,41.22
ARG,1908,41.98
ARG,1909,42.74
ARG,1910,43.5
ARG,1911,44.04
ARG,1912,44.58
ARG,1913,45.12
ARG,1914,45.66
ARG,1915,46.2
ARG,1916,47
ARG,1917,47.8
ARG,1918,41.76
ARG,1919,49.4
ARG,1920,50.2
ARG,1921,50.68
ARG,1922,51.16
ARG,1923,51.64
ARG,1924,52.12
ARG,1925,52.6
ARG,1926,52.94
ARG,1927,53.28
ARG,1928,53.62
ARG,1929,53.96
ARG,1930,54.3
ARG,1931,54.3
ARG,1932,54.3
ARG,1933,54.3
ARG,1934,54.3
ARG,1935,54.3
ARG,1936,55.26
ARG,1937,56.22
ARG,1938,57.18
ARG,1939,58.14
ARG,1940,59.1
ARG,1941,59.7
ARG,1942,60.3
ARG,1943,60.9
ARG,1944,61.49
ARG,1945,62.09
ARG,1946,61.99
ARG,1947,61.9
ARG,1948,61.8
ARG,1949,61.7
ARG,1950,61.61
ARG,1951,61.93
ARG,1952,62.54
ARG,1953,63.1
ARG,1954,63.59
ARG,1955,64.03
ARG,1956,64.41
ARG,1957,64.73
ARG,1958,65
ARG,1959,65.22
ARG,1960,65.39
ARG,1961,65.53
ARG,1962,65.64
ARG,1963,65.74
ARG,1964,65.84
ARG,1965,65.95
ARG,1966,66.08
ARG,1967,66.26
ARG,1968,66.47
ARG,1969,66.72
ARG,1970,67.01
ARG,1971,67.32
ARG,1972,67.64
ARG,1973,67.96
ARG,1974,68.28
ARG,1975,68.6
ARG,1976,68.92
ARG,1977,69.24
ARG,1978,69.57
ARG,1979,69.89
ARG,1980,70.2
ARG,1981,70.51
ARG,1982,70.78
ARG,1983,71.04
ARG,1984,71.26
ARG,1985,71.46
ARG,1986,71.66
ARG,1987,71.84
ARG,1988,72.05
ARG,1989,72.26
ARG,1990,72.5
ARG,1991,72.7
ARG,1992,72.8
ARG,1993,73.1
ARG,1994,73.4
ARG,1995,73.5
ARG,1996,73.5
ARG,1997,73.6
ARG,1998,73.8
ARG,1999,73.9
ARG,2000,74.2
ARG,2001,74.3
ARG,2002,74.3
ARG,2003,74.5
ARG,2004,75
ARG,2005,75.3
ARG,2006,75.3
ARG,2007,75.2
ARG,2008,75.4
ARG,2009,75.6
ARG,2010,75.8
ARG,2011,76
ARG,2012,76.1
ARG,2013,76.2
ARG,2014,76.3
ARG,2015,76.5
ARG,2016,76.7
ARM,1800,34
ARM,1801,34
ARM,1802,34
ARM,1803,34
ARM,1804,34
ARM,1805,34
ARM,1806,34
ARM,1807,34
ARM,1808,34
ARM,1809,34
ARM,1810,34
ARM,1811,34
ARM,1812,34
ARM,1813,34
ARM,1814,34
ARM,1815,34
ARM,1816,34
ARM,1817,34
ARM,1818,34
ARM,1819,34
ARM,1820,34
ARM,1821,34
ARM,1822,34
ARM,1823,34
ARM,1824,34
ARM,1825,34
ARM,1826,34
ARM,1827,34
ARM,1828,34
ARM,1829,34
ARM,1830,34
ARM,1831,34
ARM,1832,34
ARM,1833,34
ARM,1834,34
ARM,1835,34
ARM,1836,34
ARM,1837,34
ARM,1838,34
ARM,1839,34
ARM,1840,34
ARM,1841,34
ARM,1842,34
ARM,1843,34
ARM,1844,34
ARM,1845,34
ARM,1846,34
ARM,1847,34
ARM,1848,34
ARM,1849,34
ARM,1850,34
ARM,1851,34
ARM,1852,34
ARM,1853,34
ARM,1854,34
ARM,1855,34
ARM,1856,34
ARM,1857,34
ARM,1858,34
ARM,1859,34
ARM,1860,34
ARM,1861,34
ARM,1862,34
ARM,1863,34
ARM,1864,33.47
ARM,1865,32.95
ARM,1866,32.42
ARM,1867,31.9
ARM,1868,31.38
ARM,1869,31.42
ARM,1870,31.46
ARM,1871,31.51
ARM,1872,31.55
ARM,1873,31.6
ARM,1874,31.8
ARM,1875,32
ARM,1876,32.2
ARM,1877,32.4
ARM,1878,32.6
ARM,1879,32.8
ARM,1880,33
ARM,1881,33.2
ARM,1882,33.4
ARM,1883,33.6
ARM,1884,33.8
ARM,1885,34
ARM,1886,34.2
ARM,1887,34.4
ARM,1888,34.6
ARM,1889,34.8
ARM,1890,35
ARM,1891,35.2
ARM,1892,35.4
ARM,1893,35.6
ARM,1894,35.8
ARM,1895,36
ARM,1896,36.2
ARM,1897,36.4
ARM,1898,36.23
ARM,1899,36.06
ARM,1900,35.9
ARM,1901,36.15
ARM,1902,36.4
ARM,1903,36.65
ARM,1904,36.9
ARM,1905,37.15
ARM,1906,37.4
ARM,1907,37.65
ARM,1908,37.9
ARM,1909,38.15
ARM,1910,38.4
ARM,1911,41.35
ARM,1912,41.78
ARM,1913,39.61
ARM,1914,39.2
ARM,1915,38.8
ARM,1916,38.8
ARM,1917,35.8
ARM,1918,27
ARM,1919,37
ARM,1920,28
ARM,1921,38
ARM,1922,39
ARM,1923,39.87
ARM,1924,42.37
ARM,1925,41.47
ARM,1926,44.67
ARM,1927,44
ARM,1928,45.51
ARM,1929,44.27
ARM,1930,43.58
ARM,1931,42
ARM,1932,39.5
ARM,1933,33
ARM,1934,45.95
ARM,1935,47.5
ARM,1936,49.17
ARM,1937,48.18
ARM,1938,49.87
ARM,1939,52.27
ARM,1940,49.8
ARM,1941,28.04
ARM,1942,24.59
ARM,1943,22.63
ARM,1944,30.18
ARM,1945,39.72
ARM,1946,57.07
ARM,1947,49.11
ARM,1948,57.23
ARM,1949,60.07
ARM,1950,62.41
ARM,1951,62.67
ARM,1952,63.13
ARM,1953,63.6
ARM,1954,64.07
ARM,1955,64.54
ARM,1956,65
ARM,1957,65.45
ARM,1958,65.92
ARM,1959,66.39
ARM,1960,66.86
ARM,1961,67.33
ARM,1962,67.82
ARM,1963,68.3
ARM,1964,68.78
ARM,1965,69.26
ARM,1966,69.74
ARM,1967,70.22
ARM,1968,70.67
ARM,1969,71.1
ARM,1970,71.47
ARM,1971,71.79
ARM,1972,72.02
ARM,1973,72.19
ARM,1974,72.28
ARM,1975,72.33
ARM,1976,72.38
ARM,1977,72.44
ARM,1978,72.53
ARM,1979,72.63
ARM,1980,72.72
ARM,1981,72.73
ARM,1982,72.64
ARM,1983,72.43
ARM,1984,72.1
ARM,1985,71.7
ARM,1986,71.24
ARM,1987,70.82
ARM,1988,70.46
ARM,1989,70.22
ARM,1990,70.1
ARM,1991,69.7
ARM,1992,68.8
ARM,1993,68.3
ARM,1994,68.6
ARM,1995,69.1
ARM,1996,69.4
ARM,1997,70
ARM,1998,70.5
ARM,1999,70.8
ARM,2000,71.3
ARM,2001,71.4
ARM,2002,71.6
ARM,2003,71.5
ARM,2004,71.8
ARM,2005,71.8
ARM,2006,71.7
ARM,2007,72.3
ARM,2008,72.3
ARM,2009,72.6
ARM,2010,73
ARM,2011,73.5
ARM,2012,73.9
ARM,2013,74.3
ARM,2014,74.5
ARM,2015,74.7
ARM,2016,74.9
ABW,1800,34.42
ABW,1801,34.42
ABW,1802,34.42
ABW,1803,34.42
ABW,1804,34.42
ABW,1805,34.42
ABW,1806,34.42
ABW,1807,34.42
ABW,1808,34.42
ABW,1809,34.42
ABW,1810,34.42
ABW,1811,34.42
ABW,1812,34.42
ABW,1813,34.42
ABW,1814,34.42
ABW,1815,34.42
ABW,1816,34.42
ABW,1817,34.42
ABW,1818,34.42
ABW,1819,34.42
ABW,1820,34.42
ABW,1821,34.42
ABW,1822,34.42
ABW,1823,34.42
ABW,1824,34.42
ABW,1825,34.42
ABW,1826,34.42
ABW,1827,34.42
ABW,1828,34.42
ABW,1829,34.42
ABW,1830,34.42
ABW,1831,34.42
ABW,1832,34.42
ABW,1833,34.42
ABW,1834,34.42
ABW,1835,34.42
ABW,1836,34.42
ABW,1837,34.42
ABW,1838,34.42
ABW,1839,34.42
ABW,1840,34.42
ABW,1841,34.42
ABW,1842,34.42
ABW,1843,34.42
ABW,1844,34.42
ABW,1845,34.42
ABW,1846,34.42
ABW,1847,34.42
ABW,1848,34.42
ABW,1849,34.42
ABW,1850,34.42
ABW,1851,34.42
ABW,1852,34.42
ABW,1853,34.42
ABW,1854,34.42
ABW,1855,34.42
ABW,1856,34.42
ABW,1857,34.42
ABW,1858,34.42
ABW,1859,34.42
ABW,1860,34.42
ABW,1861,34.42
ABW,1862,34.42
ABW,1863,34.42
ABW,1864,34.42
ABW,1865,34.42
ABW,1866,34.42
ABW,1867,34.42
ABW,1868,34.42
ABW,1869,34.42
ABW,1870,34.42
ABW,1871,34.42
ABW,1872,34.42
ABW,1873,34.42
ABW,1874,34.42
ABW,1875,34.42
ABW,1876,34.42
ABW,1877,34.42
ABW,1878,34.42
ABW,1879,34.42
ABW,1880,34.42
ABW,1881,34.42
ABW,1882,34.42
ABW,1883,34.42
ABW,1884,34.42
ABW,1885,34.42
ABW,1886,34.42
ABW,1887,34.42
ABW,1888,34.42
ABW,1889,34.42
ABW,1890,34.42
ABW,1891,34.42
ABW,1892,34.42
ABW,1893,34.42
ABW,1894,34.42
ABW,1895,34.42
ABW,1896,34.42
ABW,1897,34.42
ABW,1898,34.42
ABW,1899,34.42
ABW,1900,34.42
ABW,1901,34.42
ABW,1902,34.42
ABW,1903,34.42
ABW,1904,34.42
ABW,1905,34.42
ABW,1906,34.42
ABW,1907,34.42
ABW,1908,34.42
ABW,1909,34.42
ABW,1910,34.42
ABW,1911,34.42
ABW,1912,34.42
ABW,1913,34.42
ABW,1914,34.42
ABW,1915,34.42
ABW,1916,34.42
ABW,1917,34.42
ABW,1918,22.32
ABW,1919,34.42
ABW,1920,34.42
ABW,1921,34.42
ABW,1922,35.25
ABW,1923,36.07
ABW,1924,36.9
ABW,1925,37.73
ABW,1926,38.56
ABW,1927,39.38
ABW,1928,40.21
ABW,1929,41.04
ABW,1930,41.87
ABW,1931,42.69
ABW,1932,43.52
ABW,1933,44.35
ABW,1934,45.18
ABW,1935,46.01
ABW,1936,46.83
ABW,1937,47.66
ABW,1938,48.49
ABW,1939,49.32
ABW,1940,50.14
ABW,1941,50.97
ABW,1942,51.8
ABW,1943,52.63
ABW,1944,53.45
ABW,1945,54.28
ABW,1946,55.11
ABW,1947,55.94
ABW,1948,56.76
ABW,1949,57.59
ABW,1950,58.42
ABW,1951,58.96
ABW,1952,60.01
ABW,1953,60.98
ABW,1954,61.87
ABW,1955,62.69
ABW,1956,63.42
ABW,1957,64.09
ABW,1958,64.68
ABW,1959,65.2
ABW,1960,65.66
ABW,1961,66.07
ABW,1962,66.44
ABW,1963,66.79
ABW,1964,67.11
ABW,1965,67.44
ABW,1966,67.76
ABW,1967,68.1
ABW,1968,68.44
ABW,1969,68.78
ABW,1970,69.14
ABW,1971,69.5
ABW,1972,69.85
ABW,1973,70.19
ABW,1974,70.52
ABW,1975,70.83
ABW,1976,71.14
ABW,1977,71.44
ABW,1978,71.74
ABW,1979,72.02
ABW,1980,72.29
ABW,1981,72.54
ABW,1982,72.75
ABW,1983,72.93
ABW,1984,73.07
ABW,1985,73.18
ABW,1986,73.26
ABW,1987,73.33
ABW,1988,73.38
ABW,1989,73.43
ABW,1990,73.47
ABW,1991,73.51
ABW,1992,73.54
ABW,1993,73.57
ABW,1994,73.6
ABW,1995,73.62
ABW,1996,73.65
ABW,1997,73.67
ABW,1998,73.7
ABW,1999,73.73
ABW,2000,73.78
ABW,2001,73.85
ABW,2002,73.94
ABW,2003,74.05
ABW,2004,74.18
ABW,2005,74.32
ABW,2006,74.47
ABW,2007,74.62
ABW,2008,74.77
ABW,2009,74.92
ABW,2010,75.06
ABW,2011,75.19
ABW,2012,75.32
ABW,2013,75.46
ABW,2014,75.59
ABW,2015,75.72
ABW,2016,75.85
AUS,1800,34.05
AUS,1801,34.05
AUS,1802,34.05
AUS,1803,34.05
AUS,1804,34.05
AUS,1805,34.05
AUS,1806,34.05
AUS,1807,34.05
AUS,1808,34.05
AUS,1809,34.05
AUS,1810,34.05
AUS,1811,34.05
AUS,1812,34.05
AUS,1813,34.05
AUS,1814,34.05
AUS,1815,34.05
AUS,1816,34.05
AUS,1817,34.05
AUS,1818,34.05
AUS,1819,34.05
AUS,1820,34.05
AUS,1821,34.05
AUS,1822,34.05
AUS,1823,34.05
AUS,1824,34.05
AUS,1825,34.05
AUS,1826,34.05
AUS,1827,34.05
AUS,1828,34.05
AUS,1829,34.05
AUS,1830,34.05
AUS,1831,34.05
AUS,1832,34.05
AUS,1833,34.05
AUS,1834,34.05
AUS,1835,34.05
AUS,1836,34.05
AUS,1837,34.05
AUS,1838,34.05
AUS,1839,34.05
AUS,1840,34.05
AUS,1841,34.05
AUS,1842,34.05
AUS,1843,34.05
AUS,1844,34.05
AUS,1845,34.05
AUS,1846,34.05
AUS,1847,34.05
AUS,1848,34.05
AUS,1849,34.05
AUS,1850,34.05
AUS,1851,34.05
AUS,1852,34.05
AUS,1853,34.05
AUS,1854,34.05
AUS,1855,34.05
AUS,1856,34.05
AUS,1857,34.05
AUS,1858,34.05
AUS,1859,34.05
AUS,1860,34.05
AUS,1861,34.05
AUS,1862,34.05
AUS,1863,34.05
AUS,1864,34.05
AUS,1865,34.05
AUS,1866,34.05
AUS,1867,34.05
AUS,1868,34.05
AUS,1869,34.05
AUS,1870,34.05
AUS,1871,34.58
AUS,1872,35.11
AUS,1873,35.64
AUS,1874,36.17
AUS,1875,36.7
AUS,1876,37.23
AUS,1877,37.75
AUS,1878,38.28
AUS,1879,38.81
AUS,1880,39.34
AUS,1881,39.87
AUS,1882,40.4
AUS,1883,40.93
AUS,1884,41.46
AUS,1885,41.99
AUS,1886,42.52
AUS,1887,43.05
AUS,1888,43.58
AUS,1889,44.11
AUS,1890,44.63
AUS,1891,45.16
AUS,1892,45.69
AUS,1893,46.22
AUS,1894,46.75
AUS,1895,47.28
AUS,1896,47.81
AUS,1897,48.34
AUS,1898,48.87
AUS,1899,49.4
AUS,1900,49.93
AUS,1901,50.46
AUS,1902,50.98
AUS,1903,51.51
AUS,1904,52.04
AUS,1905,52.57
AUS,1906,53.1
AUS,1907,53.63
AUS,1908,54.16
AUS,1909,54.69
AUS,1910,55.22
AUS,1911,55.75
AUS,1912,56.28
AUS,1913,56.81
AUS,1914,57.34
AUS,1915,57.86
AUS,1916,58.39
AUS,1917,58.92
AUS,1918,54.8
AUS,1919,59.98
AUS,1920,60.51
AUS,1921,61.04
AUS,1922,62.89
AUS,1923,61.73
AUS,1924,62.53
AUS,1925,63.22
AUS,1926,62.94
AUS,1927,62.91
AUS,1928,62.96
AUS,1929,63.15
AUS,1930,64.96
AUS,1931,65.39
AUS,1932,65.69
AUS,1933,65.52
AUS,1934,64.88
AUS,1935,65.15
AUS,1936,65.27
AUS,1937,65.83
AUS,1938,65.87
AUS,1939,65.82
AUS,1940,66.26
AUS,1941,66.14
AUS,1942,65.88
AUS,1943,66.4
AUS,1944,68.03
AUS,1945,68.46
AUS,1946,67.97
AUS,1947,68.58
AUS,1948,68.5
AUS,1949,69.12
AUS,1950,69.01
AUS,1951,68.71
AUS,1952,69.11
AUS,1953,69.69
AUS,1954,69.84
AUS,1955,70.16
AUS,1956,70.03
AUS,1957,70.31
AUS,1958,70.86
AUS,1959,70.43
AUS,1960,70.87
AUS,1961,71.14
AUS,1962,70.91
AUS,1963,70.97
AUS,1964,70.63
AUS,1965,70.96
AUS,1966,70.79
AUS,1967,71.07
AUS,1968,70.7
AUS,1969,71.11
AUS,1970,70.78
AUS,1971,71.38
AUS,1972,71.9
AUS,1973,72.11
AUS,1974,71.86
AUS,1975,72.81
AUS,1976,72.84
AUS,1977,73.45
AUS,1978,73.84
AUS,1979,74.4
AUS,1980,74.56
AUS,1981,74.92
AUS,1982,74.7
AUS,1983,75.51
AUS,1984,75.98
AUS,1985,75.41
AUS,1986,76.08
AUS,1987,76.27
AUS,1988,76.3
AUS,1989,76.4
AUS,1990,77
AUS,1991,77.4
AUS,1992,77.6
AUS,1993,77.9
AUS,1994,78.1
AUS,1995,78.3
AUS,1996,78.5
AUS,1997,78.8
AUS,1998,79.2
AUS,1999,79.4
AUS,2000,79.8
AUS,2001,80.1
AUS,2002,80.3
AUS,2003,80.6
AUS,2004,80.9
AUS,2005,81.2
AUS,2006,81.4
AUS,2007,81.5
AUS,2008,81.6
AUS,2009,81.8
AUS,2010,82
AUS,2011,82.2
AUS,2012,82.4
AUS,2013,82.4
AUS,2014,82.3
AUS,2015,82.3
AUS,2016,82.3
AUT,1800,34.4
AUT,1801,34.4
AUT,1802,34.4
AUT,1803,34.4
AUT,1804,34.4
AUT,1805,34.4
AUT,1806,34.4
AUT,1807,34.4
AUT,1808,34.4
AUT,1809,34.4
AUT,1810,34.4
AUT,1811,34.4
AUT,1812,34.4
AUT,1813,34.4
AUT,1814,34.4
AUT,1815,34.4
AUT,1816,34.4
AUT,1817,34.4
AUT,1818,34.4
AUT,1819,34.4
AUT,1820,34.4
AUT,1821,34.4
AUT,1822,34.4
AUT,1823,34.4
AUT,1824,34.4
AUT,1825,34.4
AUT,1826,34.4
AUT,1827,34.4
AUT,1828,34.4
AUT,1829,34.4
AUT,1830,34.4
AUT,1831,34.4
AUT,1832,34.4
AUT,1833,34.4
AUT,1834,34.4
AUT,1835,34.4
AUT,1836,34.4
AUT,1837,34.4
AUT,1838,34.4
AUT,1839,34.4
AUT,1840,34.4
AUT,1841,34.4
AUT,1842,34.4
AUT,1843,34.4
AUT,1844,34.4
AUT,1845,34.4
AUT,1846,34.4
AUT,1847,34.4
AUT,1848,34.4
AUT,1849,34.4
AUT,1850,34.4
AUT,1851,34.4
AUT,1852,34.4
AUT,1853,34.4
AUT,1854,34.4
AUT,1855,34.4
AUT,1856,34.4
AUT,1857,34.4
AUT,1858,34.4
AUT,1859,34.4
AUT,1860,34.4
AUT,1861,34.4
AUT,1862,34.4
AUT,1863,34.4
AUT,1864,34.4
AUT,1865,34.4
AUT,1866,34.4
AUT,1867,34.4
AUT,1868,34.4
AUT,1869,34.4
AUT,1870,34.4
AUT,1871,34.45
AUT,1872,34.51
AUT,1873,34.56
AUT,1874,34.62
AUT,1875,34.67
AUT,1876,34.73
AUT,1877,34.78
AUT,1878,34.84
AUT,1879,34.89
AUT,1880,34.95
AUT,1881,35
AUT,1882,35.23
AUT,1883,35.46
AUT,1884,35.69
AUT,1885,35.92
AUT,1886,36.15
AUT,1887,36.38
AUT,1888,36.61
AUT,1889,36.84
AUT,1890,37.07
AUT,1891,37.3
AUT,1892,37.77
AUT,1893,38.24
AUT,1894,38.71
AUT,1895,39.18
AUT,1896,39.65
AUT,1897,40.12
AUT,1898,40.59
AUT,1899,41.06
AUT,1900,41.53
AUT,1901,42
AUT,1902,41.05
AUT,1903,40.1
AUT,1904,40.73
AUT,1905,41.35
AUT,1906,41.98
AUT,1907,42.6
AUT,1908,43.23
AUT,1909,43.85
AUT,1910,44.48
AUT,1911,45.1
AUT,1912,45.67
AUT,1913,46.24
AUT,1914,46.8
AUT,1915,47.37
AUT,1916,47.94
AUT,1917,48.51
AUT,1918,32.43
AUT,1919,49.64
AUT,1920,50.21
AUT,1921,50.78
AUT,1922,51.34
AUT,1923,51.91
AUT,1924,52.48
AUT,1925,53.05
AUT,1926,53.61
AUT,1927,54.18
AUT,1928,54.75
AUT,1929,55.32
AUT,1930,55.88
AUT,1931,56.45
AUT,1932,56.76
AUT,1933,57.06
AUT,1934,57.36
AUT,1935,57.67
AUT,1936,57.97
AUT,1937,58.27
AUT,1938,58.58
AUT,1939,58.1
AUT,1940,57.8
AUT,1941,56.5
AUT,1942,54.1
AUT,1943,50.2
AUT,1944,39.09
AUT,1945,31.39
AUT,1946,55.99
AUT,1947,61.3
AUT,1948,63.23
AUT,1949,63.42
AUT,1950,64.87
AUT,1951,65.24
AUT,1952,66.78
AUT,1953,67.27
AUT,1954,67.3
AUT,1955,67.58
AUT,1956,67.7
AUT,1957,67.46
AUT,1958,68.46
AUT,1959,68.39
AUT,1960,68.75
AUT,1961,69.72
AUT,1962,69.51
AUT,1963,69.64
AUT,1964,70.13
AUT,1965,69.92
AUT,1966,70.22
AUT,1967,70.1
AUT,1968,70.25
AUT,1969,70.02
AUT,1970,70.07
AUT,1971,70.27
AUT,1972,70.59
AUT,1973,71.16
AUT,1974,71.15
AUT,1975,71.28
AUT,1976,71.77
AUT,1977,72.12
AUT,1978,72.2
AUT,1979,72.51
AUT,1980,72.64
AUT,1981,72.96
AUT,1982,73.12
AUT,1983,73.19
AUT,1984,73.73
AUT,1985,73.95
AUT,1986,74.43
AUT,1987,74.86
AUT,1988,75.34
AUT,1989,75.43
AUT,1990,75.7
AUT,1991,75.8
AUT,1992,76
AUT,1993,76.2
AUT,1994,76.5
AUT,1995,76.8
AUT,1996,77.1
AUT,1997,77.6
AUT,1998,77.8
AUT,1999,78
AUT,2000,78.2
AUT,2001,78.6
AUT,2002,78.8
AUT,2003,79
AUT,2004,79.4
AUT,2005,79.5
AUT,2006,80
AUT,2007,80.1
AUT,2008,80.4
AUT,2009,80.3
AUT,2010,80.5
AUT,2011,80.7
AUT,2012,80.9
AUT,2013,81.1
AUT,2014,81.2
AUT,2015,81.3
AUT,2016,81.4
AZE,1800,29.17
AZE,1801,29.17
AZE,1802,29.17
AZE,1803,29.17
AZE,1804,29.17
AZE,1805,29.17
AZE,1806,29.17
AZE,1807,29.17
AZE,1808,29.17
AZE,1809,29.17
AZE,1810,29.17
AZE,1811,29.17
AZE,1812,29.17
AZE,1813,29.17
AZE,1814,29.17
AZE,1815,29.17
AZE,1816,29.17
AZE,1817,29.17
AZE,1818,29.17
AZE,1819,29.17
AZE,1820,29.17
AZE,1821,29.17
AZE,1822,29.17
AZE,1823,29.17
AZE,1824,29.17
AZE,1825,29.17
AZE,1826,29.17
AZE,1827,29.17
AZE,1828,29.17
AZE,1829,29.17
AZE,1830,29.17
AZE,1831,29.17
AZE,1832,29.17
AZE,1833,29.17
AZE,1834,29.17
AZE,1835,29.17
AZE,1836,29.17
AZE,1837,29.17
AZE,1838,29.17
AZE,1839,29.17
AZE,1840,29.17
AZE,1841,29.17
AZE,1842,29.17
AZE,1843,29.17
AZE,1844,29.17
AZE,1845,29.17
AZE,1846,29.17
AZE,1847,29.17
AZE,1848,29.17
AZE,1849,29.17
AZE,1850,29.17
AZE,1851,29.17
AZE,1852,29.17
AZE,1853,29.17
AZE,1854,29.17
AZE,1855,29.17
AZE,1856,29.17
AZE,1857,29.17
AZE,1858,29.17
AZE,1859,29.17
AZE,1860,29.17
AZE,1861,29.17
AZE,1862,29.17
AZE,1863,29.17
AZE,1864,28.64
AZE,1865,28.12
AZE,1866,27.59
AZE,1867,27.07
AZE,1868,26.55
AZE,1869,26.59
AZE,1870,26.63
AZE,1871,26.68
AZE,1872,26.72
AZE,1873,26.77
AZE,1874,26.97
AZE,1875,27.17
AZE,1876,27.37
AZE,1877,27.57
AZE,1878,27.77
AZE,1879,27.97
AZE,1880,28.17
AZE,1881,28.37
AZE,1882,28.57
AZE,1883,28.77
AZE,1884,28.97
AZE,1885,29.17
AZE,1886,29.37
AZE,1887,29.57
AZE,1888,29.77
AZE,1889,29.97
AZE,1890,30.17
AZE,1891,30.37
AZE,1892,30.57
AZE,1893,30.77
AZE,1894,30.97
AZE,1895,31.17
AZE,1896,31.37
AZE,1897,31.57
AZE,1898,31.4
AZE,1899,31.23
AZE,1900,31.07
AZE,1901,31.32
AZE,1902,31.57
AZE,1903,31.82
AZE,1904,32.07
AZE,1905,32.32
AZE,1906,32.57
AZE,1907,32.82
AZE,1908,33.07
AZE,1909,33.32
AZE,1910,33.57
AZE,1911,36.52
AZE,1912,36.95
AZE,1913,34.78
AZE,1914,34.37
AZE,1915,33.97
AZE,1916,33.97
AZE,1917,30.97
AZE,1918,22
AZE,1919,32
AZE,1920,30
AZE,1921,33
AZE,1922,34
AZE,1923,35.04
AZE,1924,37.54
AZE,1925,36.64
AZE,1926,39.84
AZE,1927,39.17
AZE,1928,40.68
AZE,1929,39.44
AZE,1930,38.75
AZE,1931,37
AZE,1932,34.5
AZE,1933,27
AZE,1934,41.12
AZE,1935,42.67
AZE,1936,44.34
AZE,1937,43.35
AZE,1938,45.04
AZE,1939,47.44
AZE,1940,44.97
AZE,1941,30.31
AZE,1942,26.83
AZE,1943,24.84
AZE,1944,32.06
AZE,1945,42.07
AZE,1946,52.06
AZE,1947,44.07
AZE,1948,52.16
AZE,1949,54.97
AZE,1950,57.29
AZE,1951,57.5
AZE,1952,57.93
AZE,1953,58.36
AZE,1954,58.79
AZE,1955,59.21
AZE,1956,59.63
AZE,1957,60.05
AZE,1958,60.48
AZE,1959,60.9
AZE,1960,61.33
AZE,1961,61.76
AZE,1962,62.2
AZE,1963,62.62
AZE,1964,63.06
AZE,1965,63.49
AZE,1966,63.91
AZE,1967,64.35
AZE,1968,64.75
AZE,1969,65.14
AZE,1970,65.48
AZE,1971,65.75
AZE,1972,65.93
AZE,1973,66.04
AZE,1974,66.05
AZE,1975,66.02
AZE,1976,65.92
AZE,1977,65.8
AZE,1978,65.68
AZE,1979,65.6
AZE,1980,65.55
AZE,1981,65.61
AZE,1982,65.73
AZE,1983,65.92
AZE,1984,66.15
AZE,1985,66.37
AZE,1986,66.48
AZE,1987,66.46
AZE,1988,66.28
AZE,1989,65.98
AZE,1990,65.6
AZE,1991,65.3
AZE,1992,63.7
AZE,1993,64
AZE,1994,63.5
AZE,1995,64.6
AZE,1996,65
AZE,1997,65.3
AZE,1998,65.6
AZE,1999,65.9
AZE,2000,66.5
AZE,2001,67.2
AZE,2002,67.6
AZE,2003,67.6
AZE,2004,67.8
AZE,2005,68.2
AZE,2006,68.7
AZE,2007,69.1
AZE,2008,69.2
AZE,2009,69.7
AZE,2010,70.1
AZE,2011,70.8
AZE,2012,71.5
AZE,2013,72.1
AZE,2014,72.5
AZE,2015,72.9
AZE,2016,73.3
BHS,1800,35.18
BHS,1801,35.18
BHS,1802,35.18
BHS,1803,35.18
BHS,1804,35.18
BHS,1805,35.18
BHS,1806,35.18
BHS,1807,35.18
BHS,1808,35.18
BHS,1809,35.18
BHS,1810,35.18
BHS,1811,35.18
BHS,1812,35.18
BHS,1813,35.18
BHS,1814,35.18
BHS,1815,35.18
BHS,1816,35.18
BHS,1817,35.18
BHS,1818,35.18
BHS,1819,35.18
BHS,1820,35.18
BHS,1821,35.18
BHS,1822,35.18
BHS,1823,35.18
BHS,1824,35.18
BHS,1825,35.18
BHS,1826,35.18
BHS,1827,35.18
BHS,1828,35.18
BHS,1829,35.18
BHS,1830,35.18
BHS,1831,35.18
BHS,1832,35.18
BHS,1833,35.18
BHS,1834,35.18
BHS,1835,35.18
BHS,1836,35.18
BHS,1837,35.18
BHS,1838,35.18
BHS,1839,35.18
BHS,1840,35.18
BHS,1841,35.18
BHS,1842,35.18
BHS,1843,35.18
BHS,1844,35.18
BHS,1845,35.18
BHS,1846,35.18
BHS,1847,35.18
BHS,1848,35.18
BHS,1849,35.18
BHS,1850,35.18
BHS,1851,35.18
BHS,1852,35.18
BHS,1853,35.18
BHS,1854,35.18
BHS,1855,35.18
BHS,1856,35.18
BHS,1857,35.18
BHS,1858,35.18
BHS,1859,35.18
BHS,1860,35.18
BHS,1861,35.18
BHS,1862,35.18
BHS,1863,35.18
BHS,1864,35.18
BHS,1865,35.18
BHS,1866,35.18
BHS,1867,35.18
BHS,1868,35.18
BHS,1869,35.18
BHS,1870,35.18
BHS,1871,35.18
BHS,1872,35.18
BHS,1873,35.18
BHS,1874,35.18
BHS,1875,35.18
BHS,1876,35.18
BHS,1877,35.18
BHS,1878,35.18
BHS,1879,35.18
BHS,1880,35.18
BHS,1881,35.18
BHS,1882,35.18
BHS,1883,35.18
BHS,1884,35.18
BHS,1885,35.18
BHS,1886,35.18
BHS,1887,35.18
BHS,1888,35.18
BHS,1889,35.18
BHS,1890,35.18
BHS,1891,35.18
BHS,1892,35.18
BHS,1893,35.18
BHS,1894,35.18
BHS,1895,35.18
BHS,1896,35.18
BHS,1897,35.18
BHS,1898,35.18
BHS,1899,35.18
BHS,1900,35.18
BHS,1901,35.18
BHS,1902,35.18
BHS,1903,35.18
BHS,1904,35.18
BHS,1905,35.18
BHS,1906,35.18
BHS,1907,35.18
BHS,1908,35.18
BHS,1909,35.18
BHS,1910,35.18
BHS,1911,35.18
BHS,1912,35.18
BHS,1913,35.18
BHS,1914,35.18
BHS,1915,35.18
BHS,1916,35.18
BHS,1917,35.18
BHS,1918,22.82
BHS,1919,35.18
BHS,1920,35.18
BHS,1921,35.18
BHS,1922,36.01
BHS,1923,36.83
BHS,1924,37.66
BHS,1925,38.49
BHS,1926,39.32
BHS,1927,40.14
BHS,1928,40.97
BHS,1929,41.8
BHS,1930,42.63
BHS,1931,43.45
BHS,1932,44.28
BHS,1933,45.11
BHS,1934,45.94
BHS,1935,46.77
BHS,1936,47.59
BHS,1937,48.42
BHS,1938,49.25
BHS,1939,50.08
BHS,1940,50.9
BHS,1941,51.69
BHS,1942,52.47
BHS,1943,53.26
BHS,1944,54.03
BHS,1945,54.82
BHS,1946,55.6
BHS,1947,56.39
BHS,1948,57.17
BHS,1949,57.95
BHS,1950,58.74
BHS,1951,58.91
BHS,1952,59.29
BHS,1953,59.67
BHS,1954,60.03
BHS,1955,60.39
BHS,1956,60.72
BHS,1957,61.06
BHS,1958,61.38
BHS,1959,61.69
BHS,1960,62
BHS,1961,62.29
BHS,1962,62.58
BHS,1963,62.85
BHS,1964,63.13
BHS,1965,63.4
BHS,1966,63.65
BHS,1967,63.91
BHS,1968,64.14
BHS,1969,64.39
BHS,1970,64.61
BHS,1971,64.85
BHS,1972,65.08
BHS,1973,65.3
BHS,1974,65.53
BHS,1975,65.74
BHS,1976,65.96
BHS,1977,66.16
BHS,1978,66.37
BHS,1979,66.57
BHS,1980,66.75
BHS,1981,66.95
BHS,1982,67.12
BHS,1983,67.31
BHS,1984,67.5
BHS,1985,67.67
BHS,1986,67.86
BHS,1987,68.02
BHS,1988,68.2
BHS,1989,68.35
BHS,1990,68.5
BHS,1991,68.9
BHS,1992,69.2
BHS,1993,69.7
BHS,1994,69.5
BHS,1995,69.7
BHS,1996,70
BHS,1997,70.2
BHS,1998,70.1
BHS,1999,70.1
BHS,2000,70.2
BHS,2001,70.3
BHS,2002,70.4
BHS,2003,71.1
BHS,2004,71.7
BHS,2005,71.7
BHS,2006,72
BHS,2007,71.8
BHS,2008,72.2
BHS,2009,72.7
BHS,2010,72.7
BHS,2011,72.6
BHS,2012,72.7
BHS,2013,72.9
BHS,2014,73.5
BHS,2015,73.7
BHS,2016,73.9
BHR,1800,30.3
BHR,1801,30.3
BHR,1802,30.3
BHR,1803,30.3
BHR,1804,30.3
BHR,1805,30.3
BHR,1806,30.3
BHR,1807,30.3
BHR,1808,30.3
BHR,1809,30.3
BHR,1810,30.3
BHR,1811,30.3
BHR,1812,30.3
BHR,1813,30.3
BHR,1814,30.3
BHR,1815,30.3
BHR,1816,30.3
BHR,1817,30.3
BHR,1818,30.3
BHR,1819,30.3
BHR,1820,30.3
BHR,1821,30.3
BHR,1822,30.3
BHR,1823,30.3
BHR,1824,30.3
BHR,1825,30.3
BHR,1826,30.3
BHR,1827,30.3
BHR,1828,30.3
BHR,1829,30.3
BHR,1830,30.3
BHR,1831,30.3
BHR,1832,30.3
BHR,1833,30.3
BHR,1834,30.3
BHR,1835,30.3
BHR,1836,30.3
BHR,1837,30.3
BHR,1838,30.3
BHR,1839,30.3
BHR,1840,30.3
BHR,1841,30.3
BHR,1842,30.3
BHR,1843,30.3
BHR,1844,30.3
BHR,1845,30.3
BHR,1846,30.3
BHR,1847,30.3
BHR,1848,30.3
BHR,1849,30.3
BHR,1850,30.3
BHR,1851,30.3
BHR,1852,30.3
BHR,1853,30.3
BHR,1854,30.3
BHR,1855,30.3
BHR,1856,30.3
BHR,1857,30.3
BHR,1858,30.3
BHR,1859,30.3
BHR,1860,30.3
BHR,1861,30.3
BHR,1862,30.3
BHR,1863,30.3
BHR,1864,30.3
BHR,1865,30.3
BHR,1866,30.3
BHR,1867,30.3
BHR,1868,30.3
BHR,1869,30.3
BHR,1870,30.3
BHR,1871,30.3
BHR,1872,30.3
BHR,1873,30.3
BHR,1874,30.3
BHR,1875,30.3
BHR,1876,30.3
BHR,1877,30.3
BHR,1878,30.3
BHR,1879,30.3
BHR,1880,30.3
BHR,1881,30.3
BHR,1882,30.3
BHR,1883,30.3
BHR,1884,30.3
BHR,1885,30.3
BHR,1886,30.3
BHR,1887,30.3
BHR,1888,30.3
BHR,1889,30.3
BHR,1890,30.3
BHR,1891,30.3
BHR,1892,30.3
BHR,1893,30.3
BHR,1894,30.3
BHR,1895,30.3
BHR,1896,30.3
BHR,1897,30.3
BHR,1898,30.3
BHR,1899,30.3
BHR,1900,30.3
BHR,1901,30.3
BHR,1902,30.3
BHR,1903,30.3
BHR,1904,30.3
BHR,1905,30.3
BHR,1906,30.3
BHR,1907,30.3
BHR,1908,30.3
BHR,1909,30.3
BHR,1910,30.3
BHR,1911,30.3
BHR,1912,30.3
BHR,1913,30.3
BHR,1914,30.3
BHR,1915,30.3
BHR,1916,30.3
BHR,1917,30.3
BHR,1918,25.12
BHR,1919,30.3
BHR,1920,30.3
BHR,1921,30.3
BHR,1922,30.3
BHR,1923,30.3
BHR,1924,30.3
BHR,1925,30.3
BHR,1926,30.3
BHR,1927,30.3
BHR,1928,30.3
BHR,1929,30.3
BHR,1930,30.3
BHR,1931,30.3
BHR,1932,30.3
BHR,1933,30.3
BHR,1934,30.3
BHR,1935,30.3
BHR,1936,31.02
BHR,1937,31.75
BHR,1938,32.47
BHR,1939,33.2
BHR,1940,33.92
BHR,1941,34.64
BHR,1942,35.35
BHR,1943,36.06
BHR,1944,36.77
BHR,1945,37.48
BHR,1946,38.2
BHR,1947,38.91
BHR,1948,39.63
BHR,1949,40.34
BHR,1950,41.04
BHR,1951,41.45
BHR,1952,42.32
BHR,1953,43.26
BHR,1954,44.27
BHR,1955,45.35
BHR,1956,46.49
BHR,1957,47.7
BHR,1958,48.97
BHR,1959,50.29
BHR,1960,51.64
BHR,1961,52.99
BHR,1962,54.33
BHR,1963,55.64
BHR,1964,56.9
BHR,1965,58.1
BHR,1966,59.23
BHR,1967,60.29
BHR,1968,61.29
BHR,1969,62.22
BHR,1970,63.1
BHR,1971,63.92
BHR,1972,64.67
BHR,1973,65.38
BHR,1974,66.03
BHR,1975,66.63
BHR,1976,67.2
BHR,1977,67.72
BHR,1978,68.21
BHR,1979,68.67
BHR,1980,69.09
BHR,1981,69.47
BHR,1982,69.83
BHR,1983,70.16
BHR,1984,70.46
BHR,1985,70.73
BHR,1986,70.98
BHR,1987,71.2
BHR,1988,71.41
BHR,1989,71.61
BHR,1990,71.8
BHR,1991,72
BHR,1992,72.1
BHR,1993,72.5
BHR,1994,72.9
BHR,1995,73
BHR,1996,73.4
BHR,1997,73.8
BHR,1998,74
BHR,1999,74.2
BHR,2000,73.7
BHR,2001,74.3
BHR,2002,74.8
BHR,2003,75.3
BHR,2004,75.7
BHR,2005,76.1
BHR,2006,76.3
BHR,2007,77
BHR,2008,77.6
BHR,2009,78.2
BHR,2010,78.7
BHR,2011,78.8
BHR,2012,79
BHR,2013,79.1
BHR,2014,79.1
BHR,2015,79.1
BHR,2016,79.1
BGD,1800,25.5
BGD,1801,25.5
BGD,1802,25.5
BGD,1803,25.5
BGD,1804,25.5
BGD,1805,25.5
BGD,1806,25.5
BGD,1807,25.5
BGD,1808,25.5
BGD,1809,25.5
BGD,1810,25.5
BGD,1811,25.5
BGD,1812,25.5
BGD,1813,25.5
BGD,1814,25.5
BGD,1815,25.5
BGD,1816,25.5
BGD,1817,25.5
BGD,1818,25.5
BGD,1819,25.5
BGD,1820,25.5
BGD,1821,25.5
BGD,1822,25.5
BGD,1823,25.5
BGD,1824,25.5
BGD,1825,25.5
BGD,1826,25.5
BGD,1827,25.5
BGD,1828,25.5
BGD,1829,25.5
BGD,1830,25.5
BGD,1831,25.5
BGD,1832,25.5
BGD,1833,25.5
BGD,1834,25.5
BGD,1835,25.5
BGD,1836,25.5
BGD,1837,25.5
BGD,1838,25.5
BGD,1839,25.5
BGD,1840,25.5
BGD,1841,25.5
BGD,1842,25.5
BGD,1843,25.5
BGD,1844,25.5
BGD,1845,25.5
BGD,1846,25.5
BGD,1847,25.5
BGD,1848,25.5
BGD,1849,25.5
BGD,1850,25.5
BGD,1851,25.5
BGD,1852,25.5
BGD,1853,25.5
BGD,1854,25.5
BGD,1855,25.5
BGD,1856,25.5
BGD,1857,25.5
BGD,1858,25.5
BGD,1859,25.5
BGD,1860,25.5
BGD,1861,25.5
BGD,1862,25.5
BGD,1863,25.5
BGD,1864,25
BGD,1865,24
BGD,1866,25.2
BGD,1867,25.5
BGD,1868,25.5
BGD,1869,25.5
BGD,1870,25.5
BGD,1871,25.5
BGD,1872,25.5
BGD,1873,25.5
BGD,1874,25.5
BGD,1875,25.5
BGD,1876,25.5
BGD,1877,25.27
BGD,1878,25.04
BGD,1879,24.81
BGD,1880,24.58
BGD,1881,24.35
BGD,1882,24.12
BGD,1883,23.89
BGD,1884,23.66
BGD,1885,23.43
BGD,1886,23.2
BGD,1887,23.08
BGD,1888,22.96
BGD,1889,22.84
BGD,1890,22.72
BGD,1891,21.6
BGD,1892,21
BGD,1893,22.36
BGD,1894,22.18
BGD,1895,22
BGD,1896,20
BGD,1897,19
BGD,1898,21.86
BGD,1899,21.82
BGD,1900,21.77
BGD,1901,21.73
BGD,1902,21.68
BGD,1903,21.64
BGD,1904,21.59
BGD,1905,21.55
BGD,1906,21.5
BGD,1907,21.67
BGD,1908,21.84
BGD,1909,22.01
BGD,1910,22.18
BGD,1911,22.35
BGD,1912,22.52
BGD,1913,22.69
BGD,1914,22.86
BGD,1915,23.03
BGD,1916,23.2
BGD,1917,23.37
BGD,1918,13.05
BGD,1919,23.71
BGD,1920,23.88
BGD,1921,24.05
BGD,1922,24.22
BGD,1923,24.39
BGD,1924,24.56
BGD,1925,24.73
BGD,1926,24.9
BGD,1927,25.65
BGD,1928,26.4
BGD,1929,27.14
BGD,1930,27.89
BGD,1931,28.64
BGD,1932,29.39
BGD,1933,30.13
BGD,1934,30.88
BGD,1935,31.63
BGD,1936,32.38
BGD,1937,33.12
BGD,1938,33.87
BGD,1939,34.62
BGD,1940,35.37
BGD,1941,36.07
BGD,1942,33.73
BGD,1943,23.42
BGD,1944,25.82
BGD,1945,36.87
BGD,1946,42.75
BGD,1947,36.78
BGD,1948,38.23
BGD,1949,41.62
BGD,1950,42.46
BGD,1951,42.58
BGD,1952,42.87
BGD,1953,43.19
BGD,1954,43.54
BGD,1955,43.91
BGD,1956,44.3
BGD,1957,44.73
BGD,1958,45.19
BGD,1959,45.68
BGD,1960,46.2
BGD,1961,46.73
BGD,1962,47.28
BGD,1963,47.81
BGD,1964,48.29
BGD,1965,48.6
BGD,1966,48.63
BGD,1967,48.37
BGD,1968,47.83
BGD,1969,47.09
BGD,1970,46.31
BGD,1971,45.74
BGD,1972,45.52
BGD,1973,45.77
BGD,1974,46.49
BGD,1975,47.58
BGD,1976,48.92
BGD,1977,50.27
BGD,1978,51.47
BGD,1979,52.44
BGD,1980,53.18
BGD,1981,53.72
BGD,1982,54.15
BGD,1983,54.57
BGD,1984,55
BGD,1985,55.47
BGD,1986,55.96
BGD,1987,56.46
BGD,1988,56.94
BGD,1989,57.42
BGD,1990,57.9
BGD,1991,56.4
BGD,1992,59.7
BGD,1993,60.5
BGD,1994,61.2
BGD,1995,61.6
BGD,1996,62.4
BGD,1997,63.2
BGD,1998,63.9
BGD,1999,64.6
BGD,2000,64.9
BGD,2001,65.4
BGD,2002,65.8
BGD,2003,66.3
BGD,2004,66.8
BGD,2005,67.1
BGD,2006,67.5
BGD,2007,67.7
BGD,2008,68.3
BGD,2009,68.6
BGD,2010,68.8
BGD,2011,69.3
BGD,2012,69.4
BGD,2013,69.8
BGD,2014,70.1
BGD,2015,70.4
BGD,2016,70.7
BRB,1800,32.12
BRB,1801,32.12
BRB,1802,32.12
BRB,1803,32.12
BRB,1804,32.12
BRB,1805,32.12
BRB,1806,32.12
BRB,1807,32.12
BRB,1808,32.12
BRB,1809,32.12
BRB,1810,32.12
BRB,1811,32.12
BRB,1812,32.12
BRB,1813,32.12
BRB,1814,32.12
BRB,1815,32.12
BRB,1816,32.12
BRB,1817,32.12
BRB,1818,32.12
BRB,1819,32.12
BRB,1820,32.12
BRB,1821,32.12
BRB,1822,32.12
BRB,1823,32.12
BRB,1824,32.12
BRB,1825,32.12
BRB,1826,32.12
BRB,1827,32.12
BRB,1828,32.12
BRB,1829,32.12
BRB,1830,32.12
BRB,1831,32.12
BRB,1832,32.12
BRB,1833,32.12
BRB,1834,32.12
BRB,1835,32.12
BRB,1836,32.12
BRB,1837,32.12
BRB,1838,32.12
BRB,1839,32.12
BRB,1840,32.12
BRB,1841,32.12
BRB,1842,32.12
BRB,1843,32.12
BRB,1844,32.12
BRB,1845,32.12
BRB,1846,32.12
BRB,1847,32.12
BRB,1848,32.12
BRB,1849,32.12
BRB,1850,32.12
BRB,1851,32.12
BRB,1852,32.12
BRB,1853,32.12
BRB,1854,32.12
BRB,1855,32.12
BRB,1856,32.12
BRB,1857,32.12
BRB,1858,32.12
BRB,1859,32.12
BRB,1860,32.12
BRB,1861,32.12
BRB,1862,32.12
BRB,1863,32.12
BRB,1864,32.12
BRB,1865,32.12
BRB,1866,32.12
BRB,1867,32.12
BRB,1868,32.12
BRB,1869,32.12
BRB,1870,32.12
BRB,1871,32.12
BRB,1872,32.12
BRB,1873,32.12
BRB,1874,32.12
BRB,1875,32.12
BRB,1876,32.12
BRB,1877,32.12
BRB,1878,32.12
BRB,1879,32.12
BRB,1880,32.12
BRB,1881,32.12
BRB,1882,32.12
BRB,1883,32.12
BRB,1884,32.12
BRB,1885,32.12
BRB,1886,32.12
BRB,1887,32.12
BRB,1888,32.12
BRB,1889,32.12
BRB,1890,32.12
BRB,1891,32.12
BRB,1892,32.12
BRB,1893,32.12
BRB,1894,32.12
BRB,1895,32.12
BRB,1896,32.12
BRB,1897,32.12
BRB,1898,32.12
BRB,1899,32.12
BRB,1900,32.12
BRB,1901,32.12
BRB,1902,32.12
BRB,1903,32.12
BRB,1904,32.12
BRB,1905,32.12
BRB,1906,32.12
BRB,1907,32.12
BRB,1908,32.12
BRB,1909,32.12
BRB,1910,32.12
BRB,1911,32.12
BRB,1912,32.12
BRB,1913,32.12
BRB,1914,32.12
BRB,1915,32.12
BRB,1916,32.12
BRB,1917,32.12
BRB,1918,20.83
BRB,1919,32.12
BRB,1920,32.12
BRB,1921,32.12
BRB,1922,32.95
BRB,1923,33.78
BRB,1924,34.61
BRB,1925,35.43
BRB,1926,36.26
BRB,1927,37.09
BRB,1928,37.92
BRB,1929,38.74
BRB,1930,39.57
BRB,1931,40.4
BRB,1932,41.23
BRB,1933,42.06
BRB,1934,42.88
BRB,1935,43.71
BRB,1936,44.54
BRB,1937,45.37
BRB,1938,46.19
BRB,1939,47.02
BRB,1940,47.85
BRB,1941,48.72
BRB,1942,49.58
BRB,1943,50.45
BRB,1944,51.31
BRB,1945,52.18
BRB,1946,53.04
BRB,1947,53.91
BRB,1948,54.78
BRB,1949,55.65
BRB,1950,56.5
BRB,1951,56.82
BRB,1952,57.41
BRB,1953,57.99
BRB,1954,58.56
BRB,1955,59.13
BRB,1956,59.67
BRB,1957,60.22
BRB,1958,60.76
BRB,1959,61.28
BRB,1960,61.8
BRB,1961,62.31
BRB,1962,62.79
BRB,1963,63.27
BRB,1964,63.74
BRB,1965,64.2
BRB,1966,64.64
BRB,1967,65.08
BRB,1968,65.5
BRB,1969,65.91
BRB,1970,66.31
BRB,1971,66.71
BRB,1972,67.09
BRB,1973,67.47
BRB,1974,67.83
BRB,1975,68.17
BRB,1976,68.53
BRB,1977,68.87
BRB,1978,69.22
BRB,1979,69.57
BRB,1980,69.91
BRB,1981,70.25
BRB,1982,70.58
BRB,1983,70.91
BRB,1984,71.23
BRB,1985,71.54
BRB,1986,71.85
BRB,1987,72.14
BRB,1988,72.43
BRB,1989,72.72
BRB,1990,73
BRB,1991,73.2
BRB,1992,73.2
BRB,1993,73.1
BRB,1994,73
BRB,1995,73.3
BRB,1996,73.7
BRB,1997,73.9
BRB,1998,74.1
BRB,1999,74.2
BRB,2000,74
BRB,2001,74.4
BRB,2002,74.6
BRB,2003,74.8
BRB,2004,74.9
BRB,2005,75
BRB,2006,75
BRB,2007,75.1
BRB,2008,75.3
BRB,2009,75.3
BRB,2010,75.2
BRB,2011,75.2
BRB,2012,75.4
BRB,2013,75.5
BRB,2014,75.6
BRB,2015,75.7
BRB,2016,75.8
BLR,1800,36.2
BLR,1801,36.2
BLR,1802,36.2
BLR,1803,36.2
BLR,1804,36.2
BLR,1805,36.2
BLR,1806,36.2
BLR,1807,36.2
BLR,1808,36.2
BLR,1809,36.2
BLR,1810,36.2
BLR,1811,36.2
BLR,1812,36.2
BLR,1813,36.2
BLR,1814,36.2
BLR,1815,36.2
BLR,1816,36.2
BLR,1817,36.2
BLR,1818,36.2
BLR,1819,36.2
BLR,1820,36.2
BLR,1821,36.2
BLR,1822,36.2
BLR,1823,36.2
BLR,1824,36.2
BLR,1825,36.2
BLR,1826,36.2
BLR,1827,36.2
BLR,1828,36.2
BLR,1829,36.2
BLR,1830,36.2
BLR,1831,36.2
BLR,1832,36.2
BLR,1833,36.2
BLR,1834,36.2
BLR,1835,36.2
BLR,1836,36.2
BLR,1837,36.2
BLR,1838,36.2
BLR,1839,36.2
BLR,1840,36.2
BLR,1841,36.2
BLR,1842,36.2
BLR,1843,36.2
BLR,1844,36.2
BLR,1845,36.2
BLR,1846,36.2
BLR,1847,36.2
BLR,1848,36.2
BLR,1849,36.2
BLR,1850,36.2
BLR,1851,36.2
BLR,1852,36.2
BLR,1853,36.2
BLR,1854,36.2
BLR,1855,36.2
BLR,1856,36.2
BLR,1857,36.2
BLR,1858,36.2
BLR,1859,36.2
BLR,1860,36.2
BLR,1861,36.2
BLR,1862,36.2
BLR,1863,36.2
BLR,1864,36.2
BLR,1865,36.2
BLR,1866,36.2
BLR,1867,36.2
BLR,1868,36.2
BLR,1869,36.2
BLR,1870,36.2
BLR,1871,36.2
BLR,1872,36.2
BLR,1873,36.2
BLR,1874,36.2
BLR,1875,36.2
BLR,1876,36.2
BLR,1877,36.2
BLR,1878,36.2
BLR,1879,36.2
BLR,1880,36.2
BLR,1881,36.2
BLR,1882,36.2
BLR,1883,36.2
BLR,1884,36.2
BLR,1885,36.2
BLR,1886,36.2
BLR,1887,36.2
BLR,1888,36.2
BLR,1889,36.2
BLR,1890,36.2
BLR,1891,36.2
BLR,1892,36.2
BLR,1893,36.2
BLR,1894,36.2
BLR,1895,36.2
BLR,1896,36.2
BLR,1897,36.2
BLR,1898,36.2
BLR,1899,36.2
BLR,1900,36.2
BLR,1901,36.81
BLR,1902,37.42
BLR,1903,38.03
BLR,1904,38.65
BLR,1905,39.26
BLR,1906,39.87
BLR,1907,40.48
BLR,1908,41.09
BLR,1909,41.7
BLR,1910,42.31
BLR,1911,42.92
BLR,1912,43.54
BLR,1913,44.15
BLR,1914,42.92
BLR,1915,37.37
BLR,1916,37.37
BLR,1917,35.37
BLR,1918,31.37
BLR,1919,33.37
BLR,1920,30.42
BLR,1921,33.72
BLR,1922,34.62
BLR,1923,43.52
BLR,1924,46.02
BLR,1925,45.12
BLR,1926,48.32
BLR,1927,47.42
BLR,1928,49.02
BLR,1929,47.12
BLR,1930,47.07
BLR,1931,48.07
BLR,1932,39.32
BLR,1933,26
BLR,1934,42.12
BLR,1935,51.97
BLR,1936,52.67
BLR,1937,51.42
BLR,1938,52.67
BLR,1939,52.47
BLR,1940,52.27
BLR,1941,19.99
BLR,1942,14.97
BLR,1943,13.96
BLR,1944,20.95
BLR,1945,29.94
BLR,1946,57.59
BLR,1947,47.53
BLR,1948,60.17
BLR,1949,62.95
BLR,1950,64.89
BLR,1951,65.11
BLR,1952,65.54
BLR,1953,65.96
BLR,1954,66.37
BLR,1955,66.77
BLR,1956,67.16
BLR,1957,67.52
BLR,1958,67.88
BLR,1959,68.82
BLR,1960,71.59
BLR,1961,72.3
BLR,1962,71.01
BLR,1963,71.66
BLR,1964,73.17
BLR,1965,72.7
BLR,1966,73.05
BLR,1967,72.78
BLR,1968,72.88
BLR,1969,72.47
BLR,1970,71.94
BLR,1971,72.56
BLR,1972,72.26
BLR,1973,72.29
BLR,1974,72.57
BLR,1975,71.63
BLR,1976,71.46
BLR,1977,71.39
BLR,1978,71.23
BLR,1979,70.82
BLR,1980,70.57
BLR,1981,70.84
BLR,1982,70.95
BLR,1983,70.73
BLR,1984,70.09
BLR,1985,70.28
BLR,1986,71.66
BLR,1987,71.55
BLR,1988,71.28
BLR,1989,71.05
BLR,1990,70.5
BLR,1991,70.1
BLR,1992,69.6
BLR,1993,68.9
BLR,1994,68.6
BLR,1995,68.2
BLR,1996,68.1
BLR,1997,68
BLR,1998,67.9
BLR,1999,67.7
BLR,2000,68.1
BLR,2001,68
BLR,2002,67.9
BLR,2003,68.2
BLR,2004,68.5
BLR,2005,68.7
BLR,2006,69.1
BLR,2007,69.7
BLR,2008,70
BLR,2009,70.1
BLR,2010,70.2
BLR,2011,70.3
BLR,2012,70.4
BLR,2013,70.6
BLR,2014,70.7
BLR,2015,71
BLR,2016,71.3
BEL,1800,40
BEL,1801,40.01
BEL,1802,40.02
BEL,1803,40.02
BEL,1804,40.03
BEL,1805,40.04
BEL,1806,40.05
BEL,1807,40.06
BEL,1808,40.06
BEL,1809,40.07
BEL,1810,40.08
BEL,1811,40.09
BEL,1812,40.1
BEL,1813,40.1
BEL,1814,40.11
BEL,1815,40.12
BEL,1816,40.13
BEL,1817,40.14
BEL,1818,40.14
BEL,1819,40.15
BEL,1820,40.16
BEL,1821,40.17
BEL,1822,40.18
BEL,1823,40.19
BEL,1824,40.19
BEL,1825,40.2
BEL,1826,40.21
BEL,1827,40.22
BEL,1828,40.23
BEL,1829,40.23
BEL,1830,40.24
BEL,1831,40.25
BEL,1832,40.26
BEL,1833,40.27
BEL,1834,40.27
BEL,1835,40.28
BEL,1836,40.29
BEL,1837,40.3
BEL,1838,40.31
BEL,1839,40.31
BEL,1840,40.32
BEL,1841,40.33
BEL,1842,38.66
BEL,1843,40.36
BEL,1844,41.9
BEL,1845,41.03
BEL,1846,37.83
BEL,1847,35.11
BEL,1848,38.04
BEL,1849,34.5
BEL,1850,42.28
BEL,1851,41.88
BEL,1852,41.77
BEL,1853,41.33
BEL,1854,39.78
BEL,1855,37.49
BEL,1856,40.92
BEL,1857,40.49
BEL,1858,40.18
BEL,1859,38.98
BEL,1860,45.12
BEL,1861,41.27
BEL,1862,43.12
BEL,1863,41.33
BEL,1864,39.81
BEL,1865,37.74
BEL,1866,32.47
BEL,1867,43.08
BEL,1868,42.56
BEL,1869,42.58
BEL,1870,40.92
BEL,1871,34.35
BEL,1872,40.04
BEL,1873,43.48
BEL,1874,44.67
BEL,1875,42.17
BEL,1876,43.68
BEL,1877,44.48
BEL,1878,44.24
BEL,1879,43.84
BEL,1880,42.48
BEL,1881,44.42
BEL,1882,45.54
BEL,1883,44.89
BEL,1884,44.24
BEL,1885,45.48
BEL,1886,43.36
BEL,1887,46.06
BEL,1888,44.92
BEL,1889,45.07
BEL,1890,44.14
BEL,1891,44.06
BEL,1892,43.16
BEL,1893,44.44
BEL,1894,46.65
BEL,1895,45.46
BEL,1896,48.06
BEL,1897,48.82
BEL,1898,48.12
BEL,1899,46.49
BEL,1900,46.59
BEL,1901,49.44
BEL,1902,49.18
BEL,1903,49.26
BEL,1904,49.32
BEL,1905,50.01
BEL,1906,49.74
BEL,1907,51.11
BEL,1908,49.7
BEL,1909,50.7
BEL,1910,51.37
BEL,1911,49.25
BEL,1912,52.26
BEL,1913,52.51
BEL,1914,42
BEL,1915,40
BEL,1916,42
BEL,1917,43
BEL,1918,34.94
BEL,1919,49.86
BEL,1920,53.66
BEL,1921,54.75
BEL,1922,55.15
BEL,1923,56.77
BEL,1924,57.51
BEL,1925,57.16
BEL,1926,56.97
BEL,1927,57.2
BEL,1928,57.53
BEL,1929,55.07
BEL,1930,57.17
BEL,1931,58.51
BEL,1932,58.59
BEL,1933,58.76
BEL,1934,60.42
BEL,1935,60.01
BEL,1936,60.01
BEL,1937,60
BEL,1938,60.15
BEL,1939,60.01
BEL,1940,55.96
BEL,1941,58.95
BEL,1942,59.19
BEL,1943,60.38
BEL,1944,56.93
BEL,1945,58.38
BEL,1946,61.9
BEL,1947,63.44
BEL,1948,64.96
BEL,1949,65.45
BEL,1950,66.32
BEL,1951,66.77
BEL,1952,67.97
BEL,1953,68.33
BEL,1954,68.59
BEL,1955,68.54
BEL,1956,68.83
BEL,1957,69.19
BEL,1958,69.88
BEL,1959,70.28
BEL,1960,69.59
BEL,1961,70.46
BEL,1962,70.19
BEL,1963,70
BEL,1964,70.66
BEL,1965,70.51
BEL,1966,70.58
BEL,1967,70.86
BEL,1968,70.55
BEL,1969,70.63
BEL,1970,70.89
BEL,1971,71.01
BEL,1972,71.35
BEL,1973,71.56
BEL,1974,71.91
BEL,1975,71.9
BEL,1976,72.05
BEL,1977,72.7
BEL,1978,72.64
BEL,1979,73.13
BEL,1980,73.18
BEL,1981,73.59
BEL,1982,73.81
BEL,1983,73.81
BEL,1984,74.31
BEL,1985,74.41
BEL,1986,74.61
BEL,1987,75.22
BEL,1988,75.53
BEL,1989,75.59
BEL,1990,76
BEL,1991,76.2
BEL,1992,76.3
BEL,1993,76.5
BEL,1994,76.6
BEL,1995,76.9
BEL,1996,77.2
BEL,1997,77.4
BEL,1998,77.5
BEL,1999,77.7
BEL,2000,77.8
BEL,2001,78
BEL,2002,78.2
BEL,2003,78.5
BEL,2004,79
BEL,2005,79.1
BEL,2006,79.5
BEL,2007,79.5
BEL,2008,79.6
BEL,2009,79.8
BEL,2010,80.1
BEL,2011,80.2
BEL,2012,80.3
BEL,2013,80.4
BEL,2014,80.5
BEL,2015,80.5
BEL,2016,80.5
BLZ,1800,26.5
BLZ,1801,26.5
BLZ,1802,26.5
BLZ,1803,26.5
BLZ,1804,26.5
BLZ,1805,26.5
BLZ,1806,26.5
BLZ,1807,26.5
BLZ,1808,26.5
BLZ,1809,26.5
BLZ,1810,26.5
BLZ,1811,26.5
BLZ,1812,26.5
BLZ,1813,26.5
BLZ,1814,26.5
BLZ,1815,26.5
BLZ,1816,26.5
BLZ,1817,26.5
BLZ,1818,26.5
BLZ,1819,26.5
BLZ,1820,26.5
BLZ,1821,26.5
BLZ,1822,26.5
BLZ,1823,26.5
BLZ,1824,26.5
BLZ,1825,26.5
BLZ,1826,26.5
BLZ,1827,26.5
BLZ,1828,26.5
BLZ,1829,26.5
BLZ,1830,26.5
BLZ,1831,26.5
BLZ,1832,26.5
BLZ,1833,26.5
BLZ,1834,26.5
BLZ,1835,26.5
BLZ,1836,26.5
BLZ,1837,26.5
BLZ,1838,26.5
BLZ,1839,26.5
BLZ,1840,26.5
BLZ,1841,26.5
BLZ,1842,26.5
BLZ,1843,26.5
BLZ,1844,26.5
BLZ,1845,26.5
BLZ,1846,26.5
BLZ,1847,26.5
BLZ,1848,26.5
BLZ,1849,26.5
BLZ,1850,26.5
BLZ,1851,26.5
BLZ,1852,26.5
BLZ,1853,26.5
BLZ,1854,26.5
BLZ,1855,26.5
BLZ,1856,26.5
BLZ,1857,26.5
BLZ,1858,26.5
BLZ,1859,26.5
BLZ,1860,26.5
BLZ,1861,26.5
BLZ,1862,26.5
BLZ,1863,26.5
BLZ,1864,26.5
BLZ,1865,26.5
BLZ,1866,26.5
BLZ,1867,26.5
BLZ,1868,26.5
BLZ,1869,26.5
BLZ,1870,26.5
BLZ,1871,26.5
BLZ,1872,26.5
BLZ,1873,26.5
BLZ,1874,26.5
BLZ,1875,26.5
BLZ,1876,26.5
BLZ,1877,26.5
BLZ,1878,26.5
BLZ,1879,26.5
BLZ,1880,26.5
BLZ,1881,26.5
BLZ,1882,26.5
BLZ,1883,26.5
BLZ,1884,26.5
BLZ,1885,26.5
BLZ,1886,26.5
BLZ,1887,26.5
BLZ,1888,26.5
BLZ,1889,26.5
BLZ,1890,26.5
BLZ,1891,26.5
BLZ,1892,26.5
BLZ,1893,26.5
BLZ,1894,26.5
BLZ,1895,26.5
BLZ,1896,26.5
BLZ,1897,26.5
BLZ,1898,26.5
BLZ,1899,26.5
BLZ,1900,26.5
BLZ,1901,26.5
BLZ,1902,26.5
BLZ,1903,26.5
BLZ,1904,26.5
BLZ,1905,26.5
BLZ,1906,26.5
BLZ,1907,26.5
BLZ,1908,26.5
BLZ,1909,26.5
BLZ,1910,26.5
BLZ,1911,27.06
BLZ,1912,27.63
BLZ,1913,28.19
BLZ,1914,28.75
BLZ,1915,29.31
BLZ,1916,29.88
BLZ,1917,30.44
BLZ,1918,26.91
BLZ,1919,31.56
BLZ,1920,32.13
BLZ,1921,32.69
BLZ,1922,33.25
BLZ,1923,33.81
BLZ,1924,34.38
BLZ,1925,34.94
BLZ,1926,35.5
BLZ,1927,36.06
BLZ,1928,36.63
BLZ,1929,37.19
BLZ,1930,37.75
BLZ,1931,38.31
BLZ,1932,38.88
BLZ,1933,39.44
BLZ,1934,40
BLZ,1935,40.93
BLZ,1936,41.85
BLZ,1937,42.78
BLZ,1938,43.7
BLZ,1939,44.63
BLZ,1940,45.55
BLZ,1941,46.49
BLZ,1942,47.41
BLZ,1943,48.35
BLZ,1944,49.27
BLZ,1945,50.21
BLZ,1946,51.13
BLZ,1947,52.07
BLZ,1948,53
BLZ,1949,53.93
BLZ,1950,54.86
BLZ,1951,55.15
BLZ,1952,55.7
BLZ,1953,56.27
BLZ,1954,56.82
BLZ,1955,57.37
BLZ,1956,57.91
BLZ,1957,58.46
BLZ,1958,58.99
BLZ,1959,59.54
BLZ,1960,60.08
BLZ,1961,60.64
BLZ,1962,61.2
BLZ,1963,61.78
BLZ,1964,62.36
BLZ,1965,62.95
BLZ,1966,63.53
BLZ,1967,64.11
BLZ,1968,64.67
BLZ,1969,65.21
BLZ,1970,65.72
BLZ,1971,66.21
BLZ,1972,66.66
BLZ,1973,67.11
BLZ,1974,67.52
BLZ,1975,67.93
BLZ,1976,68.32
BLZ,1977,68.7
BLZ,1978,69.06
BLZ,1979,69.43
BLZ,1980,69.78
BLZ,1981,70.13
BLZ,1982,70.47
BLZ,1983,70.8
BLZ,1984,71.09
BLZ,1985,71.34
BLZ,1986,71.51
BLZ,1987,71.6
BLZ,1988,71.61
BLZ,1989,71.54
BLZ,1990,71.4
BLZ,1991,71.2
BLZ,1992,71.1
BLZ,1993,70.8
BLZ,1994,70.6
BLZ,1995,70.5
BLZ,1996,70.4
BLZ,1997,69.7
BLZ,1998,69.5
BLZ,1999,69.3
BLZ,2000,69
BLZ,2001,68.8
BLZ,2002,69.3
BLZ,2003,69.6
BLZ,2004,69.9
BLZ,2005,70
BLZ,2006,70.3
BLZ,2007,70.6
BLZ,2008,70.7
BLZ,2009,70.9
BLZ,2010,71.2
BLZ,2011,71.2
BLZ,2012,71.3
BLZ,2013,71.3
BLZ,2014,71.5
BLZ,2015,71.7
BLZ,2016,71.9
BEN,1800,31
BEN,1801,31
BEN,1802,31
BEN,1803,31
BEN,1804,31
BEN,1805,31
BEN,1806,31
BEN,1807,31
BEN,1808,31
BEN,1809,31
BEN,1810,31
BEN,1811,31
BEN,1812,31
BEN,1813,31
BEN,1814,31
BEN,1815,31
BEN,1816,31
BEN,1817,31
BEN,1818,31
BEN,1819,31
BEN,1820,31
BEN,1821,31
BEN,1822,31
BEN,1823,31
BEN,1824,31
BEN,1825,31
BEN,1826,31
BEN,1827,31
BEN,1828,31
BEN,1829,31
BEN,1830,31
BEN,1831,31
BEN,1832,31
BEN,1833,31
BEN,1834,31
BEN,1835,31
BEN,1836,31
BEN,1837,31
BEN,1838,31
BEN,1839,31
BEN,1840,31
BEN,1841,31
BEN,1842,31
BEN,1843,31
BEN,1844,31
BEN,1845,31
BEN,1846,31
BEN,1847,31
BEN,1848,31
BEN,1849,31
BEN,1850,31
BEN,1851,31
BEN,1852,31
BEN,1853,31
BEN,1854,31
BEN,1855,31
BEN,1856,31
BEN,1857,31
BEN,1858,31
BEN,1859,31
BEN,1860,31
BEN,1861,31
BEN,1862,31
BEN,1863,31
BEN,1864,31
BEN,1865,31
BEN,1866,31
BEN,1867,31
BEN,1868,31
BEN,1869,31
BEN,1870,31
BEN,1871,31
BEN,1872,31
BEN,1873,31
BEN,1874,31
BEN,1875,31
BEN,1876,31
BEN,1877,31
BEN,1878,31
BEN,1879,31
BEN,1880,31
BEN,1881,31
BEN,1882,31
BEN,1883,31
BEN,1884,31
BEN,1885,31
BEN,1886,31
BEN,1887,31
BEN,1888,31
BEN,1889,31
BEN,1890,31
BEN,1891,31
BEN,1892,31
BEN,1893,31
BEN,1894,31
BEN,1895,31
BEN,1896,31
BEN,1897,31
BEN,1898,31
BEN,1899,31
BEN,1900,31
BEN,1901,31
BEN,1902,31
BEN,1903,31
BEN,1904,31
BEN,1905,31
BEN,1906,31
BEN,1907,31
BEN,1908,31
BEN,1909,31
BEN,1910,31
BEN,1911,31
BEN,1912,31
BEN,1913,31
BEN,1914,31
BEN,1915,31
BEN,1916,31
BEN,1917,31
BEN,1918,11.99
BEN,1919,31
BEN,1920,31
BEN,1921,31
BEN,1922,31
BEN,1923,31
BEN,1924,31
BEN,1925,31
BEN,1926,31
BEN,1927,31
BEN,1928,31
BEN,1929,31
BEN,1930,31
BEN,1931,31
BEN,1932,31
BEN,1933,31
BEN,1934,31
BEN,1935,31
BEN,1936,31
BEN,1937,31
BEN,1938,31
BEN,1939,31
BEN,1940,31
BEN,1941,31.05
BEN,1942,31.1
BEN,1943,31.15
BEN,1944,31.21
BEN,1945,31.54
BEN,1946,31.88
BEN,1947,32.21
BEN,1948,32.54
BEN,1949,32.87
BEN,1950,33.22
BEN,1951,33.53
BEN,1952,34.09
BEN,1953,34.64
BEN,1954,35.19
BEN,1955,35.72
BEN,1956,36.25
BEN,1957,36.77
BEN,1958,37.28
BEN,1959,37.79
BEN,1960,38.29
BEN,1961,38.8
BEN,1962,39.32
BEN,1963,39.85
BEN,1964,40.38
BEN,1965,40.93
BEN,1966,41.5
BEN,1967,42.09
BEN,1968,42.69
BEN,1969,43.31
BEN,1970,43.93
BEN,1971,44.55
BEN,1972,45.16
BEN,1973,45.77
BEN,1974,46.36
BEN,1975,46.93
BEN,1976,47.46
BEN,1977,47.96
BEN,1978,48.43
BEN,1979,48.88
BEN,1980,49.34
BEN,1981,49.84
BEN,1982,50.38
BEN,1983,50.97
BEN,1984,51.62
BEN,1985,52.33
BEN,1986,53.09
BEN,1987,53.89
BEN,1988,54.67
BEN,1989,55.42
BEN,1990,56.1
BEN,1991,56.3
BEN,1992,56.6
BEN,1993,56.9
BEN,1994,56.8
BEN,1995,56.7
BEN,1996,56.6
BEN,1997,56.9
BEN,1998,57
BEN,1999,57.1
BEN,2000,57.2
BEN,2001,57.4
BEN,2002,57.7
BEN,2003,57.9
BEN,2004,58.2
BEN,2005,58.6
BEN,2006,58.9
BEN,2007,59.2
BEN,2008,59.7
BEN,2009,60.4
BEN,2010,60.8
BEN,2011,61.1
BEN,2012,61.4
BEN,2013,61.7
BEN,2014,62
BEN,2015,62.3
BEN,2016,62.6
BMU,1990,71.1
BMU,1991,71.2
BMU,1992,71.1
BMU,1993,71
BMU,1994,71.4
BMU,1995,72.5
BMU,1996,72.5
BMU,1997,73.7
BMU,1998,74.3
BMU,1999,74.4
BMU,2000,74.1
BMU,2001,75.1
BMU,2002,75.4
BMU,2003,75.7
BMU,2004,76
BMU,2005,76.4
BMU,2006,76.4
BMU,2007,76.8
BMU,2008,77.1
BMU,2009,77.5
BMU,2010,77.6
BMU,2011,78
BMU,2012,78.3
BMU,2013,78.3
BMU,2014,78.4
BMU,2015,78.5
BMU,2016,78.6
BTN,1800,28.8
BTN,1801,28.8
BTN,1802,28.8
BTN,1803,28.8
BTN,1804,28.8
BTN,1805,28.8
BTN,1806,28.8
BTN,1807,28.8
BTN,1808,28.8
BTN,1809,28.8
BTN,1810,28.8
BTN,1811,28.8
BTN,1812,28.8
BTN,1813,28.8
BTN,1814,28.8
BTN,1815,28.8
BTN,1816,28.8
BTN,1817,28.8
BTN,1818,28.8
BTN,1819,28.8
BTN,1820,28.8
BTN,1821,28.8
BTN,1822,28.8
BTN,1823,28.8
BTN,1824,28.8
BTN,1825,28.8
BTN,1826,28.8
BTN,1827,28.8
BTN,1828,28.8
BTN,1829,28.8
BTN,1830,28.8
BTN,1831,28.8
BTN,1832,28.8
BTN,1833,28.8
BTN,1834,28.8
BTN,1835,28.8
BTN,1836,28.8
BTN,1837,28.8
BTN,1838,28.8
BTN,1839,28.8
BTN,1840,28.8
BTN,1841,28.8
BTN,1842,28.8
BTN,1843,28.8
BTN,1844,28.8
BTN,1845,28.8
BTN,1846,28.8
BTN,1847,28.8
BTN,1848,28.8
BTN,1849,28.8
BTN,1850,28.8
BTN,1851,28.8
BTN,1852,28.8
BTN,1853,28.8
BTN,1854,28.8
BTN,1855,28.8
BTN,1856,28.8
BTN,1857,28.8
BTN,1858,28.8
BTN,1859,28.8
BTN,1860,28.8
BTN,1861,28.8
BTN,1862,28.8
BTN,1863,28.8
BTN,1864,28.8
BTN,1865,28.8
BTN,1866,28.8
BTN,1867,28.8
BTN,1868,28.8
BTN,1869,28.8
BTN,1870,28.8
BTN,1871,28.8
BTN,1872,28.8
BTN,1873,28.8
BTN,1874,28.8
BTN,1875,28.8
BTN,1876,28.8
BTN,1877,28.8
BTN,1878,28.8
BTN,1879,28.8
BTN,1880,28.8
BTN,1881,28.8
BTN,1882,28.8
BTN,1883,28.8
BTN,1884,28.8
BTN,1885,28.8
BTN,1886,28.8
BTN,1887,28.8
BTN,1888,28.8
BTN,1889,28.8
BTN,1890,28.8
BTN,1891,28.8
BTN,1892,28.8
BTN,1893,28.8
BTN,1894,28.8
BTN,1895,28.8
BTN,1896,28.8
BTN,1897,28.8
BTN,1898,28.8
BTN,1899,28.8
BTN,1900,28.8
BTN,1901,28.8
BTN,1902,28.8
BTN,1903,28.8
BTN,1904,28.8
BTN,1905,28.8
BTN,1906,28.8
BTN,1907,28.8
BTN,1908,28.8
BTN,1909,28.8
BTN,1910,28.8
BTN,1911,28.8
BTN,1912,28.8
BTN,1913,28.8
BTN,1914,28.8
BTN,1915,28.8
BTN,1916,28.8
BTN,1917,28.8
BTN,1918,18.46
BTN,1919,28.8
BTN,1920,28.8
BTN,1921,28.8
BTN,1922,28.8
BTN,1923,28.8
BTN,1924,28.8
BTN,1925,28.8
BTN,1926,28.8
BTN,1927,28.8
BTN,1928,28.8
BTN,1929,28.8
BTN,1930,28.8
BTN,1931,28.8
BTN,1932,28.8
BTN,1933,28.8
BTN,1934,28.8
BTN,1935,28.8
BTN,1936,28.8
BTN,1937,28.8
BTN,1938,28.8
BTN,1939,28.8
BTN,1940,28.8
BTN,1941,28.98
BTN,1942,29.16
BTN,1943,29.34
BTN,1944,29.51
BTN,1945,29.69
BTN,1946,29.87
BTN,1947,30.05
BTN,1948,30.23
BTN,1949,30.41
BTN,1950,30.59
BTN,1951,30.94
BTN,1952,31.47
BTN,1953,32.01
BTN,1954,32.56
BTN,1955,33.12
BTN,1956,33.68
BTN,1957,34.25
BTN,1958,34.81
BTN,1959,35.38
BTN,1960,35.94
BTN,1961,36.49
BTN,1962,37.04
BTN,1963,37.57
BTN,1964,38.12
BTN,1965,38.68
BTN,1966,39.28
BTN,1967,39.94
BTN,1968,40.66
BTN,1969,41.45
BTN,1970,42.31
BTN,1971,43.23
BTN,1972,44.2
BTN,1973,45.18
BTN,1974,46.2
BTN,1975,47.21
BTN,1976,48.22
BTN,1977,49.22
BTN,1978,50.21
BTN,1979,51.18
BTN,1980,52.12
BTN,1981,53.05
BTN,1982,53.96
BTN,1983,54.87
BTN,1984,55.78
BTN,1985,56.69
BTN,1986,57.61
BTN,1987,58.54
BTN,1988,59.48
BTN,1989,60.44
BTN,1990,61.4
BTN,1991,61.9
BTN,1992,62.4
BTN,1993,62.8
BTN,1994,63.1
BTN,1995,63.8
BTN,1996,64.7
BTN,1997,65.1
BTN,1998,65.6
BTN,1999,66.5
BTN,2000,65.9
BTN,2001,67.5
BTN,2002,68.1
BTN,2003,68.5
BTN,2004,68.9
BTN,2005,69.3
BTN,2006,69.8
BTN,2007,70.3
BTN,2008,70.7
BTN,2009,70.9
BTN,2010,71.4
BTN,2011,71.7
BTN,2012,71.9
BTN,2013,72.2
BTN,2014,72.4
BTN,2015,72.7
BTN,2016,73
BOL,1800,33
BOL,1801,33
BOL,1802,33
BOL,1803,33
BOL,1804,33
BOL,1805,33
BOL,1806,33
BOL,1807,33
BOL,1808,33
BOL,1809,33
BOL,1810,33
BOL,1811,33
BOL,1812,33
BOL,1813,33
BOL,1814,33
BOL,1815,33
BOL,1816,33
BOL,1817,33
BOL,1818,33
BOL,1819,33
BOL,1820,33
BOL,1821,33
BOL,1822,33
BOL,1823,33
BOL,1824,33
BOL,1825,33
BOL,1826,33
BOL,1827,33
BOL,1828,33
BOL,1829,33
BOL,1830,33
BOL,1831,33
BOL,1832,33
BOL,1833,33
BOL,1834,33
BOL,1835,33
BOL,1836,33
BOL,1837,33
BOL,1838,33
BOL,1839,33
BOL,1840,33
BOL,1841,33
BOL,1842,33
BOL,1843,33
BOL,1844,33
BOL,1845,33
BOL,1846,33
BOL,1847,33
BOL,1848,33
BOL,1849,33
BOL,1850,33
BOL,1851,33
BOL,1852,33
BOL,1853,33
BOL,1854,33
BOL,1855,33
BOL,1856,33
BOL,1857,33
BOL,1858,33
BOL,1859,33
BOL,1860,33
BOL,1861,33
BOL,1862,33
BOL,1863,33
BOL,1864,33
BOL,1865,33
BOL,1866,33
BOL,1867,33
BOL,1868,33
BOL,1869,33
BOL,1870,33
BOL,1871,33
BOL,1872,33
BOL,1873,33
BOL,1874,33
BOL,1875,33
BOL,1876,33
BOL,1877,33
BOL,1878,33
BOL,1879,33
BOL,1880,33
BOL,1881,33
BOL,1882,33
BOL,1883,33
BOL,1884,33
BOL,1885,33
BOL,1886,33
BOL,1887,33
BOL,1888,33
BOL,1889,33
BOL,1890,33
BOL,1891,33
BOL,1892,33
BOL,1893,33
BOL,1894,33
BOL,1895,33
BOL,1896,33
BOL,1897,33
BOL,1898,33
BOL,1899,33
BOL,1900,33
BOL,1901,33
BOL,1902,33
BOL,1903,33
BOL,1904,33
BOL,1905,33
BOL,1906,33
BOL,1907,33
BOL,1908,33
BOL,1909,33
BOL,1910,33
BOL,1911,33
BOL,1912,33
BOL,1913,33
BOL,1914,33
BOL,1915,33
BOL,1916,33
BOL,1917,33
BOL,1918,29.17
BOL,1919,33
BOL,1920,33
BOL,1921,33
BOL,1922,33
BOL,1923,33
BOL,1924,33
BOL,1925,33
BOL,1926,33
BOL,1927,33
BOL,1928,33
BOL,1929,33
BOL,1930,33
BOL,1931,33
BOL,1932,33
BOL,1933,33
BOL,1934,33
BOL,1935,33
BOL,1936,33
BOL,1937,33
BOL,1938,33
BOL,1939,33
BOL,1940,33
BOL,1941,33.74
BOL,1942,34.48
BOL,1943,35.22
BOL,1944,35.96
BOL,1945,36.7
BOL,1946,37.44
BOL,1947,38.18
BOL,1948,38.92
BOL,1949,39.66
BOL,1950,40.41
BOL,1951,40.6
BOL,1952,40.94
BOL,1953,41.28
BOL,1954,41.64
BOL,1955,41.98
BOL,1956,42.34
BOL,1957,42.7
BOL,1958,43.05
BOL,1959,43.41
BOL,1960,43.77
BOL,1961,44.14
BOL,1962,44.5
BOL,1963,44.88
BOL,1964,45.24
BOL,1965,45.62
BOL,1966,45.99
BOL,1967,46.34
BOL,1968,46.69
BOL,1969,47.05
BOL,1970,47.44
BOL,1971,47.86
BOL,1972,48.34
BOL,1973,48.89
BOL,1974,49.5
BOL,1975,50.19
BOL,1976,50.93
BOL,1977,51.73
BOL,1978,52.54
BOL,1979,53.38
BOL,1980,54.21
BOL,1981,55.04
BOL,1982,55.87
BOL,1983,56.67
BOL,1984,57.47
BOL,1985,58.22
BOL,1986,58.96
BOL,1987,59.65
BOL,1988,60.33
BOL,1989,60.98
BOL,1990,61.6
BOL,1991,62.2
BOL,1992,62.7
BOL,1993,63.2
BOL,1994,63.8
BOL,1995,64.4
BOL,1996,65.1
BOL,1997,65.6
BOL,1998,66.3
BOL,1999,66.9
BOL,2000,67.6
BOL,2001,68.3
BOL,2002,68.7
BOL,2003,69.3
BOL,2004,69.8
BOL,2005,70.2
BOL,2006,70.6
BOL,2007,70.9
BOL,2008,71.2
BOL,2009,71.6
BOL,2010,71.8
BOL,2011,72.1
BOL,2012,72.4
BOL,2013,72.7
BOL,2014,72.9
BOL,2015,73.2
BOL,2016,73.5
BIH,1800,35.1
BIH,1801,35.1
BIH,1802,35.1
BIH,1803,35.1
BIH,1804,35.1
BIH,1805,35.1
BIH,1806,35.1
BIH,1807,35.1
BIH,1808,35.1
BIH,1809,35.1
BIH,1810,35.1
BIH,1811,35.1
BIH,1812,35.1
BIH,1813,35.1
BIH,1814,35.1
BIH,1815,35.1
BIH,1816,35.1
BIH,1817,35.1
BIH,1818,35.1
BIH,1819,35.1
BIH,1820,35.1
BIH,1821,35.1
BIH,1822,35.1
BIH,1823,35.1
BIH,1824,35.1
BIH,1825,35.1
BIH,1826,35.1
BIH,1827,35.1
BIH,1828,35.1
BIH,1829,35.1
BIH,1830,35.1
BIH,1831,35.1
BIH,1832,35.1
BIH,1833,35.1
BIH,1834,35.1
BIH,1835,35.1
BIH,1836,35.1
BIH,1837,35.1
BIH,1838,35.1
BIH,1839,35.1
BIH,1840,35.1
BIH,1841,35.1
BIH,1842,35.1
BIH,1843,35.1
BIH,1844,35.1
BIH,1845,35.1
BIH,1846,35.1
BIH,1847,35.1
BIH,1848,35.1
BIH,1849,35.1
BIH,1850,35.1
BIH,1851,35.1
BIH,1852,35.1
BIH,1853,35.1
BIH,1854,35.1
BIH,1855,35.1
BIH,1856,35.1
BIH,1857,35.1
BIH,1858,35.1
BIH,1859,35.1
BIH,1860,35.1
BIH,1861,35.1
BIH,1862,35.1
BIH,1863,35.1
BIH,1864,35.1
BIH,1865,35.1
BIH,1866,35.1
BIH,1867,35.1
BIH,1868,35.1
BIH,1869,35.1
BIH,1870,35.1
BIH,1871,35.1
BIH,1872,35.1
BIH,1873,35.1
BIH,1874,35.1
BIH,1875,35.1
BIH,1876,35.1
BIH,1877,35.1
BIH,1878,35.1
BIH,1879,35.1
BIH,1880,35.1
BIH,1881,35.1
BIH,1882,35.1
BIH,1883,35.1
BIH,1884,35.1
BIH,1885,35.1
BIH,1886,35.1
BIH,1887,35.1
BIH,1888,35.1
BIH,1889,35.1
BIH,1890,35.1
BIH,1891,35.1
BIH,1892,35.1
BIH,1893,35.1
BIH,1894,35.1
BIH,1895,35.1
BIH,1896,35.1
BIH,1897,35.1
BIH,1898,35.1
BIH,1899,35.1
BIH,1900,35.1
BIH,1901,35.1
BIH,1902,35.1
BIH,1903,35.1
BIH,1904,35.1
BIH,1905,35.1
BIH,1906,35.1
BIH,1907,35.1
BIH,1908,35.1
BIH,1909,35.1
BIH,1910,35.1
BIH,1911,35.1
BIH,1912,35.1
BIH,1913,35.1
BIH,1914,35.1
BIH,1915,35.1
BIH,1916,35.1
BIH,1917,35.1
BIH,1918,19.26
BIH,1919,35.1
BIH,1920,35.1
BIH,1921,35.64
BIH,1922,36.19
BIH,1923,36.73
BIH,1924,37.28
BIH,1925,37.82
BIH,1926,38.36
BIH,1927,38.91
BIH,1928,39.45
BIH,1929,40
BIH,1930,40.54
BIH,1931,41.08
BIH,1932,41.63
BIH,1933,42.17
BIH,1934,42.72
BIH,1935,43.26
BIH,1936,43.81
BIH,1937,44.35
BIH,1938,44.89
BIH,1939,45.44
BIH,1940,45.98
BIH,1941,31.48
BIH,1942,27.74
BIH,1943,24.14
BIH,1944,22.22
BIH,1945,26.45
BIH,1946,41.66
BIH,1947,49.77
BIH,1948,50.88
BIH,1949,51.69
BIH,1950,52.52
BIH,1951,53.22
BIH,1952,54.49
BIH,1953,55.7
BIH,1954,56.85
BIH,1955,57.94
BIH,1956,58.97
BIH,1957,59.95
BIH,1958,60.87
BIH,1959,61.74
BIH,1960,62.56
BIH,1961,63.34
BIH,1962,64.07
BIH,1963,64.78
BIH,1964,65.46
BIH,1965,66.14
BIH,1966,66.81
BIH,1967,67.47
BIH,1968,68.14
BIH,1969,68.82
BIH,1970,69.49
BIH,1971,70.17
BIH,1972,70.84
BIH,1973,71.49
BIH,1974,72.12
BIH,1975,72.71
BIH,1976,73.24
BIH,1977,73.71
BIH,1978,74.12
BIH,1979,74.48
BIH,1980,74.82
BIH,1981,75.2
BIH,1982,75.65
BIH,1983,76.15
BIH,1984,76.63
BIH,1985,76.95
BIH,1986,76.89
BIH,1987,76.37
BIH,1988,75.39
BIH,1989,74.07
BIH,1990,72.7
BIH,1991,72.7
BIH,1992,68
BIH,1993,68.3
BIH,1994,71.1
BIH,1995,67
BIH,1996,73.8
BIH,1997,74.4
BIH,1998,74.8
BIH,1999,75.3
BIH,2000,75.7
BIH,2001,76.2
BIH,2002,76.4
BIH,2003,76.7
BIH,2004,76.9
BIH,2005,77
BIH,2006,77.1
BIH,2007,77.3
BIH,2008,77.5
BIH,2009,77.7
BIH,2010,77.9
BIH,2011,78.2
BIH,2012,78.4
BIH,2013,78.6
BIH,2014,78.7
BIH,2015,78.9
BIH,2016,79.1
BWA,1800,33.6
BWA,1801,33.6
BWA,1802,33.6
BWA,1803,33.6
BWA,1804,33.6
BWA,1805,33.6
BWA,1806,33.6
BWA,1807,33.6
BWA,1808,33.6
BWA,1809,33.6
BWA,1810,33.6
BWA,1811,33.6
BWA,1812,33.6
BWA,1813,33.6
BWA,1814,33.6
BWA,1815,33.6
BWA,1816,33.6
BWA,1817,33.6
BWA,1818,33.6
BWA,1819,33.6
BWA,1820,33.6
BWA,1821,33.6
BWA,1822,33.6
BWA,1823,33.6
BWA,1824,33.6
BWA,1825,33.6
BWA,1826,33.6
BWA,1827,33.6
BWA,1828,33.6
BWA,1829,33.6
BWA,1830,33.6
BWA,1831,33.6
BWA,1832,33.6
BWA,1833,33.6
BWA,1834,33.6
BWA,1835,33.6
BWA,1836,33.6
BWA,1837,33.6
BWA,1838,33.6
BWA,1839,33.6
BWA,1840,33.6
BWA,1841,33.6
BWA,1842,33.6
BWA,1843,33.6
BWA,1844,33.6
BWA,1845,33.6
BWA,1846,33.6
BWA,1847,33.6
BWA,1848,33.6
BWA,1849,33.6
BWA,1850,33.6
BWA,1851,33.6
BWA,1852,33.6
BWA,1853,33.6
BWA,1854,33.6
BWA,1855,33.6
BWA,1856,33.6
BWA,1857,33.6
BWA,1858,33.6
BWA,1859,33.6
BWA,1860,33.6
BWA,1861,33.6
BWA,1862,33.6
BWA,1863,33.6
BWA,1864,33.6
BWA,1865,33.6
BWA,1866,33.6
BWA,1867,33.6
BWA,1868,33.6
BWA,1869,33.6
BWA,1870,33.6
BWA,1871,33.6
BWA,1872,33.6
BWA,1873,33.6
BWA,1874,33.6
BWA,1875,33.6
BWA,1876,33.6
BWA,1877,33.6
BWA,1878,33.6
BWA,1879,33.6
BWA,1880,33.6
BWA,1881,33.6
BWA,1882,33.6
BWA,1883,33.6
BWA,1884,33.6
BWA,1885,33.6
BWA,1886,33.6
BWA,1887,33.6
BWA,1888,33.6
BWA,1889,33.6
BWA,1890,33.6
BWA,1891,33.6
BWA,1892,33.6
BWA,1893,33.6
BWA,1894,33.6
BWA,1895,33.6
BWA,1896,33.6
BWA,1897,33.6
BWA,1898,33.6
BWA,1899,33.6
BWA,1900,33.6
BWA,1901,33.6
BWA,1902,33.6
BWA,1903,33.6
BWA,1904,33.6
BWA,1905,33.6
BWA,1906,33.6
BWA,1907,33.6
BWA,1908,33.6
BWA,1909,33.6
BWA,1910,33.6
BWA,1911,33.6
BWA,1912,33.6
BWA,1913,33.6
BWA,1914,33.6
BWA,1915,33.6
BWA,1916,33.6
BWA,1917,33.6
BWA,1918,10.91
BWA,1919,33.6
BWA,1920,33.6
BWA,1921,33.6
BWA,1922,33.6
BWA,1923,33.6
BWA,1924,33.6
BWA,1925,33.6
BWA,1926,33.6
BWA,1927,33.6
BWA,1928,33.6
BWA,1929,33.6
BWA,1930,33.6
BWA,1931,33.6
BWA,1932,33.6
BWA,1933,33.6
BWA,1934,33.6
BWA,1935,33.6
BWA,1936,33.6
BWA,1937,33.6
BWA,1938,33.6
BWA,1939,33.6
BWA,1940,33.6
BWA,1941,33.58
BWA,1942,33.57
BWA,1943,33.55
BWA,1944,33.54
BWA,1945,33.52
BWA,1946,36.16
BWA,1947,38.78
BWA,1948,41.42
BWA,1949,44.04
BWA,1950,46.68
BWA,1951,46.87
BWA,1952,47.27
BWA,1953,47.66
BWA,1954,48.05
BWA,1955,48.45
BWA,1956,48.84
BWA,1957,49.23
BWA,1958,49.61
BWA,1959,49.99
BWA,1960,50.34
BWA,1961,50.7
BWA,1962,51.02
BWA,1963,51.35
BWA,1964,51.67
BWA,1965,52
BWA,1966,52.36
BWA,1967,52.77
BWA,1968,53.23
BWA,1969,53.73
BWA,1970,54.3
BWA,1971,54.9
BWA,1972,55.54
BWA,1973,56.18
BWA,1974,56.82
BWA,1975,57.45
BWA,1976,58.07
BWA,1977,58.65
BWA,1978,59.21
BWA,1979,59.74
BWA,1980,60.24
BWA,1981,60.73
BWA,1982,61.21
BWA,1983,61.67
BWA,1984,62.08
BWA,1985,62.44
BWA,1986,62.7
BWA,1987,62.85
BWA,1988,62.85
BWA,1989,62.69
BWA,1990,62.3
BWA,1991,62
BWA,1992,61.2
BWA,1993,60.1
BWA,1994,58.6
BWA,1995,56.8
BWA,1996,54.8
BWA,1997,52.9
BWA,1998,50.9
BWA,1999,49.2
BWA,2000,47.6
BWA,2001,46.5
BWA,2002,45.6
BWA,2003,45.7
BWA,2004,46.9
BWA,2005,49.3
BWA,2006,51.2
BWA,2007,52.4
BWA,2008,53.2
BWA,2009,54.3
BWA,2010,55.6
BWA,2011,56.5
BWA,2012,56.5
BWA,2013,56.9
BWA,2014,57.3
BWA,2015,58.7
BWA,2016,60.13
BRA,1800,32
BRA,1801,32
BRA,1802,32
BRA,1803,32
BRA,1804,32
BRA,1805,32
BRA,1806,32
BRA,1807,32
BRA,1808,32
BRA,1809,32
BRA,1810,32
BRA,1811,32
BRA,1812,32
BRA,1813,32
BRA,1814,32
BRA,1815,32
BRA,1816,32
BRA,1817,32
BRA,1818,32
BRA,1819,32
BRA,1820,32
BRA,1821,32
BRA,1822,32
BRA,1823,32
BRA,1824,32
BRA,1825,32
BRA,1826,31.99
BRA,1827,31.99
BRA,1828,31.99
BRA,1829,31.99
BRA,1830,31.99
BRA,1831,31.99
BRA,1832,31.99
BRA,1833,31.99
BRA,1834,31.99
BRA,1835,31.99
BRA,1836,31.99
BRA,1837,31.99
BRA,1838,31.99
BRA,1839,31.99
BRA,1840,31.99
BRA,1841,31.99
BRA,1842,31.99
BRA,1843,31.99
BRA,1844,31.99
BRA,1845,31.99
BRA,1846,31.99
BRA,1847,31.99
BRA,1848,31.99
BRA,1849,31.99
BRA,1850,31.99
BRA,1851,31.99
BRA,1852,31.99
BRA,1853,31.99
BRA,1854,31.99
BRA,1855,31.99
BRA,1856,31.99
BRA,1857,31.99
BRA,1858,31.99
BRA,1859,31.99
BRA,1860,31.99
BRA,1861,31.99
BRA,1862,31.99
BRA,1863,31.99
BRA,1864,31.99
BRA,1865,31.99
BRA,1866,31.99
BRA,1867,31.99
BRA,1868,31.99
BRA,1869,31.99
BRA,1870,31.99
BRA,1871,31.99
BRA,1872,31.99
BRA,1873,31.99
BRA,1874,31.99
BRA,1875,31.99
BRA,1876,31.99
BRA,1877,31.99
BRA,1878,31.98
BRA,1879,31.98
BRA,1880,31.98
BRA,1881,31.98
BRA,1882,31.98
BRA,1883,31.98
BRA,1884,31.98
BRA,1885,31.98
BRA,1886,31.98
BRA,1887,31.98
BRA,1888,31.98
BRA,1889,31.98
BRA,1890,31.98
BRA,1891,31.98
BRA,1892,31.98
BRA,1893,31.98
BRA,1894,31.98
BRA,1895,31.98
BRA,1896,31.98
BRA,1897,31.98
BRA,1898,31.98
BRA,1899,31.98
BRA,1900,31.98
BRA,1901,31.98
BRA,1902,31.98
BRA,1903,31.98
BRA,1904,31.98
BRA,1905,31.98
BRA,1906,31.98
BRA,1907,31.98
BRA,1908,31.98
BRA,1909,31.98
BRA,1910,31.98
BRA,1911,31.98
BRA,1912,31.98
BRA,1913,31.98
BRA,1914,31.98
BRA,1915,31.98
BRA,1916,31.98
BRA,1917,31.98
BRA,1918,26.98
BRA,1919,31.98
BRA,1920,31.98
BRA,1921,31.98
BRA,1922,31.98
BRA,1923,31.98
BRA,1924,31.99
BRA,1925,31.99
BRA,1926,31.99
BRA,1927,31.99
BRA,1928,32
BRA,1929,32
BRA,1930,32
BRA,1931,32.46
BRA,1932,32.93
BRA,1933,33.39
BRA,1934,33.86
BRA,1935,34.32
BRA,1936,34.78
BRA,1937,35.25
BRA,1938,35.71
BRA,1939,36.18
BRA,1940,36.64
BRA,1941,37.8
BRA,1942,38.96
BRA,1943,40.13
BRA,1944,41.28
BRA,1945,42.44
BRA,1946,44.02
BRA,1947,45.6
BRA,1948,47.17
BRA,1949,48.75
BRA,1950,50.33
BRA,1951,50.59
BRA,1952,51.1
BRA,1953,51.62
BRA,1954,52.14
BRA,1955,52.66
BRA,1956,53.19
BRA,1957,53.71
BRA,1958,54.23
BRA,1959,54.75
BRA,1960,55.27
BRA,1961,55.78
BRA,1962,56.27
BRA,1963,56.75
BRA,1964,57.21
BRA,1965,57.66
BRA,1966,58.07
BRA,1967,58.49
BRA,1968,58.91
BRA,1969,59.31
BRA,1970,59.73
BRA,1971,60.14
BRA,1972,60.56
BRA,1973,60.98
BRA,1974,61.41
BRA,1975,61.84
BRA,1976,62.27
BRA,1977,62.68
BRA,1978,63.07
BRA,1979,63.45
BRA,1980,63.81
BRA,1981,64.18
BRA,1982,64.55
BRA,1983,64.94
BRA,1984,65.34
BRA,1985,65.76
BRA,1986,66.18
BRA,1987,66.6
BRA,1988,67.04
BRA,1989,67.47
BRA,1990,67.9
BRA,1991,68.1
BRA,1992,68.3
BRA,1993,68.5
BRA,1994,68.8
BRA,1995,69
BRA,1996,69.3
BRA,1997,69.6
BRA,1998,69.9
BRA,1999,70.3
BRA,2000,70.7
BRA,2001,71.1
BRA,2002,71.4
BRA,2003,71.7
BRA,2004,72
BRA,2005,72.4
BRA,2006,72.7
BRA,2007,73
BRA,2008,73.2
BRA,2009,73.4
BRA,2010,73.6
BRA,2011,73.8
BRA,2012,74
BRA,2013,74.1
BRA,2014,74.3
BRA,2015,74.4
BRA,2016,74.5
BRN,1800,29.2
BRN,1801,29.2
BRN,1802,29.2
BRN,1803,29.2
BRN,1804,29.2
BRN,1805,29.2
BRN,1806,29.2
BRN,1807,29.2
BRN,1808,29.2
BRN,1809,29.2
BRN,1810,29.2
BRN,1811,29.2
BRN,1812,29.2
BRN,1813,29.2
BRN,1814,29.2
BRN,1815,29.2
BRN,1816,29.2
BRN,1817,29.2
BRN,1818,29.2
BRN,1819,29.2
BRN,1820,29.2
BRN,1821,29.2
BRN,1822,29.2
BRN,1823,29.2
BRN,1824,29.2
BRN,1825,29.2
BRN,1826,29.2
BRN,1827,29.2
BRN,1828,29.2
BRN,1829,29.2
BRN,1830,29.2
BRN,1831,29.2
BRN,1832,29.2
BRN,1833,29.2
BRN,1834,29.2
BRN,1835,29.2
BRN,1836,29.2
BRN,1837,29.2
BRN,1838,29.2
BRN,1839,29.2
BRN,1840,29.2
BRN,1841,29.2
BRN,1842,29.2
BRN,1843,29.2
BRN,1844,29.2
BRN,1845,29.2
BRN,1846,29.2
BRN,1847,29.2
BRN,1848,29.2
BRN,1849,29.2
BRN,1850,29.2
BRN,1851,29.2
BRN,1852,29.2
BRN,1853,29.2
BRN,1854,29.2
BRN,1855,29.2
BRN,1856,29.2
BRN,1857,29.2
BRN,1858,29.2
BRN,1859,29.2
BRN,1860,29.2
BRN,1861,29.2
BRN,1862,29.2
BRN,1863,29.2
BRN,1864,29.2
BRN,1865,29.2
BRN,1866,29.2
BRN,1867,29.2
BRN,1868,29.2
BRN,1869,29.2
BRN,1870,29.2
BRN,1871,29.2
BRN,1872,29.2
BRN,1873,29.2
BRN,1874,29.2
BRN,1875,29.2
BRN,1876,29.2
BRN,1877,29.2
BRN,1878,29.2
BRN,1879,29.2
BRN,1880,29.2
BRN,1881,29.2
BRN,1882,29.2
BRN,1883,29.2
BRN,1884,29.2
BRN,1885,29.2
BRN,1886,29.2
BRN,1887,29.2
BRN,1888,29.2
BRN,1889,29.2
BRN,1890,29.2
BRN,1891,29.2
BRN,1892,29.2
BRN,1893,29.2
BRN,1894,29.2
BRN,1895,29.2
BRN,1896,29.2
BRN,1897,29.2
BRN,1898,29.2
BRN,1899,29.2
BRN,1900,29.2
BRN,1901,29.2
BRN,1902,29.2
BRN,1903,29.2
BRN,1904,29.2
BRN,1905,29.2
BRN,1906,29.2
BRN,1907,29.2
BRN,1908,29.2
BRN,1909,29.2
BRN,1910,29.2
BRN,1911,29.2
BRN,1912,29.9
BRN,1913,30.61
BRN,1914,31.31
BRN,1915,32.01
BRN,1916,32.72
BRN,1917,33.42
BRN,1918,27.71
BRN,1919,34.83
BRN,1920,35.53
BRN,1921,36.23
BRN,1922,36.94
BRN,1923,37.64
BRN,1924,38.34
BRN,1925,39.05
BRN,1926,39.75
BRN,1927,40.45
BRN,1928,41.16
BRN,1929,41.86
BRN,1930,42.56
BRN,1931,43.27
BRN,1932,43.97
BRN,1933,44.67
BRN,1934,45.38
BRN,1935,46.08
BRN,1936,46.78
BRN,1937,47.49
BRN,1938,48.19
BRN,1939,48.89
BRN,1940,49.6
BRN,1941,50.31
BRN,1942,51.01
BRN,1943,51.73
BRN,1944,52.43
BRN,1945,53.15
BRN,1946,53.85
BRN,1947,54.56
BRN,1948,55.27
BRN,1949,55.98
BRN,1950,56.68
BRN,1951,56.99
BRN,1952,57.6
BRN,1953,58.22
BRN,1954,58.83
BRN,1955,59.45
BRN,1956,60.07
BRN,1957,60.7
BRN,1958,61.31
BRN,1959,61.93
BRN,1960,62.52
BRN,1961,63.11
BRN,1962,63.67
BRN,1963,64.21
BRN,1964,64.72
BRN,1965,65.21
BRN,1966,65.67
BRN,1967,66.12
BRN,1968,66.54
BRN,1969,66.97
BRN,1970,67.38
BRN,1971,67.79
BRN,1972,68.19
BRN,1973,68.58
BRN,1974,68.95
BRN,1975,69.32
BRN,1976,69.67
BRN,1977,70.01
BRN,1978,70.33
BRN,1979,70.65
BRN,1980,70.95
BRN,1981,71.25
BRN,1982,71.54
BRN,1983,71.84
BRN,1984,72.12
BRN,1985,72.41
BRN,1986,72.69
BRN,1987,72.98
BRN,1988,73.26
BRN,1989,73.54
BRN,1990,73.8
BRN,1991,73.8
BRN,1992,74
BRN,1993,74.2
BRN,1994,74.4
BRN,1995,74.7
BRN,1996,74.9
BRN,1997,75.2
BRN,1998,75.6
BRN,1999,75.8
BRN,2000,75.9
BRN,2001,76.1
BRN,2002,76.3
BRN,2003,76.5
BRN,2004,76.7
BRN,2005,76.7
BRN,2006,76.8
BRN,2007,76.8
BRN,2008,76.9
BRN,2009,77
BRN,2010,77.1
BRN,2011,76.9
BRN,2012,76.9
BRN,2013,76.9
BRN,2014,77.1
BRN,2015,77.1
BRN,2016,77.1
BGR,1800,35.8
BGR,1801,35.84
BGR,1802,35.89
BGR,1803,35.93
BGR,1804,35.98
BGR,1805,36.02
BGR,1806,36.06
BGR,1807,36.11
BGR,1808,36.15
BGR,1809,36.2
BGR,1810,36.24
BGR,1811,36.28
BGR,1812,36.33
BGR,1813,36.37
BGR,1814,36.42
BGR,1815,36.46
BGR,1816,36.5
BGR,1817,36.55
BGR,1818,36.59
BGR,1819,36.64
BGR,1820,36.68
BGR,1821,36.72
BGR,1822,36.77
BGR,1823,36.81
BGR,1824,36.86
BGR,1825,36.9
BGR,1826,36.94
BGR,1827,36.99
BGR,1828,37.03
BGR,1829,37.08
BGR,1830,37.12
BGR,1831,37.16
BGR,1832,37.21
BGR,1833,37.25
BGR,1834,37.3
BGR,1835,37.34
BGR,1836,37.38
BGR,1837,37.43
BGR,1838,37.47
BGR,1839,37.52
BGR,1840,37.56
BGR,1841,37.6
BGR,1842,37.65
BGR,1843,37.69
BGR,1844,37.74
BGR,1845,37.78
BGR,1846,37.82
BGR,1847,37.87
BGR,1848,37.91
BGR,1849,37.96
BGR,1850,38
BGR,1851,38.04
BGR,1852,38.09
BGR,1853,38.13
BGR,1854,38.18
BGR,1855,38.22
BGR,1856,38.26
BGR,1857,38.31
BGR,1858,38.35
BGR,1859,38.4
BGR,1860,38.44
BGR,1861,38.48
BGR,1862,38.53
BGR,1863,38.57
BGR,1864,38.62
BGR,1865,38.66
BGR,1866,38.7
BGR,1867,38.75
BGR,1868,38.79
BGR,1869,38.84
BGR,1870,38.88
BGR,1871,38.92
BGR,1872,38.97
BGR,1873,39.01
BGR,1874,39.06
BGR,1875,39.1
BGR,1876,39.14
BGR,1877,39.19
BGR,1878,39.23
BGR,1879,39.28
BGR,1880,39.32
BGR,1881,39.36
BGR,1882,39.41
BGR,1883,39.45
BGR,1884,39.5
BGR,1885,39.54
BGR,1886,39.58
BGR,1887,39.63
BGR,1888,39.67
BGR,1889,39.72
BGR,1890,39.76
BGR,1891,39.8
BGR,1892,39.85
BGR,1893,39.89
BGR,1894,39.94
BGR,1895,39.98
BGR,1896,40.02
BGR,1897,40.07
BGR,1898,40.11
BGR,1899,40.16
BGR,1900,40.2
BGR,1901,41.35
BGR,1902,42.5
BGR,1903,42.77
BGR,1904,43.03
BGR,1905,43.3
BGR,1906,43.37
BGR,1907,43.44
BGR,1908,43.52
BGR,1909,43.59
BGR,1910,43.66
BGR,1911,43.73
BGR,1912,43.81
BGR,1913,43.88
BGR,1914,43.95
BGR,1915,44.02
BGR,1916,44.09
BGR,1917,44.17
BGR,1918,33.72
BGR,1919,44.31
BGR,1920,44.38
BGR,1921,44.46
BGR,1922,44.53
BGR,1923,44.6
BGR,1924,44.83
BGR,1925,45.07
BGR,1926,45.3
BGR,1927,46.05
BGR,1928,46.8
BGR,1929,47.55
BGR,1930,48.3
BGR,1931,48.8
BGR,1932,49.3
BGR,1933,49.8
BGR,1934,50.3
BGR,1935,50.8
BGR,1936,51.3
BGR,1937,51.8
BGR,1938,52.03
BGR,1939,52.26
BGR,1940,52.48
BGR,1941,52.71
BGR,1942,52
BGR,1943,51.51
BGR,1944,50.01
BGR,1945,52.01
BGR,1946,53.61
BGR,1947,54.09
BGR,1948,55.8
BGR,1949,57.94
BGR,1950,61.41
BGR,1951,60.65
BGR,1952,59.62
BGR,1953,64.16
BGR,1954,64.43
BGR,1955,64.84
BGR,1956,65.24
BGR,1957,66.64
BGR,1958,68.74
BGR,1959,66.6
BGR,1960,69.22
BGR,1961,70.26
BGR,1962,69.55
BGR,1963,70.38
BGR,1964,71.18
BGR,1965,71.35
BGR,1966,71.28
BGR,1967,70.47
BGR,1968,71.3
BGR,1969,70.48
BGR,1970,71.32
BGR,1971,70.93
BGR,1972,70.96
BGR,1973,71.4
BGR,1974,71.26
BGR,1975,71.11
BGR,1976,71.44
BGR,1977,70.88
BGR,1978,71.24
BGR,1979,71.34
BGR,1980,71.17
BGR,1981,71.56
BGR,1982,71.16
BGR,1983,71.33
BGR,1984,71.43
BGR,1985,71.15
BGR,1986,71.63
BGR,1987,71.42
BGR,1988,71.49
BGR,1989,71.55
BGR,1990,71.4
BGR,1991,71.3
BGR,1992,71.2
BGR,1993,71.1
BGR,1994,70.9
BGR,1995,71
BGR,1996,70.9
BGR,1997,70.6
BGR,1998,71
BGR,1999,71.4
BGR,2000,71.6
BGR,2001,71.8
BGR,2002,72.1
BGR,2003,72.3
BGR,2004,72.5
BGR,2005,72.6
BGR,2006,72.7
BGR,2007,72.9
BGR,2008,73.2
BGR,2009,73.5
BGR,2010,73.7
BGR,2011,74.2
BGR,2012,74.5
BGR,2013,74.6
BGR,2014,74.7
BGR,2015,74.8
BGR,2016,74.9
BFA,1800,29.2
BFA,1801,29.2
BFA,1802,29.2
BFA,1803,29.2
BFA,1804,29.2
BFA,1805,29.2
BFA,1806,29.2
BFA,1807,29.2
BFA,1808,29.2
BFA,1809,29.2
BFA,1810,29.2
BFA,1811,29.2
BFA,1812,29.2
BFA,1813,29.2
BFA,1814,29.2
BFA,1815,29.2
BFA,1816,29.2
BFA,1817,29.2
BFA,1818,29.2
BFA,1819,29.2
BFA,1820,29.2
BFA,1821,29.2
BFA,1822,29.2
BFA,1823,29.2
BFA,1824,29.2
BFA,1825,29.2
BFA,1826,29.2
BFA,1827,29.2
BFA,1828,29.2
BFA,1829,29.2
BFA,1830,29.2
BFA,1831,29.2
BFA,1832,29.2
BFA,1833,29.2
BFA,1834,29.2
BFA,1835,29.2
BFA,1836,29.2
BFA,1837,29.2
BFA,1838,29.2
BFA,1839,29.2
BFA,1840,29.2
BFA,1841,29.2
BFA,1842,29.2
BFA,1843,29.2
BFA,1844,29.2
BFA,1845,29.2
BFA,1846,29.2
BFA,1847,29.2
BFA,1848,29.2
BFA,1849,29.2
BFA,1850,29.2
BFA,1851,29.2
BFA,1852,29.2
BFA,1853,29.2
BFA,1854,29.2
BFA,1855,29.2
BFA,1856,29.2
BFA,1857,29.2
BFA,1858,29.2
BFA,1859,29.2
BFA,1860,29.2
BFA,1861,29.2
BFA,1862,29.2
BFA,1863,29.2
BFA,1864,29.2
BFA,1865,29.2
BFA,1866,29.2
BFA,1867,29.2
BFA,1868,29.2
BFA,1869,29.2
BFA,1870,29.2
BFA,1871,29.2
BFA,1872,29.2
BFA,1873,29.2
BFA,1874,29.2
BFA,1875,29.2
BFA,1876,29.2
BFA,1877,29.2
BFA,1878,29.2
BFA,1879,29.2
BFA,1880,29.2
BFA,1881,29.2
BFA,1882,29.2
BFA,1883,29.2
BFA,1884,29.2
BFA,1885,29.2
BFA,1886,29.2
BFA,1887,29.2
BFA,1888,29.2
BFA,1889,29.2
BFA,1890,29.2
BFA,1891,29.2
BFA,1892,29.2
BFA,1893,29.2
BFA,1894,29.2
BFA,1895,29.2
BFA,1896,29.2
BFA,1897,29.2
BFA,1898,29.2
BFA,1899,29.2
BFA,1900,29.2
BFA,1901,29.2
BFA,1902,29.2
BFA,1903,29.2
BFA,1904,29.2
BFA,1905,29.2
BFA,1906,29.2
BFA,1907,29.2
BFA,1908,29.2
BFA,1909,29.2
BFA,1910,29.2
BFA,1911,29.2
BFA,1912,29.2
BFA,1913,29.2
BFA,1914,29.2
BFA,1915,29.2
BFA,1916,29.2
BFA,1917,29.2
BFA,1918,11.29
BFA,1919,29.2
BFA,1920,29.2
BFA,1921,29.2
BFA,1922,29.2
BFA,1923,29.2
BFA,1924,29.2
BFA,1925,29.2
BFA,1926,29.2
BFA,1927,29.2
BFA,1928,29.2
BFA,1929,29.2
BFA,1930,29.2
BFA,1931,29.2
BFA,1932,29.2
BFA,1933,29.2
BFA,1934,29.2
BFA,1935,29.2
BFA,1936,29.2
BFA,1937,29.2
BFA,1938,29.2
BFA,1939,29.2
BFA,1940,29.2
BFA,1941,29.24
BFA,1942,29.28
BFA,1943,29.32
BFA,1944,29.36
BFA,1945,29.4
BFA,1946,29.59
BFA,1947,29.78
BFA,1948,29.98
BFA,1949,30.18
BFA,1950,30.37
BFA,1951,30.65
BFA,1952,31.18
BFA,1953,31.69
BFA,1954,32.21
BFA,1955,32.72
BFA,1956,33.21
BFA,1957,33.71
BFA,1958,34.21
BFA,1959,34.71
BFA,1960,35.21
BFA,1961,35.72
BFA,1962,36.23
BFA,1963,36.75
BFA,1964,37.27
BFA,1965,37.8
BFA,1966,38.3
BFA,1967,38.8
BFA,1968,39.3
BFA,1969,39.78
BFA,1970,40.27
BFA,1971,40.75
BFA,1972,41.25
BFA,1973,41.78
BFA,1974,42.36
BFA,1975,43
BFA,1976,43.74
BFA,1977,44.61
BFA,1978,45.56
BFA,1979,46.58
BFA,1980,47.61
BFA,1981,48.58
BFA,1982,49.45
BFA,1983,50.17
BFA,1984,50.71
BFA,1985,51.08
BFA,1986,51.28
BFA,1987,51.38
BFA,1988,51.42
BFA,1989,51.42
BFA,1990,51.4
BFA,1991,51.4
BFA,1992,51.3
BFA,1993,51.3
BFA,1994,51.3
BFA,1995,51.3
BFA,1996,51.5
BFA,1997,51.6
BFA,1998,51.8
BFA,1999,52.2
BFA,2000,52.6
BFA,2001,53.2
BFA,2002,53.8
BFA,2003,54.5
BFA,2004,55.1
BFA,2005,55.9
BFA,2006,56.6
BFA,2007,57.4
BFA,2008,58
BFA,2009,58.5
BFA,2010,59
BFA,2011,59.5
BFA,2012,59.9
BFA,2013,60.3
BFA,2014,60.6
BFA,2015,60.9
BFA,2016,61.2
BDI,1800,31.5
BDI,1801,31.5
BDI,1802,31.5
BDI,1803,31.5
BDI,1804,31.5
BDI,1805,31.5
BDI,1806,31.5
BDI,1807,31.5
BDI,1808,31.5
BDI,1809,31.5
BDI,1810,31.5
BDI,1811,31.5
BDI,1812,31.5
BDI,1813,31.5
BDI,1814,31.5
BDI,1815,31.5
BDI,1816,31.5
BDI,1817,31.5
BDI,1818,31.5
BDI,1819,31.5
BDI,1820,31.5
BDI,1821,31.5
BDI,1822,31.5
BDI,1823,31.5
BDI,1824,31.5
BDI,1825,31.5
BDI,1826,31.5
BDI,1827,31.5
BDI,1828,31.5
BDI,1829,31.5
BDI,1830,31.5
BDI,1831,31.5
BDI,1832,31.5
BDI,1833,31.5
BDI,1834,31.5
BDI,1835,31.5
BDI,1836,31.5
BDI,1837,31.5
BDI,1838,31.5
BDI,1839,31.5
BDI,1840,31.5
BDI,1841,31.5
BDI,1842,31.5
BDI,1843,31.5
BDI,1844,31.5
BDI,1845,31.5
BDI,1846,31.5
BDI,1847,31.5
BDI,1848,31.5
BDI,1849,31.5
BDI,1850,31.5
BDI,1851,31.5
BDI,1852,31.5
BDI,1853,31.5
BDI,1854,31.5
BDI,1855,31.5
BDI,1856,31.5
BDI,1857,31.5
BDI,1858,31.5
BDI,1859,31.5
BDI,1860,31.5
BDI,1861,31.5
BDI,1862,31.5
BDI,1863,31.5
BDI,1864,31.5
BDI,1865,31.5
BDI,1866,31.5
BDI,1867,31.5
BDI,1868,31.5
BDI,1869,31.5
BDI,1870,31.5
BDI,1871,31.5
BDI,1872,31.5
BDI,1873,31.5
BDI,1874,31.5
BDI,1875,31.5
BDI,1876,31.5
BDI,1877,31.5
BDI,1878,31.5
BDI,1879,31.5
BDI,1880,31.5
BDI,1881,31.5
BDI,1882,31.5
BDI,1883,31.5
BDI,1884,31.5
BDI,1885,31.5
BDI,1886,31.5
BDI,1887,31.5
BDI,1888,31.5
BDI,1889,31.5
BDI,1890,31.5
BDI,1891,31.5
BDI,1892,31.5
BDI,1893,31.5
BDI,1894,31.5
BDI,1895,31.5
BDI,1896,31.5
BDI,1897,31.5
BDI,1898,31.5
BDI,1899,31.5
BDI,1900,31.5
BDI,1901,31.5
BDI,1902,31.5
BDI,1903,31.5
BDI,1904,31.5
BDI,1905,31.5
BDI,1906,31.5
BDI,1907,31.5
BDI,1908,31.5
BDI,1909,31.5
BDI,1910,31.5
BDI,1911,31.5
BDI,1912,31.5
BDI,1913,31.5
BDI,1914,31.5
BDI,1915,31.5
BDI,1916,31.5
BDI,1917,31.5
BDI,1918,12.18
BDI,1919,31.5
BDI,1920,31.5
BDI,1921,28
BDI,1922,24.5
BDI,1923,31.5
BDI,1924,31.5
BDI,1925,28
BDI,1926,26
BDI,1927,24.5
BDI,1928,26
BDI,1929,26
BDI,1930,31.5
BDI,1931,31.5
BDI,1932,31.5
BDI,1933,31.5
BDI,1934,31.5
BDI,1935,31.5
BDI,1936,31.5
BDI,1937,31.5
BDI,1938,31.5
BDI,1939,31.5
BDI,1940,31.5
BDI,1941,31.46
BDI,1942,31.43
BDI,1943,29.99
BDI,1944,17.36
BDI,1945,31.32
BDI,1946,32.68
BDI,1947,34.02
BDI,1948,35.38
BDI,1949,36.72
BDI,1950,38.07
BDI,1951,38.19
BDI,1952,38.45
BDI,1953,38.72
BDI,1954,38.98
BDI,1955,39.25
BDI,1956,39.51
BDI,1957,39.77
BDI,1958,40.04
BDI,1959,40.3
BDI,1960,40.58
BDI,1961,40.85
BDI,1962,41.13
BDI,1963,41.41
BDI,1964,41.69
BDI,1965,41.95
BDI,1966,42.18
BDI,1967,42.37
BDI,1968,42.52
BDI,1969,42.65
BDI,1970,42.76
BDI,1971,42.91
BDI,1972,43.1
BDI,1973,43.35
BDI,1974,43.66
BDI,1975,44.02
BDI,1976,44.43
BDI,1977,44.84
BDI,1978,45.24
BDI,1979,45.6
BDI,1980,45.93
BDI,1981,46.22
BDI,1982,46.49
BDI,1983,46.75
BDI,1984,46.95
BDI,1985,47.08
BDI,1986,47.05
BDI,1987,46.88
BDI,1988,46.54
BDI,1989,46.1
BDI,1990,45.6
BDI,1991,45.4
BDI,1992,45.3
BDI,1993,45.1
BDI,1994,45
BDI,1995,44.5
BDI,1996,44.3
BDI,1997,45
BDI,1998,45.5
BDI,1999,46.3
BDI,2000,46.7
BDI,2001,48.4
BDI,2002,49.8
BDI,2003,51.3
BDI,2004,53
BDI,2005,54.7
BDI,2006,56.4
BDI,2007,57.9
BDI,2008,59.1
BDI,2009,60
BDI,2010,60.4
BDI,2011,60.8
BDI,2012,61.1
BDI,2013,61.3
BDI,2014,61.4
BDI,2015,61.4
BDI,2016,61.4
KHM,1800,35
KHM,1801,35
KHM,1802,35
KHM,1803,35
KHM,1804,35
KHM,1805,35
KHM,1806,35
KHM,1807,35
KHM,1808,35
KHM,1809,35
KHM,1810,35
KHM,1811,35
KHM,1812,35
KHM,1813,35
KHM,1814,35
KHM,1815,35
KHM,1816,35
KHM,1817,35
KHM,1818,35
KHM,1819,35
KHM,1820,35
KHM,1821,35
KHM,1822,35
KHM,1823,35
KHM,1824,35
KHM,1825,35
KHM,1826,35
KHM,1827,35
KHM,1828,35
KHM,1829,35
KHM,1830,35
KHM,1831,35
KHM,1832,35
KHM,1833,35
KHM,1834,35
KHM,1835,35
KHM,1836,35
KHM,1837,35
KHM,1838,35
KHM,1839,35
KHM,1840,35
KHM,1841,35
KHM,1842,35
KHM,1843,35
KHM,1844,35
KHM,1845,35
KHM,1846,35
KHM,1847,35
KHM,1848,35
KHM,1849,35
KHM,1850,35
KHM,1851,35
KHM,1852,35
KHM,1853,35
KHM,1854,35
KHM,1855,35
KHM,1856,35
KHM,1857,35
KHM,1858,35
KHM,1859,35
KHM,1860,35
KHM,1861,35
KHM,1862,35
KHM,1863,35
KHM,1864,35
KHM,1865,35
KHM,1866,35
KHM,1867,35
KHM,1868,35
KHM,1869,35
KHM,1870,35
KHM,1871,35
KHM,1872,35
KHM,1873,35
KHM,1874,35
KHM,1875,35
KHM,1876,35
KHM,1877,35
KHM,1878,35
KHM,1879,35
KHM,1880,35
KHM,1881,35
KHM,1882,35
KHM,1883,35
KHM,1884,35
KHM,1885,35
KHM,1886,35
KHM,1887,35
KHM,1888,35
KHM,1889,35
KHM,1890,35
KHM,1891,35
KHM,1892,35
KHM,1893,35
KHM,1894,35
KHM,1895,35
KHM,1896,35
KHM,1897,35
KHM,1898,35
KHM,1899,35
KHM,1900,35
KHM,1901,35
KHM,1902,35
KHM,1903,35
KHM,1904,35
KHM,1905,35
KHM,1906,35
KHM,1907,35
KHM,1908,35
KHM,1909,35
KHM,1910,35
KHM,1911,35
KHM,1912,35
KHM,1913,35
KHM,1914,35
KHM,1915,35
KHM,1916,35
KHM,1917,35
KHM,1918,22.43
KHM,1919,35
KHM,1920,35
KHM,1921,35
KHM,1922,35
KHM,1923,35
KHM,1924,35
KHM,1925,35
KHM,1926,35
KHM,1927,35
KHM,1928,35
KHM,1929,35
KHM,1930,35
KHM,1931,35
KHM,1932,35
KHM,1933,35
KHM,1934,35
KHM,1935,35
KHM,1936,35
KHM,1937,35
KHM,1938,35
KHM,1939,35
KHM,1940,34
KHM,1941,33.65
KHM,1942,33.61
KHM,1943,33.56
KHM,1944,31.72
KHM,1945,28.27
KHM,1946,35.32
KHM,1947,36.57
KHM,1948,37.82
KHM,1949,39.07
KHM,1950,40.32
KHM,1951,40.5
KHM,1952,40.81
KHM,1953,41.08
KHM,1954,41.32
KHM,1955,41.52
KHM,1956,41.7
KHM,1957,41.86
KHM,1958,41.99
KHM,1959,42.14
KHM,1960,42.29
KHM,1961,42.47
KHM,1962,42.7
KHM,1963,42.95
KHM,1964,43.2
KHM,1965,43.45
KHM,1966,43.73
KHM,1967,44
KHM,1968,44.13
KHM,1969,44.03
KHM,1970,43.28
KHM,1971,41.67
KHM,1972,39.73
KHM,1973,37.58
KHM,1974,34.94
KHM,1975,21.69
KHM,1976,19.04
KHM,1977,18.1
KHM,1978,19.55
KHM,1979,21.91
KHM,1980,28.16
KHM,1981,38
KHM,1982,44.24
KHM,1983,49.43
KHM,1984,53.22
KHM,1985,55.5
KHM,1986,56.49
KHM,1987,56.82
KHM,1988,56.99
KHM,1989,57.22
KHM,1990,57.6
KHM,1991,57.9
KHM,1992,58.2
KHM,1993,58.1
KHM,1994,58
KHM,1995,58.1
KHM,1996,58.3
KHM,1997,58.7
KHM,1998,59
KHM,1999,59.5
KHM,2000,60
KHM,2001,60.8
KHM,2002,61.6
KHM,2003,62.4
KHM,2004,63.2
KHM,2005,64
KHM,2006,64.8
KHM,2007,65.4
KHM,2008,66.1
KHM,2009,66.6
KHM,2010,67
KHM,2011,67.6
KHM,2012,68.2
KHM,2013,68.7
KHM,2014,69.1
KHM,2015,69.4
KHM,2016,69.7
CMR,1800,28.75
CMR,1801,28.75
CMR,1802,28.75
CMR,1803,28.75
CMR,1804,28.75
CMR,1805,28.75
CMR,1806,28.75
CMR,1807,28.75
CMR,1808,28.75
CMR,1809,28.75
CMR,1810,28.75
CMR,1811,28.75
CMR,1812,28.75
CMR,1813,28.75
CMR,1814,28.75
CMR,1815,28.75
CMR,1816,28.75
CMR,1817,28.75
CMR,1818,28.75
CMR,1819,28.75
CMR,1820,28.75
CMR,1821,28.75
CMR,1822,28.75
CMR,1823,28.75
CMR,1824,28.75
CMR,1825,28.75
CMR,1826,28.75
CMR,1827,28.75
CMR,1828,28.75
CMR,1829,28.75
CMR,1830,28.75
CMR,1831,28.75
CMR,1832,28.75
CMR,1833,28.75
CMR,1834,28.75
CMR,1835,28.75
CMR,1836,28.75
CMR,1837,28.75
CMR,1838,28.75
CMR,1839,28.75
CMR,1840,28.75
CMR,1841,28.75
CMR,1842,28.75
CMR,1843,28.75
CMR,1844,28.75
CMR,1845,28.75
CMR,1846,28.75
CMR,1847,28.75
CMR,1848,28.75
CMR,1849,28.75
CMR,1850,28.75
CMR,1851,28.75
CMR,1852,28.75
CMR,1853,28.75
CMR,1854,28.75
CMR,1855,28.75
CMR,1856,28.75
CMR,1857,28.75
CMR,1858,28.75
CMR,1859,28.75
CMR,1860,28.75
CMR,1861,28.75
CMR,1862,28.75
CMR,1863,28.75
CMR,1864,28.75
CMR,1865,28.75
CMR,1866,28.75
CMR,1867,28.75
CMR,1868,28.75
CMR,1869,28.75
CMR,1870,28.75
CMR,1871,28.75
CMR,1872,28.75
CMR,1873,28.75
CMR,1874,28.75
CMR,1875,28.75
CMR,1876,28.75
CMR,1877,28.75
CMR,1878,28.75
CMR,1879,28.75
CMR,1880,28.75
CMR,1881,28.75
CMR,1882,28.75
CMR,1883,28.75
CMR,1884,28.75
CMR,1885,28.75
CMR,1886,28.75
CMR,1887,28.75
CMR,1888,28.75
CMR,1889,28.75
CMR,1890,28.75
CMR,1891,28.75
CMR,1892,28.75
CMR,1893,28.75
CMR,1894,28.75
CMR,1895,28.75
CMR,1896,28.75
CMR,1897,28.75
CMR,1898,28.75
CMR,1899,28.75
CMR,1900,28.75
CMR,1901,28.75
CMR,1902,28.75
CMR,1903,28.75
CMR,1904,28.75
CMR,1905,28.75
CMR,1906,28.75
CMR,1907,28.75
CMR,1908,28.75
CMR,1909,28.75
CMR,1910,28.75
CMR,1911,28.75
CMR,1912,28.75
CMR,1913,28.75
CMR,1914,28.75
CMR,1915,28.75
CMR,1916,28.75
CMR,1917,28.75
CMR,1918,5.66
CMR,1919,28.75
CMR,1920,28.75
CMR,1921,28.75
CMR,1922,28.75
CMR,1923,28.75
CMR,1924,28.75
CMR,1925,28.75
CMR,1926,28.75
CMR,1927,28.75
CMR,1928,28.75
CMR,1929,28.75
CMR,1930,28.75
CMR,1931,28.75
CMR,1932,28.75
CMR,1933,28.75
CMR,1934,28.75
CMR,1935,28.75
CMR,1936,28.75
CMR,1937,28.75
CMR,1938,28.75
CMR,1939,28.75
CMR,1940,28.75
CMR,1941,28.85
CMR,1942,28.94
CMR,1943,29.04
CMR,1944,29.13
CMR,1945,29.23
CMR,1946,31.14
CMR,1947,33.07
CMR,1948,34.98
CMR,1949,36.91
CMR,1950,38.83
CMR,1951,39.08
CMR,1952,39.51
CMR,1953,39.94
CMR,1954,40.41
CMR,1955,40.87
CMR,1956,41.37
CMR,1957,41.88
CMR,1958,42.39
CMR,1959,42.93
CMR,1960,43.46
CMR,1961,44
CMR,1962,44.53
CMR,1963,45.07
CMR,1964,45.59
CMR,1965,46.13
CMR,1966,46.67
CMR,1967,47.22
CMR,1968,47.79
CMR,1969,48.37
CMR,1970,48.97
CMR,1971,49.59
CMR,1972,50.22
CMR,1973,50.85
CMR,1974,51.49
CMR,1975,52.13
CMR,1976,52.74
CMR,1977,53.36
CMR,1978,53.95
CMR,1979,54.52
CMR,1980,55.06
CMR,1981,55.56
CMR,1982,56.03
CMR,1983,56.45
CMR,1984,56.83
CMR,1985,57.17
CMR,1986,57.48
CMR,1987,57.75
CMR,1988,58.01
CMR,1989,58.22
CMR,1990,58.4
CMR,1991,58.2
CMR,1992,57.9
CMR,1993,57.4
CMR,1994,57
CMR,1995,56.5
CMR,1996,56.2
CMR,1997,55.5
CMR,1998,55
CMR,1999,54.7
CMR,2000,54.3
CMR,2001,54.2
CMR,2002,54.2
CMR,2003,54.3
CMR,2004,54.4
CMR,2005,54.9
CMR,2006,55.4
CMR,2007,55.7
CMR,2008,56.6
CMR,2009,57.3
CMR,2010,57.8
CMR,2011,58.1
CMR,2012,58.5
CMR,2013,59
CMR,2014,59.1
CMR,2015,59.4
CMR,2016,59.7
CAN,1800,39
CAN,1801,39
CAN,1802,39
CAN,1803,39
CAN,1804,39.01
CAN,1805,39.01
CAN,1806,39.01
CAN,1807,39.01
CAN,1808,39.01
CAN,1809,39.01
CAN,1810,39.01
CAN,1811,39.02
CAN,1812,39.02
CAN,1813,39.02
CAN,1814,39.02
CAN,1815,39.02
CAN,1816,39.02
CAN,1817,39.03
CAN,1818,39.03
CAN,1819,39.03
CAN,1820,39.03
CAN,1821,39.03
CAN,1822,39.03
CAN,1823,39.03
CAN,1824,39.04
CAN,1825,39.04
CAN,1826,39.04
CAN,1827,39.04
CAN,1828,39.04
CAN,1829,39.04
CAN,1830,39.04
CAN,1831,39.05
CAN,1832,39.17
CAN,1833,39.3
CAN,1834,39.43
CAN,1835,39.55
CAN,1836,39.68
CAN,1837,39.81
CAN,1838,39.94
CAN,1839,40.06
CAN,1840,40.19
CAN,1841,40.32
CAN,1842,40.39
CAN,1843,40.47
CAN,1844,40.54
CAN,1845,40.61
CAN,1846,40.69
CAN,1847,40.76
CAN,1848,40.84
CAN,1849,40.91
CAN,1850,40.99
CAN,1851,41.06
CAN,1852,41.11
CAN,1853,41.17
CAN,1854,41.22
CAN,1855,41.27
CAN,1856,41.33
CAN,1857,41.38
CAN,1858,41.43
CAN,1859,41.49
CAN,1860,41.54
CAN,1861,41.6
CAN,1862,41.69
CAN,1863,41.79
CAN,1864,41.88
CAN,1865,41.98
CAN,1866,42.08
CAN,1867,42.17
CAN,1868,42.27
CAN,1869,42.36
CAN,1870,42.46
CAN,1871,42.56
CAN,1872,42.77
CAN,1873,42.99
CAN,1874,43.21
CAN,1875,43.43
CAN,1876,43.64
CAN,1877,43.86
CAN,1878,44.08
CAN,1879,44.3
CAN,1880,44.51
CAN,1881,44.73
CAN,1882,44.77
CAN,1883,44.82
CAN,1884,44.86
CAN,1885,44.91
CAN,1886,44.95
CAN,1887,45
CAN,1888,45.04
CAN,1889,45.09
CAN,1890,45.13
CAN,1891,45.17
CAN,1892,45.52
CAN,1893,45.87
CAN,1894,46.21
CAN,1895,46.56
CAN,1896,46.9
CAN,1897,47.25
CAN,1898,47.6
CAN,1899,47.94
CAN,1900,48.29
CAN,1901,48.63
CAN,1902,49.02
CAN,1903,49.41
CAN,1904,49.8
CAN,1905,50.18
CAN,1906,50.57
CAN,1907,50.96
CAN,1908,51.35
CAN,1909,51.74
CAN,1910,52.12
CAN,1911,52.51
CAN,1912,52.96
CAN,1913,53.41
CAN,1914,53.86
CAN,1915,54.31
CAN,1916,54.77
CAN,1917,55.22
CAN,1918,47.17
CAN,1919,56.12
CAN,1920,56.57
CAN,1921,57.02
CAN,1922,57.02
CAN,1923,57.02
CAN,1924,58.83
CAN,1925,59.31
CAN,1926,57.99
CAN,1927,58.68
CAN,1928,58.57
CAN,1929,57.97
CAN,1930,58.95
CAN,1931,60.36
CAN,1932,61.43
CAN,1933,62.36
CAN,1934,62.77
CAN,1935,62.49
CAN,1936,62.72
CAN,1937,61.35
CAN,1938,63.31
CAN,1939,63.74
CAN,1940,64.01
CAN,1941,63.76
CAN,1942,64.7
CAN,1943,64.6
CAN,1944,65.34
CAN,1945,66.32
CAN,1946,66.52
CAN,1947,66.76
CAN,1948,67.31
CAN,1949,67.63
CAN,1950,68.26
CAN,1951,68.53
CAN,1952,68.72
CAN,1953,69.1
CAN,1954,69.96
CAN,1955,70.02
CAN,1956,70
CAN,1957,69.92
CAN,1958,70.58
CAN,1959,70.62
CAN,1960,71
CAN,1961,71.22
CAN,1962,71.25
CAN,1963,71.26
CAN,1964,71.64
CAN,1965,71.74
CAN,1966,71.86
CAN,1967,72.07
CAN,1968,72.23
CAN,1969,72.39
CAN,1970,72.58
CAN,1971,72.91
CAN,1972,72.81
CAN,1973,73.04
CAN,1974,73.12
CAN,1975,73.41
CAN,1976,73.84
CAN,1977,74.13
CAN,1978,74.46
CAN,1979,74.81
CAN,1980,75.05
CAN,1981,75.46
CAN,1982,75.67
CAN,1983,76.04
CAN,1984,76.33
CAN,1985,76.31
CAN,1986,76.46
CAN,1987,76.76
CAN,1988,76.82
CAN,1989,77.09
CAN,1990,77.4
CAN,1991,77.6
CAN,1992,77.7
CAN,1993,77.8
CAN,1994,77.9
CAN,1995,78
CAN,1996,78.3
CAN,1997,78.6
CAN,1998,78.8
CAN,1999,79
CAN,2000,79.2
CAN,2001,79.5
CAN,2002,79.6
CAN,2003,79.8
CAN,2004,80.1
CAN,2005,80.2
CAN,2006,80.5
CAN,2007,80.6
CAN,2008,80.8
CAN,2009,81.1
CAN,2010,81.3
CAN,2011,81.6
CAN,2012,81.6
CAN,2013,81.6
CAN,2014,81.7
CAN,2015,81.7
CAN,2016,81.7
CPV,1800,33.8
CPV,1801,33.8
CPV,1802,33.8
CPV,1803,33.8
CPV,1804,33.8
CPV,1805,33.8
CPV,1806,33.8
CPV,1807,33.8
CPV,1808,33.8
CPV,1809,33.8
CPV,1810,33.8
CPV,1811,33.8
CPV,1812,33.8
CPV,1813,33.8
CPV,1814,33.8
CPV,1815,33.8
CPV,1816,33.8
CPV,1817,33.8
CPV,1818,33.8
CPV,1819,33.8
CPV,1820,33.8
CPV,1821,33.8
CPV,1822,33.8
CPV,1823,33.8
CPV,1824,33.8
CPV,1825,33.8
CPV,1826,33.8
CPV,1827,33.8
CPV,1828,33.8
CPV,1829,33.8
CPV,1830,33.8
CPV,1831,33.8
CPV,1832,33.8
CPV,1833,33.8
CPV,1834,33.8
CPV,1835,33.8
CPV,1836,33.8
CPV,1837,33.8
CPV,1838,33.8
CPV,1839,33.8
CPV,1840,33.8
CPV,1841,33.8
CPV,1842,33.8
CPV,1843,33.8
CPV,1844,33.8
CPV,1845,33.8
CPV,1846,33.8
CPV,1847,33.8
CPV,1848,33.8
CPV,1849,33.8
CPV,1850,33.8
CPV,1851,33.8
CPV,1852,33.8
CPV,1853,33.8
CPV,1854,33.8
CPV,1855,33.8
CPV,1856,33.8
CPV,1857,33.8
CPV,1858,33.8
CPV,1859,33.8
CPV,1860,33.8
CPV,1861,33.8
CPV,1862,33.8
CPV,1863,33.8
CPV,1864,33.8
CPV,1865,33.8
CPV,1866,33.8
CPV,1867,33.8
CPV,1868,33.8
CPV,1869,33.8
CPV,1870,33.8
CPV,1871,33.8
CPV,1872,33.8
CPV,1873,33.8
CPV,1874,33.8
CPV,1875,33.8
CPV,1876,33.8
CPV,1877,33.8
CPV,1878,33.8
CPV,1879,33.8
CPV,1880,33.8
CPV,1881,33.8
CPV,1882,33.8
CPV,1883,33.8
CPV,1884,33.8
CPV,1885,33.8
CPV,1886,33.8
CPV,1887,33.8
CPV,1888,33.8
CPV,1889,33.8
CPV,1890,33.8
CPV,1891,33.8
CPV,1892,33.8
CPV,1893,33.8
CPV,1894,33.8
CPV,1895,33.8
CPV,1896,33.8
CPV,1897,33.8
CPV,1898,33.8
CPV,1899,33.8
CPV,1900,33.8
CPV,1901,33.8
CPV,1902,33.8
CPV,1903,33.8
CPV,1904,33.8
CPV,1905,33.8
CPV,1906,33.8
CPV,1907,33.8
CPV,1908,33.8
CPV,1909,33.8
CPV,1910,33.8
CPV,1911,33.8
CPV,1912,33.8
CPV,1913,33.8
CPV,1914,33.8
CPV,1915,33.8
CPV,1916,33.8
CPV,1917,33.8
CPV,1918,13.07
CPV,1919,33.8
CPV,1920,33.8
CPV,1921,33.8
CPV,1922,33.8
CPV,1923,33.8
CPV,1924,33.8
CPV,1925,33.8
CPV,1926,33.8
CPV,1927,33.8
CPV,1928,33.8
CPV,1929,33.8
CPV,1930,33.8
CPV,1931,33.8
CPV,1932,33.8
CPV,1933,33.8
CPV,1934,33.8
CPV,1935,33.8
CPV,1936,34.73
CPV,1937,35.67
CPV,1938,36.6
CPV,1939,37.53
CPV,1940,38.47
CPV,1941,39.45
CPV,1942,40.43
CPV,1943,41.43
CPV,1944,42.41
CPV,1945,43.39
CPV,1946,44.38
CPV,1947,45.37
CPV,1948,46.35
CPV,1949,47.34
CPV,1950,48.32
CPV,1951,48.45
CPV,1952,48.63
CPV,1953,48.81
CPV,1954,49
CPV,1955,49.19
CPV,1956,49.38
CPV,1957,49.57
CPV,1958,49.76
CPV,1959,49.95
CPV,1960,50.12
CPV,1961,50.27
CPV,1962,50.43
CPV,1963,50.59
CPV,1964,50.77
CPV,1965,51
CPV,1966,51.32
CPV,1967,51.75
CPV,1968,52.32
CPV,1969,53
CPV,1970,53.78
CPV,1971,54.65
CPV,1972,55.57
CPV,1973,56.5
CPV,1974,57.41
CPV,1975,58.3
CPV,1976,59.16
CPV,1977,60
CPV,1978,60.82
CPV,1979,61.62
CPV,1980,62.41
CPV,1981,63.19
CPV,1982,63.95
CPV,1983,64.69
CPV,1984,65.43
CPV,1985,66.12
CPV,1986,66.75
CPV,1987,67.33
CPV,1988,67.85
CPV,1989,68.3
CPV,1990,68.7
CPV,1991,68.6
CPV,1992,68.6
CPV,1993,68.4
CPV,1994,68.3
CPV,1995,68.3
CPV,1996,68.2
CPV,1997,68.2
CPV,1998,68.2
CPV,1999,68.2
CPV,2000,68.4
CPV,2001,68.6
CPV,2002,68.7
CPV,2003,68.9
CPV,2004,69.1
CPV,2005,69.3
CPV,2006,69.6
CPV,2007,69.6
CPV,2008,70.4
CPV,2009,70.7
CPV,2010,71.1
CPV,2011,71.4
CPV,2012,71.9
CPV,2013,72.3
CPV,2014,72.7
CPV,2015,72.9
CPV,2016,73.1
CAF,1800,30
CAF,1801,30
CAF,1802,30
CAF,1803,30
CAF,1804,30
CAF,1805,30
CAF,1806,30
CAF,1807,30
CAF,1808,30
CAF,1809,30
CAF,1810,30
CAF,1811,30
CAF,1812,30
CAF,1813,30
CAF,1814,30
CAF,1815,30
CAF,1816,30
CAF,1817,30
CAF,1818,30
CAF,1819,30
CAF,1820,30
CAF,1821,30
CAF,1822,30
CAF,1823,30
CAF,1824,30
CAF,1825,30
CAF,1826,30
CAF,1827,30
CAF,1828,30
CAF,1829,30
CAF,1830,30
CAF,1831,30
CAF,1832,30
CAF,1833,30
CAF,1834,30
CAF,1835,30
CAF,1836,30
CAF,1837,30
CAF,1838,30
CAF,1839,30
CAF,1840,30
CAF,1841,30
CAF,1842,30
CAF,1843,30
CAF,1844,30
CAF,1845,30
CAF,1846,30
CAF,1847,30
CAF,1848,30
CAF,1849,30
CAF,1850,30
CAF,1851,30
CAF,1852,30
CAF,1853,30
CAF,1854,30
CAF,1855,30
CAF,1856,30
CAF,1857,30
CAF,1858,30
CAF,1859,30
CAF,1860,30
CAF,1861,30
CAF,1862,30
CAF,1863,30
CAF,1864,30
CAF,1865,30
CAF,1866,30
CAF,1867,30
CAF,1868,30
CAF,1869,30
CAF,1870,30
CAF,1871,30
CAF,1872,30
CAF,1873,30
CAF,1874,30
CAF,1875,30
CAF,1876,30
CAF,1877,30
CAF,1878,30
CAF,1879,30
CAF,1880,30
CAF,1881,30
CAF,1882,30
CAF,1883,30
CAF,1884,30
CAF,1885,30
CAF,1886,30
CAF,1887,30
CAF,1888,30
CAF,1889,30
CAF,1890,30
CAF,1891,30
CAF,1892,30
CAF,1893,30
CAF,1894,30
CAF,1895,30
CAF,1896,30
CAF,1897,30
CAF,1898,30
CAF,1899,30
CAF,1900,30
CAF,1901,30
CAF,1902,30
CAF,1903,30
CAF,1904,30
CAF,1905,30
CAF,1906,30
CAF,1907,30
CAF,1908,30
CAF,1909,30
CAF,1910,30
CAF,1911,30
CAF,1912,30
CAF,1913,30
CAF,1914,30
CAF,1915,30
CAF,1916,30
CAF,1917,30
CAF,1918,11.6
CAF,1919,30
CAF,1920,30
CAF,1921,30
CAF,1922,30
CAF,1923,30
CAF,1924,30
CAF,1925,30
CAF,1926,30
CAF,1927,30
CAF,1928,30
CAF,1929,30
CAF,1930,30
CAF,1931,30
CAF,1932,30
CAF,1933,30
CAF,1934,30
CAF,1935,30
CAF,1936,30
CAF,1937,30
CAF,1938,30
CAF,1939,30
CAF,1940,30
CAF,1941,30.05
CAF,1942,30.09
CAF,1943,30.14
CAF,1944,30.19
CAF,1945,30.24
CAF,1946,30.28
CAF,1947,30.98
CAF,1948,31.69
CAF,1949,32.38
CAF,1950,33.08
CAF,1951,33.34
CAF,1952,33.79
CAF,1953,34.26
CAF,1954,34.72
CAF,1955,35.18
CAF,1956,35.62
CAF,1957,36.07
CAF,1958,36.53
CAF,1959,36.97
CAF,1960,37.43
CAF,1961,37.89
CAF,1962,38.36
CAF,1963,38.85
CAF,1964,39.36
CAF,1965,39.92
CAF,1966,40.5
CAF,1967,41.15
CAF,1968,41.84
CAF,1969,42.57
CAF,1970,43.36
CAF,1971,44.19
CAF,1972,45.04
CAF,1973,45.91
CAF,1974,46.77
CAF,1975,47.6
CAF,1976,48.36
CAF,1977,49.07
CAF,1978,49.7
CAF,1979,50.21
CAF,1980,50.61
CAF,1981,50.86
CAF,1982,50.96
CAF,1983,50.95
CAF,1984,50.81
CAF,1985,50.57
CAF,1986,50.21
CAF,1987,49.8
CAF,1988,49.34
CAF,1989,48.86
CAF,1990,48.4
CAF,1991,48.1
CAF,1992,48
CAF,1993,47.5
CAF,1994,47.2
CAF,1995,46.7
CAF,1996,46.3
CAF,1997,45.9
CAF,1998,45.7
CAF,1999,45.5
CAF,2000,45.3
CAF,2001,45.2
CAF,2002,45.2
CAF,2003,45.2
CAF,2004,45.4
CAF,2005,45.5
CAF,2006,45.8
CAF,2007,46.2
CAF,2008,46.8
CAF,2009,47.6
CAF,2010,47.9
CAF,2011,48.1
CAF,2012,48.5
CAF,2013,47.8
CAF,2014,48.2
CAF,2015,49.6
CAF,2016,51.04
TCD,1800,30.9
TCD,1801,30.9
TCD,1802,30.9
TCD,1803,30.9
TCD,1804,30.9
TCD,1805,30.9
TCD,1806,30.9
TCD,1807,30.9
TCD,1808,30.9
TCD,1809,30.9
TCD,1810,30.9
TCD,1811,30.9
TCD,1812,30.9
TCD,1813,30.9
TCD,1814,30.9
TCD,1815,30.9
TCD,1816,30.9
TCD,1817,30.9
TCD,1818,30.9
TCD,1819,30.9
TCD,1820,30.9
TCD,1821,30.9
TCD,1822,30.9
TCD,1823,30.9
TCD,1824,30.9
TCD,1825,30.9
TCD,1826,30.9
TCD,1827,30.9
TCD,1828,30.9
TCD,1829,30.9
TCD,1830,30.9
TCD,1831,30.9
TCD,1832,30.9
TCD,1833,30.9
TCD,1834,30.9
TCD,1835,30.9
TCD,1836,30.9
TCD,1837,30.9
TCD,1838,30.9
TCD,1839,30.9
TCD,1840,30.9
TCD,1841,30.9
TCD,1842,30.9
TCD,1843,30.9
TCD,1844,30.9
TCD,1845,30.9
TCD,1846,30.9
TCD,1847,30.9
TCD,1848,30.9
TCD,1849,30.9
TCD,1850,30.9
TCD,1851,30.9
TCD,1852,30.9
TCD,1853,30.9
TCD,1854,30.9
TCD,1855,30.9
TCD,1856,30.9
TCD,1857,30.9
TCD,1858,30.9
TCD,1859,30.9
TCD,1860,30.9
TCD,1861,30.9
TCD,1862,30.9
TCD,1863,30.9
TCD,1864,30.9
TCD,1865,30.9
TCD,1866,30.9
TCD,1867,30.9
TCD,1868,30.9
TCD,1869,30.9
TCD,1870,30.9
TCD,1871,30.9
TCD,1872,30.9
TCD,1873,30.9
TCD,1874,30.9
TCD,1875,30.9
TCD,1876,30.9
TCD,1877,30.9
TCD,1878,30.9
TCD,1879,30.9
TCD,1880,30.9
TCD,1881,30.9
TCD,1882,30.9
TCD,1883,30.9
TCD,1884,30.9
TCD,1885,30.9
TCD,1886,30.9
TCD,1887,30.9
TCD,1888,30.9
TCD,1889,30.9
TCD,1890,30.9
TCD,1891,30.9
TCD,1892,30.9
TCD,1893,30.9
TCD,1894,30.9
TCD,1895,30.9
TCD,1896,30.9
TCD,1897,30.9
TCD,1898,30.9
TCD,1899,30.9
TCD,1900,30.9
TCD,1901,30.9
TCD,1902,30.9
TCD,1903,30.9
TCD,1904,30.9
TCD,1905,30.9
TCD,1906,30.9
TCD,1907,30.9
TCD,1908,30.9
TCD,1909,30.9
TCD,1910,30.9
TCD,1911,30.9
TCD,1912,30.9
TCD,1913,30.9
TCD,1914,30.9
TCD,1915,30.9
TCD,1916,30.9
TCD,1917,30.9
TCD,1918,18.1
TCD,1919,30.9
TCD,1920,30.9
TCD,1921,30.9
TCD,1922,30.9
TCD,1923,30.9
TCD,1924,30.9
TCD,1925,30.9
TCD,1926,30.9
TCD,1927,30.9
TCD,1928,30.9
TCD,1929,30.9
TCD,1930,30.9
TCD,1931,30.9
TCD,1932,30.9
TCD,1933,30.9
TCD,1934,30.9
TCD,1935,30.9
TCD,1936,30.9
TCD,1937,30.9
TCD,1938,30.9
TCD,1939,30.9
TCD,1940,30.9
TCD,1941,31.05
TCD,1942,31.19
TCD,1943,31.34
TCD,1944,31.49
TCD,1945,31.63
TCD,1946,32.71
TCD,1947,33.78
TCD,1948,34.86
TCD,1949,35.94
TCD,1950,37.02
TCD,1951,37.29
TCD,1952,37.69
TCD,1953,38.09
TCD,1954,38.49
TCD,1955,38.9
TCD,1956,39.31
TCD,1957,39.72
TCD,1958,40.14
TCD,1959,40.54
TCD,1960,40.95
TCD,1961,41.35
TCD,1962,41.76
TCD,1963,42.17
TCD,1964,42.58
TCD,1965,43.01
TCD,1966,43.48
TCD,1967,43.98
TCD,1968,44.54
TCD,1969,45.12
TCD,1970,45.72
TCD,1971,46.33
TCD,1972,46.91
TCD,1973,47.47
TCD,1974,47.98
TCD,1975,48.45
TCD,1976,48.89
TCD,1977,49.31
TCD,1978,49.72
TCD,1979,50.14
TCD,1980,50.56
TCD,1981,50.97
TCD,1982,51.38
TCD,1983,51.78
TCD,1984,52.15
TCD,1985,52.51
TCD,1986,52.81
TCD,1987,53.09
TCD,1988,53.33
TCD,1989,53.52
TCD,1990,53.7
TCD,1991,54.3
TCD,1992,53.9
TCD,1993,54
TCD,1994,53.6
TCD,1995,53.6
TCD,1996,53
TCD,1997,52.5
TCD,1998,52.1
TCD,1999,51.7
TCD,2000,51.5
TCD,2001,51.7
TCD,2002,51.9
TCD,2003,52.1
TCD,2004,52.6
TCD,2005,53
TCD,2006,53.1
TCD,2007,54
TCD,2008,54.3
TCD,2009,55.2
TCD,2010,55.8
TCD,2011,56.1
TCD,2012,56.3
TCD,2013,56.6
TCD,2014,56.8
TCD,2015,57.4
TCD,2016,58.01
CHANISL,1950,68.52
CHANISL,1951,68.71
CHANISL,1952,69.09
CHANISL,1953,69.43
CHANISL,1954,69.72
CHANISL,1955,69.97
CHANISL,1956,70.19
CHANISL,1957,70.37
CHANISL,1958,70.52
CHANISL,1959,70.64
CHANISL,1960,70.74
CHANISL,1961,70.83
CHANISL,1962,70.93
CHANISL,1963,71.03
CHANISL,1964,71.14
CHANISL,1965,71.27
CHANISL,1966,71.39
CHANISL,1967,71.51
CHANISL,1968,71.62
CHANISL,1969,71.73
CHANISL,1970,71.82
CHANISL,1971,71.92
CHANISL,1972,72.02
CHANISL,1973,72.13
CHANISL,1974,72.26
CHANISL,1975,72.41
CHANISL,1976,72.58
CHANISL,1977,72.77
CHANISL,1978,72.98
CHANISL,1979,73.21
CHANISL,1980,73.44
CHANISL,1981,73.67
CHANISL,1982,73.89
CHANISL,1983,74.1
CHANISL,1984,74.3
CHANISL,1985,74.49
CHANISL,1986,74.68
CHANISL,1987,74.87
CHANISL,1988,75.07
CHANISL,1989,75.29
CHANISL,1990,75.51
CHANISL,1991,75.73
CHANISL,1992,75.94
CHANISL,1993,76.14
CHANISL,1994,76.34
CHANISL,1995,76.53
CHANISL,1996,76.72
CHANISL,1997,76.92
CHANISL,1998,77.14
CHANISL,1999,77.37
CHANISL,2000,77.61
CHANISL,2001,77.87
CHANISL,2002,78.14
CHANISL,2003,78.41
CHANISL,2004,78.67
CHANISL,2005,78.93
CHANISL,2006,79.16
CHANISL,2007,79.38
CHANISL,2008,79.57
CHANISL,2009,79.75
CHANISL,2010,79.9
CHANISL,2011,80.05
CHANISL,2012,80.19
CHANISL,2013,80.32
CHANISL,2014,80.47
CHANISL,2015,80.61
CHANISL,2016,80.75
CHL,1800,32
CHL,1801,32
CHL,1802,32
CHL,1803,32
CHL,1804,32
CHL,1805,32
CHL,1806,32
CHL,1807,32
CHL,1808,32
CHL,1809,32
CHL,1810,32
CHL,1811,32
CHL,1812,32
CHL,1813,32
CHL,1814,32
CHL,1815,32
CHL,1816,32
CHL,1817,32
CHL,1818,32
CHL,1819,32
CHL,1820,32
CHL,1821,32
CHL,1822,32
CHL,1823,32
CHL,1824,32
CHL,1825,32
CHL,1826,32
CHL,1827,32
CHL,1828,32
CHL,1829,32
CHL,1830,32
CHL,1831,32
CHL,1832,32
CHL,1833,32
CHL,1834,32
CHL,1835,32
CHL,1836,32
CHL,1837,32
CHL,1838,32
CHL,1839,32
CHL,1840,32
CHL,1841,32
CHL,1842,32
CHL,1843,32
CHL,1844,32
CHL,1845,32
CHL,1846,32
CHL,1847,32
CHL,1848,32
CHL,1849,32
CHL,1850,32
CHL,1851,32
CHL,1852,32
CHL,1853,32
CHL,1854,32
CHL,1855,32
CHL,1856,32
CHL,1857,32
CHL,1858,32
CHL,1859,32
CHL,1860,32
CHL,1861,32
CHL,1862,32
CHL,1863,32
CHL,1864,32
CHL,1865,32
CHL,1866,32
CHL,1867,32
CHL,1868,32
CHL,1869,32
CHL,1870,32
CHL,1871,32
CHL,1872,32
CHL,1873,32
CHL,1874,32
CHL,1875,32
CHL,1876,32
CHL,1877,32
CHL,1878,32
CHL,1879,32
CHL,1880,32
CHL,1881,32
CHL,1882,32
CHL,1883,32
CHL,1884,32
CHL,1885,32
CHL,1886,32
CHL,1887,32
CHL,1888,32
CHL,1889,32
CHL,1890,32
CHL,1891,32
CHL,1892,32
CHL,1893,32
CHL,1894,32
CHL,1895,32
CHL,1896,32
CHL,1897,32
CHL,1898,32
CHL,1899,32
CHL,1900,32
CHL,1901,32
CHL,1902,32
CHL,1903,31.7
CHL,1904,31.4
CHL,1905,31.1
CHL,1906,30.8
CHL,1907,30.5
CHL,1908,30.78
CHL,1909,31.06
CHL,1910,31.34
CHL,1911,31.62
CHL,1912,31.9
CHL,1913,31.96
CHL,1914,32.02
CHL,1915,32.08
CHL,1916,32.14
CHL,1917,32.2
CHL,1918,28.27
CHL,1919,31.96
CHL,1920,31.84
CHL,1921,31.72
CHL,1922,31.6
CHL,1923,32.68
CHL,1924,33.76
CHL,1925,34.84
CHL,1926,35.92
CHL,1927,37
CHL,1928,37.34
CHL,1929,37.68
CHL,1930,38.02
CHL,1931,38.36
CHL,1932,38.7
CHL,1933,38.78
CHL,1934,38.86
CHL,1935,38.94
CHL,1936,39.02
CHL,1937,39.1
CHL,1938,40.08
CHL,1939,41.06
CHL,1940,42.04
CHL,1941,43.01
CHL,1942,43.98
CHL,1943,44.75
CHL,1944,45.52
CHL,1945,46.29
CHL,1946,47.06
CHL,1947,47.84
CHL,1948,49.98
CHL,1949,52.11
CHL,1950,54.25
CHL,1951,54.35
CHL,1952,54.56
CHL,1953,54.79
CHL,1954,55.03
CHL,1955,55.29
CHL,1956,55.57
CHL,1957,55.86
CHL,1958,56.16
CHL,1959,56.5
CHL,1960,56.85
CHL,1961,57.23
CHL,1962,57.63
CHL,1963,58.07
CHL,1964,58.54
CHL,1965,59.03
CHL,1966,59.54
CHL,1967,60.07
CHL,1968,60.61
CHL,1969,61.17
CHL,1970,61.74
CHL,1971,62.34
CHL,1972,62.98
CHL,1973,63.63
CHL,1974,64.31
CHL,1975,65.02
CHL,1976,65.75
CHL,1977,66.5
CHL,1978,67.25
CHL,1979,67.99
CHL,1980,68.7
CHL,1981,69.36
CHL,1982,69.97
CHL,1983,70.51
CHL,1984,71
CHL,1985,71.42
CHL,1986,71.8
CHL,1987,72.14
CHL,1988,72.47
CHL,1989,72.79
CHL,1990,73.1
CHL,1991,74.1
CHL,1992,75
CHL,1993,75.2
CHL,1994,75.3
CHL,1995,75.4
CHL,1996,75.7
CHL,1997,76.2
CHL,1998,76.6
CHL,1999,76.9
CHL,2000,77.3
CHL,2001,77.4
CHL,2002,77.7
CHL,2003,77.8
CHL,2004,78
CHL,2005,78.2
CHL,2006,78.2
CHL,2007,78.3
CHL,2008,78.5
CHL,2009,78.5
CHL,2010,78.5
CHL,2011,78.9
CHL,2012,79.1
CHL,2013,79.1
CHL,2014,79.2
CHL,2015,79.4
CHL,2016,79.6
CHN,1800,32
CHN,1801,32
CHN,1802,32
CHN,1803,32
CHN,1804,32
CHN,1805,32
CHN,1806,32
CHN,1807,32
CHN,1808,32
CHN,1809,32
CHN,1810,32
CHN,1811,32
CHN,1812,32
CHN,1813,32
CHN,1814,32
CHN,1815,32
CHN,1816,32
CHN,1817,32
CHN,1818,32
CHN,1819,32
CHN,1820,32
CHN,1821,32
CHN,1822,32
CHN,1823,32
CHN,1824,32
CHN,1825,32
CHN,1826,32
CHN,1827,32
CHN,1828,32
CHN,1829,32
CHN,1830,32
CHN,1831,32
CHN,1832,32
CHN,1833,32
CHN,1834,32
CHN,1835,32
CHN,1836,32
CHN,1837,32
CHN,1838,32
CHN,1839,32
CHN,1840,32
CHN,1841,32
CHN,1842,32
CHN,1843,32
CHN,1844,32
CHN,1845,32
CHN,1846,32
CHN,1847,32
CHN,1848,32
CHN,1849,32
CHN,1850,32
CHN,1851,31
CHN,1852,30
CHN,1853,29
CHN,1854,28
CHN,1855,27
CHN,1856,26
CHN,1857,26.71
CHN,1858,27.43
CHN,1859,28.14
CHN,1860,28.85
CHN,1861,29.56
CHN,1862,30.28
CHN,1863,30.99
CHN,1864,31.7
CHN,1865,31.74
CHN,1866,31.79
CHN,1867,31.83
CHN,1868,31.87
CHN,1869,31.91
CHN,1870,31.96
CHN,1871,32
CHN,1872,32
CHN,1873,32
CHN,1874,32
CHN,1875,32
CHN,1876,29.5
CHN,1877,27.5
CHN,1878,25.2
CHN,1879,28.5
CHN,1880,32
CHN,1881,32
CHN,1882,32
CHN,1883,32
CHN,1884,32
CHN,1885,32
CHN,1886,32
CHN,1887,32
CHN,1888,32
CHN,1889,32
CHN,1890,32
CHN,1891,32
CHN,1892,32
CHN,1893,32
CHN,1894,32
CHN,1895,32
CHN,1896,32
CHN,1897,32
CHN,1898,32
CHN,1899,32
CHN,1900,32
CHN,1901,32
CHN,1902,32
CHN,1903,32
CHN,1904,32
CHN,1905,32
CHN,1906,32
CHN,1907,32
CHN,1908,32
CHN,1909,32
CHN,1910,32
CHN,1911,32
CHN,1912,32
CHN,1913,32
CHN,1914,32
CHN,1915,32
CHN,1916,32
CHN,1917,32
CHN,1918,22.41
CHN,1919,32
CHN,1920,32
CHN,1921,32
CHN,1922,32
CHN,1923,32
CHN,1924,32
CHN,1925,32
CHN,1926,32.36
CHN,1927,25.65
CHN,1928,33.08
CHN,1929,29.85
CHN,1930,33.8
CHN,1931,34.2
CHN,1932,34.6
CHN,1933,35
CHN,1934,35.4
CHN,1935,35.8
CHN,1936,36.2
CHN,1937,34
CHN,1938,33.86
CHN,1939,34.11
CHN,1940,34.36
CHN,1941,33.95
CHN,1942,31.89
CHN,1943,28.84
CHN,1944,34.78
CHN,1945,36.73
CHN,1946,38.17
CHN,1947,39.22
CHN,1948,39.66
CHN,1949,40.11
CHN,1950,41.04
CHN,1951,41.98
CHN,1952,42.91
CHN,1953,43.85
CHN,1954,45.7
CHN,1955,47.2
CHN,1956,49.57
CHN,1957,49.62
CHN,1958,49.17
CHN,1959,37.36
CHN,1960,30.53
CHN,1961,32.95
CHN,1962,43.29
CHN,1963,50.64
CHN,1964,52
CHN,1965,54.28
CHN,1966,55.37
CHN,1967,56.9
CHN,1968,57.87
CHN,1969,59.38
CHN,1970,61
CHN,1971,62.04
CHN,1972,61.36
CHN,1973,60.97
CHN,1974,60.63
CHN,1975,60.78
CHN,1976,60.46
CHN,1977,61.94
CHN,1978,62.15
CHN,1979,62.95
CHN,1980,63.92
CHN,1981,64.2
CHN,1982,65.28
CHN,1983,65.49
CHN,1984,65.68
CHN,1985,65.87
CHN,1986,66.05
CHN,1987,66.23
CHN,1988,66.39
CHN,1989,66.56
CHN,1990,66.7
CHN,1991,67
CHN,1992,67.2
CHN,1993,67.5
CHN,1994,67.9
CHN,1995,68.4
CHN,1996,68.8
CHN,1997,69.1
CHN,1998,69.4
CHN,1999,69.6
CHN,2000,69.8
CHN,2001,70
CHN,2002,70.2
CHN,2003,70.9
CHN,2004,71.4
CHN,2005,71.9
CHN,2006,72.6
CHN,2007,73.1
CHN,2008,73.4
CHN,2009,73.9
CHN,2010,74.3
CHN,2011,74.9
CHN,2012,75.3
CHN,2013,75.7
CHN,2014,75.9
CHN,2015,76.2
CHN,2016,76.5
COL,1800,32
COL,1801,32
COL,1802,32
COL,1803,32
COL,1804,32
COL,1805,32
COL,1806,32
COL,1807,32
COL,1808,32
COL,1809,32
COL,1810,32
COL,1811,32
COL,1812,32
COL,1813,32
COL,1814,32
COL,1815,32
COL,1816,32
COL,1817,32
COL,1818,32
COL,1819,32
COL,1820,32
COL,1821,32
COL,1822,32
COL,1823,32
COL,1824,32
COL,1825,32
COL,1826,32
COL,1827,32
COL,1828,32
COL,1829,32
COL,1830,32
COL,1831,32
COL,1832,32
COL,1833,32
COL,1834,32
COL,1835,32
COL,1836,32
COL,1837,32
COL,1838,32
COL,1839,32
COL,1840,32
COL,1841,32
COL,1842,32
COL,1843,32
COL,1844,32
COL,1845,32
COL,1846,32
COL,1847,32
COL,1848,32
COL,1849,32
COL,1850,32
COL,1851,32
COL,1852,32
COL,1853,32
COL,1854,32
COL,1855,32
COL,1856,32
COL,1857,32
COL,1858,32
COL,1859,32
COL,1860,32
COL,1861,32
COL,1862,32
COL,1863,32
COL,1864,32
COL,1865,32
COL,1866,32
COL,1867,32
COL,1868,32
COL,1869,32
COL,1870,32
COL,1871,32
COL,1872,32
COL,1873,32
COL,1874,32
COL,1875,32
COL,1876,32
COL,1877,32
COL,1878,32
COL,1879,32
COL,1880,32
COL,1881,32
COL,1882,32
COL,1883,32
COL,1884,32
COL,1885,32
COL,1886,32
COL,1887,32
COL,1888,32
COL,1889,32
COL,1890,32
COL,1891,32
COL,1892,32
COL,1893,32
COL,1894,32
COL,1895,32
COL,1896,32
COL,1897,32
COL,1898,32
COL,1899,32
COL,1900,32
COL,1901,32
COL,1902,32
COL,1903,32
COL,1904,32
COL,1905,32
COL,1906,32
COL,1907,32
COL,1908,32
COL,1909,32
COL,1910,32
COL,1911,32
COL,1912,32
COL,1913,32
COL,1914,32
COL,1915,32
COL,1916,32
COL,1917,32
COL,1918,28.28
COL,1919,32
COL,1920,32
COL,1921,32
COL,1922,32
COL,1923,32
COL,1924,32
COL,1925,32
COL,1926,32
COL,1927,32
COL,1928,32
COL,1929,32
COL,1930,32
COL,1931,32.58
COL,1932,33.15
COL,1933,33.73
COL,1934,34.3
COL,1935,34.88
COL,1936,35.45
COL,1937,36.03
COL,1938,36.6
COL,1939,37.48
COL,1940,38.35
COL,1941,39.29
COL,1942,40.23
COL,1943,41.17
COL,1944,42.11
COL,1945,43.26
COL,1946,44.42
COL,1947,45.57
COL,1948,46.72
COL,1949,47.88
COL,1950,49.03
COL,1951,49.7
COL,1952,50.93
COL,1953,52.08
COL,1954,53.16
COL,1955,54.15
COL,1956,55.07
COL,1957,55.91
COL,1958,56.69
COL,1959,57.39
COL,1960,58.03
COL,1961,58.63
COL,1962,59.18
COL,1963,59.71
COL,1964,60.21
COL,1965,60.7
COL,1966,61.16
COL,1967,61.6
COL,1968,62.03
COL,1969,62.43
COL,1970,62.83
COL,1971,63.23
COL,1972,63.64
COL,1973,64.08
COL,1974,64.53
COL,1975,65.04
COL,1976,65.58
COL,1977,66.17
COL,1978,66.79
COL,1979,67.43
COL,1980,68.07
COL,1981,68.67
COL,1982,69.24
COL,1983,69.72
COL,1984,70.13
COL,1985,70.48
COL,1986,70.74
COL,1987,70.96
COL,1988,71.14
COL,1989,71.32
COL,1990,71.5
COL,1991,71.1
COL,1992,71.1
COL,1993,71.4
COL,1994,71.6
COL,1995,72
COL,1996,72.2
COL,1997,72.8
COL,1998,73.1
COL,1999,73.2
COL,2000,73.3
COL,2001,73.5
COL,2002,73.7
COL,2003,74.5
COL,2004,74.7
COL,2005,75.1
COL,2006,75.3
COL,2007,75.9
COL,2008,76.2
COL,2009,76.2
COL,2010,76.4
COL,2011,77
COL,2012,77.3
COL,2013,77.5
COL,2014,77.8
COL,2015,78
COL,2016,78.2
COM,1800,32.1
COM,1801,32.1
COM,1802,32.1
COM,1803,32.1
COM,1804,32.1
COM,1805,32.1
COM,1806,32.1
COM,1807,32.1
COM,1808,32.1
COM,1809,32.1
COM,1810,32.1
COM,1811,32.1
COM,1812,32.1
COM,1813,32.1
COM,1814,32.1
COM,1815,32.1
COM,1816,32.1
COM,1817,32.1
COM,1818,32.1
COM,1819,32.1
COM,1820,32.1
COM,1821,32.1
COM,1822,32.1
COM,1823,32.1
COM,1824,32.1
COM,1825,32.1
COM,1826,32.1
COM,1827,32.1
COM,1828,32.1
COM,1829,32.1
COM,1830,32.1
COM,1831,32.1
COM,1832,32.1
COM,1833,32.1
COM,1834,32.1
COM,1835,32.1
COM,1836,32.1
COM,1837,32.1
COM,1838,32.1
COM,1839,32.1
COM,1840,32.1
COM,1841,32.1
COM,1842,32.1
COM,1843,32.1
COM,1844,32.1
COM,1845,32.1
COM,1846,32.1
COM,1847,32.1
COM,1848,32.1
COM,1849,32.1
COM,1850,32.1
COM,1851,32.1
COM,1852,32.1
COM,1853,32.1
COM,1854,32.1
COM,1855,32.1
COM,1856,32.1
COM,1857,32.1
COM,1858,32.1
COM,1859,32.1
COM,1860,32.1
COM,1861,32.1
COM,1862,32.1
COM,1863,32.1
COM,1864,32.1
COM,1865,32.1
COM,1866,32.1
COM,1867,32.1
COM,1868,32.1
COM,1869,32.1
COM,1870,32.1
COM,1871,32.1
COM,1872,32.1
COM,1873,32.1
COM,1874,32.1
COM,1875,32.1
COM,1876,32.1
COM,1877,32.1
COM,1878,32.1
COM,1879,32.1
COM,1880,32.1
COM,1881,32.1
COM,1882,32.1
COM,1883,32.1
COM,1884,32.1
COM,1885,32.1
COM,1886,32.1
COM,1887,32.1
COM,1888,32.1
COM,1889,32.1
COM,1890,32.1
COM,1891,32.1
COM,1892,32.1
COM,1893,32.1
COM,1894,32.1
COM,1895,32.1
COM,1896,32.1
COM,1897,32.1
COM,1898,32.1
COM,1899,32.1
COM,1900,32.1
COM,1901,32.1
COM,1902,32.1
COM,1903,32.1
COM,1904,32.1
COM,1905,32.1
COM,1906,32.1
COM,1907,32.1
COM,1908,32.1
COM,1909,32.1
COM,1910,32.1
COM,1911,32.1
COM,1912,32.1
COM,1913,32.1
COM,1914,32.1
COM,1915,32.1
COM,1916,32.1
COM,1917,32.1
COM,1918,12.41
COM,1919,32.1
COM,1920,32.1
COM,1921,32.1
COM,1922,32.1
COM,1923,32.1
COM,1924,32.1
COM,1925,32.1
COM,1926,32.1
COM,1927,32.1
COM,1928,32.1
COM,1929,32.1
COM,1930,32.1
COM,1931,32.1
COM,1932,32.1
COM,1933,32.1
COM,1934,32.1
COM,1935,32.1
COM,1936,32.1
COM,1937,32.1
COM,1938,32.1
COM,1939,32.1
COM,1940,32.1
COM,1941,32.13
COM,1942,32.16
COM,1943,32.19
COM,1944,32.22
COM,1945,32.25
COM,1946,33.88
COM,1947,35.51
COM,1948,37.14
COM,1949,38.77
COM,1950,40.4
COM,1951,40.58
COM,1952,40.91
COM,1953,41.25
COM,1954,41.61
COM,1955,41.99
COM,1956,42.38
COM,1957,42.78
COM,1958,43.19
COM,1959,43.61
COM,1960,44.04
COM,1961,44.47
COM,1962,44.89
COM,1963,45.32
COM,1964,45.75
COM,1965,46.18
COM,1966,46.63
COM,1967,47.1
COM,1968,47.58
COM,1969,48.09
COM,1970,48.61
COM,1971,49.12
COM,1972,49.63
COM,1973,50.12
COM,1974,50.59
COM,1975,51.03
COM,1976,51.46
COM,1977,51.89
COM,1978,52.3
COM,1979,52.72
COM,1980,53.15
COM,1981,53.59
COM,1982,54.03
COM,1983,54.48
COM,1984,54.93
COM,1985,55.36
COM,1986,55.77
COM,1987,56.15
COM,1988,56.5
COM,1989,56.81
COM,1990,57.1
COM,1991,57.4
COM,1992,57.8
COM,1993,58.2
COM,1994,58.5
COM,1995,58.9
COM,1996,58.4
COM,1997,59.4
COM,1998,60
COM,1999,61.4
COM,2000,62.1
COM,2001,63
COM,2002,63.8
COM,2003,64.8
COM,2004,65.5
COM,2005,66
COM,2006,66.3
COM,2007,66.6
COM,2008,67.1
COM,2009,66.7
COM,2010,67.7
COM,2011,67.2
COM,2012,67.6
COM,2013,67.8
COM,2014,68
COM,2015,68.1
COM,2016,68.2
COD,1800,31.6
COD,1801,31.6
COD,1802,31.6
COD,1803,31.6
COD,1804,31.6
COD,1805,31.6
COD,1806,31.6
COD,1807,31.6
COD,1808,31.6
COD,1809,31.6
COD,1810,31.6
COD,1811,31.6
COD,1812,31.6
COD,1813,31.6
COD,1814,31.6
COD,1815,31.6
COD,1816,31.6
COD,1817,31.6
COD,1818,31.6
COD,1819,31.6
COD,1820,31.6
COD,1821,31.6
COD,1822,31.6
COD,1823,31.6
COD,1824,31.6
COD,1825,31.6
COD,1826,31.6
COD,1827,31.6
COD,1828,31.6
COD,1829,31.6
COD,1830,31.6
COD,1831,31.6
COD,1832,31.6
COD,1833,31.6
COD,1834,31.6
COD,1835,31.6
COD,1836,31.6
COD,1837,31.6
COD,1838,31.6
COD,1839,31.6
COD,1840,31.6
COD,1841,31.6
COD,1842,31.6
COD,1843,31.6
COD,1844,31.6
COD,1845,31.6
COD,1846,31.6
COD,1847,31.6
COD,1848,31.6
COD,1849,31.6
COD,1850,31.6
COD,1851,31.6
COD,1852,31.6
COD,1853,31.6
COD,1854,31.6
COD,1855,31.6
COD,1856,31.6
COD,1857,31.6
COD,1858,31.6
COD,1859,31.6
COD,1860,31.6
COD,1861,31.6
COD,1862,31.6
COD,1863,31.6
COD,1864,31.6
COD,1865,31.6
COD,1866,31.6
COD,1867,31.6
COD,1868,31.6
COD,1869,31.6
COD,1870,31.6
COD,1871,31.6
COD,1872,31.6
COD,1873,31.6
COD,1874,31.6
COD,1875,31.6
COD,1876,31.6
COD,1877,31.6
COD,1878,31.6
COD,1879,31.6
COD,1880,31.6
COD,1881,31.6
COD,1882,31.6
COD,1883,31.6
COD,1884,31.6
COD,1885,31.6
COD,1886,31.6
COD,1887,31.6
COD,1888,31.6
COD,1889,31.6
COD,1890,31.6
COD,1891,31.6
COD,1892,31.6
COD,1893,31.6
COD,1894,31.6
COD,1895,31.6
COD,1896,31.6
COD,1897,31.6
COD,1898,31.6
COD,1899,31.6
COD,1900,31.6
COD,1901,31.6
COD,1902,31.6
COD,1903,31.6
COD,1904,31.6
COD,1905,31.6
COD,1906,31.6
COD,1907,31.6
COD,1908,31.6
COD,1909,31.6
COD,1910,31.6
COD,1911,31.6
COD,1912,31.6
COD,1913,31.6
COD,1914,31.6
COD,1915,31.6
COD,1916,31.6
COD,1917,31.6
COD,1918,9.05
COD,1919,31.6
COD,1920,31.6
COD,1921,31.6
COD,1922,31.6
COD,1923,31.6
COD,1924,31.6
COD,1925,31.6
COD,1926,31.6
COD,1927,31.6
COD,1928,31.6
COD,1929,31.6
COD,1930,31.6
COD,1931,31.6
COD,1932,31.6
COD,1933,31.6
COD,1934,31.6
COD,1935,31.6
COD,1936,31.6
COD,1937,31.6
COD,1938,31.6
COD,1939,31.6
COD,1940,31.6
COD,1941,32.41
COD,1942,33.23
COD,1943,34.04
COD,1944,34.86
COD,1945,35.67
COD,1946,36.49
COD,1947,37.3
COD,1948,38.11
COD,1949,38.93
COD,1950,39.74
COD,1951,40.07
COD,1952,40.58
COD,1953,41.06
COD,1954,41.53
COD,1955,41.97
COD,1956,42.39
COD,1957,42.79
COD,1958,43.17
COD,1959,43.54
COD,1960,43.9
COD,1961,44.25
COD,1962,44.61
COD,1963,44.98
COD,1964,45.36
COD,1965,45.77
COD,1966,46.2
COD,1967,46.66
COD,1968,47.14
COD,1969,47.63
COD,1970,48.13
COD,1971,48.6
COD,1972,49.05
COD,1973,49.46
COD,1974,49.83
COD,1975,50.17
COD,1976,50.49
COD,1977,50.8
COD,1978,51.11
COD,1979,51.43
COD,1980,51.76
COD,1981,52.09
COD,1982,52.41
COD,1983,52.72
COD,1984,53
COD,1985,53.28
COD,1986,53.55
COD,1987,53.81
COD,1988,54.07
COD,1989,54.31
COD,1990,54.5
COD,1991,54.4
COD,1992,54.3
COD,1993,54.3
COD,1994,54.3
COD,1995,54
COD,1996,51.8
COD,1997,53.2
COD,1998,53.5
COD,1999,54
COD,2000,54.3
COD,2001,54.5
COD,2002,54.7
COD,2003,54.9
COD,2004,55.9
COD,2005,56.4
COD,2006,56.8
COD,2007,57.1
COD,2008,57.5
COD,2009,57.9
COD,2010,58.4
COD,2011,58.8
COD,2012,59.1
COD,2013,59.6
COD,2014,60.1
COD,2015,60.8
COD,2016,61.51
COG,1800,32.7
COG,1801,32.7
COG,1802,32.7
COG,1803,32.7
COG,1804,32.7
COG,1805,32.7
COG,1806,32.7
COG,1807,32.7
COG,1808,32.7
COG,1809,32.7
COG,1810,32.7
COG,1811,32.7
COG,1812,32.7
COG,1813,32.7
COG,1814,32.7
COG,1815,32.7
COG,1816,32.7
COG,1817,32.7
COG,1818,32.7
COG,1819,32.7
COG,1820,32.7
COG,1821,32.7
COG,1822,32.7
COG,1823,32.7
COG,1824,32.7
COG,1825,32.7
COG,1826,32.7
COG,1827,32.7
COG,1828,32.7
COG,1829,32.7
COG,1830,32.7
COG,1831,32.7
COG,1832,32.7
COG,1833,32.7
COG,1834,32.7
COG,1835,32.7
COG,1836,32.7
COG,1837,32.7
COG,1838,32.7
COG,1839,32.7
COG,1840,32.7
COG,1841,32.7
COG,1842,32.7
COG,1843,32.7
COG,1844,32.7
COG,1845,32.7
COG,1846,32.7
COG,1847,32.7
COG,1848,32.7
COG,1849,32.7
COG,1850,32.7
COG,1851,32.7
COG,1852,32.7
COG,1853,32.7
COG,1854,32.7
COG,1855,32.7
COG,1856,32.7
COG,1857,32.7
COG,1858,32.7
COG,1859,32.7
COG,1860,32.7
COG,1861,32.7
COG,1862,32.7
COG,1863,32.7
COG,1864,32.7
COG,1865,32.7
COG,1866,32.7
COG,1867,32.7
COG,1868,32.7
COG,1869,32.7
COG,1870,32.7
COG,1871,32.7
COG,1872,32.7
COG,1873,32.7
COG,1874,32.7
COG,1875,32.7
COG,1876,32.7
COG,1877,32.7
COG,1878,32.7
COG,1879,32.7
COG,1880,32.7
COG,1881,32.7
COG,1882,32.7
COG,1883,32.7
COG,1884,32.7
COG,1885,32.7
COG,1886,32.7
COG,1887,32.7
COG,1888,32.7
COG,1889,32.7
COG,1890,32.7
COG,1891,32.7
COG,1892,32.7
COG,1893,32.7
COG,1894,32.7
COG,1895,32.7
COG,1896,32.7
COG,1897,32.7
COG,1898,32.7
COG,1899,32.7
COG,1900,32.7
COG,1901,32.7
COG,1902,32.7
COG,1903,32.7
COG,1904,32.7
COG,1905,32.7
COG,1906,32.7
COG,1907,32.7
COG,1908,32.7
COG,1909,32.7
COG,1910,32.7
COG,1911,32.7
COG,1912,32.7
COG,1913,32.7
COG,1914,32.7
COG,1915,32.7
COG,1916,32.7
COG,1917,32.7
COG,1918,12.65
COG,1919,32.7
COG,1920,32.7
COG,1921,32.7
COG,1922,32.7
COG,1923,32.7
COG,1924,32.7
COG,1925,32.7
COG,1926,32.7
COG,1927,32.7
COG,1928,32.7
COG,1929,32.7
COG,1930,32.7
COG,1931,32.7
COG,1932,32.7
COG,1933,32.7
COG,1934,32.7
COG,1935,32.7
COG,1936,32.7
COG,1937,32.7
COG,1938,32.7
COG,1939,32.7
COG,1940,32.7
COG,1941,32.68
COG,1942,32.66
COG,1943,32.65
COG,1944,32.63
COG,1945,32.61
COG,1946,34.38
COG,1947,36.14
COG,1948,37.92
COG,1949,39.68
COG,1950,41.45
COG,1951,41.81
COG,1952,42.56
COG,1953,43.32
COG,1954,44.05
COG,1955,44.78
COG,1956,45.5
COG,1957,46.21
COG,1958,46.92
COG,1959,47.6
COG,1960,48.25
COG,1961,48.88
COG,1962,49.47
COG,1963,50.04
COG,1964,50.55
COG,1965,51.02
COG,1966,51.45
COG,1967,51.84
COG,1968,52.21
COG,1969,52.54
COG,1970,52.85
COG,1971,53.14
COG,1972,53.42
COG,1973,53.69
COG,1974,53.94
COG,1975,54.2
COG,1976,54.45
COG,1977,54.71
COG,1978,54.97
COG,1979,55.22
COG,1980,55.45
COG,1981,55.65
COG,1982,55.81
COG,1983,55.93
COG,1984,55.98
COG,1985,55.94
COG,1986,55.79
COG,1987,55.54
COG,1988,55.21
COG,1989,54.78
COG,1990,54.3
COG,1991,54.4
COG,1992,54.4
COG,1993,53.5
COG,1994,53.2
COG,1995,52.6
COG,1996,52.2
COG,1997,46.3
COG,1998,49.9
COG,1999,51.6
COG,2000,52.5
COG,2001,53.5
COG,2002,54.3
COG,2003,55
COG,2004,55.8
COG,2005,56.7
COG,2006,57.8
COG,2007,58.3
COG,2008,58.8
COG,2009,59.8
COG,2010,60.4
COG,2011,60.9
COG,2012,61.3
COG,2013,61.5
COG,2014,61.5
COG,2015,61.5
COG,2016,61.5
CRI,1800,30.21
CRI,1801,30.21
CRI,1802,30.21
CRI,1803,30.21
CRI,1804,30.21
CRI,1805,30.21
CRI,1806,30.21
CRI,1807,30.21
CRI,1808,30.21
CRI,1809,30.21
CRI,1810,30.21
CRI,1811,30.21
CRI,1812,30.21
CRI,1813,30.21
CRI,1814,30.21
CRI,1815,30.21
CRI,1816,30.21
CRI,1817,30.21
CRI,1818,30.21
CRI,1819,30.21
CRI,1820,30.21
CRI,1821,30.21
CRI,1822,30.21
CRI,1823,30.21
CRI,1824,30.21
CRI,1825,30.21
CRI,1826,30.21
CRI,1827,30.21
CRI,1828,30.21
CRI,1829,30.21
CRI,1830,30.21
CRI,1831,30.21
CRI,1832,30.21
CRI,1833,30.21
CRI,1834,30.21
CRI,1835,30.21
CRI,1836,30.21
CRI,1837,30.21
CRI,1838,30.21
CRI,1839,30.21
CRI,1840,30.21
CRI,1841,30.21
CRI,1842,30.21
CRI,1843,30.21
CRI,1844,30.21
CRI,1845,30.21
CRI,1846,30.21
CRI,1847,30.21
CRI,1848,30.21
CRI,1849,30.21
CRI,1850,30.21
CRI,1851,30.21
CRI,1852,30.21
CRI,1853,30.21
CRI,1854,30.21
CRI,1855,30.21
CRI,1856,30.21
CRI,1857,30.21
CRI,1858,30.21
CRI,1859,30.21
CRI,1860,30.21
CRI,1861,30.21
CRI,1862,30.21
CRI,1863,30.21
CRI,1864,30.21
CRI,1865,30.21
CRI,1866,30.21
CRI,1867,30.21
CRI,1868,30.21
CRI,1869,30.21
CRI,1870,30.21
CRI,1871,30.21
CRI,1872,30.21
CRI,1873,30.21
CRI,1874,30.21
CRI,1875,30.21
CRI,1876,30.21
CRI,1877,30.21
CRI,1878,30.21
CRI,1879,30.21
CRI,1880,30.21
CRI,1881,30.21
CRI,1882,30.21
CRI,1883,30.21
CRI,1884,30.21
CRI,1885,30.2
CRI,1886,30.2
CRI,1887,30.2
CRI,1888,30.2
CRI,1889,30.2
CRI,1890,30.61
CRI,1891,31.02
CRI,1892,31.43
CRI,1893,31.84
CRI,1894,32.25
CRI,1895,32.65
CRI,1896,33.06
CRI,1897,33.47
CRI,1898,33.88
CRI,1899,34.29
CRI,1900,34.7
CRI,1901,34.74
CRI,1902,34.78
CRI,1903,34.82
CRI,1904,34.86
CRI,1905,34.9
CRI,1906,34.94
CRI,1907,34.98
CRI,1908,35.02
CRI,1909,35.06
CRI,1910,35.1
CRI,1911,35.1
CRI,1912,35.1
CRI,1913,35.1
CRI,1914,35.1
CRI,1915,35.1
CRI,1916,35.1
CRI,1917,35.1
CRI,1918,31.03
CRI,1919,35.1
CRI,1920,35.1
CRI,1921,35.81
CRI,1922,36.52
CRI,1923,37.23
CRI,1924,37.94
CRI,1925,38.65
CRI,1926,39.36
CRI,1927,40.07
CRI,1928,40.78
CRI,1929,41.49
CRI,1930,42.2
CRI,1931,42.67
CRI,1932,43.14
CRI,1933,43.61
CRI,1934,44.08
CRI,1935,44.55
CRI,1936,45.02
CRI,1937,45.49
CRI,1938,45.96
CRI,1939,46.43
CRI,1940,46.9
CRI,1941,47.84
CRI,1942,48.78
CRI,1943,49.72
CRI,1944,50.66
CRI,1945,51.6
CRI,1946,52.54
CRI,1947,53.48
CRI,1948,54.42
CRI,1949,55.36
CRI,1950,56.29
CRI,1951,56.6
CRI,1952,57.19
CRI,1953,57.79
CRI,1954,58.38
CRI,1955,58.98
CRI,1956,59.57
CRI,1957,60.17
CRI,1958,60.77
CRI,1959,61.37
CRI,1960,61.97
CRI,1961,62.56
CRI,1962,63.13
CRI,1963,63.7
CRI,1964,64.26
CRI,1965,64.8
CRI,1966,65.33
CRI,1967,65.85
CRI,1968,66.35
CRI,1969,66.84
CRI,1970,67.34
CRI,1971,67.86
CRI,1972,68.4
CRI,1973,68.95
CRI,1974,69.53
CRI,1975,70.12
CRI,1976,70.75
CRI,1977,71.38
CRI,1978,72
CRI,1979,72.62
CRI,1980,73.2
CRI,1981,73.73
CRI,1982,74.22
CRI,1983,74.66
CRI,1984,75.04
CRI,1985,75.37
CRI,1986,75.66
CRI,1987,75.9
CRI,1988,76.14
CRI,1989,76.37
CRI,1990,76.6
CRI,1991,76.5
CRI,1992,76.6
CRI,1993,76.6
CRI,1994,76.7
CRI,1995,76.8
CRI,1996,76.8
CRI,1997,77
CRI,1998,77.2
CRI,1999,77.5
CRI,2000,77.7
CRI,2001,78
CRI,2002,78.2
CRI,2003,78.4
CRI,2004,78.7
CRI,2005,79
CRI,2006,79.3
CRI,2007,79.6
CRI,2008,79.8
CRI,2009,79.8
CRI,2010,79.8
CRI,2011,79.9
CRI,2012,80
CRI,2013,80.1
CRI,2014,80.2
CRI,2015,80.3
CRI,2016,80.4
CIV,1800,31.16
CIV,1801,31.16
CIV,1802,31.16
CIV,1803,31.16
CIV,1804,31.16
CIV,1805,31.16
CIV,1806,31.16
CIV,1807,31.16
CIV,1808,31.16
CIV,1809,31.16
CIV,1810,31.16
CIV,1811,31.16
CIV,1812,31.16
CIV,1813,31.16
CIV,1814,31.16
CIV,1815,31.16
CIV,1816,31.16
CIV,1817,31.16
CIV,1818,31.16
CIV,1819,31.16
CIV,1820,31.16
CIV,1821,31.16
CIV,1822,31.16
CIV,1823,31.16
CIV,1824,31.16
CIV,1825,31.16
CIV,1826,31.16
CIV,1827,31.16
CIV,1828,31.16
CIV,1829,31.16
CIV,1830,31.16
CIV,1831,31.16
CIV,1832,31.16
CIV,1833,31.16
CIV,1834,31.16
CIV,1835,31.16
CIV,1836,31.16
CIV,1837,31.16
CIV,1838,31.16
CIV,1839,31.16
CIV,1840,31.16
CIV,1841,31.16
CIV,1842,31.16
CIV,1843,31.16
CIV,1844,31.16
CIV,1845,31.16
CIV,1846,31.16
CIV,1847,31.16
CIV,1848,31.16
CIV,1849,31.16
CIV,1850,31.16
CIV,1851,31.16
CIV,1852,31.16
CIV,1853,31.16
CIV,1854,31.16
CIV,1855,31.16
CIV,1856,31.16
CIV,1857,31.16
CIV,1858,31.16
CIV,1859,31.16
CIV,1860,31.16
CIV,1861,31.16
CIV,1862,31.16
CIV,1863,31.16
CIV,1864,31.16
CIV,1865,31.16
CIV,1866,31.16
CIV,1867,31.16
CIV,1868,31.16
CIV,1869,31.16
CIV,1870,31.16
CIV,1871,31.16
CIV,1872,31.16
CIV,1873,31.16
CIV,1874,31.16
CIV,1875,31.16
CIV,1876,31.16
CIV,1877,31.16
CIV,1878,31.16
CIV,1879,31.16
CIV,1880,31.16
CIV,1881,31.16
CIV,1882,31.16
CIV,1883,31.16
CIV,1884,31.16
CIV,1885,31.16
CIV,1886,31.16
CIV,1887,31.16
CIV,1888,31.16
CIV,1889,31.16
CIV,1890,31.16
CIV,1891,31.16
CIV,1892,31.16
CIV,1893,31.16
CIV,1894,31.16
CIV,1895,31.16
CIV,1896,31.16
CIV,1897,31.16
CIV,1898,31.16
CIV,1899,31.16
CIV,1900,31.16
CIV,1901,31.16
CIV,1902,31.16
CIV,1903,31.16
CIV,1904,31.16
CIV,1905,31.16
CIV,1906,31.16
CIV,1907,31.16
CIV,1908,31.16
CIV,1909,31.16
CIV,1910,31.16
CIV,1911,31.16
CIV,1912,31.16
CIV,1913,31.16
CIV,1914,31.16
CIV,1915,31.16
CIV,1916,31.16
CIV,1917,31.16
CIV,1918,12.05
CIV,1919,31.16
CIV,1920,31.16
CIV,1921,31.16
CIV,1922,31.16
CIV,1923,31.16
CIV,1924,31.16
CIV,1925,31.16
CIV,1926,31.16
CIV,1927,31.16
CIV,1928,31.16
CIV,1929,31.16
CIV,1930,31.16
CIV,1931,31.16
CIV,1932,31.16
CIV,1933,31.16
CIV,1934,31.16
CIV,1935,31.16
CIV,1936,31.16
CIV,1937,31.16
CIV,1938,31.16
CIV,1939,31.16
CIV,1940,31.16
CIV,1941,31.22
CIV,1942,31.27
CIV,1943,31.33
CIV,1944,31.39
CIV,1945,31.44
CIV,1946,31.5
CIV,1947,31.55
CIV,1948,31.61
CIV,1949,31.67
CIV,1950,31.72
CIV,1951,32
CIV,1952,32.54
CIV,1953,33.1
CIV,1954,33.71
CIV,1955,34.36
CIV,1956,35.03
CIV,1957,35.75
CIV,1958,36.49
CIV,1959,37.24
CIV,1960,38
CIV,1961,38.74
CIV,1962,39.46
CIV,1963,40.17
CIV,1964,40.84
CIV,1965,41.51
CIV,1966,42.21
CIV,1967,42.93
CIV,1968,43.7
CIV,1969,44.53
CIV,1970,45.38
CIV,1971,46.27
CIV,1972,47.15
CIV,1973,48.02
CIV,1974,48.85
CIV,1975,49.63
CIV,1976,50.37
CIV,1977,51.06
CIV,1978,51.7
CIV,1979,52.31
CIV,1980,52.87
CIV,1981,53.38
CIV,1982,53.87
CIV,1983,54.31
CIV,1984,54.69
CIV,1985,55.02
CIV,1986,55.26
CIV,1987,55.43
CIV,1988,55.5
CIV,1989,55.46
CIV,1990,55.3
CIV,1991,54.9
CIV,1992,54.4
CIV,1993,53.7
CIV,1994,53.2
CIV,1995,52.5
CIV,1996,52.3
CIV,1997,52.3
CIV,1998,52.2
CIV,1999,52.2
CIV,2000,52
CIV,2001,52.1
CIV,2002,52.3
CIV,2003,52.6
CIV,2004,52.8
CIV,2005,53.4
CIV,2006,54.1
CIV,2007,54.9
CIV,2008,55.4
CIV,2009,56
CIV,2010,56.6
CIV,2011,57
CIV,2012,57.5
CIV,2013,58.1
CIV,2014,58.5
CIV,2015,59.1
CIV,2016,59.71
HRV,1800,36.1
HRV,1801,36.1
HRV,1802,36.1
HRV,1803,36.1
HRV,1804,36.1
HRV,1805,36.1
HRV,1806,36.1
HRV,1807,36.1
HRV,1808,36.1
HRV,1809,36.1
HRV,1810,36.1
HRV,1811,36.1
HRV,1812,36.1
HRV,1813,36.1
HRV,1814,36.1
HRV,1815,36.1
HRV,1816,36.1
HRV,1817,36.1
HRV,1818,36.1
HRV,1819,36.1
HRV,1820,36.1
HRV,1821,36.1
HRV,1822,36.1
HRV,1823,36.1
HRV,1824,36.1
HRV,1825,36.1
HRV,1826,36.1
HRV,1827,36.1
HRV,1828,36.1
HRV,1829,36.1
HRV,1830,36.1
HRV,1831,36.1
HRV,1832,36.1
HRV,1833,36.1
HRV,1834,36.1
HRV,1835,36.1
HRV,1836,36.1
HRV,1837,36.1
HRV,1838,36.1
HRV,1839,36.1
HRV,1840,36.1
HRV,1841,36.1
HRV,1842,36.1
HRV,1843,36.1
HRV,1844,36.1
HRV,1845,36.1
HRV,1846,36.1
HRV,1847,36.1
HRV,1848,36.1
HRV,1849,36.1
HRV,1850,36.1
HRV,1851,36.1
HRV,1852,36.1
HRV,1853,36.1
HRV,1854,36.1
HRV,1855,36.1
HRV,1856,36.1
HRV,1857,36.1
HRV,1858,36.1
HRV,1859,36.1
HRV,1860,36.1
HRV,1861,36.1
HRV,1862,36.1
HRV,1863,36.1
HRV,1864,36.1
HRV,1865,36.1
HRV,1866,36.1
HRV,1867,36.1
HRV,1868,36.1
HRV,1869,36.1
HRV,1870,36.1
HRV,1871,36.1
HRV,1872,36.1
HRV,1873,36.1
HRV,1874,36.1
HRV,1875,36.1
HRV,1876,36.1
HRV,1877,36.1
HRV,1878,36.1
HRV,1879,36.1
HRV,1880,36.1
HRV,1881,36.1
HRV,1882,36.1
HRV,1883,36.1
HRV,1884,36.1
HRV,1885,36.1
HRV,1886,36.1
HRV,1887,36.1
HRV,1888,36.1
HRV,1889,36.1
HRV,1890,36.1
HRV,1891,36.1
HRV,1892,36.1
HRV,1893,36.1
HRV,1894,36.1
HRV,1895,36.1
HRV,1896,36.1
HRV,1897,36.1
HRV,1898,36.1
HRV,1899,36.1
HRV,1900,36.1
HRV,1901,36.1
HRV,1902,36.1
HRV,1903,36.1
HRV,1904,36.1
HRV,1905,36.1
HRV,1906,36.1
HRV,1907,36.1
HRV,1908,36.1
HRV,1909,36.1
HRV,1910,36.1
HRV,1911,36.1
HRV,1912,36.1
HRV,1913,36.1
HRV,1914,36.1
HRV,1915,36.1
HRV,1916,36.1
HRV,1917,36.1
HRV,1918,14.02
HRV,1919,36.1
HRV,1920,36.1
HRV,1921,36.91
HRV,1922,37.71
HRV,1923,38.52
HRV,1924,39.32
HRV,1925,40.13
HRV,1926,40.93
HRV,1927,41.74
HRV,1928,42.54
HRV,1929,43.35
HRV,1930,44.15
HRV,1931,44.96
HRV,1932,45.76
HRV,1933,46.57
HRV,1934,47.37
HRV,1935,48.18
HRV,1936,48.98
HRV,1937,49.79
HRV,1938,50.59
HRV,1939,51.4
HRV,1940,52.2
HRV,1941,41.68
HRV,1942,38.22
HRV,1943,35.73
HRV,1944,34.17
HRV,1945,36.82
HRV,1946,50.13
HRV,1947,57.04
HRV,1948,58.54
HRV,1949,59.45
HRV,1950,60.3
HRV,1951,60.57
HRV,1952,61.08
HRV,1953,61.6
HRV,1954,62.1
HRV,1955,62.58
HRV,1956,63.06
HRV,1957,63.52
HRV,1958,63.98
HRV,1959,64.41
HRV,1960,64.85
HRV,1961,65.26
HRV,1962,65.66
HRV,1963,66.05
HRV,1964,66.43
HRV,1965,66.8
HRV,1966,67.16
HRV,1967,67.52
HRV,1968,67.87
HRV,1969,68.22
HRV,1970,68.54
HRV,1971,68.86
HRV,1972,69.14
HRV,1973,69.4
HRV,1974,69.63
HRV,1975,69.83
HRV,1976,70
HRV,1977,70.16
HRV,1978,70.3
HRV,1979,70.42
HRV,1980,70.56
HRV,1981,70.71
HRV,1982,70.89
HRV,1983,71.08
HRV,1984,71.31
HRV,1985,71.54
HRV,1986,71.78
HRV,1987,72
HRV,1988,72.22
HRV,1989,72.4
HRV,1990,72.6
HRV,1991,71.9
HRV,1992,72.3
HRV,1993,72.9
HRV,1994,73.4
HRV,1995,73
HRV,1996,73.4
HRV,1997,73.4
HRV,1998,73.5
HRV,1999,73.8
HRV,2000,74.2
HRV,2001,74.6
HRV,2002,74.9
HRV,2003,75.1
HRV,2004,75.3
HRV,2005,75.7
HRV,2006,75.9
HRV,2007,76
HRV,2008,76.2
HRV,2009,76.4
HRV,2010,76.7
HRV,2011,77.1
HRV,2012,77.4
HRV,2013,77.6
HRV,2014,77.8
HRV,2015,77.8
HRV,2016,77.8
CUB,1800,32.2
CUB,1801,32.33
CUB,1802,32.45
CUB,1803,32.58
CUB,1804,32.7
CUB,1805,32.86
CUB,1806,33.02
CUB,1807,33.18
CUB,1808,33.34
CUB,1809,33.5
CUB,1810,33.64
CUB,1811,33.78
CUB,1812,33.92
CUB,1813,34.06
CUB,1814,34.2
CUB,1815,34.3
CUB,1816,34.4
CUB,1817,34.5
CUB,1818,34.6
CUB,1819,34.7
CUB,1820,35.04
CUB,1821,35.38
CUB,1822,35.72
CUB,1823,36.06
CUB,1824,36.4
CUB,1825,36.24
CUB,1826,36.08
CUB,1827,35.92
CUB,1828,35.76
CUB,1829,35.6
CUB,1830,35.74
CUB,1831,35.88
CUB,1832,36.02
CUB,1833,36.16
CUB,1834,36.3
CUB,1835,36.36
CUB,1836,36.42
CUB,1837,36.48
CUB,1838,36.54
CUB,1839,36.6
CUB,1840,36.48
CUB,1841,36.36
CUB,1842,36.24
CUB,1843,36.12
CUB,1844,36
CUB,1845,36.04
CUB,1846,36.08
CUB,1847,36.12
CUB,1848,36.16
CUB,1849,36.2
CUB,1850,36.26
CUB,1851,36.32
CUB,1852,36.38
CUB,1853,36.44
CUB,1854,36.5
CUB,1855,36.52
CUB,1856,36.54
CUB,1857,36.56
CUB,1858,36.58
CUB,1859,36.6
CUB,1860,36.24
CUB,1861,35.88
CUB,1862,35.52
CUB,1863,35.16
CUB,1864,34.8
CUB,1865,33.76
CUB,1866,32.72
CUB,1867,31.68
CUB,1868,30.64
CUB,1869,29.6
CUB,1870,29.66
CUB,1871,29.72
CUB,1872,29.78
CUB,1873,29.84
CUB,1874,29.9
CUB,1875,31.08
CUB,1876,32.26
CUB,1877,33.44
CUB,1878,34.62
CUB,1879,35.8
CUB,1880,36.84
CUB,1881,37.88
CUB,1882,38.92
CUB,1883,39.96
CUB,1884,41
CUB,1885,41.54
CUB,1886,42.08
CUB,1887,42.62
CUB,1888,43.16
CUB,1889,43.7
CUB,1890,39.54
CUB,1891,35.38
CUB,1892,31.22
CUB,1893,27.06
CUB,1894,22.9
CUB,1895,22.1
CUB,1896,21.3
CUB,1897,20.5
CUB,1898,19.7
CUB,1899,18.9
CUB,1900,33.11
CUB,1901,33.32
CUB,1902,33.53
CUB,1903,33.74
CUB,1904,33.95
CUB,1905,34.16
CUB,1906,34.37
CUB,1907,34.58
CUB,1908,34.79
CUB,1909,35.01
CUB,1910,35.22
CUB,1911,35.43
CUB,1912,35.65
CUB,1913,35.86
CUB,1914,36.08
CUB,1915,36.29
CUB,1916,36.51
CUB,1917,36.73
CUB,1918,23.82
CUB,1919,37.16
CUB,1920,37.38
CUB,1921,37.66
CUB,1922,37.93
CUB,1923,38.21
CUB,1924,38.48
CUB,1925,38.76
CUB,1926,39.31
CUB,1927,39.85
CUB,1928,40.4
CUB,1929,40.95
CUB,1930,41.5
CUB,1931,42.11
CUB,1932,42.73
CUB,1933,43.34
CUB,1934,43.96
CUB,1935,44.57
CUB,1936,45.15
CUB,1937,45.73
CUB,1938,46.31
CUB,1939,46.89
CUB,1940,47.47
CUB,1941,48.16
CUB,1942,48.86
CUB,1943,49.55
CUB,1944,50.24
CUB,1945,50.94
CUB,1946,52.4
CUB,1947,53.86
CUB,1948,55.32
CUB,1949,56.78
CUB,1950,58.24
CUB,1951,58.53
CUB,1952,59.12
CUB,1953,59.71
CUB,1954,60.29
CUB,1955,60.89
CUB,1956,61.48
CUB,1957,62.07
CUB,1958,62.66
CUB,1959,63.25
CUB,1960,63.85
CUB,1961,64.47
CUB,1962,65.09
CUB,1963,65.71
CUB,1964,66.35
CUB,1965,66.99
CUB,1966,67.6
CUB,1967,68.2
CUB,1968,68.78
CUB,1969,69.32
CUB,1970,69.84
CUB,1971,70.34
CUB,1972,70.82
CUB,1973,71.29
CUB,1974,71.74
CUB,1975,72.18
CUB,1976,72.59
CUB,1977,72.96
CUB,1978,73.3
CUB,1979,73.59
CUB,1980,73.84
CUB,1981,74.05
CUB,1982,74.22
CUB,1983,74.36
CUB,1984,74.48
CUB,1985,74.57
CUB,1986,74.62
CUB,1987,74.65
CUB,1988,74.67
CUB,1989,74.67
CUB,1990,74.7
CUB,1991,74.8
CUB,1992,74.7
CUB,1993,74.7
CUB,1994,74.8
CUB,1995,75
CUB,1996,75.2
CUB,1997,75.4
CUB,1998,75.6
CUB,1999,75.8
CUB,2000,76.2
CUB,2001,76.4
CUB,2002,76.8
CUB,2003,76.9
CUB,2004,77
CUB,2005,77.1
CUB,2006,77.3
CUB,2007,77.5
CUB,2008,77.6
CUB,2009,77.7
CUB,2010,77.8
CUB,2011,77.9
CUB,2012,78
CUB,2013,78
CUB,2014,78.1
CUB,2015,78.2
CUB,2016,78.3
CYP,1800,38.5
CYP,1801,38.5
CYP,1802,38.5
CYP,1803,38.5
CYP,1804,38.5
CYP,1805,38.5
CYP,1806,38.5
CYP,1807,38.5
CYP,1808,38.5
CYP,1809,38.5
CYP,1810,38.5
CYP,1811,38.5
CYP,1812,38.5
CYP,1813,38.5
CYP,1814,38.5
CYP,1815,38.5
CYP,1816,38.5
CYP,1817,38.5
CYP,1818,38.5
CYP,1819,38.5
CYP,1820,38.5
CYP,1821,38.5
CYP,1822,38.5
CYP,1823,38.5
CYP,1824,38.5
CYP,1825,38.5
CYP,1826,38.5
CYP,1827,38.5
CYP,1828,38.5
CYP,1829,38.5
CYP,1830,38.5
CYP,1831,38.5
CYP,1832,38.5
CYP,1833,38.5
CYP,1834,38.5
CYP,1835,38.5
CYP,1836,38.5
CYP,1837,38.5
CYP,1838,38.5
CYP,1839,38.5
CYP,1840,38.51
CYP,1841,38.51
CYP,1842,38.51
CYP,1843,38.51
CYP,1844,38.51
CYP,1845,38.51
CYP,1846,38.51
CYP,1847,38.51
CYP,1848,38.51
CYP,1849,38.51
CYP,1850,38.51
CYP,1851,38.51
CYP,1852,38.51
CYP,1853,38.51
CYP,1854,38.51
CYP,1855,38.51
CYP,1856,38.51
CYP,1857,38.51
CYP,1858,38.51
CYP,1859,38.51
CYP,1860,38.51
CYP,1861,38.51
CYP,1862,38.51
CYP,1863,38.51
CYP,1864,38.51
CYP,1865,38.51
CYP,1866,38.51
CYP,1867,38.51
CYP,1868,38.51
CYP,1869,38.51
CYP,1870,38.51
CYP,1871,38.51
CYP,1872,38.51
CYP,1873,38.51
CYP,1874,38.51
CYP,1875,38.51
CYP,1876,38.51
CYP,1877,38.51
CYP,1878,38.51
CYP,1879,38.51
CYP,1880,38.51
CYP,1881,38.51
CYP,1882,38.51
CYP,1883,38.51
CYP,1884,38.51
CYP,1885,38.51
CYP,1886,38.51
CYP,1887,38.51
CYP,1888,38.51
CYP,1889,38.51
CYP,1890,38.51
CYP,1891,38.51
CYP,1892,38.51
CYP,1893,38.51
CYP,1894,38.51
CYP,1895,38.51
CYP,1896,39.16
CYP,1897,39.81
CYP,1898,40.46
CYP,1899,41.11
CYP,1900,41.76
CYP,1901,42.4
CYP,1902,43.05
CYP,1903,43.7
CYP,1904,44.35
CYP,1905,45
CYP,1906,45.25
CYP,1907,45.49
CYP,1908,45.74
CYP,1909,45.99
CYP,1910,46.23
CYP,1911,46.48
CYP,1912,46.72
CYP,1913,46.97
CYP,1914,47.22
CYP,1915,47.46
CYP,1916,47.56
CYP,1917,47.66
CYP,1918,26.16
CYP,1919,47.86
CYP,1920,47.96
CYP,1921,48.06
CYP,1922,48.16
CYP,1923,48.26
CYP,1924,48.36
CYP,1925,48.46
CYP,1926,48.46
CYP,1927,48.46
CYP,1928,48.46
CYP,1929,48.46
CYP,1930,48.46
CYP,1931,48.46
CYP,1932,48.46
CYP,1933,48.46
CYP,1934,48.46
CYP,1935,48.46
CYP,1936,48.46
CYP,1937,48.46
CYP,1938,49.3
CYP,1939,50.13
CYP,1940,50.96
CYP,1941,51.81
CYP,1942,52.64
CYP,1943,53.48
CYP,1944,55.25
CYP,1945,57.03
CYP,1946,58.8
CYP,1947,60.57
CYP,1948,62.34
CYP,1949,64.12
CYP,1950,65.89
CYP,1951,66.13
CYP,1952,66.58
CYP,1953,67.03
CYP,1954,67.45
CYP,1955,67.87
CYP,1956,68.26
CYP,1957,68.65
CYP,1958,69.01
CYP,1959,69.38
CYP,1960,69.72
CYP,1961,70.06
CYP,1962,70.38
CYP,1963,70.71
CYP,1964,71.02
CYP,1965,71.33
CYP,1966,71.62
CYP,1967,71.92
CYP,1968,72.19
CYP,1969,72.47
CYP,1970,72.73
CYP,1971,72.99
CYP,1972,73.23
CYP,1973,73.47
CYP,1974,73.7
CYP,1975,73.93
CYP,1976,74.15
CYP,1977,74.37
CYP,1978,74.58
CYP,1979,74.79
CYP,1980,74.99
CYP,1981,75.19
CYP,1982,75.38
CYP,1983,75.58
CYP,1984,75.76
CYP,1985,75.95
CYP,1986,76.12
CYP,1987,76.3
CYP,1988,76.47
CYP,1989,76.64
CYP,1990,76.8
CYP,1991,76.4
CYP,1992,76.7
CYP,1993,76.8
CYP,1994,76.4
CYP,1995,76.7
CYP,1996,77.1
CYP,1997,77.1
CYP,1998,77.1
CYP,1999,77.5
CYP,2000,77.7
CYP,2001,78.5
CYP,2002,78.7
CYP,2003,79
CYP,2004,79.1
CYP,2005,79
CYP,2006,79.5
CYP,2007,79.8
CYP,2008,80
CYP,2009,80.3
CYP,2010,80.6
CYP,2011,81.1
CYP,2012,81.5
CYP,2013,81.7
CYP,2014,81.7
CYP,2015,81.8
CYP,2016,81.9
CZE,1800,34.95
CZE,1801,34.95
CZE,1802,34.95
CZE,1803,34.95
CZE,1804,34.95
CZE,1805,34.95
CZE,1806,34.95
CZE,1807,34.95
CZE,1808,34.95
CZE,1809,34.95
CZE,1810,34.95
CZE,1811,34.95
CZE,1812,34.95
CZE,1813,34.95
CZE,1814,34.95
CZE,1815,34.95
CZE,1816,34.95
CZE,1817,34.95
CZE,1818,34.95
CZE,1819,34.95
CZE,1820,34.95
CZE,1821,34.95
CZE,1822,34.95
CZE,1823,34.95
CZE,1824,34.95
CZE,1825,34.95
CZE,1826,34.95
CZE,1827,34.95
CZE,1828,34.95
CZE,1829,34.95
CZE,1830,34.95
CZE,1831,34.95
CZE,1832,34.95
CZE,1833,34.95
CZE,1834,34.95
CZE,1835,34.95
CZE,1836,34.95
CZE,1837,34.95
CZE,1838,34.95
CZE,1839,34.95
CZE,1840,34.95
CZE,1841,34.95
CZE,1842,34.95
CZE,1843,34.95
CZE,1844,34.95
CZE,1845,34.95
CZE,1846,34.95
CZE,1847,34.95
CZE,1848,34.95
CZE,1849,34.95
CZE,1850,34.95
CZE,1851,34.95
CZE,1852,34.95
CZE,1853,34.95
CZE,1854,34.95
CZE,1855,34.95
CZE,1856,34.95
CZE,1857,34.95
CZE,1858,34.95
CZE,1859,34.95
CZE,1860,34.95
CZE,1861,34.95
CZE,1862,34.95
CZE,1863,34.95
CZE,1864,34.95
CZE,1865,34.95
CZE,1866,34.95
CZE,1867,34.95
CZE,1868,34.95
CZE,1869,34.95
CZE,1870,34.95
CZE,1871,34.95
CZE,1872,34.95
CZE,1873,34.95
CZE,1874,34.95
CZE,1875,34.95
CZE,1876,34.96
CZE,1877,34.96
CZE,1878,34.96
CZE,1879,34.96
CZE,1880,34.97
CZE,1881,34.97
CZE,1882,34.97
CZE,1883,34.97
CZE,1884,34.98
CZE,1885,34.98
CZE,1886,34.98
CZE,1887,34.98
CZE,1888,34.99
CZE,1889,34.99
CZE,1890,34.99
CZE,1891,34.99
CZE,1892,35
CZE,1893,35
CZE,1894,35
CZE,1895,35.88
CZE,1896,36.76
CZE,1897,37.63
CZE,1898,38.51
CZE,1899,39.39
CZE,1900,40.27
CZE,1901,40.67
CZE,1902,41.08
CZE,1903,41.48
CZE,1904,41.88
CZE,1905,42.29
CZE,1906,42.69
CZE,1907,43.1
CZE,1908,43.5
CZE,1909,43.91
CZE,1910,44.31
CZE,1911,44.87
CZE,1912,45.44
CZE,1913,46
CZE,1914,46.56
CZE,1915,47.12
CZE,1916,47.69
CZE,1917,48.25
CZE,1918,35.74
CZE,1919,49.37
CZE,1920,49.93
CZE,1921,50.5
CZE,1922,51.06
CZE,1923,51.62
CZE,1924,52.18
CZE,1925,52.74
CZE,1926,53.31
CZE,1927,53.87
CZE,1928,54.43
CZE,1929,54.99
CZE,1930,55.55
CZE,1931,55.97
CZE,1932,56.38
CZE,1933,56.8
CZE,1934,57.21
CZE,1935,57.62
CZE,1936,58.04
CZE,1937,58.45
CZE,1938,58.91
CZE,1939,59.22
CZE,1940,59
CZE,1941,58.71
CZE,1942,56.81
CZE,1943,52.02
CZE,1944,46.92
CZE,1945,44.93
CZE,1946,58.04
CZE,1947,62.04
CZE,1948,63.05
CZE,1949,64.06
CZE,1950,64.49
CZE,1951,65.32
CZE,1952,66.94
CZE,1953,67.64
CZE,1954,68.14
CZE,1955,69.06
CZE,1956,69.47
CZE,1957,69.14
CZE,1958,70.05
CZE,1959,70.04
CZE,1960,70.58
CZE,1961,70.77
CZE,1962,70.04
CZE,1963,70.56
CZE,1964,70.73
CZE,1965,70.43
CZE,1966,70.65
CZE,1967,70.55
CZE,1968,70.11
CZE,1969,69.62
CZE,1970,69.72
CZE,1971,69.96
CZE,1972,70.49
CZE,1973,70.33
CZE,1974,70.42
CZE,1975,70.77
CZE,1976,70.88
CZE,1977,70.94
CZE,1978,71.02
CZE,1979,71.13
CZE,1980,70.67
CZE,1981,71.11
CZE,1982,71.22
CZE,1983,71
CZE,1984,71.26
CZE,1985,71.48
CZE,1986,71.42
CZE,1987,71.87
CZE,1988,72.08
CZE,1989,72.13
CZE,1990,71.8
CZE,1991,72
CZE,1992,72.3
CZE,1993,72.7
CZE,1994,73
CZE,1995,73.4
CZE,1996,73.8
CZE,1997,74.2
CZE,1998,74.5
CZE,1999,74.7
CZE,2000,75
CZE,2001,75.3
CZE,2002,75.4
CZE,2003,75.6
CZE,2004,75.9
CZE,2005,76.2
CZE,2006,76.5
CZE,2007,76.8
CZE,2008,77.1
CZE,2009,77.3
CZE,2010,77.5
CZE,2011,77.8
CZE,2012,78.1
CZE,2013,78.3
CZE,2014,78.6
CZE,2015,78.8
CZE,2016,79
DNK,1800,37.41
DNK,1801,38.51
DNK,1802,44.37
DNK,1803,44.84
DNK,1804,42.83
DNK,1805,43.02
DNK,1806,43.78
DNK,1807,42.58
DNK,1808,39.37
DNK,1809,39.22
DNK,1810,41.71
DNK,1811,39.31
DNK,1812,36.04
DNK,1813,40.9
DNK,1814,38.8
DNK,1815,42.67
DNK,1816,44.08
DNK,1817,46.48
DNK,1818,46.38
DNK,1819,45.26
DNK,1820,43.14
DNK,1821,39
DNK,1822,43.36
DNK,1823,46.37
DNK,1824,44.56
DNK,1825,43.14
DNK,1826,40.26
DNK,1827,41.11
DNK,1828,36.64
DNK,1829,31.02
DNK,1830,34.11
DNK,1831,29.25
DNK,1832,32.53
DNK,1833,36.2
DNK,1834,36.53
DNK,1835,38.35
DNK,1836,39.92
DNK,1837,41.5
DNK,1838,43.11
DNK,1839,41.86
DNK,1840,41.06
DNK,1841,42.64
DNK,1842,42.49
DNK,1843,43.85
DNK,1844,44
DNK,1845,43.35
DNK,1846,40.43
DNK,1847,40.47
DNK,1848,40.73
DNK,1849,39.5
DNK,1850,43.5
DNK,1851,44.57
DNK,1852,43.08
DNK,1853,38.6
DNK,1854,44.74
DNK,1855,46.18
DNK,1856,46.78
DNK,1857,42.49
DNK,1858,40.04
DNK,1859,44.42
DNK,1860,45.11
DNK,1861,47.65
DNK,1862,47.62
DNK,1863,47.58
DNK,1864,40.2
DNK,1865,39.85
DNK,1866,42.95
DNK,1867,44.97
DNK,1868,45.66
DNK,1869,46.13
DNK,1870,46.06
DNK,1871,46.15
DNK,1872,47.53
DNK,1873,47.58
DNK,1874,46.11
DNK,1875,44.51
DNK,1876,45.88
DNK,1877,47.41
DNK,1878,47.6
DNK,1879,46.29
DNK,1880,44.86
DNK,1881,48.37
DNK,1882,46.77
DNK,1883,48.56
DNK,1884,48.6
DNK,1885,49.69
DNK,1886,49
DNK,1887,48.71
DNK,1888,46.71
DNK,1889,47.83
DNK,1890,47.3
DNK,1891,46.83
DNK,1892,47.49
DNK,1893,47.14
DNK,1894,49.42
DNK,1895,50.93
DNK,1896,52.99
DNK,1897,51.86
DNK,1898,53.15
DNK,1899,50.71
DNK,1900,51.95
DNK,1901,52.66
DNK,1902,54.74
DNK,1903,54.81
DNK,1904,55.81
DNK,1905,54.41
DNK,1906,56.6
DNK,1907,56.13
DNK,1908,54.96
DNK,1909,57.44
DNK,1910,58.09
DNK,1911,57.01
DNK,1912,58.09
DNK,1913,58.93
DNK,1914,58.53
DNK,1915,58.46
DNK,1916,56.97
DNK,1917,57.31
DNK,1918,56.25
DNK,1919,57
DNK,1920,57.55
DNK,1921,61.78
DNK,1922,60.65
DNK,1923,61.22
DNK,1924,61.19
DNK,1925,61.96
DNK,1926,61.71
DNK,1927,61.24
DNK,1928,61.93
DNK,1929,62
DNK,1930,62.31
DNK,1931,61.89
DNK,1932,62.74
DNK,1933,63.66
DNK,1934,64.15
DNK,1935,62.92
DNK,1936,63.5
DNK,1937,63.98
DNK,1938,64.99
DNK,1939,65.83
DNK,1940,66.27
DNK,1941,66.02
DNK,1942,67.17
DNK,1943,67.47
DNK,1944,66.42
DNK,1945,66.11
DNK,1946,67.26
DNK,1947,68.57
DNK,1948,70.15
DNK,1949,70.18
DNK,1950,70.37
DNK,1951,70.97
DNK,1952,70.82
DNK,1953,71.2
DNK,1954,71.4
DNK,1955,71.97
DNK,1956,72.11
DNK,1957,71.87
DNK,1958,72.3
DNK,1959,72.29
DNK,1960,72.28
DNK,1961,72.55
DNK,1962,72.43
DNK,1963,72.52
DNK,1964,72.61
DNK,1965,72.49
DNK,1966,72.57
DNK,1967,73.06
DNK,1968,73.27
DNK,1969,73.36
DNK,1970,73.49
DNK,1971,73.55
DNK,1972,73.59
DNK,1973,73.83
DNK,1974,73.96
DNK,1975,74.24
DNK,1976,73.91
DNK,1977,74.82
DNK,1978,74.59
DNK,1979,74.41
DNK,1980,74.3
DNK,1981,74.44
DNK,1982,74.78
DNK,1983,74.65
DNK,1984,74.81
DNK,1985,74.68
DNK,1986,74.86
DNK,1987,74.97
DNK,1988,75.06
DNK,1989,75.1
DNK,1990,75.1
DNK,1991,75.4
DNK,1992,75.4
DNK,1993,75.4
DNK,1994,75.4
DNK,1995,75.6
DNK,1996,75.9
DNK,1997,76.2
DNK,1998,76.7
DNK,1999,76.3
DNK,2000,77.1
DNK,2001,77.2
DNK,2002,77.2
DNK,2003,77.6
DNK,2004,77.8
DNK,2005,78.3
DNK,2006,78.3
DNK,2007,78.4
DNK,2008,78.9
DNK,2009,79.1
DNK,2010,79.4
DNK,2011,79.9
DNK,2012,80.3
DNK,2013,80.3
DNK,2014,80.3
DNK,2015,80.4
DNK,2016,80.5
DJI,1800,29.9
DJI,1801,29.9
DJI,1802,29.9
DJI,1803,29.9
DJI,1804,29.9
DJI,1805,29.9
DJI,1806,29.9
DJI,1807,29.9
DJI,1808,29.9
DJI,1809,29.9
DJI,1810,29.9
DJI,1811,29.9
DJI,1812,29.9
DJI,1813,29.9
DJI,1814,29.9
DJI,1815,29.9
DJI,1816,29.9
DJI,1817,29.9
DJI,1818,29.9
DJI,1819,29.9
DJI,1820,29.9
DJI,1821,29.9
DJI,1822,29.9
DJI,1823,29.9
DJI,1824,29.9
DJI,1825,29.9
DJI,1826,29.9
DJI,1827,29.9
DJI,1828,29.9
DJI,1829,29.9
DJI,1830,29.9
DJI,1831,29.9
DJI,1832,29.9
DJI,1833,29.9
DJI,1834,29.9
DJI,1835,29.9
DJI,1836,29.9
DJI,1837,29.9
DJI,1838,29.9
DJI,1839,29.9
DJI,1840,29.9
DJI,1841,29.9
DJI,1842,29.9
DJI,1843,29.9
DJI,1844,29.9
DJI,1845,29.9
DJI,1846,29.9
DJI,1847,29.9
DJI,1848,29.9
DJI,1849,29.9
DJI,1850,29.9
DJI,1851,29.9
DJI,1852,29.9
DJI,1853,29.9
DJI,1854,29.9
DJI,1855,29.9
DJI,1856,29.9
DJI,1857,29.9
DJI,1858,29.9
DJI,1859,29.9
DJI,1860,29.9
DJI,1861,29.9
DJI,1862,29.9
DJI,1863,29.9
DJI,1864,29.9
DJI,1865,29.9
DJI,1866,29.9
DJI,1867,29.9
DJI,1868,29.9
DJI,1869,29.9
DJI,1870,29.9
DJI,1871,29.9
DJI,1872,29.9
DJI,1873,29.9
DJI,1874,29.9
DJI,1875,29.9
DJI,1876,29.9
DJI,1877,29.9
DJI,1878,29.9
DJI,1879,29.9
DJI,1880,29.9
DJI,1881,29.9
DJI,1882,29.9
DJI,1883,29.9
DJI,1884,29.9
DJI,1885,29.9
DJI,1886,29.9
DJI,1887,29.9
DJI,1888,29.9
DJI,1889,29.9
DJI,1890,29.9
DJI,1891,29.9
DJI,1892,29.9
DJI,1893,29.9
DJI,1894,29.9
DJI,1895,29.9
DJI,1896,29.9
DJI,1897,29.9
DJI,1898,29.9
DJI,1899,29.9
DJI,1900,29.9
DJI,1901,29.9
DJI,1902,29.9
DJI,1903,29.9
DJI,1904,29.9
DJI,1905,29.9
DJI,1906,29.9
DJI,1907,29.9
DJI,1908,29.9
DJI,1909,29.9
DJI,1910,29.9
DJI,1911,29.9
DJI,1912,29.9
DJI,1913,29.9
DJI,1914,29.9
DJI,1915,29.9
DJI,1916,29.9
DJI,1917,29.9
DJI,1918,11.56
DJI,1919,29.9
DJI,1920,29.9
DJI,1921,29.9
DJI,1922,29.9
DJI,1923,29.9
DJI,1924,29.9
DJI,1925,29.9
DJI,1926,29.9
DJI,1927,29.9
DJI,1928,29.9
DJI,1929,29.9
DJI,1930,29.9
DJI,1931,29.9
DJI,1932,29.9
DJI,1933,29.9
DJI,1934,29.9
DJI,1935,29.9
DJI,1936,29.9
DJI,1937,29.9
DJI,1938,29.9
DJI,1939,29.9
DJI,1940,29.9
DJI,1941,29.99
DJI,1942,30.07
DJI,1943,30.16
DJI,1944,30.25
DJI,1945,30.33
DJI,1946,32.52
DJI,1947,34.69
DJI,1948,36.88
DJI,1949,39.06
DJI,1950,41.24
DJI,1951,41.48
DJI,1952,41.89
DJI,1953,42.31
DJI,1954,42.77
DJI,1955,43.23
DJI,1956,43.71
DJI,1957,44.21
DJI,1958,44.73
DJI,1959,45.24
DJI,1960,45.77
DJI,1961,46.28
DJI,1962,46.79
DJI,1963,47.3
DJI,1964,47.8
DJI,1965,48.33
DJI,1966,48.9
DJI,1967,49.53
DJI,1968,50.23
DJI,1969,50.99
DJI,1970,51.75
DJI,1971,52.51
DJI,1972,53.2
DJI,1973,53.83
DJI,1974,54.38
DJI,1975,54.85
DJI,1976,55.29
DJI,1977,55.71
DJI,1978,56.15
DJI,1979,56.61
DJI,1980,57.1
DJI,1981,57.59
DJI,1982,58.08
DJI,1983,58.55
DJI,1984,58.97
DJI,1985,59.38
DJI,1986,59.74
DJI,1987,60.09
DJI,1988,60.42
DJI,1989,60.72
DJI,1990,61
DJI,1991,60.7
DJI,1992,60.4
DJI,1993,60.7
DJI,1994,60
DJI,1995,60.4
DJI,1996,60.3
DJI,1997,60.1
DJI,1998,60
DJI,1999,59.9
DJI,2000,60
DJI,2001,60.1
DJI,2002,60.2
DJI,2003,60.3
DJI,2004,60.4
DJI,2005,60.7
DJI,2006,60.7
DJI,2007,61.5
DJI,2008,61.8
DJI,2009,62.1
DJI,2010,62.3
DJI,2011,62.5
DJI,2012,62.8
DJI,2013,63.1
DJI,2014,63.1
DJI,2015,63.8
DJI,2016,64.51
DMA,1990,72.8
DMA,1991,72.6
DMA,1992,72.6
DMA,1993,72.6
DMA,1994,72.7
DMA,1995,72.8
DMA,1996,72.8
DMA,1997,73
DMA,1998,72.7
DMA,1999,73.4
DMA,2000,73.7
DMA,2001,73.9
DMA,2002,74
DMA,2003,74.1
DMA,2004,74.1
DMA,2005,74.2
DMA,2006,74.2
DMA,2007,74.2
DMA,2008,74.1
DMA,2009,73.9
DMA,2010,73.7
DMA,2011,73.4
DMA,2012,73.2
DMA,2013,73
DMA,2014,73
DMA,2015,73.1
DMA,2016,73.2
DOM,1800,29.9
DOM,1801,29.9
DOM,1802,29.9
DOM,1803,29.9
DOM,1804,29.9
DOM,1805,29.9
DOM,1806,29.9
DOM,1807,29.9
DOM,1808,29.9
DOM,1809,29.9
DOM,1810,29.9
DOM,1811,29.9
DOM,1812,29.9
DOM,1813,29.9
DOM,1814,29.9
DOM,1815,29.9
DOM,1816,29.9
DOM,1817,29.9
DOM,1818,29.9
DOM,1819,29.9
DOM,1820,29.9
DOM,1821,29.9
DOM,1822,29.9
DOM,1823,29.9
DOM,1824,29.9
DOM,1825,29.9
DOM,1826,29.9
DOM,1827,29.9
DOM,1828,29.9
DOM,1829,29.9
DOM,1830,29.9
DOM,1831,29.9
DOM,1832,29.9
DOM,1833,29.9
DOM,1834,29.9
DOM,1835,29.9
DOM,1836,29.9
DOM,1837,29.9
DOM,1838,29.9
DOM,1839,29.9
DOM,1840,29.9
DOM,1841,29.9
DOM,1842,29.9
DOM,1843,29.9
DOM,1844,29.9
DOM,1845,29.9
DOM,1846,29.9
DOM,1847,29.9
DOM,1848,29.9
DOM,1849,29.9
DOM,1850,29.9
DOM,1851,29.9
DOM,1852,29.9
DOM,1853,29.9
DOM,1854,29.9
DOM,1855,29.9
DOM,1856,29.9
DOM,1857,29.9
DOM,1858,29.9
DOM,1859,29.9
DOM,1860,29.9
DOM,1861,29.9
DOM,1862,29.9
DOM,1863,29.9
DOM,1864,29.9
DOM,1865,29.9
DOM,1866,29.9
DOM,1867,29.9
DOM,1868,29.9
DOM,1869,29.9
DOM,1870,29.9
DOM,1871,29.9
DOM,1872,29.9
DOM,1873,29.9
DOM,1874,29.9
DOM,1875,29.9
DOM,1876,29.9
DOM,1877,29.9
DOM,1878,29.9
DOM,1879,29.9
DOM,1880,29.9
DOM,1881,29.9
DOM,1882,29.9
DOM,1883,29.9
DOM,1884,29.9
DOM,1885,29.9
DOM,1886,29.9
DOM,1887,29.9
DOM,1888,29.9
DOM,1889,29.9
DOM,1890,29.9
DOM,1891,29.9
DOM,1892,29.9
DOM,1893,29.9
DOM,1894,29.9
DOM,1895,29.9
DOM,1896,29.9
DOM,1897,29.9
DOM,1898,29.9
DOM,1899,29.9
DOM,1900,29.9
DOM,1901,29.9
DOM,1902,29.9
DOM,1903,29.9
DOM,1904,29.9
DOM,1905,29.9
DOM,1906,29.9
DOM,1907,29.9
DOM,1908,29.9
DOM,1909,29.9
DOM,1910,29.9
DOM,1911,29.9
DOM,1912,29.9
DOM,1913,29.9
DOM,1914,29.9
DOM,1915,29.9
DOM,1916,29.9
DOM,1917,29.9
DOM,1918,19.39
DOM,1919,29.9
DOM,1920,29.9
DOM,1921,29.9
DOM,1922,29.9
DOM,1923,29.9
DOM,1924,29.9
DOM,1925,29.9
DOM,1926,29.9
DOM,1927,29.9
DOM,1928,29.9
DOM,1929,29.9
DOM,1930,29.9
DOM,1931,29.9
DOM,1932,29.9
DOM,1933,29.9
DOM,1934,29.9
DOM,1935,29.9
DOM,1936,30.86
DOM,1937,31.82
DOM,1938,32.78
DOM,1939,33.74
DOM,1940,34.7
DOM,1941,35.74
DOM,1942,36.79
DOM,1943,37.83
DOM,1944,38.87
DOM,1945,39.9
DOM,1946,40.94
DOM,1947,41.98
DOM,1948,43.02
DOM,1949,44.06
DOM,1950,45.1
DOM,1951,45.6
DOM,1952,46.5
DOM,1953,47.39
DOM,1954,48.27
DOM,1955,49.15
DOM,1956,50.01
DOM,1957,50.87
DOM,1958,51.71
DOM,1959,52.54
DOM,1960,53.37
DOM,1961,54.17
DOM,1962,54.97
DOM,1963,55.75
DOM,1964,56.52
DOM,1965,57.28
DOM,1966,58.02
DOM,1967,58.75
DOM,1968,59.47
DOM,1969,60.16
DOM,1970,60.83
DOM,1971,61.47
DOM,1972,62.09
DOM,1973,62.67
DOM,1974,63.23
DOM,1975,63.75
DOM,1976,64.25
DOM,1977,64.73
DOM,1978,65.19
DOM,1979,65.65
DOM,1980,66.12
DOM,1981,66.6
DOM,1982,67.11
DOM,1983,67.63
DOM,1984,68.18
DOM,1985,68.75
DOM,1986,69.34
DOM,1987,69.96
DOM,1988,70.58
DOM,1989,71.2
DOM,1990,71.8
DOM,1991,72.2
DOM,1992,72.5
DOM,1993,72.5
DOM,1994,72.5
DOM,1995,72.6
DOM,1996,72.6
DOM,1997,72.9
DOM,1998,72.9
DOM,1999,73.2
DOM,2000,73.3
DOM,2001,73.4
DOM,2002,73.5
DOM,2003,73.5
DOM,2004,73.1
DOM,2005,73.3
DOM,2006,73.5
DOM,2007,73.7
DOM,2008,74.1
DOM,2009,74.3
DOM,2010,74.4
DOM,2011,74.6
DOM,2012,74.7
DOM,2013,74.9
DOM,2014,75.1
DOM,2015,75.3
DOM,2016,75.5
ECU,1800,32.9
ECU,1801,32.9
ECU,1802,32.9
ECU,1803,32.9
ECU,1804,32.9
ECU,1805,32.9
ECU,1806,32.9
ECU,1807,32.9
ECU,1808,32.9
ECU,1809,32.9
ECU,1810,32.9
ECU,1811,32.9
ECU,1812,32.9
ECU,1813,32.9
ECU,1814,32.9
ECU,1815,32.9
ECU,1816,32.9
ECU,1817,32.9
ECU,1818,32.9
ECU,1819,32.9
ECU,1820,32.9
ECU,1821,32.9
ECU,1822,32.9
ECU,1823,32.9
ECU,1824,32.9
ECU,1825,32.9
ECU,1826,32.9
ECU,1827,32.9
ECU,1828,32.9
ECU,1829,32.9
ECU,1830,32.9
ECU,1831,32.9
ECU,1832,32.9
ECU,1833,32.9
ECU,1834,32.9
ECU,1835,32.9
ECU,1836,32.9
ECU,1837,32.9
ECU,1838,32.9
ECU,1839,32.9
ECU,1840,32.9
ECU,1841,32.9
ECU,1842,32.9
ECU,1843,32.9
ECU,1844,32.9
ECU,1845,32.9
ECU,1846,32.9
ECU,1847,32.9
ECU,1848,32.9
ECU,1849,32.9
ECU,1850,32.9
ECU,1851,32.9
ECU,1852,32.9
ECU,1853,32.9
ECU,1854,32.9
ECU,1855,32.9
ECU,1856,32.9
ECU,1857,32.9
ECU,1858,32.9
ECU,1859,32.9
ECU,1860,32.9
ECU,1861,32.9
ECU,1862,32.9
ECU,1863,32.9
ECU,1864,32.9
ECU,1865,32.9
ECU,1866,32.9
ECU,1867,32.9
ECU,1868,32.9
ECU,1869,32.9
ECU,1870,32.9
ECU,1871,32.9
ECU,1872,32.9
ECU,1873,32.9
ECU,1874,32.9
ECU,1875,32.9
ECU,1876,32.9
ECU,1877,32.9
ECU,1878,32.9
ECU,1879,32.9
ECU,1880,32.9
ECU,1881,32.9
ECU,1882,32.9
ECU,1883,32.9
ECU,1884,32.9
ECU,1885,32.9
ECU,1886,32.9
ECU,1887,32.9
ECU,1888,32.9
ECU,1889,32.9
ECU,1890,32.9
ECU,1891,32.9
ECU,1892,32.9
ECU,1893,32.9
ECU,1894,32.9
ECU,1895,32.9
ECU,1896,32.9
ECU,1897,32.9
ECU,1898,32.9
ECU,1899,32.9
ECU,1900,32.9
ECU,1901,32.9
ECU,1902,32.9
ECU,1903,32.9
ECU,1904,32.9
ECU,1905,32.9
ECU,1906,32.9
ECU,1907,32.9
ECU,1908,32.9
ECU,1909,32.9
ECU,1910,32.9
ECU,1911,32.9
ECU,1912,32.9
ECU,1913,32.9
ECU,1914,32.9
ECU,1915,32.9
ECU,1916,32.9
ECU,1917,32.9
ECU,1918,29.08
ECU,1919,32.9
ECU,1920,32.9
ECU,1921,32.9
ECU,1922,32.9
ECU,1923,32.9
ECU,1924,32.9
ECU,1925,32.9
ECU,1926,32.9
ECU,1927,32.9
ECU,1928,32.9
ECU,1929,32.9
ECU,1930,32.9
ECU,1931,32.9
ECU,1932,32.9
ECU,1933,32.9
ECU,1934,32.9
ECU,1935,32.9
ECU,1936,32.9
ECU,1937,32.9
ECU,1938,32.9
ECU,1939,32.9
ECU,1940,34.21
ECU,1941,35.56
ECU,1942,36.91
ECU,1943,38.27
ECU,1944,39.63
ECU,1945,40.98
ECU,1946,42.33
ECU,1947,43.69
ECU,1948,45.04
ECU,1949,46.39
ECU,1950,47.75
ECU,1951,48.06
ECU,1952,48.64
ECU,1953,49.23
ECU,1954,49.87
ECU,1955,50.54
ECU,1956,51.23
ECU,1957,51.93
ECU,1958,52.65
ECU,1959,53.38
ECU,1960,54.09
ECU,1961,54.77
ECU,1962,55.42
ECU,1963,56.01
ECU,1964,56.53
ECU,1965,57.02
ECU,1966,57.47
ECU,1967,57.89
ECU,1968,58.32
ECU,1969,58.76
ECU,1970,59.21
ECU,1971,59.67
ECU,1972,60.16
ECU,1973,60.67
ECU,1974,61.18
ECU,1975,61.73
ECU,1976,62.3
ECU,1977,62.9
ECU,1978,63.51
ECU,1979,64.16
ECU,1980,64.82
ECU,1981,65.49
ECU,1982,66.17
ECU,1983,66.85
ECU,1984,67.53
ECU,1985,68.18
ECU,1986,68.83
ECU,1987,69.46
ECU,1988,70.06
ECU,1989,70.64
ECU,1990,71.2
ECU,1991,71.4
ECU,1992,71.7
ECU,1993,71.8
ECU,1994,72.2
ECU,1995,72.3
ECU,1996,72.5
ECU,1997,72.7
ECU,1998,72.8
ECU,1999,73.1
ECU,2000,73.2
ECU,2001,73.4
ECU,2002,73.6
ECU,2003,73.7
ECU,2004,73.9
ECU,2005,74.1
ECU,2006,74.3
ECU,2007,74.5
ECU,2008,74.7
ECU,2009,74.9
ECU,2010,75.1
ECU,2011,75.3
ECU,2012,75.5
ECU,2013,75.6
ECU,2014,75.8
ECU,2015,75.9
ECU,2016,76
EGY,1800,33
EGY,1801,33
EGY,1802,33
EGY,1803,33
EGY,1804,33
EGY,1805,33
EGY,1806,33
EGY,1807,33
EGY,1808,33
EGY,1809,33
EGY,1810,33
EGY,1811,33
EGY,1812,33
EGY,1813,33
EGY,1814,33
EGY,1815,33
EGY,1816,33
EGY,1817,33
EGY,1818,33
EGY,1819,33
EGY,1820,33
EGY,1821,33
EGY,1822,33
EGY,1823,33
EGY,1824,33
EGY,1825,33
EGY,1826,33
EGY,1827,33
EGY,1828,33
EGY,1829,33
EGY,1830,33
EGY,1831,33
EGY,1832,33
EGY,1833,33
EGY,1834,33
EGY,1835,33
EGY,1836,33
EGY,1837,33
EGY,1838,33
EGY,1839,33
EGY,1840,33
EGY,1841,33
EGY,1842,33
EGY,1843,33
EGY,1844,33
EGY,1845,33
EGY,1846,33
EGY,1847,33
EGY,1848,33
EGY,1849,33
EGY,1850,33
EGY,1851,33
EGY,1852,33
EGY,1853,33
EGY,1854,33
EGY,1855,33
EGY,1856,33
EGY,1857,33
EGY,1858,33
EGY,1859,33
EGY,1860,33
EGY,1861,33
EGY,1862,33
EGY,1863,33
EGY,1864,33
EGY,1865,33
EGY,1866,33
EGY,1867,33
EGY,1868,33
EGY,1869,33
EGY,1870,33
EGY,1871,33
EGY,1872,33
EGY,1873,33
EGY,1874,33
EGY,1875,33
EGY,1876,33
EGY,1877,33
EGY,1878,33
EGY,1879,33
EGY,1880,33
EGY,1881,33
EGY,1882,33
EGY,1883,33
EGY,1884,33
EGY,1885,33
EGY,1886,33
EGY,1887,33
EGY,1888,33
EGY,1889,33
EGY,1890,33
EGY,1891,33
EGY,1892,33
EGY,1893,33
EGY,1894,33
EGY,1895,33
EGY,1896,33
EGY,1897,33
EGY,1898,33
EGY,1899,33
EGY,1900,33
EGY,1901,33
EGY,1902,33
EGY,1903,33
EGY,1904,33
EGY,1905,33
EGY,1906,33
EGY,1907,33
EGY,1908,33
EGY,1909,33
EGY,1910,33
EGY,1911,33
EGY,1912,33
EGY,1913,33
EGY,1914,33
EGY,1915,33
EGY,1916,33
EGY,1917,33
EGY,1918,25.25
EGY,1919,33
EGY,1920,33
EGY,1921,33
EGY,1922,33
EGY,1923,33
EGY,1924,33
EGY,1925,33
EGY,1926,33
EGY,1927,33
EGY,1928,30.7
EGY,1929,30.6
EGY,1930,35.4
EGY,1931,32.5
EGY,1932,31
EGY,1933,32.3
EGY,1934,31.5
EGY,1935,33.2
EGY,1936,31.3
EGY,1937,34.5
EGY,1938,34.8
EGY,1939,36
EGY,1940,34.4
EGY,1941,35.71
EGY,1942,30.52
EGY,1943,29.84
EGY,1944,33.45
EGY,1945,32.36
EGY,1946,34.47
EGY,1947,36.18
EGY,1948,36.3
EGY,1949,36.81
EGY,1950,38.59
EGY,1951,39.32
EGY,1952,40.72
EGY,1953,42.03
EGY,1954,43.22
EGY,1955,44.3
EGY,1956,45.29
EGY,1957,46.17
EGY,1958,46.97
EGY,1959,47.68
EGY,1960,48.31
EGY,1961,48.89
EGY,1962,49.43
EGY,1963,49.94
EGY,1964,50.42
EGY,1965,50.88
EGY,1966,51.29
EGY,1967,51.65
EGY,1968,51.97
EGY,1969,52.25
EGY,1970,52.54
EGY,1971,52.88
EGY,1972,53.31
EGY,1973,53.84
EGY,1974,54.46
EGY,1975,55.17
EGY,1976,55.93
EGY,1977,56.69
EGY,1978,57.45
EGY,1979,58.16
EGY,1980,58.85
EGY,1981,59.52
EGY,1982,60.21
EGY,1983,60.93
EGY,1984,61.65
EGY,1985,62.38
EGY,1986,63.07
EGY,1987,63.7
EGY,1988,64.27
EGY,1989,64.76
EGY,1990,65.2
EGY,1991,65.4
EGY,1992,66.1
EGY,1993,66.4
EGY,1994,66.7
EGY,1995,67.4
EGY,1996,67.9
EGY,1997,68.2
EGY,1998,68.6
EGY,1999,69
EGY,2000,69.7
EGY,2001,69.7
EGY,2002,69.8
EGY,2003,69.8
EGY,2004,69.9
EGY,2005,70.1
EGY,2006,70.1
EGY,2007,70.3
EGY,2008,70.2
EGY,2009,70.1
EGY,2010,70.1
EGY,2011,70.4
EGY,2012,70.5
EGY,2013,71
EGY,2014,71.3
EGY,2015,71.5
EGY,2016,71.7
SLV,1800,28.7
SLV,1801,28.7
SLV,1802,28.7
SLV,1803,28.7
SLV,1804,28.7
SLV,1805,28.7
SLV,1806,28.7
SLV,1807,28.7
SLV,1808,28.7
SLV,1809,28.7
SLV,1810,28.7
SLV,1811,28.7
SLV,1812,28.7
SLV,1813,28.7
SLV,1814,28.7
SLV,1815,28.7
SLV,1816,28.7
SLV,1817,28.7
SLV,1818,28.7
SLV,1819,28.7
SLV,1820,28.7
SLV,1821,28.7
SLV,1822,28.7
SLV,1823,28.7
SLV,1824,28.7
SLV,1825,28.7
SLV,1826,28.7
SLV,1827,28.7
SLV,1828,28.7
SLV,1829,28.7
SLV,1830,28.7
SLV,1831,28.7
SLV,1832,28.7
SLV,1833,28.7
SLV,1834,28.7
SLV,1835,28.7
SLV,1836,28.7
SLV,1837,28.7
SLV,1838,28.7
SLV,1839,28.7
SLV,1840,28.7
SLV,1841,28.7
SLV,1842,28.7
SLV,1843,28.7
SLV,1844,28.7
SLV,1845,28.7
SLV,1846,28.7
SLV,1847,28.7
SLV,1848,28.7
SLV,1849,28.7
SLV,1850,28.7
SLV,1851,28.7
SLV,1852,28.7
SLV,1853,28.7
SLV,1854,28.7
SLV,1855,28.7
SLV,1856,28.7
SLV,1857,28.7
SLV,1858,28.7
SLV,1859,28.7
SLV,1860,28.7
SLV,1861,28.7
SLV,1862,28.7
SLV,1863,28.7
SLV,1864,28.7
SLV,1865,28.7
SLV,1866,28.7
SLV,1867,28.7
SLV,1868,28.7
SLV,1869,28.7
SLV,1870,28.7
SLV,1871,28.7
SLV,1872,28.7
SLV,1873,28.7
SLV,1874,28.7
SLV,1875,28.7
SLV,1876,28.7
SLV,1877,28.7
SLV,1878,28.7
SLV,1879,28.7
SLV,1880,28.7
SLV,1881,28.7
SLV,1882,28.7
SLV,1883,28.7
SLV,1884,28.7
SLV,1885,28.7
SLV,1886,28.7
SLV,1887,28.7
SLV,1888,28.7
SLV,1889,28.7
SLV,1890,28.7
SLV,1891,28.7
SLV,1892,28.7
SLV,1893,28.7
SLV,1894,28.7
SLV,1895,28.7
SLV,1896,28.7
SLV,1897,28.7
SLV,1898,28.7
SLV,1899,28.7
SLV,1900,28.7
SLV,1901,28.7
SLV,1902,28.7
SLV,1903,28.7
SLV,1904,28.7
SLV,1905,28.7
SLV,1906,28.7
SLV,1907,28.7
SLV,1908,28.7
SLV,1909,28.7
SLV,1910,28.7
SLV,1911,28.7
SLV,1912,28.7
SLV,1913,28.7
SLV,1914,28.7
SLV,1915,28.7
SLV,1916,28.7
SLV,1917,28.7
SLV,1918,25.37
SLV,1919,28.7
SLV,1920,28.7
SLV,1921,28.7
SLV,1922,28.7
SLV,1923,28.7
SLV,1924,28.7
SLV,1925,28.7
SLV,1926,28.7
SLV,1927,28.7
SLV,1928,28.7
SLV,1929,28.7
SLV,1930,28.7
SLV,1931,29.43
SLV,1932,30.16
SLV,1933,30.88
SLV,1934,31.61
SLV,1935,32.34
SLV,1936,33.07
SLV,1937,33.8
SLV,1938,34.52
SLV,1939,35.25
SLV,1940,35.98
SLV,1941,36.75
SLV,1942,37.51
SLV,1943,38.27
SLV,1944,39.03
SLV,1945,39.8
SLV,1946,40.56
SLV,1947,41.33
SLV,1948,42.09
SLV,1949,42.85
SLV,1950,43.62
SLV,1951,44.11
SLV,1952,45.06
SLV,1953,45.99
SLV,1954,46.9
SLV,1955,47.8
SLV,1956,48.68
SLV,1957,49.55
SLV,1958,50.39
SLV,1959,51.22
SLV,1960,52.02
SLV,1961,52.77
SLV,1962,53.5
SLV,1963,54.18
SLV,1964,54.81
SLV,1965,55.4
SLV,1966,55.93
SLV,1967,56.41
SLV,1968,56.84
SLV,1969,57.24
SLV,1970,57.57
SLV,1971,57.85
SLV,1972,58.07
SLV,1973,58.22
SLV,1974,58.33
SLV,1975,58.36
SLV,1976,58.33
SLV,1977,58.22
SLV,1978,58.09
SLV,1979,57.98
SLV,1980,57.96
SLV,1981,58.13
SLV,1982,58.53
SLV,1983,59.19
SLV,1984,60.11
SLV,1985,61.24
SLV,1986,62.54
SLV,1987,63.91
SLV,1988,65.28
SLV,1989,66.55
SLV,1990,67.7
SLV,1991,68.1
SLV,1992,68.9
SLV,1993,69.3
SLV,1994,69.6
SLV,1995,70
SLV,1996,70.3
SLV,1997,70.8
SLV,1998,71
SLV,1999,71.6
SLV,2000,71.9
SLV,2001,71.7
SLV,2002,72.5
SLV,2003,72.6
SLV,2004,72.8
SLV,2005,73
SLV,2006,73.3
SLV,2007,73.5
SLV,2008,73.7
SLV,2009,73.8
SLV,2010,74.1
SLV,2011,74.3
SLV,2012,74.5
SLV,2013,74.6
SLV,2014,74.8
SLV,2015,74.9
SLV,2016,75
GNQ,1800,29.8
GNQ,1801,29.8
GNQ,1802,29.8
GNQ,1803,29.8
GNQ,1804,29.8
GNQ,1805,29.8
GNQ,1806,29.8
GNQ,1807,29.8
GNQ,1808,29.8
GNQ,1809,29.8
GNQ,1810,29.8
GNQ,1811,29.8
GNQ,1812,29.8
GNQ,1813,29.8
GNQ,1814,29.8
GNQ,1815,29.8
GNQ,1816,29.8
GNQ,1817,29.8
GNQ,1818,29.8
GNQ,1819,29.8
GNQ,1820,29.8
GNQ,1821,29.8
GNQ,1822,29.8
GNQ,1823,29.8
GNQ,1824,29.8
GNQ,1825,29.8
GNQ,1826,29.8
GNQ,1827,29.8
GNQ,1828,29.8
GNQ,1829,29.8
GNQ,1830,29.8
GNQ,1831,29.8
GNQ,1832,29.8
GNQ,1833,29.8
GNQ,1834,29.8
GNQ,1835,29.8
GNQ,1836,29.8
GNQ,1837,29.8
GNQ,1838,29.8
GNQ,1839,29.8
GNQ,1840,29.8
GNQ,1841,29.8
GNQ,1842,29.8
GNQ,1843,29.8
GNQ,1844,29.8
GNQ,1845,29.8
GNQ,1846,29.8
GNQ,1847,29.8
GNQ,1848,29.8
GNQ,1849,29.8
GNQ,1850,29.8
GNQ,1851,29.8
GNQ,1852,29.8
GNQ,1853,29.8
GNQ,1854,29.8
GNQ,1855,29.8
GNQ,1856,29.8
GNQ,1857,29.8
GNQ,1858,29.8
GNQ,1859,29.8
GNQ,1860,29.8
GNQ,1861,29.8
GNQ,1862,29.8
GNQ,1863,29.8
GNQ,1864,29.8
GNQ,1865,29.8
GNQ,1866,29.8
GNQ,1867,29.8
GNQ,1868,29.8
GNQ,1869,29.8
GNQ,1870,29.8
GNQ,1871,29.8
GNQ,1872,29.8
GNQ,1873,29.8
GNQ,1874,29.8
GNQ,1875,29.8
GNQ,1876,29.8
GNQ,1877,29.8
GNQ,1878,29.8
GNQ,1879,29.8
GNQ,1880,29.8
GNQ,1881,29.8
GNQ,1882,29.8
GNQ,1883,29.8
GNQ,1884,29.8
GNQ,1885,29.8
GNQ,1886,29.8
GNQ,1887,29.8
GNQ,1888,29.8
GNQ,1889,29.8
GNQ,1890,29.8
GNQ,1891,29.8
GNQ,1892,29.8
GNQ,1893,29.8
GNQ,1894,29.8
GNQ,1895,29.8
GNQ,1896,29.8
GNQ,1897,29.8
GNQ,1898,29.8
GNQ,1899,29.8
GNQ,1900,29.8
GNQ,1901,29.8
GNQ,1902,29.8
GNQ,1903,29.8
GNQ,1904,29.8
GNQ,1905,29.8
GNQ,1906,29.8
GNQ,1907,29.8
GNQ,1908,29.8
GNQ,1909,29.8
GNQ,1910,29.8
GNQ,1911,29.8
GNQ,1912,29.8
GNQ,1913,29.8
GNQ,1914,29.8
GNQ,1915,29.8
GNQ,1916,29.8
GNQ,1917,29.8
GNQ,1918,11.52
GNQ,1919,29.8
GNQ,1920,29.8
GNQ,1921,29.8
GNQ,1922,29.8
GNQ,1923,29.8
GNQ,1924,29.8
GNQ,1925,29.8
GNQ,1926,29.8
GNQ,1927,29.8
GNQ,1928,29.8
GNQ,1929,29.8
GNQ,1930,29.8
GNQ,1931,29.8
GNQ,1932,29.8
GNQ,1933,29.8
GNQ,1934,29.8
GNQ,1935,29.8
GNQ,1936,29.8
GNQ,1937,29.8
GNQ,1938,29.8
GNQ,1939,29.8
GNQ,1940,29.8
GNQ,1941,29.85
GNQ,1942,29.89
GNQ,1943,29.94
GNQ,1944,29.99
GNQ,1945,30.04
GNQ,1946,30.9
GNQ,1947,31.76
GNQ,1948,32.63
GNQ,1949,33.5
GNQ,1950,34.35
GNQ,1951,34.55
GNQ,1952,34.9
GNQ,1953,35.25
GNQ,1954,35.59
GNQ,1955,35.95
GNQ,1956,36.3
GNQ,1957,36.65
GNQ,1958,36.99
GNQ,1959,37.34
GNQ,1960,37.69
GNQ,1961,38.04
GNQ,1962,38.38
GNQ,1963,38.73
GNQ,1964,39.08
GNQ,1965,39.44
GNQ,1966,39.78
GNQ,1967,40.13
GNQ,1968,40.48
GNQ,1969,40.82
GNQ,1970,41.17
GNQ,1971,41.52
GNQ,1972,41.87
GNQ,1973,42.21
GNQ,1974,42.56
GNQ,1975,42.91
GNQ,1976,43.28
GNQ,1977,43.65
GNQ,1978,44.04
GNQ,1979,44.44
GNQ,1980,44.85
GNQ,1981,45.26
GNQ,1982,45.69
GNQ,1983,46.11
GNQ,1984,46.52
GNQ,1985,46.92
GNQ,1986,47.33
GNQ,1987,47.73
GNQ,1988,48.14
GNQ,1989,48.52
GNQ,1990,48.9
GNQ,1991,48.7
GNQ,1992,48.7
GNQ,1993,48.6
GNQ,1994,48.5
GNQ,1995,48.5
GNQ,1996,48.9
GNQ,1997,50.3
GNQ,1998,51.2
GNQ,1999,52
GNQ,2000,52.9
GNQ,2001,54
GNQ,2002,54.9
GNQ,2003,55.3
GNQ,2004,55.9
GNQ,2005,56
GNQ,2006,56.8
GNQ,2007,57.1
GNQ,2008,57.5
GNQ,2009,58
GNQ,2010,58.6
GNQ,2011,58.7
GNQ,2012,59.4
GNQ,2013,60.5
GNQ,2014,61
GNQ,2015,61
GNQ,2016,61
ERI,1800,30.2
ERI,1801,30.2
ERI,1802,30.2
ERI,1803,30.2
ERI,1804,30.2
ERI,1805,30.2
ERI,1806,30.2
ERI,1807,30.2
ERI,1808,30.2
ERI,1809,30.2
ERI,1810,30.2
ERI,1811,30.2
ERI,1812,30.2
ERI,1813,30.2
ERI,1814,30.2
ERI,1815,30.2
ERI,1816,30.2
ERI,1817,30.2
ERI,1818,30.2
ERI,1819,30.2
ERI,1820,30.2
ERI,1821,30.2
ERI,1822,30.2
ERI,1823,30.2
ERI,1824,30.2
ERI,1825,30.2
ERI,1826,30.2
ERI,1827,30.2
ERI,1828,30.2
ERI,1829,30.2
ERI,1830,30.2
ERI,1831,30.2
ERI,1832,30.2
ERI,1833,30.2
ERI,1834,30.2
ERI,1835,30.2
ERI,1836,30.2
ERI,1837,30.2
ERI,1838,30.2
ERI,1839,30.2
ERI,1840,30.2
ERI,1841,30.2
ERI,1842,30.2
ERI,1843,30.2
ERI,1844,30.2
ERI,1845,30.2
ERI,1846,30.2
ERI,1847,30.2
ERI,1848,30.2
ERI,1849,30.2
ERI,1850,30.2
ERI,1851,30.2
ERI,1852,30.2
ERI,1853,30.2
ERI,1854,30.2
ERI,1855,30.2
ERI,1856,30.2
ERI,1857,30.2
ERI,1858,30.2
ERI,1859,30.2
ERI,1860,30.2
ERI,1861,30.2
ERI,1862,30.2
ERI,1863,30.2
ERI,1864,30.2
ERI,1865,30.2
ERI,1866,30.2
ERI,1867,30.2
ERI,1868,30.2
ERI,1869,30.2
ERI,1870,30.2
ERI,1871,30.2
ERI,1872,30.2
ERI,1873,30.2
ERI,1874,30.2
ERI,1875,30.2
ERI,1876,30.2
ERI,1877,30.2
ERI,1878,30.2
ERI,1879,30.2
ERI,1880,30.2
ERI,1881,30.2
ERI,1882,30.2
ERI,1883,30.2
ERI,1884,30.2
ERI,1885,30.2
ERI,1886,30.2
ERI,1887,30.2
ERI,1888,30.2
ERI,1889,30.2
ERI,1890,30.2
ERI,1891,30.2
ERI,1892,30.2
ERI,1893,30.2
ERI,1894,30.2
ERI,1895,30.2
ERI,1896,30.2
ERI,1897,30.2
ERI,1898,30.2
ERI,1899,30.2
ERI,1900,30.2
ERI,1901,30.2
ERI,1902,30.2
ERI,1903,30.2
ERI,1904,30.2
ERI,1905,30.2
ERI,1906,30.2
ERI,1907,30.2
ERI,1908,30.2
ERI,1909,30.2
ERI,1910,30.2
ERI,1911,30.2
ERI,1912,30.2
ERI,1913,30.2
ERI,1914,30.2
ERI,1915,30.2
ERI,1916,30.2
ERI,1917,30.2
ERI,1918,11.68
ERI,1919,30.2
ERI,1920,30.2
ERI,1921,30.2
ERI,1922,30.2
ERI,1923,30.2
ERI,1924,30.2
ERI,1925,30.2
ERI,1926,30.2
ERI,1927,30.2
ERI,1928,30.2
ERI,1929,30.2
ERI,1930,30.2
ERI,1931,30.2
ERI,1932,30.2
ERI,1933,30.2
ERI,1934,30.2
ERI,1935,30.2
ERI,1936,30.2
ERI,1937,30.2
ERI,1938,30.2
ERI,1939,30.2
ERI,1940,30.2
ERI,1941,30.28
ERI,1942,30.37
ERI,1943,30.45
ERI,1944,30.53
ERI,1945,30.62
ERI,1946,31.75
ERI,1947,32.88
ERI,1948,34.02
ERI,1949,35.16
ERI,1950,36.29
ERI,1951,36.47
ERI,1952,36.75
ERI,1953,37.02
ERI,1954,37.29
ERI,1955,37.58
ERI,1956,37.86
ERI,1957,38.14
ERI,1958,38.42
ERI,1959,38.73
ERI,1960,39.03
ERI,1961,39.35
ERI,1962,39.69
ERI,1963,40.04
ERI,1964,40.41
ERI,1965,40.81
ERI,1966,41.22
ERI,1967,41.66
ERI,1968,42.1
ERI,1969,42.56
ERI,1970,43.02
ERI,1971,43.47
ERI,1972,43.92
ERI,1973,44.35
ERI,1974,44.75
ERI,1975,45.14
ERI,1976,45.49
ERI,1977,45.8
ERI,1978,46.09
ERI,1979,46.38
ERI,1980,46.66
ERI,1981,46.97
ERI,1982,47.33
ERI,1983,47.74
ERI,1984,48.21
ERI,1985,48.77
ERI,1986,49.38
ERI,1987,50.06
ERI,1988,50.8
ERI,1989,51.58
ERI,1990,52.4
ERI,1991,53.4
ERI,1992,54.9
ERI,1993,56.2
ERI,1994,57
ERI,1995,57.8
ERI,1996,58.4
ERI,1997,59
ERI,1998,58.8
ERI,1999,52.2
ERI,2000,37.6
ERI,2001,59.9
ERI,2002,60
ERI,2003,59.9
ERI,2004,60
ERI,2005,59.9
ERI,2006,60
ERI,2007,60.1
ERI,2008,60.1
ERI,2009,60.1
ERI,2010,60.1
ERI,2011,60.2
ERI,2012,60.3
ERI,2013,60.4
ERI,2014,60.6
ERI,2015,60.7
ERI,2016,60.8
EST,1800,36.14
EST,1801,35.7
EST,1802,35.26
EST,1803,34.82
EST,1804,34.37
EST,1805,33.93
EST,1806,34.12
EST,1807,34.3
EST,1808,34.49
EST,1809,34.67
EST,1810,34.86
EST,1811,35.49
EST,1812,36.13
EST,1813,36.76
EST,1814,37.39
EST,1815,38.02
EST,1816,39.1
EST,1817,40.17
EST,1818,41.24
EST,1819,42.32
EST,1820,43.39
EST,1821,41.83
EST,1822,40.27
EST,1823,38.71
EST,1824,37.15
EST,1825,35.59
EST,1826,35.55
EST,1827,35.51
EST,1828,35.46
EST,1829,35.42
EST,1830,35.38
EST,1831,36.04
EST,1832,36.71
EST,1833,37.38
EST,1834,38.04
EST,1835,38.71
EST,1836,38.35
EST,1837,37.98
EST,1838,37.62
EST,1839,37.26
EST,1840,36.89
EST,1841,36.55
EST,1842,36.2
EST,1843,35.86
EST,1844,35.51
EST,1845,35.17
EST,1846,34.94
EST,1847,34.71
EST,1848,34.48
EST,1849,34.25
EST,1850,34.02
EST,1851,35.1
EST,1852,36.18
EST,1853,37.26
EST,1854,38.33
EST,1855,39.41
EST,1856,39.33
EST,1857,39.25
EST,1858,39.17
EST,1859,39.08
EST,1860,39
EST,1861,37.39
EST,1862,35.79
EST,1863,34.18
EST,1864,32.57
EST,1865,30.96
EST,1866,33.02
EST,1867,35.08
EST,1868,37.14
EST,1869,39.2
EST,1870,41.25
EST,1871,41.47
EST,1872,41.69
EST,1873,41.91
EST,1874,42.13
EST,1875,42.35
EST,1876,41.89
EST,1877,41.44
EST,1878,40.99
EST,1879,40.54
EST,1880,40.09
EST,1881,40.33
EST,1882,40.57
EST,1883,40.81
EST,1884,41.05
EST,1885,41.29
EST,1886,41.48
EST,1887,41.68
EST,1888,41.88
EST,1889,42.08
EST,1890,42.27
EST,1891,42.42
EST,1892,42.57
EST,1893,42.73
EST,1894,42.88
EST,1895,43.03
EST,1896,43.01
EST,1897,43
EST,1898,43.05
EST,1899,43.1
EST,1900,43.15
EST,1901,43.54
EST,1902,43.93
EST,1903,44.32
EST,1904,44.71
EST,1905,45.09
EST,1906,45.48
EST,1907,45.87
EST,1908,46.26
EST,1909,46.65
EST,1910,47.04
EST,1911,47.43
EST,1912,47.81
EST,1913,48.2
EST,1914,47.5
EST,1915,44.5
EST,1916,44.3
EST,1917,37
EST,1918,35
EST,1919,37.72
EST,1920,46.36
EST,1921,52.59
EST,1922,51.7
EST,1923,53.31
EST,1924,54.16
EST,1925,54.92
EST,1926,52.49
EST,1927,50.06
EST,1928,53.02
EST,1929,51.61
EST,1930,54.81
EST,1931,54.01
EST,1932,55.77
EST,1933,56.79
EST,1934,57.43
EST,1935,56.27
EST,1936,56.76
EST,1937,57.67
EST,1938,58.96
EST,1939,58.3
EST,1940,56.8
EST,1941,46
EST,1942,54.41
EST,1943,54.01
EST,1944,31.02
EST,1945,46.12
EST,1946,54.02
EST,1947,47.03
EST,1948,57.73
EST,1949,58.24
EST,1950,58.67
EST,1951,59.91
EST,1952,61.13
EST,1953,63.7
EST,1954,65.05
EST,1955,65.73
EST,1956,67.36
EST,1957,67.84
EST,1958,68.29
EST,1959,68.72
EST,1960,69.42
EST,1961,69.74
EST,1962,69.93
EST,1963,69.99
EST,1964,70.74
EST,1965,70.81
EST,1966,70.78
EST,1967,71.08
EST,1968,70.7
EST,1969,70.4
EST,1970,70.51
EST,1971,70.71
EST,1972,70.48
EST,1973,70.83
EST,1974,70.94
EST,1975,70.26
EST,1976,69.88
EST,1977,70.01
EST,1978,69.87
EST,1979,69.66
EST,1980,69.75
EST,1981,69.62
EST,1982,70.03
EST,1983,69.95
EST,1984,69.83
EST,1985,69.97
EST,1986,71.11
EST,1987,71.13
EST,1988,71.17
EST,1989,70.73
EST,1990,70.1
EST,1991,69.6
EST,1992,69.3
EST,1993,68.2
EST,1994,66.3
EST,1995,67.7
EST,1996,69.8
EST,1997,70
EST,1998,69.5
EST,1999,70.2
EST,2000,70.4
EST,2001,70
EST,2002,70.9
EST,2003,71.5
EST,2004,72
EST,2005,72.5
EST,2006,72.9
EST,2007,73
EST,2008,74.2
EST,2009,74.9
EST,2010,76.4
EST,2011,76.3
EST,2012,76.7
EST,2013,77.5
EST,2014,77.6
EST,2015,77.8
EST,2016,78
ETH,1800,29.7
ETH,1801,29.7
ETH,1802,29.7
ETH,1803,29.7
ETH,1804,29.7
ETH,1805,29.7
ETH,1806,29.7
ETH,1807,29.7
ETH,1808,29.7
ETH,1809,29.7
ETH,1810,29.7
ETH,1811,29.7
ETH,1812,29.7
ETH,1813,29.7
ETH,1814,29.7
ETH,1815,29.7
ETH,1816,29.7
ETH,1817,29.7
ETH,1818,29.7
ETH,1819,29.7
ETH,1820,29.7
ETH,1821,29.7
ETH,1822,29.7
ETH,1823,29.7
ETH,1824,29.7
ETH,1825,29.7
ETH,1826,29.7
ETH,1827,29.7
ETH,1828,28
ETH,1829,27
ETH,1830,26
ETH,1831,27
ETH,1832,29.7
ETH,1833,29.7
ETH,1834,29.7
ETH,1835,28
ETH,1836,27
ETH,1837,26
ETH,1838,27
ETH,1839,29.7
ETH,1840,29.7
ETH,1841,29.7
ETH,1842,29.7
ETH,1843,29.7
ETH,1844,29.7
ETH,1845,29.7
ETH,1846,29.7
ETH,1847,29.7
ETH,1848,29.7
ETH,1849,29.7
ETH,1850,29.7
ETH,1851,29.7
ETH,1852,29.7
ETH,1853,29.7
ETH,1854,29.7
ETH,1855,29.7
ETH,1856,29.7
ETH,1857,29.7
ETH,1858,29.7
ETH,1859,29.7
ETH,1860,29.7
ETH,1861,29.7
ETH,1862,29.7
ETH,1863,29.7
ETH,1864,26
ETH,1865,25
ETH,1866,24
ETH,1867,29.7
ETH,1868,29.7
ETH,1869,29.7
ETH,1870,29.7
ETH,1871,29.7
ETH,1872,29.7
ETH,1873,29.7
ETH,1874,29.7
ETH,1875,29.7
ETH,1876,29.7
ETH,1877,29.7
ETH,1878,29.7
ETH,1879,29.7
ETH,1880,27
ETH,1881,26
ETH,1882,29.7
ETH,1883,29.7
ETH,1884,29.7
ETH,1885,29.7
ETH,1886,29.7
ETH,1887,29.7
ETH,1888,17
ETH,1889,5
ETH,1890,4
ETH,1891,8
ETH,1892,14
ETH,1893,29.7
ETH,1894,29.7
ETH,1895,29.5
ETH,1896,28.7
ETH,1897,29.7
ETH,1898,29.7
ETH,1899,29.7
ETH,1900,29.7
ETH,1901,29.7
ETH,1902,29.7
ETH,1903,29.7
ETH,1904,29.7
ETH,1905,29.7
ETH,1906,29.7
ETH,1907,29.7
ETH,1908,29.7
ETH,1909,29.7
ETH,1910,29.7
ETH,1911,29.7
ETH,1912,29.7
ETH,1913,29.7
ETH,1914,29.7
ETH,1915,29.7
ETH,1916,29.7
ETH,1917,29.7
ETH,1918,11.49
ETH,1919,29.7
ETH,1920,29.7
ETH,1921,29.7
ETH,1922,29.7
ETH,1923,29.7
ETH,1924,29.7
ETH,1925,29.7
ETH,1926,29.7
ETH,1927,29.7
ETH,1928,29.7
ETH,1929,29.7
ETH,1930,29.7
ETH,1931,29.7
ETH,1932,29.7
ETH,1933,29.7
ETH,1934,29.7
ETH,1935,27.5
ETH,1936,23
ETH,1937,29
ETH,1938,29
ETH,1939,29
ETH,1940,28
ETH,1941,27.97
ETH,1942,29.63
ETH,1943,29.6
ETH,1944,29.56
ETH,1945,29.53
ETH,1946,30.21
ETH,1947,30.9
ETH,1948,31.58
ETH,1949,32.27
ETH,1950,32.95
ETH,1951,33.09
ETH,1952,33.41
ETH,1953,33.8
ETH,1954,34.23
ETH,1955,34.72
ETH,1956,35.25
ETH,1957,32.41
ETH,1958,30.37
ETH,1959,37.08
ETH,1960,37.72
ETH,1961,38.35
ETH,1962,38.94
ETH,1963,39.49
ETH,1964,39.36
ETH,1965,38.13
ETH,1966,39.09
ETH,1967,41.09
ETH,1968,41.38
ETH,1969,41.65
ETH,1970,41.9
ETH,1971,42.14
ETH,1972,41.98
ETH,1973,39.85
ETH,1974,37.71
ETH,1975,38.78
ETH,1976,42.86
ETH,1977,42.41
ETH,1978,42.07
ETH,1979,42.74
ETH,1980,42.8
ETH,1981,42.87
ETH,1982,42.93
ETH,1983,42.5
ETH,1984,39.46
ETH,1985,35.43
ETH,1986,41.39
ETH,1987,43.95
ETH,1988,44.4
ETH,1989,44.82
ETH,1990,45.2
ETH,1991,46.9
ETH,1992,47.8
ETH,1993,48.4
ETH,1994,48.8
ETH,1995,49.2
ETH,1996,50
ETH,1997,50.6
ETH,1998,51.1
ETH,1999,50.6
ETH,2000,52.1
ETH,2001,52.7
ETH,2002,53.6
ETH,2003,54.3
ETH,2004,55.2
ETH,2005,56.1
ETH,2006,57.2
ETH,2007,58.6
ETH,2008,60
ETH,2009,61.2
ETH,2010,62.1
ETH,2011,62.9
ETH,2012,63.6
ETH,2013,64.2
ETH,2014,64.7
ETH,2015,65.2
ETH,2016,65.7
FJI,1800,26.1
FJI,1801,26.1
FJI,1802,26.1
FJI,1803,26.1
FJI,1804,26.1
FJI,1805,26.1
FJI,1806,26.1
FJI,1807,26.1
FJI,1808,26.1
FJI,1809,26.1
FJI,1810,26.1
FJI,1811,26.1
FJI,1812,26.1
FJI,1813,26.1
FJI,1814,26.1
FJI,1815,26.1
FJI,1816,26.1
FJI,1817,26.1
FJI,1818,26.1
FJI,1819,26.1
FJI,1820,26.1
FJI,1821,26.1
FJI,1822,26.1
FJI,1823,26.1
FJI,1824,26.1
FJI,1825,26.1
FJI,1826,26.1
FJI,1827,26.1
FJI,1828,26.1
FJI,1829,26.1
FJI,1830,26.1
FJI,1831,26.1
FJI,1832,26.1
FJI,1833,26.1
FJI,1834,26.1
FJI,1835,26.1
FJI,1836,26.1
FJI,1837,26.1
FJI,1838,26.1
FJI,1839,26.1
FJI,1840,26.1
FJI,1841,26.1
FJI,1842,26.1
FJI,1843,26.1
FJI,1844,26.1
FJI,1845,26.1
FJI,1846,26.1
FJI,1847,26.1
FJI,1848,26.1
FJI,1849,26.1
FJI,1850,26.1
FJI,1851,26.1
FJI,1852,26.1
FJI,1853,26.1
FJI,1854,26.1
FJI,1855,26.1
FJI,1856,26.1
FJI,1857,26.1
FJI,1858,26.1
FJI,1859,26.1
FJI,1860,26.1
FJI,1861,26.1
FJI,1862,26.1
FJI,1863,26.1
FJI,1864,26.1
FJI,1865,26.1
FJI,1866,26.1
FJI,1867,26.1
FJI,1868,26.1
FJI,1869,26.1
FJI,1870,26.1
FJI,1871,26.1
FJI,1872,26.1
FJI,1873,26.1
FJI,1874,26.1
FJI,1875,1
FJI,1876,26.1
FJI,1877,26.1
FJI,1878,26.1
FJI,1879,26.1
FJI,1880,26.1
FJI,1881,26.1
FJI,1882,26.1
FJI,1883,26.1
FJI,1884,26.1
FJI,1885,26.1
FJI,1886,26.1
FJI,1887,26.1
FJI,1888,26.1
FJI,1889,26.1
FJI,1890,26.1
FJI,1891,26.1
FJI,1892,26.1
FJI,1893,26.1
FJI,1894,26.1
FJI,1895,26.1
FJI,1896,26.1
FJI,1897,26.1
FJI,1898,26.1
FJI,1899,26.1
FJI,1900,26.1
FJI,1901,26.1
FJI,1902,26.1
FJI,1903,26.1
FJI,1904,26.1
FJI,1905,26.1
FJI,1906,26.1
FJI,1907,26.1
FJI,1908,26.1
FJI,1909,26.1
FJI,1910,26.1
FJI,1911,26.1
FJI,1912,26.1
FJI,1913,26.1
FJI,1914,26.1
FJI,1915,26.1
FJI,1916,26.1
FJI,1917,26.1
FJI,1918,6.62
FJI,1919,26.1
FJI,1920,26.1
FJI,1921,26.1
FJI,1922,26.1
FJI,1923,26.1
FJI,1924,26.1
FJI,1925,26.1
FJI,1926,27.1
FJI,1927,28.1
FJI,1928,29.1
FJI,1929,30.1
FJI,1930,31.1
FJI,1931,32.1
FJI,1932,33.1
FJI,1933,34.1
FJI,1934,35.1
FJI,1935,36.1
FJI,1936,37.1
FJI,1937,38.1
FJI,1938,39.1
FJI,1939,40.11
FJI,1940,41.11
FJI,1941,42.1
FJI,1942,43.09
FJI,1943,44.09
FJI,1944,45.08
FJI,1945,46.07
FJI,1946,47.06
FJI,1947,48.05
FJI,1948,49.04
FJI,1949,50.04
FJI,1950,51.03
FJI,1951,51.3
FJI,1952,51.85
FJI,1953,52.38
FJI,1954,52.9
FJI,1955,53.4
FJI,1956,53.89
FJI,1957,54.36
FJI,1958,54.81
FJI,1959,55.26
FJI,1960,55.7
FJI,1961,56.12
FJI,1962,56.54
FJI,1963,56.94
FJI,1964,57.35
FJI,1965,57.75
FJI,1966,58.14
FJI,1967,58.52
FJI,1968,58.89
FJI,1969,59.26
FJI,1970,59.61
FJI,1971,59.96
FJI,1972,60.29
FJI,1973,60.6
FJI,1974,60.91
FJI,1975,61.21
FJI,1976,61.5
FJI,1977,61.8
FJI,1978,62.09
FJI,1979,62.37
FJI,1980,62.65
FJI,1981,62.92
FJI,1982,63.2
FJI,1983,63.46
FJI,1984,63.71
FJI,1985,63.96
FJI,1986,64.2
FJI,1987,64.43
FJI,1988,64.66
FJI,1989,64.88
FJI,1990,65.1
FJI,1991,65.1
FJI,1992,65
FJI,1993,64.8
FJI,1994,64.7
FJI,1995,64.5
FJI,1996,64.3
FJI,1997,64.1
FJI,1998,64.2
FJI,1999,64.1
FJI,2000,64.2
FJI,2001,64.4
FJI,2002,64.5
FJI,2003,64.6
FJI,2004,64.7
FJI,2005,64.8
FJI,2006,64.8
FJI,2007,64.9
FJI,2008,64.9
FJI,2009,64.9
FJI,2010,65.2
FJI,2011,65.3
FJI,2012,65.4
FJI,2013,65.6
FJI,2014,65.7
FJI,2015,65.8
FJI,2016,65.9
FIN,1800,36.57
FIN,1801,40.3
FIN,1802,39.2
FIN,1803,28.53
FIN,1804,35.91
FIN,1805,39.8
FIN,1806,38.78
FIN,1807,36.6
FIN,1808,12.48
FIN,1809,13.43
FIN,1810,36.95
FIN,1811,30.69
FIN,1812,37.61
FIN,1813,34.18
FIN,1814,34.99
FIN,1815,35.72
FIN,1816,38.69
FIN,1817,38.09
FIN,1818,37.17
FIN,1819,35.03
FIN,1820,37.29
FIN,1821,40.16
FIN,1822,34.9
FIN,1823,38.91
FIN,1824,35.83
FIN,1825,37.26
FIN,1826,38.13
FIN,1827,42.21
FIN,1828,40.65
FIN,1829,36.3
FIN,1830,36.3
FIN,1831,34.05
FIN,1832,28.95
FIN,1833,20.38
FIN,1834,38.9
FIN,1835,37.79
FIN,1836,30.78
FIN,1837,34.38
FIN,1838,40.12
FIN,1839,42.66
FIN,1840,41.47
FIN,1841,41.01
FIN,1842,41.76
FIN,1843,41.54
FIN,1844,42.17
FIN,1845,40.86
FIN,1846,38.61
FIN,1847,40.84
FIN,1848,40.19
FIN,1849,39.42
FIN,1850,37.35
FIN,1851,40.33
FIN,1852,32.86
FIN,1853,33.57
FIN,1854,37.97
FIN,1855,31.94
FIN,1856,29.96
FIN,1857,30.12
FIN,1858,33.81
FIN,1859,38.5
FIN,1860,38.15
FIN,1861,38.02
FIN,1862,34.13
FIN,1863,32.38
FIN,1864,39.64
FIN,1865,35.78
FIN,1866,28.74
FIN,1867,25.33
FIN,1868,8.11
FIN,1869,37.12
FIN,1870,45.66
FIN,1871,46.25
FIN,1872,44.07
FIN,1873,39.52
FIN,1874,39.1
FIN,1875,40.65
FIN,1876,41.81
FIN,1877,38.97
FIN,1878,39.17
FIN,1879,44.95
FIN,1880,39.67
FIN,1881,37.65
FIN,1882,40.46
FIN,1883,42.79
FIN,1884,42.87
FIN,1885,41.3
FIN,1886,40.92
FIN,1887,45.6
FIN,1888,45.16
FIN,1889,44.93
FIN,1890,44.61
FIN,1891,42.57
FIN,1892,39.73
FIN,1893,43.34
FIN,1894,45.22
FIN,1895,47.64
FIN,1896,46.56
FIN,1897,48.16
FIN,1898,48.07
FIN,1899,44.4
FIN,1900,41.8
FIN,1901,42.87
FIN,1902,46.23
FIN,1903,46.64
FIN,1904,47.21
FIN,1905,46.04
FIN,1906,47.07
FIN,1907,46.98
FIN,1908,46.15
FIN,1909,48.67
FIN,1910,48.53
FIN,1911,48.73
FIN,1912,49.13
FIN,1913,49.05
FIN,1914,49.73
FIN,1915,49.54
FIN,1916,48.03
FIN,1917,46.49
FIN,1918,32.71
FIN,1919,43.07
FIN,1920,47.55
FIN,1921,52.41
FIN,1922,51.92
FIN,1923,52.52
FIN,1924,50.22
FIN,1925,53.42
FIN,1926,53.83
FIN,1927,51.86
FIN,1928,53.71
FIN,1929,51.28
FIN,1930,54.47
FIN,1931,54.88
FIN,1932,55.79
FIN,1933,55.45
FIN,1934,56.04
FIN,1935,57.36
FIN,1936,56.16
FIN,1937,57.1
FIN,1938,57.2
FIN,1939,54.67
FIN,1940,46.65
FIN,1941,46.5
FIN,1942,53.9
FIN,1943,56.27
FIN,1944,48
FIN,1945,57.2
FIN,1946,60.28
FIN,1947,60.54
FIN,1948,62
FIN,1949,61.89
FIN,1950,64.25
FIN,1951,65.68
FIN,1952,66.56
FIN,1953,66.63
FIN,1954,67.59
FIN,1955,67.39
FIN,1956,68.01
FIN,1957,67.51
FIN,1958,68.65
FIN,1959,68.83
FIN,1960,69.03
FIN,1961,69.07
FIN,1962,68.78
FIN,1963,69.19
FIN,1964,69.4
FIN,1965,69.16
FIN,1966,69.68
FIN,1967,69.86
FIN,1968,69.82
FIN,1969,69.7
FIN,1970,70.4
FIN,1971,70.22
FIN,1972,70.91
FIN,1973,71.42
FIN,1974,71.34
FIN,1975,71.89
FIN,1976,72.04
FIN,1977,72.56
FIN,1978,73.13
FIN,1979,73.42
FIN,1980,73.71
FIN,1981,74.03
FIN,1982,74.6
FIN,1983,74.51
FIN,1984,74.82
FIN,1985,74.49
FIN,1986,74.86
FIN,1987,74.89
FIN,1988,74.85
FIN,1989,75.07
FIN,1990,75.1
FIN,1991,75.4
FIN,1992,75.7
FIN,1993,76
FIN,1994,76.4
FIN,1995,76.7
FIN,1996,76.8
FIN,1997,77.1
FIN,1998,77.3
FIN,1999,77.5
FIN,2000,77.8
FIN,2001,78.1
FIN,2002,78.3
FIN,2003,78.5
FIN,2004,78.8
FIN,2005,79
FIN,2006,79.2
FIN,2007,79.4
FIN,2008,79.6
FIN,2009,79.8
FIN,2010,80
FIN,2011,80.3
FIN,2012,80.5
FIN,2013,80.8
FIN,2014,80.9
FIN,2015,80.9
FIN,2016,80.9
FRA,1800,33.97
FRA,1801,36.37
FRA,1802,34.38
FRA,1803,30.64
FRA,1804,29.38
FRA,1805,34.88
FRA,1806,35
FRA,1807,34.2
FRA,1808,34.5
FRA,1809,35
FRA,1810,37.4
FRA,1811,36.1
FRA,1812,31.7
FRA,1813,31.2
FRA,1814,30.1
FRA,1815,36.5
FRA,1816,40.04
FRA,1817,39.18
FRA,1818,38.53
FRA,1819,37.25
FRA,1820,39.21
FRA,1821,39.83
FRA,1822,38.3
FRA,1823,39.97
FRA,1824,39.14
FRA,1825,38.53
FRA,1826,37.76
FRA,1827,39.35
FRA,1828,37.53
FRA,1829,39.36
FRA,1830,39.56
FRA,1831,39.65
FRA,1832,35.81
FRA,1833,38.83
FRA,1834,35.01
FRA,1835,39.48
FRA,1836,41.95
FRA,1837,39.38
FRA,1838,39.33
FRA,1839,40.91
FRA,1840,40.37
FRA,1841,40.68
FRA,1842,40.01
FRA,1843,40.75
FRA,1844,42.29
FRA,1845,43.58
FRA,1846,40.67
FRA,1847,40.41
FRA,1848,40.29
FRA,1849,35.91
FRA,1850,43.28
FRA,1851,41.77
FRA,1852,41.32
FRA,1853,42.52
FRA,1854,36.13
FRA,1855,37.54
FRA,1856,40.18
FRA,1857,39.59
FRA,1858,39.67
FRA,1859,35.26
FRA,1860,43.33
FRA,1861,40.45
FRA,1862,42.7
FRA,1863,41.73
FRA,1864,42.01
FRA,1865,40.16
FRA,1866,41.83
FRA,1867,42.33
FRA,1868,40.23
FRA,1869,41.14
FRA,1870,36.41
FRA,1871,29.59
FRA,1872,42.64
FRA,1873,41.75
FRA,1874,44.3
FRA,1875,43.17
FRA,1876,43.55
FRA,1877,44.33
FRA,1878,43.36
FRA,1879,43.99
FRA,1880,42.73
FRA,1881,43.55
FRA,1882,43.16
FRA,1883,43.28
FRA,1884,42.52
FRA,1885,43.97
FRA,1886,43.17
FRA,1887,43.75
FRA,1888,44.15
FRA,1889,45.56
FRA,1890,43.36
FRA,1891,44.11
FRA,1892,43.57
FRA,1893,43.6
FRA,1894,45.53
FRA,1895,45.2
FRA,1896,47.56
FRA,1897,47.93
FRA,1898,45.99
FRA,1899,45.23
FRA,1900,45.08
FRA,1901,47.01
FRA,1902,48.01
FRA,1903,48.43
FRA,1904,48.08
FRA,1905,48.36
FRA,1906,47.74
FRA,1907,48.28
FRA,1908,49.3
FRA,1909,50.01
FRA,1910,51.37
FRA,1911,48.17
FRA,1912,51.62
FRA,1913,51.35
FRA,1914,37.85
FRA,1915,35.63
FRA,1916,39.51
FRA,1917,42.6
FRA,1918,34.34
FRA,1919,47.52
FRA,1920,51.6
FRA,1921,52.69
FRA,1922,54.92
FRA,1923,54.65
FRA,1924,55.27
FRA,1925,54.39
FRA,1926,54.03
FRA,1927,55.8
FRA,1928,55.44
FRA,1929,54.27
FRA,1930,56.87
FRA,1931,56.93
FRA,1932,57.26
FRA,1933,57.7
FRA,1934,58.36
FRA,1935,58.32
FRA,1936,58.81
FRA,1937,59.17
FRA,1938,58.97
FRA,1939,59.62
FRA,1940,49.45
FRA,1941,57.67
FRA,1942,57.45
FRA,1943,53.34
FRA,1944,47.21
FRA,1945,54.98
FRA,1946,62.41
FRA,1947,64.01
FRA,1948,65.87
FRA,1949,64.96
FRA,1950,66.43
FRA,1951,66.17
FRA,1952,67.46
FRA,1953,67.4
FRA,1954,68.27
FRA,1955,68.54
FRA,1956,68.57
FRA,1957,69
FRA,1958,70.24
FRA,1959,70.27
FRA,1960,70.49
FRA,1961,71.07
FRA,1962,70.61
FRA,1963,70.46
FRA,1964,71.43
FRA,1965,71.26
FRA,1966,71.67
FRA,1967,71.67
FRA,1968,71.66
FRA,1969,71.4
FRA,1970,72.29
FRA,1971,72.27
FRA,1972,72.52
FRA,1973,72.69
FRA,1974,73.04
FRA,1975,73.13
FRA,1976,73.38
FRA,1977,73.99
FRA,1978,74.12
FRA,1979,74.43
FRA,1980,74.53
FRA,1981,74.69
FRA,1982,75.07
FRA,1983,75.06
FRA,1984,75.56
FRA,1985,75.67
FRA,1986,75.95
FRA,1987,76.55
FRA,1988,76.78
FRA,1989,76.91
FRA,1990,77.2
FRA,1991,77.3
FRA,1992,77.6
FRA,1993,77.7
FRA,1994,78
FRA,1995,78.2
FRA,1996,78.4
FRA,1997,78.7
FRA,1998,78.7
FRA,1999,78.8
FRA,2000,79.1
FRA,2001,79.2
FRA,2002,79.4
FRA,2003,79.6
FRA,2004,80.2
FRA,2005,80.4
FRA,2006,80.7
FRA,2007,81
FRA,2008,81.1
FRA,2009,81.2
FRA,2010,81.4
FRA,2011,81.6
FRA,2012,81.6
FRA,2013,81.7
FRA,2014,81.7
FRA,2015,81.8
FRA,2016,81.9
GUF,1800,30.5
GUF,1801,30.5
GUF,1802,30.5
GUF,1803,30.5
GUF,1804,30.5
GUF,1805,30.5
GUF,1806,30.5
GUF,1807,30.5
GUF,1808,30.5
GUF,1809,30.5
GUF,1810,30.5
GUF,1811,30.5
GUF,1812,30.5
GUF,1813,30.5
GUF,1814,30.5
GUF,1815,30.5
GUF,1816,30.5
GUF,1817,30.5
GUF,1818,30.5
GUF,1819,30.5
GUF,1820,30.5
GUF,1821,30.5
GUF,1822,30.5
GUF,1823,30.5
GUF,1824,30.5
GUF,1825,30.5
GUF,1826,30.5
GUF,1827,30.5
GUF,1828,30.5
GUF,1829,30.5
GUF,1830,30.5
GUF,1831,30.5
GUF,1832,30.5
GUF,1833,30.5
GUF,1834,30.5
GUF,1835,30.5
GUF,1836,30.5
GUF,1837,30.5
GUF,1838,30.5
GUF,1839,30.5
GUF,1840,30.5
GUF,1841,30.5
GUF,1842,30.5
GUF,1843,30.5
GUF,1844,30.5
GUF,1845,30.5
GUF,1846,30.5
GUF,1847,30.5
GUF,1848,30.5
GUF,1849,30.5
GUF,1850,30.5
GUF,1851,30.5
GUF,1852,30.5
GUF,1853,30.5
GUF,1854,30.5
GUF,1855,30.5
GUF,1856,30.5
GUF,1857,30.5
GUF,1858,30.5
GUF,1859,30.5
GUF,1860,30.5
GUF,1861,30.5
GUF,1862,30.5
GUF,1863,30.5
GUF,1864,30.5
GUF,1865,30.5
GUF,1866,30.5
GUF,1867,30.5
GUF,1868,30.5
GUF,1869,30.5
GUF,1870,30.5
GUF,1871,30.5
GUF,1872,30.5
GUF,1873,30.5
GUF,1874,30.5
GUF,1875,30.5
GUF,1876,30.5
GUF,1877,30.5
GUF,1878,30.5
GUF,1879,30.5
GUF,1880,30.5
GUF,1881,30.5
GUF,1882,30.5
GUF,1883,30.5
GUF,1884,30.5
GUF,1885,30.5
GUF,1886,30.5
GUF,1887,30.5
GUF,1888,30.5
GUF,1889,30.5
GUF,1890,30.5
GUF,1891,30.5
GUF,1892,30.5
GUF,1893,30.5
GUF,1894,30.5
GUF,1895,30.5
GUF,1896,30.5
GUF,1897,30.5
GUF,1898,30.5
GUF,1899,30.5
GUF,1900,30.5
GUF,1901,30.5
GUF,1902,30.5
GUF,1903,30.5
GUF,1904,30.5
GUF,1905,30.5
GUF,1906,30.5
GUF,1907,30.5
GUF,1908,30.5
GUF,1909,30.5
GUF,1910,30.5
GUF,1911,30.5
GUF,1912,30.5
GUF,1913,30.5
GUF,1914,30.5
GUF,1915,30.5
GUF,1916,30.5
GUF,1917,30.5
GUF,1918,26.96
GUF,1919,30.5
GUF,1920,30.5
GUF,1921,30.5
GUF,1922,30.5
GUF,1923,30.5
GUF,1924,30.5
GUF,1925,30.5
GUF,1926,31.37
GUF,1927,32.24
GUF,1928,33.11
GUF,1929,33.98
GUF,1930,34.85
GUF,1931,35.72
GUF,1932,36.59
GUF,1933,37.46
GUF,1934,38.33
GUF,1935,39.2
GUF,1936,40.07
GUF,1937,40.94
GUF,1938,41.81
GUF,1939,42.68
GUF,1940,43.55
GUF,1941,44.42
GUF,1942,45.29
GUF,1943,46.16
GUF,1944,47.03
GUF,1945,47.9
GUF,1946,48.77
GUF,1947,49.64
GUF,1948,50.51
GUF,1949,51.38
GUF,1950,52.25
GUF,1951,52.52
GUF,1952,53.05
GUF,1953,53.58
GUF,1954,54.12
GUF,1955,54.67
GUF,1956,55.22
GUF,1957,55.78
GUF,1958,56.37
GUF,1959,57
GUF,1960,57.68
GUF,1961,58.44
GUF,1962,59.28
GUF,1963,60.19
GUF,1964,61.14
GUF,1965,62.1
GUF,1966,63
GUF,1967,63.8
GUF,1968,64.46
GUF,1969,64.97
GUF,1970,65.34
GUF,1971,65.57
GUF,1972,65.71
GUF,1973,65.81
GUF,1974,65.91
GUF,1975,66.04
GUF,1976,66.24
GUF,1977,66.51
GUF,1978,66.87
GUF,1979,67.3
GUF,1980,67.79
GUF,1981,68.31
GUF,1982,68.83
GUF,1983,69.33
GUF,1984,69.79
GUF,1985,70.2
GUF,1986,70.57
GUF,1987,70.92
GUF,1988,71.27
GUF,1989,71.6
GUF,1990,71.94
GUF,1991,72.27
GUF,1992,72.61
GUF,1993,72.93
GUF,1994,73.25
GUF,1995,73.56
GUF,1996,73.84
GUF,1997,74.1
GUF,1998,74.34
GUF,1999,74.55
GUF,2000,74.75
GUF,2001,74.92
GUF,2002,75.07
GUF,2003,75.21
GUF,2004,75.35
GUF,2005,75.5
GUF,2006,75.65
GUF,2007,75.82
GUF,2008,76.01
GUF,2009,76.21
GUF,2010,76.43
GUF,2011,76.65
GUF,2012,76.89
GUF,2013,77.12
GUF,2014,77.35
GUF,2015,77.58
GUF,2016,77.81
PYF,1800,25.6
PYF,1801,25.6
PYF,1802,25.6
PYF,1803,25.6
PYF,1804,25.6
PYF,1805,25.6
PYF,1806,25.6
PYF,1807,25.6
PYF,1808,25.6
PYF,1809,25.6
PYF,1810,25.6
PYF,1811,25.6
PYF,1812,25.6
PYF,1813,25.6
PYF,1814,25.6
PYF,1815,25.6
PYF,1816,25.6
PYF,1817,25.6
PYF,1818,25.6
PYF,1819,25.6
PYF,1820,25.6
PYF,1821,25.6
PYF,1822,25.6
PYF,1823,25.6
PYF,1824,25.6
PYF,1825,25.6
PYF,1826,25.6
PYF,1827,25.6
PYF,1828,25.6
PYF,1829,25.6
PYF,1830,25.6
PYF,1831,25.6
PYF,1832,25.6
PYF,1833,25.6
PYF,1834,25.6
PYF,1835,25.6
PYF,1836,25.6
PYF,1837,25.6
PYF,1838,25.6
PYF,1839,25.6
PYF,1840,25.6
PYF,1841,20
PYF,1842,25.6
PYF,1843,25.6
PYF,1844,25.6
PYF,1845,25.6
PYF,1846,25.6
PYF,1847,25.6
PYF,1848,25.6
PYF,1849,25.6
PYF,1850,25.6
PYF,1851,25.6
PYF,1852,25.6
PYF,1853,25.6
PYF,1854,6
PYF,1855,25.6
PYF,1856,25.6
PYF,1857,25.6
PYF,1858,25.6
PYF,1859,25.6
PYF,1860,25.6
PYF,1861,25.6
PYF,1862,25.6
PYF,1863,25.6
PYF,1864,25.6
PYF,1865,25.6
PYF,1866,25.6
PYF,1867,25.6
PYF,1868,25.6
PYF,1869,25.6
PYF,1870,25.6
PYF,1871,25.6
PYF,1872,25.6
PYF,1873,25.6
PYF,1874,25.6
PYF,1875,25.6
PYF,1876,25.6
PYF,1877,25.6
PYF,1878,25.6
PYF,1879,25.6
PYF,1880,25.6
PYF,1881,25.6
PYF,1882,25.6
PYF,1883,25.6
PYF,1884,25.6
PYF,1885,25.6
PYF,1886,25.6
PYF,1887,25.6
PYF,1888,25.6
PYF,1889,25.6
PYF,1890,25.6
PYF,1891,25.6
PYF,1892,25.6
PYF,1893,25.6
PYF,1894,25.6
PYF,1895,25.6
PYF,1896,25.6
PYF,1897,25.6
PYF,1898,25.6
PYF,1899,25.6
PYF,1900,25.6
PYF,1901,25.6
PYF,1902,25.6
PYF,1903,25.6
PYF,1904,25.6
PYF,1905,25.6
PYF,1906,25.6
PYF,1907,25.6
PYF,1908,25.6
PYF,1909,25.6
PYF,1910,25.6
PYF,1911,25.6
PYF,1912,25.6
PYF,1913,25.6
PYF,1914,25.6
PYF,1915,25.6
PYF,1916,25.6
PYF,1917,25.6
PYF,1918,1
PYF,1919,25.6
PYF,1920,25.6
PYF,1921,25.6
PYF,1922,25.6
PYF,1923,25.6
PYF,1924,25.6
PYF,1925,25.6
PYF,1926,26.4
PYF,1927,27.2
PYF,1928,28
PYF,1929,28.8
PYF,1930,29.6
PYF,1931,30.4
PYF,1932,31.2
PYF,1933,32
PYF,1934,32.8
PYF,1935,33.6
PYF,1936,34.4
PYF,1937,35.2
PYF,1938,36
PYF,1939,36.8
PYF,1940,37.6
PYF,1941,38.4
PYF,1942,39.2
PYF,1943,40
PYF,1944,40.8
PYF,1945,41.6
PYF,1946,42.4
PYF,1947,43.2
PYF,1948,44
PYF,1949,44.8
PYF,1950,45.6
PYF,1951,46.52
PYF,1952,48.28
PYF,1953,49.86
PYF,1954,51.27
PYF,1955,52.5
PYF,1956,53.55
PYF,1957,54.44
PYF,1958,55.18
PYF,1959,55.78
PYF,1960,56.28
PYF,1961,56.71
PYF,1962,57.09
PYF,1963,57.47
PYF,1964,57.85
PYF,1965,58.24
PYF,1966,58.65
PYF,1967,59.06
PYF,1968,59.45
PYF,1969,59.83
PYF,1970,60.18
PYF,1971,60.52
PYF,1972,60.84
PYF,1973,61.15
PYF,1974,61.47
PYF,1975,61.82
PYF,1976,62.23
PYF,1977,62.72
PYF,1978,63.28
PYF,1979,63.9
PYF,1980,64.56
PYF,1981,65.22
PYF,1982,65.84
PYF,1983,66.39
PYF,1984,66.87
PYF,1985,67.27
PYF,1986,67.59
PYF,1987,67.88
PYF,1988,68.15
PYF,1989,68.42
PYF,1990,68.7
PYF,1991,69.01
PYF,1992,69.33
PYF,1993,69.68
PYF,1994,70.05
PYF,1995,70.43
PYF,1996,70.82
PYF,1997,71.21
PYF,1998,71.59
PYF,1999,71.96
PYF,2000,72.31
PYF,2001,72.67
PYF,2002,73.03
PYF,2003,73.4
PYF,2004,73.77
PYF,2005,74.13
PYF,2006,74.48
PYF,2007,74.81
PYF,2008,75.11
PYF,2009,75.38
PYF,2010,75.62
PYF,2011,75.84
PYF,2012,76.05
PYF,2013,76.26
PYF,2014,76.47
PYF,2015,76.69
PYF,2016,76.91
GAB,1800,30.6
GAB,1801,30.6
GAB,1802,30.6
GAB,1803,30.6
GAB,1804,30.6
GAB,1805,30.6
GAB,1806,30.6
GAB,1807,30.6
GAB,1808,30.6
GAB,1809,30.6
GAB,1810,30.6
GAB,1811,30.6
GAB,1812,30.6
GAB,1813,30.6
GAB,1814,30.6
GAB,1815,30.6
GAB,1816,30.6
GAB,1817,30.6
GAB,1818,30.6
GAB,1819,30.6
GAB,1820,30.6
GAB,1821,30.6
GAB,1822,30.6
GAB,1823,30.6
GAB,1824,30.6
GAB,1825,30.6
GAB,1826,30.6
GAB,1827,30.6
GAB,1828,30.6
GAB,1829,30.6
GAB,1830,30.6
GAB,1831,30.6
GAB,1832,30.6
GAB,1833,30.6
GAB,1834,30.6
GAB,1835,30.6
GAB,1836,30.6
GAB,1837,30.6
GAB,1838,30.6
GAB,1839,30.6
GAB,1840,30.6
GAB,1841,30.6
GAB,1842,30.6
GAB,1843,30.6
GAB,1844,30.6
GAB,1845,30.6
GAB,1846,30.6
GAB,1847,30.6
GAB,1848,30.6
GAB,1849,30.6
GAB,1850,30.6
GAB,1851,30.6
GAB,1852,30.6
GAB,1853,30.6
GAB,1854,30.6
GAB,1855,30.6
GAB,1856,30.6
GAB,1857,30.6
GAB,1858,30.6
GAB,1859,30.6
GAB,1860,30.6
GAB,1861,30.6
GAB,1862,30.6
GAB,1863,30.6
GAB,1864,30.6
GAB,1865,30.6
GAB,1866,30.6
GAB,1867,30.6
GAB,1868,30.6
GAB,1869,30.6
GAB,1870,30.6
GAB,1871,30.6
GAB,1872,30.6
GAB,1873,30.6
GAB,1874,30.6
GAB,1875,30.6
GAB,1876,30.6
GAB,1877,30.6
GAB,1878,30.6
GAB,1879,30.6
GAB,1880,30.6
GAB,1881,30.6
GAB,1882,30.6
GAB,1883,30.6
GAB,1884,30.6
GAB,1885,30.6
GAB,1886,30.6
GAB,1887,30.6
GAB,1888,30.6
GAB,1889,30.6
GAB,1890,30.6
GAB,1891,30.6
GAB,1892,30.6
GAB,1893,30.6
GAB,1894,30.6
GAB,1895,30.6
GAB,1896,30.6
GAB,1897,30.6
GAB,1898,30.6
GAB,1899,30.6
GAB,1900,30.6
GAB,1901,30.6
GAB,1902,30.6
GAB,1903,30.6
GAB,1904,30.6
GAB,1905,30.6
GAB,1906,30.6
GAB,1907,30.6
GAB,1908,30.6
GAB,1909,30.6
GAB,1910,30.6
GAB,1911,30.6
GAB,1912,30.6
GAB,1913,30.6
GAB,1914,30.6
GAB,1915,30.6
GAB,1916,30.6
GAB,1917,30.6
GAB,1918,11.83
GAB,1919,30.6
GAB,1920,30.6
GAB,1921,30.6
GAB,1922,30.6
GAB,1923,30.6
GAB,1924,30.6
GAB,1925,30.6
GAB,1926,30.6
GAB,1927,30.6
GAB,1928,30.6
GAB,1929,30.6
GAB,1930,30.6
GAB,1931,30.6
GAB,1932,30.6
GAB,1933,30.6
GAB,1934,30.6
GAB,1935,30.6
GAB,1936,30.6
GAB,1937,30.6
GAB,1938,30.6
GAB,1939,30.6
GAB,1940,30.6
GAB,1941,30.56
GAB,1942,30.53
GAB,1943,30.49
GAB,1944,30.45
GAB,1945,30.41
GAB,1946,31.45
GAB,1947,32.49
GAB,1948,33.52
GAB,1949,34.56
GAB,1950,35.59
GAB,1951,35.84
GAB,1952,36.34
GAB,1953,36.8
GAB,1954,37.19
GAB,1955,37.54
GAB,1956,37.83
GAB,1957,38.1
GAB,1958,38.33
GAB,1959,38.56
GAB,1960,38.83
GAB,1961,39.15
GAB,1962,39.56
GAB,1963,40.07
GAB,1964,40.7
GAB,1965,41.42
GAB,1966,42.21
GAB,1967,43.06
GAB,1968,43.9
GAB,1969,44.74
GAB,1970,45.55
GAB,1971,46.35
GAB,1972,47.13
GAB,1973,47.9
GAB,1974,48.68
GAB,1975,49.45
GAB,1976,50.23
GAB,1977,51.01
GAB,1978,51.81
GAB,1979,52.61
GAB,1980,53.42
GAB,1981,54.24
GAB,1982,55.07
GAB,1983,55.88
GAB,1984,56.66
GAB,1985,57.4
GAB,1986,58.04
GAB,1987,58.58
GAB,1988,59
GAB,1989,59.32
GAB,1990,59.5
GAB,1991,59.8
GAB,1992,60.2
GAB,1993,60.1
GAB,1994,59.9
GAB,1995,59.8
GAB,1996,59.6
GAB,1997,59.9
GAB,1998,60
GAB,1999,59.7
GAB,2000,59.3
GAB,2001,59
GAB,2002,59.4
GAB,2003,59.4
GAB,2004,59.4
GAB,2005,60.1
GAB,2006,60.9
GAB,2007,61.6
GAB,2008,61.7
GAB,2009,62.1
GAB,2010,63
GAB,2011,63.3
GAB,2012,63.9
GAB,2013,64.4
GAB,2014,65
GAB,2015,65.9
GAB,2016,66.81
GMB,1800,28.8
GMB,1801,28.8
GMB,1802,28.8
GMB,1803,28.8
GMB,1804,28.8
GMB,1805,28.8
GMB,1806,28.8
GMB,1807,28.8
GMB,1808,28.8
GMB,1809,28.8
GMB,1810,28.8
GMB,1811,28.8
GMB,1812,28.8
GMB,1813,28.8
GMB,1814,28.8
GMB,1815,28.8
GMB,1816,28.8
GMB,1817,28.8
GMB,1818,28.8
GMB,1819,28.8
GMB,1820,28.8
GMB,1821,28.8
GMB,1822,28.8
GMB,1823,28.8
GMB,1824,28.8
GMB,1825,28.8
GMB,1826,28.8
GMB,1827,28.8
GMB,1828,28.8
GMB,1829,28.8
GMB,1830,28.8
GMB,1831,28.8
GMB,1832,28.8
GMB,1833,28.8
GMB,1834,28.8
GMB,1835,28.8
GMB,1836,28.8
GMB,1837,28.8
GMB,1838,28.8
GMB,1839,28.8
GMB,1840,28.8
GMB,1841,28.8
GMB,1842,28.8
GMB,1843,28.8
GMB,1844,28.8
GMB,1845,28.8
GMB,1846,28.8
GMB,1847,28.8
GMB,1848,28.8
GMB,1849,28.8
GMB,1850,28.8
GMB,1851,28.8
GMB,1852,28.8
GMB,1853,28.8
GMB,1854,28.8
GMB,1855,28.8
GMB,1856,28.8
GMB,1857,28.8
GMB,1858,28.8
GMB,1859,28.8
GMB,1860,28.8
GMB,1861,28.8
GMB,1862,28.8
GMB,1863,28.8
GMB,1864,28.8
GMB,1865,28.8
GMB,1866,28.8
GMB,1867,28.8
GMB,1868,28.8
GMB,1869,28.8
GMB,1870,28.8
GMB,1871,28.8
GMB,1872,28.8
GMB,1873,28.8
GMB,1874,28.8
GMB,1875,28.8
GMB,1876,28.8
GMB,1877,28.8
GMB,1878,28.8
GMB,1879,28.8
GMB,1880,28.8
GMB,1881,28.8
GMB,1882,28.8
GMB,1883,28.8
GMB,1884,28.8
GMB,1885,28.8
GMB,1886,28.8
GMB,1887,28.8
GMB,1888,28.8
GMB,1889,28.8
GMB,1890,28.8
GMB,1891,28.8
GMB,1892,28.8
GMB,1893,28.8
GMB,1894,28.8
GMB,1895,28.8
GMB,1896,28.8
GMB,1897,28.8
GMB,1898,28.8
GMB,1899,28.8
GMB,1900,28.8
GMB,1901,28.8
GMB,1902,28.8
GMB,1903,28.8
GMB,1904,28.8
GMB,1905,28.8
GMB,1906,28.8
GMB,1907,28.8
GMB,1908,28.8
GMB,1909,28.8
GMB,1910,28.8
GMB,1911,28.8
GMB,1912,28.8
GMB,1913,28.8
GMB,1914,28.8
GMB,1915,28.8
GMB,1916,28.8
GMB,1917,28.8
GMB,1918,11.42
GMB,1919,28.8
GMB,1920,28.8
GMB,1921,28.8
GMB,1922,28.8
GMB,1923,28.8
GMB,1924,28.8
GMB,1925,28.8
GMB,1926,28.8
GMB,1927,28.8
GMB,1928,28.8
GMB,1929,28.8
GMB,1930,28.8
GMB,1931,28.8
GMB,1932,28.8
GMB,1933,28.8
GMB,1934,28.8
GMB,1935,28.8
GMB,1936,28.8
GMB,1937,28.8
GMB,1938,28.8
GMB,1939,28.8
GMB,1940,28.8
GMB,1941,28.98
GMB,1942,29.17
GMB,1943,29.35
GMB,1944,29.53
GMB,1945,29.72
GMB,1946,30.08
GMB,1947,30.44
GMB,1948,30.79
GMB,1949,31.16
GMB,1950,31.52
GMB,1951,31.85
GMB,1952,32.33
GMB,1953,32.78
GMB,1954,33.22
GMB,1955,33.65
GMB,1956,34.06
GMB,1957,34.46
GMB,1958,34.86
GMB,1959,35.27
GMB,1960,35.7
GMB,1961,36.16
GMB,1962,36.68
GMB,1963,37.26
GMB,1964,37.91
GMB,1965,38.66
GMB,1966,39.47
GMB,1967,40.36
GMB,1968,41.3
GMB,1969,42.3
GMB,1970,43.31
GMB,1971,44.36
GMB,1972,45.42
GMB,1973,46.47
GMB,1974,47.51
GMB,1975,48.56
GMB,1976,49.58
GMB,1977,50.6
GMB,1978,51.61
GMB,1979,52.62
GMB,1980,53.61
GMB,1981,54.59
GMB,1982,55.55
GMB,1983,56.48
GMB,1984,57.37
GMB,1985,58.21
GMB,1986,58.97
GMB,1987,59.65
GMB,1988,60.26
GMB,1989,60.81
GMB,1990,61.3
GMB,1991,61.5
GMB,1992,61.5
GMB,1993,62
GMB,1994,62.3
GMB,1995,62.6
GMB,1996,62.8
GMB,1997,63.1
GMB,1998,63.4
GMB,1999,63.4
GMB,2000,63.6
GMB,2001,63.9
GMB,2002,63.8
GMB,2003,64.4
GMB,2004,64.7
GMB,2005,64.9
GMB,2006,65.2
GMB,2007,65.3
GMB,2008,65.7
GMB,2009,66
GMB,2010,66.5
GMB,2011,67.1
GMB,2012,67.5
GMB,2013,67.8
GMB,2014,68
GMB,2015,68.1
GMB,2016,68.2
GEO,1800,31.87
GEO,1801,31.87
GEO,1802,31.87
GEO,1803,31.87
GEO,1804,31.87
GEO,1805,31.87
GEO,1806,31.87
GEO,1807,31.87
GEO,1808,31.87
GEO,1809,31.87
GEO,1810,31.87
GEO,1811,31.87
GEO,1812,31.87
GEO,1813,31.87
GEO,1814,31.87
GEO,1815,31.87
GEO,1816,31.87
GEO,1817,31.87
GEO,1818,31.87
GEO,1819,31.87
GEO,1820,31.87
GEO,1821,31.87
GEO,1822,31.87
GEO,1823,31.87
GEO,1824,31.87
GEO,1825,31.87
GEO,1826,31.87
GEO,1827,31.87
GEO,1828,31.87
GEO,1829,31.87
GEO,1830,31.87
GEO,1831,31.87
GEO,1832,31.87
GEO,1833,31.87
GEO,1834,31.87
GEO,1835,31.87
GEO,1836,31.87
GEO,1837,31.87
GEO,1838,31.87
GEO,1839,31.87
GEO,1840,31.87
GEO,1841,31.87
GEO,1842,31.87
GEO,1843,31.87
GEO,1844,31.87
GEO,1845,31.87
GEO,1846,31.87
GEO,1847,31.87
GEO,1848,31.87
GEO,1849,31.87
GEO,1850,31.87
GEO,1851,31.87
GEO,1852,31.87
GEO,1853,31.87
GEO,1854,31.87
GEO,1855,31.87
GEO,1856,31.87
GEO,1857,31.87
GEO,1858,31.87
GEO,1859,31.87
GEO,1860,31.87
GEO,1861,31.87
GEO,1862,31.87
GEO,1863,31.87
GEO,1864,31.35
GEO,1865,30.82
GEO,1866,30.3
GEO,1867,29.78
GEO,1868,29.25
GEO,1869,29.3
GEO,1870,29.34
GEO,1871,29.38
GEO,1872,29.43
GEO,1873,29.47
GEO,1874,29.67
GEO,1875,29.87
GEO,1876,30.07
GEO,1877,30.27
GEO,1878,30.47
GEO,1879,30.67
GEO,1880,30.87
GEO,1881,31.07
GEO,1882,31.27
GEO,1883,31.47
GEO,1884,31.67
GEO,1885,31.87
GEO,1886,32.07
GEO,1887,32.27
GEO,1888,32.47
GEO,1889,32.67
GEO,1890,32.87
GEO,1891,33.07
GEO,1892,33.27
GEO,1893,33.47
GEO,1894,33.67
GEO,1895,33.87
GEO,1896,34.07
GEO,1897,34.27
GEO,1898,34.1
GEO,1899,33.94
GEO,1900,33.77
GEO,1901,34.02
GEO,1902,34.27
GEO,1903,34.52
GEO,1904,34.77
GEO,1905,35.02
GEO,1906,35.27
GEO,1907,35.52
GEO,1908,35.77
GEO,1909,36.02
GEO,1910,36.27
GEO,1911,39.23
GEO,1912,39.65
GEO,1913,37.48
GEO,1914,37.07
GEO,1915,36.67
GEO,1916,36.67
GEO,1917,33.67
GEO,1918,25
GEO,1919,35
GEO,1920,37
GEO,1921,33
GEO,1922,35.5
GEO,1923,36
GEO,1924,35
GEO,1925,39.34
GEO,1926,42.54
GEO,1927,41.88
GEO,1928,43.38
GEO,1929,42.14
GEO,1930,41.46
GEO,1931,40.5
GEO,1932,38
GEO,1933,24
GEO,1934,43.82
GEO,1935,45.38
GEO,1936,47.05
GEO,1937,46.06
GEO,1938,47.74
GEO,1939,50.14
GEO,1940,47.67
GEO,1941,33.29
GEO,1942,29.79
GEO,1943,27.78
GEO,1944,34.97
GEO,1945,44.96
GEO,1946,54.63
GEO,1947,46.62
GEO,1948,54.68
GEO,1949,57.47
GEO,1950,59.77
GEO,1951,59.96
GEO,1952,60.36
GEO,1953,60.75
GEO,1954,61.15
GEO,1955,61.54
GEO,1956,61.93
GEO,1957,62.32
GEO,1958,62.72
GEO,1959,63.11
GEO,1960,63.5
GEO,1961,63.9
GEO,1962,64.31
GEO,1963,64.71
GEO,1964,65.11
GEO,1965,65.52
GEO,1966,65.9
GEO,1967,66.26
GEO,1968,66.6
GEO,1969,66.93
GEO,1970,67.24
GEO,1971,67.54
GEO,1972,67.85
GEO,1973,68.17
GEO,1974,68.47
GEO,1975,68.76
GEO,1976,69
GEO,1977,69.19
GEO,1978,69.31
GEO,1979,69.37
GEO,1980,69.4
GEO,1981,69.42
GEO,1982,69.46
GEO,1983,69.52
GEO,1984,69.62
GEO,1985,69.75
GEO,1986,69.86
GEO,1987,69.94
GEO,1988,69.96
GEO,1989,69.95
GEO,1990,69.9
GEO,1991,69.9
GEO,1992,69.4
GEO,1993,69.2
GEO,1994,70.2
GEO,1995,70.7
GEO,1996,71.2
GEO,1997,71.3
GEO,1998,71.4
GEO,1999,71.4
GEO,2000,71.4
GEO,2001,71.7
GEO,2002,71.6
GEO,2003,71.7
GEO,2004,71.5
GEO,2005,71.8
GEO,2006,71.9
GEO,2007,72.1
GEO,2008,71.8
GEO,2009,72.1
GEO,2010,72.2
GEO,2011,72.2
GEO,2012,72.4
GEO,2013,72.5
GEO,2014,72.6
GEO,2015,72.9
GEO,2016,73.2
DEU,1800,38.37
DEU,1801,38.37
DEU,1802,38.37
DEU,1803,38.37
DEU,1804,38.37
DEU,1805,38.37
DEU,1806,38.37
DEU,1807,38.37
DEU,1808,38.37
DEU,1809,38.37
DEU,1810,38.37
DEU,1811,38.37
DEU,1812,38.37
DEU,1813,38.37
DEU,1814,38.37
DEU,1815,38.37
DEU,1816,38.37
DEU,1817,38.37
DEU,1818,38.37
DEU,1819,38.37
DEU,1820,38.37
DEU,1821,38.37
DEU,1822,38.37
DEU,1823,38.37
DEU,1824,38.37
DEU,1825,38.37
DEU,1826,38.37
DEU,1827,38.37
DEU,1828,38.37
DEU,1829,38.37
DEU,1830,38.37
DEU,1831,38.37
DEU,1832,38.37
DEU,1833,38.37
DEU,1834,38.37
DEU,1835,38.37
DEU,1836,38.37
DEU,1837,38.37
DEU,1838,38.37
DEU,1839,38.37
DEU,1840,38.37
DEU,1841,38.37
DEU,1842,38.37
DEU,1843,38.37
DEU,1844,38.37
DEU,1845,38.37
DEU,1846,38.37
DEU,1847,38.37
DEU,1848,38.37
DEU,1849,38.37
DEU,1850,38.37
DEU,1851,38.37
DEU,1852,38.37
DEU,1853,38.37
DEU,1854,38.37
DEU,1855,38.37
DEU,1856,38.37
DEU,1857,38.37
DEU,1858,38.37
DEU,1859,38.37
DEU,1860,38.37
DEU,1861,38.37
DEU,1862,38.37
DEU,1863,38.37
DEU,1864,38.37
DEU,1865,38.37
DEU,1866,38.37
DEU,1867,38.37
DEU,1868,38.37
DEU,1869,38.37
DEU,1870,38.37
DEU,1871,38.37
DEU,1872,38.37
DEU,1873,38.37
DEU,1874,38.37
DEU,1875,38.37
DEU,1876,38.48
DEU,1877,38.58
DEU,1878,38.69
DEU,1879,38.8
DEU,1880,38.91
DEU,1881,39.01
DEU,1882,39.12
DEU,1883,39.23
DEU,1884,39.33
DEU,1885,39.44
DEU,1886,39.73
DEU,1887,40.03
DEU,1888,40.32
DEU,1889,40.62
DEU,1890,40.91
DEU,1891,41.2
DEU,1892,41.5
DEU,1893,41.79
DEU,1894,42.09
DEU,1895,42.38
DEU,1896,42.69
DEU,1897,42.99
DEU,1898,43.3
DEU,1899,43.61
DEU,1900,43.92
DEU,1901,44.22
DEU,1902,44.53
DEU,1903,44.84
DEU,1904,45.14
DEU,1905,45.45
DEU,1906,46.04
DEU,1907,46.63
DEU,1908,47.23
DEU,1909,47.82
DEU,1910,48.41
DEU,1911,49
DEU,1912,49.59
DEU,1913,50.18
DEU,1914,46.18
DEU,1915,40.53
DEU,1916,38.99
DEU,1917,40.08
DEU,1918,32.94
DEU,1919,48.32
DEU,1920,53.5
DEU,1921,55.01
DEU,1922,55.62
DEU,1923,56.22
DEU,1924,56.82
DEU,1925,57.42
DEU,1926,57.83
DEU,1927,58.24
DEU,1928,58.64
DEU,1929,59.05
DEU,1930,59.46
DEU,1931,59.87
DEU,1932,60.28
DEU,1933,60.68
DEU,1934,61.09
DEU,1935,61.5
DEU,1936,61.79
DEU,1937,62.07
DEU,1938,62.36
DEU,1939,61
DEU,1940,60.66
DEU,1941,59
DEU,1942,55
DEU,1943,49.7
DEU,1944,37
DEU,1945,29
DEU,1946,60.51
DEU,1947,62.11
DEU,1948,63.71
DEU,1949,65.32
DEU,1950,66.91
DEU,1951,67.08
DEU,1952,67.4
DEU,1953,67.7
DEU,1954,68
DEU,1955,68.28
DEU,1956,68.57
DEU,1957,68.49
DEU,1958,69.23
DEU,1959,69.34
DEU,1960,69.26
DEU,1961,69.85
DEU,1962,70.01
DEU,1963,70.1
DEU,1964,70.66
DEU,1965,70.65
DEU,1966,70.77
DEU,1967,70.99
DEU,1968,70.64
DEU,1969,70.48
DEU,1970,70.72
DEU,1971,70.94
DEU,1972,71.16
DEU,1973,71.41
DEU,1974,71.71
DEU,1975,71.56
DEU,1976,72.02
DEU,1977,72.63
DEU,1978,72.6
DEU,1979,72.96
DEU,1980,73.14
DEU,1981,73.37
DEU,1982,73.69
DEU,1983,73.97
DEU,1984,74.44
DEU,1985,74.55
DEU,1986,74.75
DEU,1987,75.15
DEU,1988,75.33
DEU,1989,75.51
DEU,1990,75.4
DEU,1991,75.6
DEU,1992,76
DEU,1993,76.1
DEU,1994,76.4
DEU,1995,76.6
DEU,1996,76.9
DEU,1997,77.3
DEU,1998,77.6
DEU,1999,77.8
DEU,2000,78.1
DEU,2001,78.4
DEU,2002,78.6
DEU,2003,78.8
DEU,2004,79.2
DEU,2005,79.4
DEU,2006,79.7
DEU,2007,79.9
DEU,2008,80
DEU,2009,80.1
DEU,2010,80.3
DEU,2011,80.5
DEU,2012,80.6
DEU,2013,80.7
DEU,2014,80.7
DEU,2015,80.8
DEU,2016,80.9
GHA,1800,28
GHA,1801,28
GHA,1802,28
GHA,1803,28
GHA,1804,28
GHA,1805,28
GHA,1806,28
GHA,1807,28
GHA,1808,28
GHA,1809,28
GHA,1810,28
GHA,1811,28
GHA,1812,28
GHA,1813,28
GHA,1814,28
GHA,1815,28
GHA,1816,28
GHA,1817,28
GHA,1818,28
GHA,1819,28
GHA,1820,28
GHA,1821,28
GHA,1822,28
GHA,1823,28
GHA,1824,28
GHA,1825,28
GHA,1826,28
GHA,1827,28
GHA,1828,28
GHA,1829,28
GHA,1830,28
GHA,1831,28
GHA,1832,28
GHA,1833,28
GHA,1834,28
GHA,1835,28
GHA,1836,28
GHA,1837,28
GHA,1838,28
GHA,1839,28
GHA,1840,28
GHA,1841,28
GHA,1842,28
GHA,1843,28
GHA,1844,28
GHA,1845,28
GHA,1846,28
GHA,1847,28
GHA,1848,28
GHA,1849,28
GHA,1850,28
GHA,1851,28
GHA,1852,28
GHA,1853,28
GHA,1854,28
GHA,1855,28
GHA,1856,28
GHA,1857,28
GHA,1858,28
GHA,1859,28
GHA,1860,28
GHA,1861,28
GHA,1862,28
GHA,1863,28
GHA,1864,28
GHA,1865,28
GHA,1866,28
GHA,1867,28
GHA,1868,28
GHA,1869,28
GHA,1870,28
GHA,1871,28
GHA,1872,28
GHA,1873,28
GHA,1874,28
GHA,1875,28
GHA,1876,28
GHA,1877,28
GHA,1878,28
GHA,1879,28
GHA,1880,28
GHA,1881,28
GHA,1882,28
GHA,1883,28
GHA,1884,28
GHA,1885,28
GHA,1886,28
GHA,1887,28
GHA,1888,28
GHA,1889,28
GHA,1890,28
GHA,1891,28
GHA,1892,28
GHA,1893,28
GHA,1894,28
GHA,1895,28
GHA,1896,28
GHA,1897,28
GHA,1898,28
GHA,1899,28
GHA,1900,28
GHA,1901,28
GHA,1902,28
GHA,1903,28
GHA,1904,28
GHA,1905,28
GHA,1906,28
GHA,1907,28
GHA,1908,28
GHA,1909,28
GHA,1910,28
GHA,1911,28
GHA,1912,28
GHA,1913,28
GHA,1914,28
GHA,1915,28
GHA,1916,28
GHA,1917,28
GHA,1918,9.44
GHA,1919,28
GHA,1920,28
GHA,1921,28
GHA,1922,28
GHA,1923,28
GHA,1924,28
GHA,1925,28
GHA,1926,28.52
GHA,1927,29.05
GHA,1928,29.57
GHA,1929,30.1
GHA,1930,30.62
GHA,1931,31.15
GHA,1932,31.67
GHA,1933,32.2
GHA,1934,32.72
GHA,1935,33.25
GHA,1936,33.77
GHA,1937,34.3
GHA,1938,34.82
GHA,1939,35.35
GHA,1940,35.87
GHA,1941,36.42
GHA,1942,36.97
GHA,1943,37.52
GHA,1944,38.07
GHA,1945,38.62
GHA,1946,39.17
GHA,1947,39.72
GHA,1948,40.27
GHA,1949,40.82
GHA,1950,41.37
GHA,1951,41.66
GHA,1952,42.22
GHA,1953,42.76
GHA,1954,43.3
GHA,1955,43.83
GHA,1956,44.36
GHA,1957,44.87
GHA,1958,45.37
GHA,1959,45.86
GHA,1960,46.34
GHA,1961,46.8
GHA,1962,47.25
GHA,1963,47.66
GHA,1964,48.07
GHA,1965,48.44
GHA,1966,48.8
GHA,1967,49.14
GHA,1968,49.46
GHA,1969,49.78
GHA,1970,50.08
GHA,1971,50.39
GHA,1972,50.7
GHA,1973,51.02
GHA,1974,51.35
GHA,1975,51.68
GHA,1976,52
GHA,1977,52.33
GHA,1978,52.63
GHA,1979,52.95
GHA,1980,53.26
GHA,1981,53.6
GHA,1982,53.95
GHA,1983,54.34
GHA,1984,54.76
GHA,1985,55.23
GHA,1986,55.75
GHA,1987,56.31
GHA,1988,56.89
GHA,1989,57.47
GHA,1990,58
GHA,1991,58.4
GHA,1992,58.7
GHA,1993,59.5
GHA,1994,59.6
GHA,1995,60
GHA,1996,60.1
GHA,1997,59.8
GHA,1998,60.1
GHA,1999,60.1
GHA,2000,60
GHA,2001,59.9
GHA,2002,60
GHA,2003,60.2
GHA,2004,60.5
GHA,2005,60.8
GHA,2006,61.2
GHA,2007,61.6
GHA,2008,62
GHA,2009,62.4
GHA,2010,62.9
GHA,2011,63.5
GHA,2012,64.1
GHA,2013,64.5
GHA,2014,64.8
GHA,2015,65.3
GHA,2016,65.8
GRC,1800,36.6
GRC,1801,36.6
GRC,1802,36.6
GRC,1803,36.6
GRC,1804,36.6
GRC,1805,36.6
GRC,1806,36.6
GRC,1807,36.6
GRC,1808,36.6
GRC,1809,36.6
GRC,1810,36.6
GRC,1811,36.6
GRC,1812,36.6
GRC,1813,36.6
GRC,1814,36.6
GRC,1815,36.6
GRC,1816,36.6
GRC,1817,36.6
GRC,1818,36.6
GRC,1819,36.6
GRC,1820,36.6
GRC,1821,36.6
GRC,1822,36.6
GRC,1823,36.6
GRC,1824,36.6
GRC,1825,36.6
GRC,1826,36.6
GRC,1827,36.6
GRC,1828,36.6
GRC,1829,36.6
GRC,1830,36.6
GRC,1831,36.6
GRC,1832,36.6
GRC,1833,36.6
GRC,1834,36.6
GRC,1835,36.6
GRC,1836,36.6
GRC,1837,36.6
GRC,1838,36.6
GRC,1839,36.6
GRC,1840,36.6
GRC,1841,36.6
GRC,1842,36.6
GRC,1843,36.6
GRC,1844,36.6
GRC,1845,36.6
GRC,1846,36.6
GRC,1847,36.6
GRC,1848,36.6
GRC,1849,36.6
GRC,1850,36.6
GRC,1851,36.6
GRC,1852,36.6
GRC,1853,36.6
GRC,1854,36.6
GRC,1855,36.6
GRC,1856,36.6
GRC,1857,36.6
GRC,1858,36.6
GRC,1859,36.6
GRC,1860,36.6
GRC,1861,36.6
GRC,1862,36.6
GRC,1863,36.6
GRC,1864,36.6
GRC,1865,36.6
GRC,1866,36.6
GRC,1867,36.6
GRC,1868,36.6
GRC,1869,36.6
GRC,1870,36.6
GRC,1871,36.6
GRC,1872,36.6
GRC,1873,36.6
GRC,1874,36.6
GRC,1875,36.6
GRC,1876,36.6
GRC,1877,36.6
GRC,1878,36.7
GRC,1879,36.8
GRC,1880,36.9
GRC,1881,37
GRC,1882,37.1
GRC,1883,37.22
GRC,1884,37.34
GRC,1885,37.46
GRC,1886,37.58
GRC,1887,37.7
GRC,1888,37.86
GRC,1889,38.02
GRC,1890,38.18
GRC,1891,38.34
GRC,1892,38.5
GRC,1893,38.68
GRC,1894,38.86
GRC,1895,39.04
GRC,1896,39.22
GRC,1897,39.4
GRC,1898,39.6
GRC,1899,39.8
GRC,1900,40
GRC,1901,40.2
GRC,1902,40.4
GRC,1903,40.56
GRC,1904,40.72
GRC,1905,40.88
GRC,1906,41.04
GRC,1907,41.2
GRC,1908,41.47
GRC,1909,41.73
GRC,1910,42
GRC,1911,42.26
GRC,1912,42.53
GRC,1913,42.79
GRC,1914,43.06
GRC,1915,43.32
GRC,1916,43.59
GRC,1917,43.86
GRC,1918,24.07
GRC,1919,44.39
GRC,1920,44.65
GRC,1921,44.93
GRC,1922,45.2
GRC,1923,45.8
GRC,1924,46.4
GRC,1925,47
GRC,1926,47.6
GRC,1927,48.2
GRC,1928,46.17
GRC,1929,49.97
GRC,1930,50.15
GRC,1931,50.32
GRC,1932,50.5
GRC,1933,50.96
GRC,1934,51.42
GRC,1935,51.88
GRC,1936,52.34
GRC,1937,52.8
GRC,1938,53.31
GRC,1939,53.82
GRC,1940,54.34
GRC,1941,40.21
GRC,1942,29.52
GRC,1943,39.03
GRC,1944,45.03
GRC,1945,58.04
GRC,1946,56.15
GRC,1947,53.56
GRC,1948,48.27
GRC,1949,55.38
GRC,1950,65.5
GRC,1951,65.57
GRC,1952,65.72
GRC,1953,65.92
GRC,1954,66.16
GRC,1955,66.46
GRC,1956,66.79
GRC,1957,67.16
GRC,1958,67.57
GRC,1959,67.99
GRC,1960,68.41
GRC,1961,68.8
GRC,1962,69.14
GRC,1963,69.44
GRC,1964,69.69
GRC,1965,69.91
GRC,1966,70.12
GRC,1967,70.34
GRC,1968,70.59
GRC,1969,70.88
GRC,1970,71.2
GRC,1971,71.53
GRC,1972,71.85
GRC,1973,72.13
GRC,1974,72.39
GRC,1975,72.62
GRC,1976,72.85
GRC,1977,73.1
GRC,1978,73.38
GRC,1979,73.68
GRC,1980,74.01
GRC,1981,74.33
GRC,1982,74.64
GRC,1983,74.94
GRC,1984,75.21
GRC,1985,75.47
GRC,1986,75.73
GRC,1987,76.01
GRC,1988,76.32
GRC,1989,76.66
GRC,1990,77
GRC,1991,77.1
GRC,1992,77.1
GRC,1993,77.5
GRC,1994,77.7
GRC,1995,77.8
GRC,1996,77.9
GRC,1997,78.1
GRC,1998,78.2
GRC,1999,78.3
GRC,2000,78.6
GRC,2001,78.9
GRC,2002,79.1
GRC,2003,79.3
GRC,2004,79.4
GRC,2005,79.6
GRC,2006,80
GRC,2007,79.8
GRC,2008,80.2
GRC,2009,80.2
GRC,2010,80.4
GRC,2011,80.5
GRC,2012,80.6
GRC,2013,81
GRC,2014,81
GRC,2015,81
GRC,2016,81
GRL,1800,33.87
GRL,1801,33.87
GRL,1802,33.87
GRL,1803,33.87
GRL,1804,33.87
GRL,1805,33.87
GRL,1806,33.87
GRL,1807,33.87
GRL,1808,33.87
GRL,1809,33.87
GRL,1810,33.87
GRL,1811,33.87
GRL,1812,33.87
GRL,1813,33.87
GRL,1814,33.87
GRL,1815,33.87
GRL,1816,33.87
GRL,1817,33.87
GRL,1818,33.87
GRL,1819,33.87
GRL,1820,33.87
GRL,1821,33.87
GRL,1822,33.87
GRL,1823,33.87
GRL,1824,33.87
GRL,1825,33.87
GRL,1826,33.87
GRL,1827,33.87
GRL,1828,33.87
GRL,1829,33.87
GRL,1830,33.87
GRL,1831,33.87
GRL,1832,33.87
GRL,1833,33.87
GRL,1834,33.87
GRL,1835,33.87
GRL,1836,33.87
GRL,1837,33.87
GRL,1838,33.87
GRL,1839,33.87
GRL,1840,33.87
GRL,1841,33.87
GRL,1842,33.87
GRL,1843,33.87
GRL,1844,33.87
GRL,1845,33.87
GRL,1846,33.87
GRL,1847,33.87
GRL,1848,33.87
GRL,1849,33.87
GRL,1850,33.87
GRL,1851,33.87
GRL,1852,33.87
GRL,1853,33.87
GRL,1854,33.87
GRL,1855,33.87
GRL,1856,33.87
GRL,1857,33.87
GRL,1858,33.87
GRL,1859,33.87
GRL,1860,33.87
GRL,1861,33.87
GRL,1862,33.87
GRL,1863,33.87
GRL,1864,33.87
GRL,1865,33.87
GRL,1866,33.87
GRL,1867,33.87
GRL,1868,33.87
GRL,1869,33.87
GRL,1870,33.87
GRL,1871,33.87
GRL,1872,33.87
GRL,1873,33.87
GRL,1874,33.87
GRL,1875,33.87
GRL,1876,33.87
GRL,1877,33.87
GRL,1878,33.87
GRL,1879,33.87
GRL,1880,33.87
GRL,1881,33.87
GRL,1882,33.54
GRL,1883,33.22
GRL,1884,32.9
GRL,1885,32.57
GRL,1886,32.25
GRL,1887,31.92
GRL,1888,31.6
GRL,1889,31.28
GRL,1890,30.95
GRL,1891,31.51
GRL,1892,32.06
GRL,1893,32.62
GRL,1894,33.17
GRL,1895,33.73
GRL,1896,34.28
GRL,1897,34.84
GRL,1898,35.39
GRL,1899,35.95
GRL,1900,36.5
GRL,1901,36.64
GRL,1902,36.78
GRL,1903,36.92
GRL,1904,37.06
GRL,1905,36.71
GRL,1906,36.36
GRL,1907,36.01
GRL,1908,35.66
GRL,1909,35.31
GRL,1910,34.96
GRL,1911,34.61
GRL,1912,34.26
GRL,1913,33.91
GRL,1914,33.56
GRL,1915,33.22
GRL,1916,32.87
GRL,1917,33.07
GRL,1918,28.89
GRL,1919,33.47
GRL,1920,33.67
GRL,1921,33.87
GRL,1922,34.65
GRL,1923,35.43
GRL,1924,36.22
GRL,1925,37
GRL,1926,37.78
GRL,1927,38.57
GRL,1928,39.35
GRL,1929,38.6
GRL,1930,37.85
GRL,1931,37.1
GRL,1932,36.36
GRL,1933,35.61
GRL,1934,34.86
GRL,1935,34.11
GRL,1936,33.36
GRL,1937,34.86
GRL,1938,36.36
GRL,1939,37.85
GRL,1940,39.35
GRL,1941,41.19
GRL,1942,43.03
GRL,1943,42.71
GRL,1944,42.38
GRL,1945,42.04
GRL,1946,41.71
GRL,1947,41.86
GRL,1948,42.01
GRL,1949,42.15
GRL,1950,42.3
GRL,1951,43.94
GRL,1952,45.59
GRL,1953,48.67
GRL,1954,51.76
GRL,1955,54.85
GRL,1956,57.94
GRL,1957,58.82
GRL,1958,59.71
GRL,1959,60.6
GRL,1960,61.49
GRL,1961,61.85
GRL,1962,62.22
GRL,1963,62.59
GRL,1964,62.97
GRL,1965,63.34
GRL,1966,63.71
GRL,1967,64.08
GRL,1968,64.45
GRL,1969,64.82
GRL,1970,65.19
GRL,1971,65.01
GRL,1972,64.84
GRL,1973,64.66
GRL,1974,64.49
GRL,1975,64.31
GRL,1976,64.14
GRL,1977,63.96
GRL,1978,63.78
GRL,1979,63.61
GRL,1980,63.09
GRL,1981,62.71
GRL,1982,62.8
GRL,1983,62.89
GRL,1984,63.05
GRL,1985,63.42
GRL,1986,63.81
GRL,1987,64.22
GRL,1988,64.14
GRL,1989,64.22
GRL,1990,64.6
GRL,1991,65.1
GRL,1992,65.5
GRL,1993,65.9
GRL,1994,66.3
GRL,1995,66.5
GRL,1996,66.8
GRL,1997,66.9
GRL,1998,67.2
GRL,1999,67.5
GRL,2000,67.8
GRL,2001,68
GRL,2002,68.3
GRL,2003,68.5
GRL,2004,68.8
GRL,2005,69.1
GRL,2006,69.5
GRL,2007,70
GRL,2008,70.3
GRL,2009,70.6
GRL,2010,70.8
GRL,2011,71.2
GRL,2012,71.6
GRL,2013,71.8
GRL,2014,72
GRL,2015,72.1
GRL,2016,72.2
GRD,1800,31.4
GRD,1801,31.4
GRD,1802,31.4
GRD,1803,31.4
GRD,1804,31.4
GRD,1805,31.4
GRD,1806,31.4
GRD,1807,31.4
GRD,1808,31.4
GRD,1809,31.4
GRD,1810,31.4
GRD,1811,31.4
GRD,1812,31.4
GRD,1813,31.4
GRD,1814,31.4
GRD,1815,31.4
GRD,1816,31.4
GRD,1817,31.4
GRD,1818,31.4
GRD,1819,31.4
GRD,1820,31.4
GRD,1821,31.4
GRD,1822,31.4
GRD,1823,31.4
GRD,1824,31.4
GRD,1825,31.4
GRD,1826,31.4
GRD,1827,31.4
GRD,1828,31.4
GRD,1829,31.4
GRD,1830,31.4
GRD,1831,31.4
GRD,1832,31.4
GRD,1833,31.4
GRD,1834,31.4
GRD,1835,31.4
GRD,1836,31.4
GRD,1837,31.4
GRD,1838,31.4
GRD,1839,32.38
GRD,1840,33.37
GRD,1841,34.35
GRD,1842,35.33
GRD,1843,36.32
GRD,1844,37.3
GRD,1845,37.3
GRD,1846,37.3
GRD,1847,37.3
GRD,1848,37.3
GRD,1849,37.3
GRD,1850,37.3
GRD,1851,37.3
GRD,1852,37.3
GRD,1853,37.3
GRD,1854,37.3
GRD,1855,37.3
GRD,1856,37.3
GRD,1857,37.3
GRD,1858,37.3
GRD,1859,37.3
GRD,1860,37.3
GRD,1861,37.3
GRD,1862,37.3
GRD,1863,37.3
GRD,1864,37.3
GRD,1865,37.3
GRD,1866,37.3
GRD,1867,37.3
GRD,1868,37.3
GRD,1869,37.3
GRD,1870,37.3
GRD,1871,37.3
GRD,1872,37.3
GRD,1873,37.3
GRD,1874,37.3
GRD,1875,37.3
GRD,1876,37.3
GRD,1877,37.3
GRD,1878,37.3
GRD,1879,37.3
GRD,1880,37.3
GRD,1881,37.3
GRD,1882,37.3
GRD,1883,37.3
GRD,1884,37.3
GRD,1885,37.3
GRD,1886,37.3
GRD,1887,37.3
GRD,1888,37.3
GRD,1889,37.3
GRD,1890,37.3
GRD,1891,37.3
GRD,1892,37.3
GRD,1893,37.3
GRD,1894,37.3
GRD,1895,37.3
GRD,1896,37.3
GRD,1897,37.3
GRD,1898,37.3
GRD,1899,37.3
GRD,1900,37.3
GRD,1901,37.3
GRD,1902,37.3
GRD,1903,37.3
GRD,1904,37.3
GRD,1905,37.3
GRD,1906,37.3
GRD,1907,37.3
GRD,1908,37.3
GRD,1909,37.3
GRD,1910,37.3
GRD,1911,37.3
GRD,1912,37.3
GRD,1913,37.3
GRD,1914,37.3
GRD,1915,37.3
GRD,1916,37.3
GRD,1917,37.3
GRD,1918,24.19
GRD,1919,37.3
GRD,1920,37.3
GRD,1921,37.3
GRD,1922,37.99
GRD,1923,38.68
GRD,1924,39.37
GRD,1925,40.06
GRD,1926,40.75
GRD,1927,41.44
GRD,1928,42.13
GRD,1929,42.82
GRD,1930,43.51
GRD,1931,44.2
GRD,1932,44.79
GRD,1933,45.37
GRD,1934,45.96
GRD,1935,46.55
GRD,1936,47.13
GRD,1937,47.72
GRD,1938,48.31
GRD,1939,48.89
GRD,1940,49.48
GRD,1941,50.1
GRD,1942,50.7
GRD,1943,51.32
GRD,1944,51.93
GRD,1945,52.54
GRD,1946,53.16
GRD,1947,53.74
GRD,1948,54.33
GRD,1949,54.9
GRD,1950,55.49
GRD,1951,55.81
GRD,1952,56.39
GRD,1953,56.97
GRD,1954,57.52
GRD,1955,58.07
GRD,1956,58.61
GRD,1957,59.12
GRD,1958,59.63
GRD,1959,60.11
GRD,1960,60.59
GRD,1961,61.05
GRD,1962,61.49
GRD,1963,61.93
GRD,1964,62.35
GRD,1965,62.76
GRD,1966,63.16
GRD,1967,63.54
GRD,1968,63.91
GRD,1969,64.27
GRD,1970,64.62
GRD,1971,64.97
GRD,1972,65.29
GRD,1973,65.62
GRD,1974,65.92
GRD,1975,66.22
GRD,1976,66.52
GRD,1977,66.79
GRD,1978,67.07
GRD,1979,67.33
GRD,1980,67.6
GRD,1981,67.86
GRD,1982,68.1
GRD,1983,68.35
GRD,1984,68.59
GRD,1985,68.83
GRD,1986,69.06
GRD,1987,69.28
GRD,1988,69.5
GRD,1989,69.7
GRD,1990,69.9
GRD,1991,70.2
GRD,1992,70.2
GRD,1993,70
GRD,1994,70.4
GRD,1995,70.7
GRD,1996,70.8
GRD,1997,70.8
GRD,1998,70.6
GRD,1999,70.6
GRD,2000,70.5
GRD,2001,70.3
GRD,2002,70.2
GRD,2003,70.2
GRD,2004,69.3
GRD,2005,70.3
GRD,2006,70.5
GRD,2007,70.7
GRD,2008,70.8
GRD,2009,70.9
GRD,2010,71
GRD,2011,71
GRD,2012,71.1
GRD,2013,71.2
GRD,2014,71.4
GRD,2015,71.5
GRD,2016,71.6
GLP,1800,27.66
GLP,1801,27.66
GLP,1802,27.66
GLP,1803,27.66
GLP,1804,27.66
GLP,1805,27.66
GLP,1806,27.66
GLP,1807,27.66
GLP,1808,27.66
GLP,1809,27.66
GLP,1810,27.66
GLP,1811,27.66
GLP,1812,27.66
GLP,1813,27.66
GLP,1814,27.66
GLP,1815,27.66
GLP,1816,27.66
GLP,1817,27.66
GLP,1818,27.66
GLP,1819,27.66
GLP,1820,27.66
GLP,1821,27.66
GLP,1822,27.66
GLP,1823,27.66
GLP,1824,27.66
GLP,1825,27.66
GLP,1826,27.66
GLP,1827,27.66
GLP,1828,27.66
GLP,1829,27.66
GLP,1830,27.66
GLP,1831,27.66
GLP,1832,27.66
GLP,1833,27.66
GLP,1834,27.66
GLP,1835,27.66
GLP,1836,27.66
GLP,1837,27.66
GLP,1838,27.66
GLP,1839,27.66
GLP,1840,27.66
GLP,1841,27.66
GLP,1842,27.66
GLP,1843,27.66
GLP,1844,27.66
GLP,1845,27.66
GLP,1846,27.66
GLP,1847,27.66
GLP,1848,27.66
GLP,1849,27.66
GLP,1850,27.66
GLP,1851,27.66
GLP,1852,27.66
GLP,1853,27.66
GLP,1854,27.66
GLP,1855,27.66
GLP,1856,27.66
GLP,1857,27.66
GLP,1858,27.66
GLP,1859,27.66
GLP,1860,27.66
GLP,1861,27.66
GLP,1862,27.66
GLP,1863,27.66
GLP,1864,27.66
GLP,1865,27.66
GLP,1866,27.66
GLP,1867,27.66
GLP,1868,27.66
GLP,1869,27.66
GLP,1870,27.66
GLP,1871,27.66
GLP,1872,27.66
GLP,1873,27.66
GLP,1874,27.66
GLP,1875,27.66
GLP,1876,27.66
GLP,1877,27.66
GLP,1878,27.66
GLP,1879,27.66
GLP,1880,27.66
GLP,1881,27.66
GLP,1882,27.66
GLP,1883,27.66
GLP,1884,27.66
GLP,1885,27.66
GLP,1886,27.66
GLP,1887,27.66
GLP,1888,27.66
GLP,1889,27.66
GLP,1890,27.66
GLP,1891,27.66
GLP,1892,27.66
GLP,1893,27.66
GLP,1894,27.66
GLP,1895,27.66
GLP,1896,27.66
GLP,1897,27.66
GLP,1898,27.66
GLP,1899,27.66
GLP,1900,27.66
GLP,1901,27.66
GLP,1902,27.66
GLP,1903,27.66
GLP,1904,27.66
GLP,1905,27.66
GLP,1906,27.66
GLP,1907,27.66
GLP,1908,27.66
GLP,1909,27.66
GLP,1910,27.66
GLP,1911,27.66
GLP,1912,27.66
GLP,1913,27.66
GLP,1914,27.66
GLP,1915,27.66
GLP,1916,27.66
GLP,1917,27.66
GLP,1918,17.94
GLP,1919,27.66
GLP,1920,27.66
GLP,1921,27.66
GLP,1922,28.48
GLP,1923,29.31
GLP,1924,30.14
GLP,1925,30.97
GLP,1926,31.79
GLP,1927,32.62
GLP,1928,33.45
GLP,1929,34.28
GLP,1930,35.1
GLP,1931,35.93
GLP,1932,36.76
GLP,1933,37.59
GLP,1934,38.41
GLP,1935,39.24
GLP,1936,40.07
GLP,1937,40.9
GLP,1938,41.72
GLP,1939,42.55
GLP,1940,43.38
GLP,1941,44.21
GLP,1942,45.03
GLP,1943,45.86
GLP,1944,46.69
GLP,1945,47.52
GLP,1946,48.34
GLP,1947,49.17
GLP,1948,50
GLP,1949,50.83
GLP,1950,51.66
GLP,1951,52.09
GLP,1952,52.94
GLP,1953,53.77
GLP,1954,54.57
GLP,1955,55.35
GLP,1956,56.11
GLP,1957,56.84
GLP,1958,57.55
GLP,1959,58.24
GLP,1960,58.91
GLP,1961,59.58
GLP,1962,60.23
GLP,1963,60.87
GLP,1964,61.51
GLP,1965,62.14
GLP,1966,62.75
GLP,1967,63.34
GLP,1968,63.91
GLP,1969,64.46
GLP,1970,64.98
GLP,1971,65.49
GLP,1972,65.99
GLP,1973,66.49
GLP,1974,66.97
GLP,1975,67.46
GLP,1976,67.93
GLP,1977,68.4
GLP,1978,68.86
GLP,1979,69.31
GLP,1980,69.75
GLP,1981,70.18
GLP,1982,70.6
GLP,1983,71.01
GLP,1984,71.42
GLP,1985,71.82
GLP,1986,72.21
GLP,1987,72.6
GLP,1988,72.98
GLP,1989,73.35
GLP,1990,73.72
GLP,1991,74.08
GLP,1992,74.44
GLP,1993,74.79
GLP,1994,75.14
GLP,1995,75.48
GLP,1996,75.82
GLP,1997,76.15
GLP,1998,76.48
GLP,1999,76.8
GLP,2000,77.12
GLP,2001,77.43
GLP,2002,77.74
GLP,2003,78.04
GLP,2004,78.35
GLP,2005,78.65
GLP,2006,78.95
GLP,2007,79.25
GLP,2008,79.55
GLP,2009,79.85
GLP,2010,80.14
GLP,2011,80.43
GLP,2012,80.69
GLP,2013,80.95
GLP,2014,81.18
GLP,2015,81.41
GLP,2016,81.64
GUM,1800,27.5
GUM,1801,27.5
GUM,1802,27.5
GUM,1803,27.5
GUM,1804,27.5
GUM,1805,27.5
GUM,1806,27.5
GUM,1807,27.5
GUM,1808,27.5
GUM,1809,27.5
GUM,1810,27.5
GUM,1811,27.5
GUM,1812,27.5
GUM,1813,27.5
GUM,1814,27.5
GUM,1815,27.5
GUM,1816,27.5
GUM,1817,27.5
GUM,1818,27.5
GUM,1819,27.5
GUM,1820,27.5
GUM,1821,27.5
GUM,1822,27.5
GUM,1823,27.5
GUM,1824,27.5
GUM,1825,27.5
GUM,1826,27.5
GUM,1827,27.5
GUM,1828,27.5
GUM,1829,27.5
GUM,1830,27.5
GUM,1831,27.5
GUM,1832,27.5
GUM,1833,27.5
GUM,1834,27.5
GUM,1835,27.5
GUM,1836,27.5
GUM,1837,27.5
GUM,1838,27.5
GUM,1839,27.5
GUM,1840,27.5
GUM,1841,27.5
GUM,1842,27.5
GUM,1843,27.5
GUM,1844,27.5
GUM,1845,27.5
GUM,1846,27.5
GUM,1847,27.5
GUM,1848,27.5
GUM,1849,27.5
GUM,1850,27.5
GUM,1851,27.5
GUM,1852,27.5
GUM,1853,27.5
GUM,1854,27.5
GUM,1855,27.5
GUM,1856,27.5
GUM,1857,27.5
GUM,1858,27.5
GUM,1859,27.5
GUM,1860,27.5
GUM,1861,27.5
GUM,1862,27.5
GUM,1863,27.5
GUM,1864,27.5
GUM,1865,27.5
GUM,1866,27.5
GUM,1867,27.5
GUM,1868,27.5
GUM,1869,27.5
GUM,1870,27.5
GUM,1871,27.5
GUM,1872,27.5
GUM,1873,27.5
GUM,1874,27.5
GUM,1875,27.5
GUM,1876,27.5
GUM,1877,27.5
GUM,1878,27.5
GUM,1879,27.5
GUM,1880,27.5
GUM,1881,27.5
GUM,1882,27.5
GUM,1883,27.5
GUM,1884,27.5
GUM,1885,27.5
GUM,1886,27.5
GUM,1887,27.5
GUM,1888,27.5
GUM,1889,27.5
GUM,1890,27.5
GUM,1891,27.5
GUM,1892,27.5
GUM,1893,27.5
GUM,1894,27.5
GUM,1895,27.5
GUM,1896,27.5
GUM,1897,27.5
GUM,1898,27.5
GUM,1899,27.5
GUM,1900,27.5
GUM,1901,27.5
GUM,1902,27.5
GUM,1903,27.5
GUM,1904,27.5
GUM,1905,27.5
GUM,1906,27.5
GUM,1907,27.5
GUM,1908,27.5
GUM,1909,27.5
GUM,1910,27.5
GUM,1911,27.5
GUM,1912,27.5
GUM,1913,27.5
GUM,1914,27.5
GUM,1915,27.5
GUM,1916,27.5
GUM,1917,27.5
GUM,1918,5.53
GUM,1919,27.5
GUM,1920,27.5
GUM,1921,27.5
GUM,1922,27.5
GUM,1923,27.5
GUM,1924,27.5
GUM,1925,27.5
GUM,1926,28.65
GUM,1927,29.79
GUM,1928,30.94
GUM,1929,32.08
GUM,1930,33.23
GUM,1931,34.37
GUM,1932,35.52
GUM,1933,36.66
GUM,1934,37.81
GUM,1935,38.95
GUM,1936,40.1
GUM,1937,41.24
GUM,1938,42.39
GUM,1939,43.53
GUM,1940,44.68
GUM,1941,44.61
GUM,1942,44.53
GUM,1943,44.34
GUM,1944,26.05
GUM,1945,45.07
GUM,1946,50.08
GUM,1947,52.09
GUM,1948,53.91
GUM,1949,55.1
GUM,1950,56.26
GUM,1951,56.53
GUM,1952,57.04
GUM,1953,57.55
GUM,1954,58.08
GUM,1955,58.6
GUM,1956,59.12
GUM,1957,59.65
GUM,1958,60.18
GUM,1959,60.71
GUM,1960,61.24
GUM,1961,61.76
GUM,1962,62.28
GUM,1963,62.79
GUM,1964,63.29
GUM,1965,63.78
GUM,1966,64.26
GUM,1967,64.72
GUM,1968,65.18
GUM,1969,65.63
GUM,1970,66.06
GUM,1971,66.49
GUM,1972,66.9
GUM,1973,67.3
GUM,1974,67.7
GUM,1975,68.07
GUM,1976,68.43
GUM,1977,68.79
GUM,1978,69.13
GUM,1979,69.47
GUM,1980,69.8
GUM,1981,70.12
GUM,1982,70.42
GUM,1983,70.73
GUM,1984,71.02
GUM,1985,71.3
GUM,1986,71.58
GUM,1987,71.84
GUM,1988,72.09
GUM,1989,72.35
GUM,1990,72.6
GUM,1991,72.4
GUM,1992,72.4
GUM,1993,72.5
GUM,1994,72.7
GUM,1995,73
GUM,1996,73.2
GUM,1997,69.4
GUM,1998,73.4
GUM,1999,73.5
GUM,2000,73.6
GUM,2001,73.6
GUM,2002,73.6
GUM,2003,73.5
GUM,2004,73.3
GUM,2005,73.1
GUM,2006,72.7
GUM,2007,72.4
GUM,2008,72.1
GUM,2009,71.8
GUM,2010,71.6
GUM,2011,71.5
GUM,2012,71.5
GUM,2013,71.6
GUM,2014,71.6
GUM,2015,71.7
GUM,2016,71.8
GTM,1800,25.8
GTM,1801,25.8
GTM,1802,25.8
GTM,1803,25.8
GTM,1804,25.8
GTM,1805,25.8
GTM,1806,25.8
GTM,1807,25.8
GTM,1808,25.8
GTM,1809,25.8
GTM,1810,25.8
GTM,1811,25.8
GTM,1812,25.8
GTM,1813,25.8
GTM,1814,25.8
GTM,1815,25.8
GTM,1816,25.8
GTM,1817,25.8
GTM,1818,25.8
GTM,1819,25.8
GTM,1820,25.8
GTM,1821,25.8
GTM,1822,25.8
GTM,1823,25.8
GTM,1824,25.8
GTM,1825,25.8
GTM,1826,25.8
GTM,1827,25.8
GTM,1828,25.8
GTM,1829,25.8
GTM,1830,25.8
GTM,1831,25.8
GTM,1832,25.81
GTM,1833,25.81
GTM,1834,25.81
GTM,1835,25.81
GTM,1836,25.81
GTM,1837,25.81
GTM,1838,25.81
GTM,1839,25.81
GTM,1840,25.81
GTM,1841,25.81
GTM,1842,25.81
GTM,1843,25.81
GTM,1844,25.81
GTM,1845,25.81
GTM,1846,25.81
GTM,1847,25.81
GTM,1848,25.81
GTM,1849,25.81
GTM,1850,25.81
GTM,1851,25.81
GTM,1852,25.81
GTM,1853,25.81
GTM,1854,25.81
GTM,1855,25.81
GTM,1856,25.81
GTM,1857,25.81
GTM,1858,25.81
GTM,1859,25.81
GTM,1860,25.81
GTM,1861,25.81
GTM,1862,25.81
GTM,1863,25.81
GTM,1864,25.81
GTM,1865,25.81
GTM,1866,25.81
GTM,1867,25.81
GTM,1868,25.81
GTM,1869,25.81
GTM,1870,25.81
GTM,1871,25.81
GTM,1872,25.81
GTM,1873,25.81
GTM,1874,25.81
GTM,1875,25.81
GTM,1876,25.81
GTM,1877,25.81
GTM,1878,25.81
GTM,1879,25.81
GTM,1880,25.81
GTM,1881,25.81
GTM,1882,25.81
GTM,1883,25.81
GTM,1884,25.81
GTM,1885,25.81
GTM,1886,25.81
GTM,1887,25.81
GTM,1888,25.81
GTM,1889,25.81
GTM,1890,25.81
GTM,1891,25.81
GTM,1892,25.81
GTM,1893,25.81
GTM,1894,25.82
GTM,1895,25.82
GTM,1896,25.82
GTM,1897,25.82
GTM,1898,25.82
GTM,1899,25.82
GTM,1900,25.82
GTM,1901,25.82
GTM,1902,25.82
GTM,1903,25.82
GTM,1904,25.82
GTM,1905,25.82
GTM,1906,25.82
GTM,1907,25.82
GTM,1908,25.82
GTM,1909,25.82
GTM,1910,25.82
GTM,1911,25.82
GTM,1912,25.82
GTM,1913,25.82
GTM,1914,25.82
GTM,1915,25.82
GTM,1916,25.82
GTM,1917,25.82
GTM,1918,9.69
GTM,1919,25.82
GTM,1920,25.82
GTM,1921,25.82
GTM,1922,25.82
GTM,1923,25.82
GTM,1924,25.81
GTM,1925,25.81
GTM,1926,25.81
GTM,1927,25.81
GTM,1928,25.81
GTM,1929,25.81
GTM,1930,25.81
GTM,1931,25.8
GTM,1932,25.8
GTM,1933,25.8
GTM,1934,25.8
GTM,1935,26.56
GTM,1936,27.32
GTM,1937,28.08
GTM,1938,28.83
GTM,1939,29.59
GTM,1940,30.35
GTM,1941,31.5
GTM,1942,32.66
GTM,1943,33.81
GTM,1944,34.96
GTM,1945,36.1
GTM,1946,37.25
GTM,1947,38.41
GTM,1948,39.56
GTM,1949,40.71
GTM,1950,41.86
GTM,1951,42.06
GTM,1952,42.44
GTM,1953,42.83
GTM,1954,43.27
GTM,1955,43.73
GTM,1956,44.23
GTM,1957,44.77
GTM,1958,45.32
GTM,1959,45.91
GTM,1960,46.51
GTM,1961,47.12
GTM,1962,47.76
GTM,1963,48.4
GTM,1964,49.05
GTM,1965,49.73
GTM,1966,50.43
GTM,1967,51.16
GTM,1968,51.93
GTM,1969,52.72
GTM,1970,53.5
GTM,1971,54.27
GTM,1972,55
GTM,1973,55.67
GTM,1974,56.28
GTM,1975,56.82
GTM,1976,57.32
GTM,1977,57.78
GTM,1978,58.22
GTM,1979,58.66
GTM,1980,59.12
GTM,1981,59.6
GTM,1982,60.1
GTM,1983,60.62
GTM,1984,61.16
GTM,1985,61.72
GTM,1986,62.28
GTM,1987,62.86
GTM,1988,63.45
GTM,1989,64.02
GTM,1990,64.6
GTM,1991,64
GTM,1992,63.8
GTM,1993,64.2
GTM,1994,64.6
GTM,1995,66.9
GTM,1996,68.1
GTM,1997,67.7
GTM,1998,67.7
GTM,1999,68.8
GTM,2000,68.8
GTM,2001,69.3
GTM,2002,70
GTM,2003,70.1
GTM,2004,70.2
GTM,2005,69.8
GTM,2006,70.2
GTM,2007,71
GTM,2008,71.2
GTM,2009,70.9
GTM,2010,71.2
GTM,2011,71.6
GTM,2012,72.1
GTM,2013,72.3
GTM,2014,72.4
GTM,2015,72.6
GTM,2016,72.8
GIN,1800,29.5
GIN,1801,29.51
GIN,1802,29.52
GIN,1803,29.53
GIN,1804,29.54
GIN,1805,29.55
GIN,1806,29.56
GIN,1807,29.57
GIN,1808,29.58
GIN,1809,29.59
GIN,1810,29.6
GIN,1811,29.61
GIN,1812,29.62
GIN,1813,29.63
GIN,1814,29.64
GIN,1815,29.66
GIN,1816,29.67
GIN,1817,29.68
GIN,1818,29.69
GIN,1819,29.7
GIN,1820,29.71
GIN,1821,29.72
GIN,1822,29.73
GIN,1823,29.74
GIN,1824,29.75
GIN,1825,29.76
GIN,1826,29.77
GIN,1827,29.78
GIN,1828,29.79
GIN,1829,29.8
GIN,1830,29.81
GIN,1831,29.82
GIN,1832,29.83
GIN,1833,29.84
GIN,1834,29.85
GIN,1835,29.86
GIN,1836,29.87
GIN,1837,29.88
GIN,1838,29.89
GIN,1839,29.9
GIN,1840,29.91
GIN,1841,29.92
GIN,1842,29.93
GIN,1843,29.94
GIN,1844,29.96
GIN,1845,29.97
GIN,1846,29.98
GIN,1847,29.99
GIN,1848,30
GIN,1849,30.01
GIN,1850,30.02
GIN,1851,30.03
GIN,1852,30.04
GIN,1853,30.05
GIN,1854,30.06
GIN,1855,30.07
GIN,1856,30.08
GIN,1857,30.09
GIN,1858,30.1
GIN,1859,30.11
GIN,1860,30.12
GIN,1861,30.13
GIN,1862,30.14
GIN,1863,30.15
GIN,1864,30.16
GIN,1865,30.17
GIN,1866,30.18
GIN,1867,30.19
GIN,1868,30.2
GIN,1869,30.21
GIN,1870,30.22
GIN,1871,30.23
GIN,1872,30.24
GIN,1873,30.26
GIN,1874,30.27
GIN,1875,30.28
GIN,1876,30.29
GIN,1877,30.3
GIN,1878,30.31
GIN,1879,30.32
GIN,1880,30.33
GIN,1881,30.34
GIN,1882,30.35
GIN,1883,30.36
GIN,1884,30.37
GIN,1885,30.38
GIN,1886,30.39
GIN,1887,30.4
GIN,1888,30.41
GIN,1889,30.42
GIN,1890,30.43
GIN,1891,30.44
GIN,1892,30.45
GIN,1893,30.46
GIN,1894,30.47
GIN,1895,30.48
GIN,1896,30.49
GIN,1897,30.5
GIN,1898,30.51
GIN,1899,30.52
GIN,1900,30.53
GIN,1901,30.54
GIN,1902,30.56
GIN,1903,30.57
GIN,1904,30.58
GIN,1905,30.59
GIN,1906,30.6
GIN,1907,30.61
GIN,1908,30.62
GIN,1909,30.63
GIN,1910,30.64
GIN,1911,30.65
GIN,1912,30.66
GIN,1913,30.67
GIN,1914,30.68
GIN,1915,30.69
GIN,1916,30.7
GIN,1917,30.71
GIN,1918,11.88
GIN,1919,30.73
GIN,1920,30.74
GIN,1921,30.75
GIN,1922,30.76
GIN,1923,30.77
GIN,1924,30.78
GIN,1925,30.79
GIN,1926,30.8
GIN,1927,30.81
GIN,1928,30.82
GIN,1929,30.83
GIN,1930,30.84
GIN,1931,30.86
GIN,1932,30.87
GIN,1933,30.88
GIN,1934,30.89
GIN,1935,30.9
GIN,1936,30.91
GIN,1937,30.92
GIN,1938,30.93
GIN,1939,30.94
GIN,1940,30.95
GIN,1941,31
GIN,1942,31.05
GIN,1943,31.1
GIN,1944,31.15
GIN,1945,31.21
GIN,1946,31.56
GIN,1947,31.9
GIN,1948,32.25
GIN,1949,32.6
GIN,1950,32.95
GIN,1951,33.12
GIN,1952,33.44
GIN,1953,33.74
GIN,1954,34.04
GIN,1955,34.35
GIN,1956,34.64
GIN,1957,34.92
GIN,1958,35.2
GIN,1959,35.46
GIN,1960,35.71
GIN,1961,35.95
GIN,1962,36.17
GIN,1963,36.37
GIN,1964,36.57
GIN,1965,36.77
GIN,1966,36.96
GIN,1967,37.16
GIN,1968,37.37
GIN,1969,37.61
GIN,1970,37.89
GIN,1971,38.2
GIN,1972,38.57
GIN,1973,38.97
GIN,1974,39.43
GIN,1975,39.94
GIN,1976,40.47
GIN,1977,41.04
GIN,1978,41.63
GIN,1979,42.25
GIN,1980,42.92
GIN,1981,43.66
GIN,1982,44.47
GIN,1983,45.37
GIN,1984,46.32
GIN,1985,47.33
GIN,1986,48.35
GIN,1987,49.37
GIN,1988,50.33
GIN,1989,51.22
GIN,1990,52
GIN,1991,52.3
GIN,1992,52.5
GIN,1993,53
GIN,1994,53.1
GIN,1995,53.4
GIN,1996,53.8
GIN,1997,54
GIN,1998,54
GIN,1999,54
GIN,2000,54.2
GIN,2001,54.4
GIN,2002,54.7
GIN,2003,55.1
GIN,2004,55.6
GIN,2005,56
GIN,2006,56.4
GIN,2007,56.8
GIN,2008,57.1
GIN,2009,57.5
GIN,2010,57.9
GIN,2011,58.2
GIN,2012,58.5
GIN,2013,58.8
GIN,2014,58.6
GIN,2015,59.1
GIN,2016,59.6
GNB,1800,32
GNB,1801,32
GNB,1802,32
GNB,1803,32
GNB,1804,32
GNB,1805,32
GNB,1806,32
GNB,1807,32
GNB,1808,32
GNB,1809,32
GNB,1810,32
GNB,1811,32
GNB,1812,32
GNB,1813,32
GNB,1814,32
GNB,1815,32
GNB,1816,32
GNB,1817,32
GNB,1818,32
GNB,1819,32
GNB,1820,32
GNB,1821,32
GNB,1822,32
GNB,1823,32
GNB,1824,32
GNB,1825,32
GNB,1826,32
GNB,1827,32
GNB,1828,32
GNB,1829,32
GNB,1830,32
GNB,1831,32
GNB,1832,32
GNB,1833,32
GNB,1834,32
GNB,1835,32
GNB,1836,32
GNB,1837,32
GNB,1838,32
GNB,1839,32
GNB,1840,32
GNB,1841,32
GNB,1842,32
GNB,1843,32
GNB,1844,32
GNB,1845,32
GNB,1846,32
GNB,1847,32
GNB,1848,32
GNB,1849,32
GNB,1850,32
GNB,1851,32
GNB,1852,32
GNB,1853,32
GNB,1854,32
GNB,1855,32
GNB,1856,32
GNB,1857,32
GNB,1858,32
GNB,1859,32
GNB,1860,32
GNB,1861,32
GNB,1862,32
GNB,1863,32
GNB,1864,32
GNB,1865,32
GNB,1866,32
GNB,1867,32
GNB,1868,32
GNB,1869,32
GNB,1870,32
GNB,1871,32
GNB,1872,32
GNB,1873,32
GNB,1874,32
GNB,1875,32
GNB,1876,32
GNB,1877,32
GNB,1878,32
GNB,1879,32
GNB,1880,32
GNB,1881,32
GNB,1882,32
GNB,1883,32
GNB,1884,32
GNB,1885,32
GNB,1886,32
GNB,1887,32
GNB,1888,32
GNB,1889,32
GNB,1890,32
GNB,1891,32
GNB,1892,32
GNB,1893,32
GNB,1894,32
GNB,1895,32
GNB,1896,32
GNB,1897,32
GNB,1898,32
GNB,1899,32
GNB,1900,32
GNB,1901,32
GNB,1902,32
GNB,1903,32
GNB,1904,32
GNB,1905,32
GNB,1906,32
GNB,1907,32
GNB,1908,32
GNB,1909,32
GNB,1910,32
GNB,1911,32
GNB,1912,32
GNB,1913,32
GNB,1914,32
GNB,1915,32
GNB,1916,32
GNB,1917,32
GNB,1918,12.38
GNB,1919,32
GNB,1920,32
GNB,1921,32
GNB,1922,32
GNB,1923,32
GNB,1924,32
GNB,1925,32
GNB,1926,32
GNB,1927,32
GNB,1928,32
GNB,1929,32
GNB,1930,32
GNB,1931,32.34
GNB,1932,32.68
GNB,1933,33.02
GNB,1934,33.36
GNB,1935,33.69
GNB,1936,34.03
GNB,1937,34.37
GNB,1938,34.71
GNB,1939,35.05
GNB,1940,35.39
GNB,1941,35.78
GNB,1942,36.17
GNB,1943,36.55
GNB,1944,36.93
GNB,1945,37.32
GNB,1946,37.71
GNB,1947,38.1
GNB,1948,38.49
GNB,1949,38.88
GNB,1950,39.26
GNB,1951,39.65
GNB,1952,40.03
GNB,1953,40.42
GNB,1954,40.81
GNB,1955,41.2
GNB,1956,41.58
GNB,1957,41.97
GNB,1958,42.36
GNB,1959,42.75
GNB,1960,43.14
GNB,1961,43.39
GNB,1962,43.64
GNB,1963,43.89
GNB,1964,44.15
GNB,1965,44.39
GNB,1966,44.63
GNB,1967,44.86
GNB,1968,45.09
GNB,1969,45.29
GNB,1970,45.5
GNB,1971,45.71
GNB,1972,45.91
GNB,1973,46.12
GNB,1974,46.33
GNB,1975,46.54
GNB,1976,46.77
GNB,1977,47.02
GNB,1978,47.27
GNB,1979,47.54
GNB,1980,47.83
GNB,1981,48.13
GNB,1982,48.45
GNB,1983,48.78
GNB,1984,49.13
GNB,1985,49.49
GNB,1986,49.87
GNB,1987,50.26
GNB,1988,50.67
GNB,1989,51.09
GNB,1990,51.5
GNB,1991,51.7
GNB,1992,51.8
GNB,1993,52
GNB,1994,52.2
GNB,1995,52.3
GNB,1996,52.6
GNB,1997,52.8
GNB,1998,51.7
GNB,1999,52.5
GNB,2000,52.8
GNB,2001,52.7
GNB,2002,52.7
GNB,2003,52.8
GNB,2004,52.8
GNB,2005,52.9
GNB,2006,53
GNB,2007,53.2
GNB,2008,53.6
GNB,2009,53.9
GNB,2010,54.3
GNB,2011,54.5
GNB,2012,54.8
GNB,2013,55.1
GNB,2014,55.3
GNB,2015,55.6
GNB,2016,55.9
GUY,1800,31.12
GUY,1801,31.12
GUY,1802,31.12
GUY,1803,31.12
GUY,1804,31.12
GUY,1805,31.12
GUY,1806,31.12
GUY,1807,31.12
GUY,1808,31.12
GUY,1809,31.12
GUY,1810,31.12
GUY,1811,31.12
GUY,1812,31.12
GUY,1813,31.12
GUY,1814,31.12
GUY,1815,31.12
GUY,1816,31.12
GUY,1817,31.12
GUY,1818,31.12
GUY,1819,31.12
GUY,1820,31.12
GUY,1821,31.12
GUY,1822,31.12
GUY,1823,31.12
GUY,1824,31.12
GUY,1825,31.12
GUY,1826,31.12
GUY,1827,31.12
GUY,1828,31.12
GUY,1829,31.12
GUY,1830,31.12
GUY,1831,31.12
GUY,1832,31.12
GUY,1833,31.12
GUY,1834,31.12
GUY,1835,31.12
GUY,1836,31.12
GUY,1837,31.12
GUY,1838,31.12
GUY,1839,31.12
GUY,1840,31.12
GUY,1841,31.12
GUY,1842,31.12
GUY,1843,31.12
GUY,1844,31.12
GUY,1845,31.12
GUY,1846,31.12
GUY,1847,31.12
GUY,1848,31.12
GUY,1849,31.12
GUY,1850,31.12
GUY,1851,31.12
GUY,1852,31.12
GUY,1853,31.12
GUY,1854,31.12
GUY,1855,31.12
GUY,1856,31.12
GUY,1857,31.12
GUY,1858,31.12
GUY,1859,31.12
GUY,1860,31.12
GUY,1861,31.12
GUY,1862,31.12
GUY,1863,31.12
GUY,1864,31.12
GUY,1865,31.12
GUY,1866,31.12
GUY,1867,31.12
GUY,1868,31.12
GUY,1869,31.12
GUY,1870,31.12
GUY,1871,31.12
GUY,1872,31.12
GUY,1873,31.12
GUY,1874,31.12
GUY,1875,31.12
GUY,1876,31.12
GUY,1877,31.12
GUY,1878,31.12
GUY,1879,31.12
GUY,1880,31.12
GUY,1881,31.12
GUY,1882,31.12
GUY,1883,31.12
GUY,1884,31.12
GUY,1885,31.12
GUY,1886,31.12
GUY,1887,31.12
GUY,1888,31.12
GUY,1889,31.12
GUY,1890,31.12
GUY,1891,31.12
GUY,1892,31.12
GUY,1893,31.12
GUY,1894,31.12
GUY,1895,31.12
GUY,1896,31.12
GUY,1897,31.12
GUY,1898,31.12
GUY,1899,31.12
GUY,1900,31.12
GUY,1901,31.12
GUY,1902,31.12
GUY,1903,31.12
GUY,1904,31.12
GUY,1905,31.12
GUY,1906,31.12
GUY,1907,31.12
GUY,1908,31.12
GUY,1909,31.12
GUY,1910,31.12
GUY,1911,31.12
GUY,1912,31.47
GUY,1913,31.82
GUY,1914,32.17
GUY,1915,32.52
GUY,1916,32.87
GUY,1917,33.22
GUY,1918,29.37
GUY,1919,33.92
GUY,1920,34.27
GUY,1921,34.62
GUY,1922,35.38
GUY,1923,36.13
GUY,1924,36.89
GUY,1925,37.64
GUY,1926,38.4
GUY,1927,39.16
GUY,1928,39.91
GUY,1929,40.67
GUY,1930,41.42
GUY,1931,42.2
GUY,1932,42.98
GUY,1933,43.75
GUY,1934,44.53
GUY,1935,45.31
GUY,1936,46.08
GUY,1937,46.86
GUY,1938,47.64
GUY,1939,48.41
GUY,1940,49.19
GUY,1941,50.01
GUY,1942,50.83
GUY,1943,51.65
GUY,1944,52.47
GUY,1945,53.29
GUY,1946,54.11
GUY,1947,54.93
GUY,1948,55.76
GUY,1949,56.57
GUY,1950,57.39
GUY,1951,57.51
GUY,1952,57.68
GUY,1953,57.85
GUY,1954,58.04
GUY,1955,58.21
GUY,1956,58.38
GUY,1957,58.56
GUY,1958,58.73
GUY,1959,58.9
GUY,1960,59.08
GUY,1961,59.24
GUY,1962,59.41
GUY,1963,59.58
GUY,1964,59.75
GUY,1965,59.92
GUY,1966,60.09
GUY,1967,60.25
GUY,1968,60.43
GUY,1969,60.59
GUY,1970,60.75
GUY,1971,60.92
GUY,1972,61.08
GUY,1973,61.24
GUY,1974,61.4
GUY,1975,61.56
GUY,1976,61.72
GUY,1977,61.88
GUY,1978,62.03
GUY,1979,62.18
GUY,1980,62.34
GUY,1981,62.5
GUY,1982,62.67
GUY,1983,62.85
GUY,1984,63.02
GUY,1985,63.21
GUY,1986,63.41
GUY,1987,63.61
GUY,1988,63.8
GUY,1989,64.01
GUY,1990,64.2
GUY,1991,64.3
GUY,1992,64.5
GUY,1993,64.4
GUY,1994,64.5
GUY,1995,64.4
GUY,1996,64.3
GUY,1997,64.3
GUY,1998,64.3
GUY,1999,64.3
GUY,2000,64.2
GUY,2001,63.9
GUY,2002,63.5
GUY,2003,63.7
GUY,2004,64.2
GUY,2005,64.4
GUY,2006,64.8
GUY,2007,64.9
GUY,2008,65
GUY,2009,65.3
GUY,2010,65.5
GUY,2011,65.6
GUY,2012,65.9
GUY,2013,66.2
GUY,2014,66.4
GUY,2015,66.8
GUY,2016,67.2
HTI,1800,29
HTI,1801,29
HTI,1802,29
HTI,1803,29
HTI,1804,29
HTI,1805,29
HTI,1806,29
HTI,1807,29
HTI,1808,29
HTI,1809,29
HTI,1810,29
HTI,1811,29
HTI,1812,29
HTI,1813,29
HTI,1814,29
HTI,1815,29
HTI,1816,29
HTI,1817,29
HTI,1818,29
HTI,1819,29
HTI,1820,29
HTI,1821,29
HTI,1822,29
HTI,1823,29
HTI,1824,29
HTI,1825,29
HTI,1826,29
HTI,1827,29
HTI,1828,29
HTI,1829,29
HTI,1830,29
HTI,1831,29
HTI,1832,29
HTI,1833,29
HTI,1834,29
HTI,1835,29
HTI,1836,29
HTI,1837,29
HTI,1838,29
HTI,1839,29
HTI,1840,29
HTI,1841,29
HTI,1842,29
HTI,1843,29
HTI,1844,29
HTI,1845,29
HTI,1846,29
HTI,1847,29
HTI,1848,29
HTI,1849,29
HTI,1850,29
HTI,1851,29
HTI,1852,29
HTI,1853,29
HTI,1854,29
HTI,1855,29
HTI,1856,29
HTI,1857,29
HTI,1858,29
HTI,1859,29
HTI,1860,29
HTI,1861,29
HTI,1862,29
HTI,1863,29
HTI,1864,29
HTI,1865,29
HTI,1866,29
HTI,1867,29
HTI,1868,29
HTI,1869,29
HTI,1870,29
HTI,1871,29
HTI,1872,29
HTI,1873,29
HTI,1874,29
HTI,1875,29
HTI,1876,29
HTI,1877,29
HTI,1878,29
HTI,1879,29
HTI,1880,29
HTI,1881,29
HTI,1882,29
HTI,1883,29
HTI,1884,29
HTI,1885,29
HTI,1886,29
HTI,1887,29
HTI,1888,29
HTI,1889,29
HTI,1890,29
HTI,1891,29
HTI,1892,29
HTI,1893,29
HTI,1894,29
HTI,1895,29
HTI,1896,29
HTI,1897,29
HTI,1898,29
HTI,1899,29
HTI,1900,29
HTI,1901,29
HTI,1902,29
HTI,1903,29
HTI,1904,29
HTI,1905,29
HTI,1906,29
HTI,1907,29
HTI,1908,29
HTI,1909,29
HTI,1910,29
HTI,1911,29
HTI,1912,29
HTI,1913,29
HTI,1914,29
HTI,1915,29
HTI,1916,29
HTI,1917,29
HTI,1918,18.81
HTI,1919,29
HTI,1920,29
HTI,1921,29
HTI,1922,29
HTI,1923,29
HTI,1924,29
HTI,1925,29
HTI,1926,29
HTI,1927,29
HTI,1928,29
HTI,1929,29
HTI,1930,29
HTI,1931,29
HTI,1932,29
HTI,1933,29
HTI,1934,29
HTI,1935,29
HTI,1936,29
HTI,1937,29
HTI,1938,29
HTI,1939,29
HTI,1940,29
HTI,1941,29
HTI,1942,28.99
HTI,1943,29.9
HTI,1944,30.81
HTI,1945,31.71
HTI,1946,32.61
HTI,1947,33.52
HTI,1948,34.42
HTI,1949,35.33
HTI,1950,36.24
HTI,1951,36.56
HTI,1952,37.22
HTI,1953,37.87
HTI,1954,38.5
HTI,1955,39.12
HTI,1956,39.74
HTI,1957,40.34
HTI,1958,40.93
HTI,1959,41.52
HTI,1960,42.1
HTI,1961,42.68
HTI,1962,43.26
HTI,1963,43.82
HTI,1964,44.38
HTI,1965,44.93
HTI,1966,45.43
HTI,1967,45.9
HTI,1968,46.33
HTI,1969,46.73
HTI,1970,47.1
HTI,1971,47.45
HTI,1972,47.81
HTI,1973,48.17
HTI,1974,48.53
HTI,1975,48.9
HTI,1976,49.28
HTI,1977,49.63
HTI,1978,49.97
HTI,1979,50.3
HTI,1980,50.62
HTI,1981,50.94
HTI,1982,51.29
HTI,1983,51.64
HTI,1984,52.02
HTI,1985,52.42
HTI,1986,52.81
HTI,1987,53.21
HTI,1988,53.59
HTI,1989,53.95
HTI,1990,54.3
HTI,1991,54.4
HTI,1992,54.9
HTI,1993,54.7
HTI,1994,55.4
HTI,1995,56.2
HTI,1996,56.7
HTI,1997,57
HTI,1998,57.5
HTI,1999,58
HTI,2000,58.7
HTI,2001,59.2
HTI,2002,59.6
HTI,2003,59.7
HTI,2004,58.6
HTI,2005,60
HTI,2006,60.3
HTI,2007,60.8
HTI,2008,61
HTI,2009,61.7
HTI,2010,32.2
HTI,2011,62.4
HTI,2012,62.9
HTI,2013,63.4
HTI,2014,63.8
HTI,2015,64.3
HTI,2016,64.8
HND,1800,33.9
HND,1801,33.9
HND,1802,33.9
HND,1803,33.9
HND,1804,33.9
HND,1805,33.9
HND,1806,33.9
HND,1807,33.9
HND,1808,33.9
HND,1809,33.9
HND,1810,33.9
HND,1811,33.9
HND,1812,33.9
HND,1813,33.9
HND,1814,33.9
HND,1815,33.9
HND,1816,33.9
HND,1817,33.9
HND,1818,33.9
HND,1819,33.9
HND,1820,33.9
HND,1821,33.9
HND,1822,33.9
HND,1823,33.9
HND,1824,33.9
HND,1825,33.9
HND,1826,33.9
HND,1827,33.9
HND,1828,33.9
HND,1829,33.9
HND,1830,33.9
HND,1831,33.9
HND,1832,33.9
HND,1833,33.9
HND,1834,33.9
HND,1835,33.9
HND,1836,33.9
HND,1837,33.9
HND,1838,33.9
HND,1839,33.9
HND,1840,33.9
HND,1841,33.9
HND,1842,33.9
HND,1843,33.9
HND,1844,33.9
HND,1845,33.9
HND,1846,33.9
HND,1847,33.9
HND,1848,33.9
HND,1849,33.9
HND,1850,33.9
HND,1851,33.9
HND,1852,33.9
HND,1853,33.9
HND,1854,33.9
HND,1855,33.9
HND,1856,33.9
HND,1857,33.9
HND,1858,33.9
HND,1859,33.9
HND,1860,33.9
HND,1861,33.9
HND,1862,33.9
HND,1863,33.9
HND,1864,33.9
HND,1865,33.9
HND,1866,33.9
HND,1867,33.9
HND,1868,33.9
HND,1869,33.9
HND,1870,33.9
HND,1871,33.9
HND,1872,33.9
HND,1873,33.9
HND,1874,33.9
HND,1875,33.9
HND,1876,33.9
HND,1877,33.9
HND,1878,33.9
HND,1879,33.9
HND,1880,33.9
HND,1881,33.9
HND,1882,33.9
HND,1883,33.9
HND,1884,33.9
HND,1885,33.9
HND,1886,33.9
HND,1887,33.9
HND,1888,33.9
HND,1889,33.9
HND,1890,33.9
HND,1891,33.9
HND,1892,33.9
HND,1893,33.9
HND,1894,33.9
HND,1895,33.9
HND,1896,33.9
HND,1897,33.9
HND,1898,33.9
HND,1899,33.9
HND,1900,33.9
HND,1901,33.9
HND,1902,33.9
HND,1903,33.9
HND,1904,33.9
HND,1905,33.9
HND,1906,33.9
HND,1907,33.9
HND,1908,33.9
HND,1909,33.9
HND,1910,33.9
HND,1911,33.9
HND,1912,33.9
HND,1913,33.9
HND,1914,33.9
HND,1915,33.9
HND,1916,33.9
HND,1917,33.9
HND,1918,29.97
HND,1919,33.9
HND,1920,33.9
HND,1921,33.9
HND,1922,33.9
HND,1923,33.9
HND,1924,33.9
HND,1925,33.9
HND,1926,33.9
HND,1927,33.9
HND,1928,33.9
HND,1929,33.9
HND,1930,33.9
HND,1931,34.25
HND,1932,34.59
HND,1933,34.94
HND,1934,35.29
HND,1935,35.64
HND,1936,35.98
HND,1937,36.33
HND,1938,36.68
HND,1939,37.03
HND,1940,37.37
HND,1941,37.79
HND,1942,38.21
HND,1943,38.64
HND,1944,39.05
HND,1945,39.47
HND,1946,39.89
HND,1947,40.31
HND,1948,40.73
HND,1949,41.15
HND,1950,41.57
HND,1951,41.86
HND,1952,42.39
HND,1953,42.95
HND,1954,43.54
HND,1955,44.16
HND,1956,44.83
HND,1957,45.52
HND,1958,46.23
HND,1959,46.97
HND,1960,47.71
HND,1961,48.47
HND,1962,49.21
HND,1963,49.94
HND,1964,50.65
HND,1965,51.35
HND,1966,52.02
HND,1967,52.68
HND,1968,53.34
HND,1969,54
HND,1970,54.68
HND,1971,55.37
HND,1972,56.07
HND,1973,56.8
HND,1974,57.56
HND,1975,58.34
HND,1976,59.15
HND,1977,59.97
HND,1978,60.8
HND,1979,61.65
HND,1980,62.5
HND,1981,63.36
HND,1982,64.24
HND,1983,65.12
HND,1984,66.01
HND,1985,66.86
HND,1986,67.67
HND,1987,68.42
HND,1988,69.11
HND,1989,69.73
HND,1990,70.3
HND,1991,70.3
HND,1992,70.1
HND,1993,69.9
HND,1994,70.1
HND,1995,70.1
HND,1996,70.1
HND,1997,70.2
HND,1998,63.9
HND,1999,70.3
HND,2000,70.5
HND,2001,70.6
HND,2002,70.7
HND,2003,70.8
HND,2004,71
HND,2005,71.2
HND,2006,71.4
HND,2007,71.6
HND,2008,71.8
HND,2009,71.9
HND,2010,72
HND,2011,72.2
HND,2012,72.3
HND,2013,72.6
HND,2014,72.8
HND,2015,73
HND,2016,73.2
HKG,1800,34.9
HKG,1801,34.9
HKG,1802,34.9
HKG,1803,34.9
HKG,1804,34.9
HKG,1805,34.9
HKG,1806,34.9
HKG,1807,34.9
HKG,1808,34.9
HKG,1809,34.9
HKG,1810,34.9
HKG,1811,34.9
HKG,1812,34.9
HKG,1813,34.9
HKG,1814,34.9
HKG,1815,34.9
HKG,1816,34.9
HKG,1817,34.9
HKG,1818,34.9
HKG,1819,34.9
HKG,1820,34.9
HKG,1821,34.9
HKG,1822,34.9
HKG,1823,34.9
HKG,1824,34.9
HKG,1825,34.9
HKG,1826,34.9
HKG,1827,34.9
HKG,1828,34.9
HKG,1829,34.9
HKG,1830,34.9
HKG,1831,34.9
HKG,1832,34.9
HKG,1833,34.9
HKG,1834,34.9
HKG,1835,34.9
HKG,1836,34.9
HKG,1837,34.9
HKG,1838,34.9
HKG,1839,34.9
HKG,1840,34.9
HKG,1841,34.9
HKG,1842,34.9
HKG,1843,34.9
HKG,1844,34.9
HKG,1845,34.9
HKG,1846,34.9
HKG,1847,34.9
HKG,1848,34.9
HKG,1849,34.9
HKG,1850,34.9
HKG,1851,34.9
HKG,1852,34.9
HKG,1853,34.9
HKG,1854,34.9
HKG,1855,34.9
HKG,1856,34.9
HKG,1857,34.9
HKG,1858,34.9
HKG,1859,34.9
HKG,1860,34.9
HKG,1861,34.9
HKG,1862,34.9
HKG,1863,34.9
HKG,1864,34.9
HKG,1865,34.9
HKG,1866,34.9
HKG,1867,34.9
HKG,1868,34.9
HKG,1869,34.9
HKG,1870,34.9
HKG,1871,34.9
HKG,1872,34.9
HKG,1873,34.9
HKG,1874,34.9
HKG,1875,34.9
HKG,1876,34.9
HKG,1877,34.9
HKG,1878,34.9
HKG,1879,34.9
HKG,1880,34.9
HKG,1881,34.9
HKG,1882,34.9
HKG,1883,34.9
HKG,1884,34.9
HKG,1885,34.9
HKG,1886,34.9
HKG,1887,34.9
HKG,1888,34.9
HKG,1889,34.9
HKG,1890,34.9
HKG,1891,34.9
HKG,1892,34.9
HKG,1893,34.9
HKG,1894,34.9
HKG,1895,34.9
HKG,1896,34.9
HKG,1897,34.9
HKG,1898,34.9
HKG,1899,34.9
HKG,1900,34.9
HKG,1901,34.9
HKG,1902,34.9
HKG,1903,34.9
HKG,1904,34.9
HKG,1905,34.9
HKG,1906,34.9
HKG,1907,34.9
HKG,1908,34.9
HKG,1909,34.9
HKG,1910,34.9
HKG,1911,34.9
HKG,1912,34.9
HKG,1913,34.9
HKG,1914,34.9
HKG,1915,34.9
HKG,1916,34.9
HKG,1917,34.9
HKG,1918,22.36
HKG,1919,34.9
HKG,1920,34.9
HKG,1921,35.81
HKG,1922,36.71
HKG,1923,37.62
HKG,1924,38.53
HKG,1925,39.44
HKG,1926,40.34
HKG,1927,41.25
HKG,1928,42.16
HKG,1929,43.07
HKG,1930,43.97
HKG,1931,44.88
HKG,1932,45.79
HKG,1933,46.7
HKG,1934,47.6
HKG,1935,48.51
HKG,1936,49.42
HKG,1937,50.33
HKG,1938,51.23
HKG,1939,52.14
HKG,1940,53.05
HKG,1941,53.95
HKG,1942,54.86
HKG,1943,55.77
HKG,1944,56.68
HKG,1945,57.58
HKG,1946,58.49
HKG,1947,59.4
HKG,1948,60.31
HKG,1949,61.21
HKG,1950,62.12
HKG,1951,62.38
HKG,1952,62.9
HKG,1953,63.43
HKG,1954,63.98
HKG,1955,64.54
HKG,1956,65.11
HKG,1957,65.69
HKG,1958,66.28
HKG,1959,66.87
HKG,1960,67.45
HKG,1961,68.01
HKG,1962,68.55
HKG,1963,69.05
HKG,1964,69.52
HKG,1965,69.96
HKG,1966,70.37
HKG,1967,70.77
HKG,1968,71.15
HKG,1969,71.53
HKG,1970,71.89
HKG,1971,72.25
HKG,1972,72.58
HKG,1973,72.9
HKG,1974,73.2
HKG,1975,73.49
HKG,1976,73.78
HKG,1977,74.06
HKG,1978,74.35
HKG,1979,74.64
HKG,1980,74.93
HKG,1981,75.22
HKG,1982,75.5
HKG,1983,75.77
HKG,1984,76.03
HKG,1985,76.28
HKG,1986,76.53
HKG,1987,76.78
HKG,1988,77.02
HKG,1989,77.27
HKG,1990,77.52
HKG,1991,77.77
HKG,1992,78.01
HKG,1993,78.25
HKG,1994,78.48
HKG,1995,78.72
HKG,1996,78.99
HKG,1997,79.29
HKG,1998,79.63
HKG,1999,79.99
HKG,2000,80.36
HKG,2001,80.73
HKG,2002,81.08
HKG,2003,81.4
HKG,2004,81.68
HKG,2005,81.92
HKG,2006,82.12
HKG,2007,82.31
HKG,2008,82.49
HKG,2009,82.66
HKG,2010,82.84
HKG,2011,83.02
HKG,2012,83.2
HKG,2013,83.38
HKG,2014,83.56
HKG,2015,83.73
HKG,2016,83.9
HUN,1800,36
HUN,1801,36
HUN,1802,36
HUN,1803,36
HUN,1804,36
HUN,1805,36
HUN,1806,36
HUN,1807,36
HUN,1808,36
HUN,1809,36
HUN,1810,36
HUN,1811,36
HUN,1812,36
HUN,1813,36
HUN,1814,36
HUN,1815,36
HUN,1816,36
HUN,1817,36
HUN,1818,36
HUN,1819,36
HUN,1820,36
HUN,1821,36
HUN,1822,36
HUN,1823,36
HUN,1824,36
HUN,1825,36
HUN,1826,36
HUN,1827,36
HUN,1828,36
HUN,1829,36
HUN,1830,36
HUN,1831,36
HUN,1832,36
HUN,1833,36
HUN,1834,36
HUN,1835,36
HUN,1836,36
HUN,1837,36
HUN,1838,36
HUN,1839,36
HUN,1840,36
HUN,1841,36
HUN,1842,36
HUN,1843,36
HUN,1844,36
HUN,1845,36
HUN,1846,36
HUN,1847,36
HUN,1848,36
HUN,1849,36
HUN,1850,36
HUN,1851,36
HUN,1852,36
HUN,1853,36
HUN,1854,36
HUN,1855,36
HUN,1856,36
HUN,1857,36
HUN,1858,36
HUN,1859,36
HUN,1860,36
HUN,1861,36
HUN,1862,36
HUN,1863,36
HUN,1864,36
HUN,1865,36
HUN,1866,36
HUN,1867,36
HUN,1868,36
HUN,1869,36
HUN,1870,36
HUN,1871,36
HUN,1872,36
HUN,1873,36
HUN,1874,36
HUN,1875,36
HUN,1876,36
HUN,1877,36
HUN,1878,36
HUN,1879,36
HUN,1880,36
HUN,1881,36
HUN,1882,36
HUN,1883,36
HUN,1884,36
HUN,1885,36
HUN,1886,36
HUN,1887,36
HUN,1888,36
HUN,1889,36
HUN,1890,36
HUN,1891,36.13
HUN,1892,36.27
HUN,1893,36.4
HUN,1894,36.53
HUN,1895,36.67
HUN,1896,36.8
HUN,1897,36.94
HUN,1898,37.07
HUN,1899,37.2
HUN,1900,37.34
HUN,1901,37.58
HUN,1902,37.82
HUN,1903,38.06
HUN,1904,38.3
HUN,1905,38.55
HUN,1906,38.79
HUN,1907,39.03
HUN,1908,39.27
HUN,1909,39.52
HUN,1910,39.76
HUN,1911,39.99
HUN,1912,40.22
HUN,1913,40.45
HUN,1914,40.68
HUN,1915,40.91
HUN,1916,41.14
HUN,1917,41.37
HUN,1918,30.11
HUN,1919,41.83
HUN,1920,42.06
HUN,1921,42.87
HUN,1922,43.69
HUN,1923,44.5
HUN,1924,45.32
HUN,1925,46.13
HUN,1926,46.95
HUN,1927,47.77
HUN,1928,48.58
HUN,1929,49.4
HUN,1930,50.21
HUN,1931,50.89
HUN,1932,51.57
HUN,1933,52.25
HUN,1934,52.93
HUN,1935,53.61
HUN,1936,54.29
HUN,1937,54.96
HUN,1938,55.64
HUN,1939,56.32
HUN,1940,57
HUN,1941,56.56
HUN,1942,51
HUN,1943,41.01
HUN,1944,26.01
HUN,1945,47.01
HUN,1946,55.01
HUN,1947,59.01
HUN,1948,60.71
HUN,1949,61.31
HUN,1950,62.09
HUN,1951,62.48
HUN,1952,64.05
HUN,1953,63.89
HUN,1954,65.46
HUN,1955,66.91
HUN,1956,66.07
HUN,1957,66.44
HUN,1958,67.45
HUN,1959,67.35
HUN,1960,68.13
HUN,1961,69.06
HUN,1962,68
HUN,1963,69.02
HUN,1964,69.52
HUN,1965,69.22
HUN,1966,69.98
HUN,1967,69.55
HUN,1968,69.38
HUN,1969,69.45
HUN,1970,69.29
HUN,1971,69.19
HUN,1972,69.82
HUN,1973,69.69
HUN,1974,69.41
HUN,1975,69.46
HUN,1976,69.75
HUN,1977,70.02
HUN,1978,69.56
HUN,1979,69.77
HUN,1980,69.18
HUN,1981,69.24
HUN,1982,69.47
HUN,1983,69.03
HUN,1984,69.07
HUN,1985,69.01
HUN,1986,69.22
HUN,1987,69.69
HUN,1988,70.09
HUN,1989,69.53
HUN,1990,69.5
HUN,1991,69.2
HUN,1992,69.1
HUN,1993,69.2
HUN,1994,69.5
HUN,1995,70.1
HUN,1996,70.5
HUN,1997,70.9
HUN,1998,71.1
HUN,1999,71.3
HUN,2000,71.8
HUN,2001,72.3
HUN,2002,72.6
HUN,2003,72.7
HUN,2004,72.9
HUN,2005,73.1
HUN,2006,73.3
HUN,2007,73.6
HUN,2008,73.9
HUN,2009,74.3
HUN,2010,74.6
HUN,2011,75
HUN,2012,75.5
HUN,2013,76.1
HUN,2014,76.5
HUN,2015,76.7
HUN,2016,76.9
ISL,1800,42.85
ISL,1801,33.88
ISL,1802,27.62
ISL,1803,19.6
ISL,1804,24.76
ISL,1805,30.85
ISL,1806,45.82
ISL,1807,43.56
ISL,1808,43.55
ISL,1809,40.42
ISL,1810,43.14
ISL,1811,38.56
ISL,1812,33.73
ISL,1813,33.3
ISL,1814,37.17
ISL,1815,45.15
ISL,1816,31.12
ISL,1817,45.65
ISL,1818,43.48
ISL,1819,36.82
ISL,1820,36.56
ISL,1821,31.01
ISL,1822,48.39
ISL,1823,45.89
ISL,1824,41.6
ISL,1825,32.79
ISL,1826,25.63
ISL,1827,24.92
ISL,1828,29.6
ISL,1829,34.9
ISL,1830,40.5
ISL,1831,40.47
ISL,1832,39.07
ISL,1833,35.94
ISL,1834,24.01
ISL,1835,36.63
ISL,1836,30.86
ISL,1837,32.81
ISL,1838,32.4
ISL,1839,27.95
ISL,1840,31.97
ISL,1841,40.22
ISL,1842,40.13
ISL,1843,25.39
ISL,1844,42.9
ISL,1845,41.35
ISL,1846,18.31
ISL,1847,32.94
ISL,1848,41.39
ISL,1849,37.14
ISL,1850,36.61
ISL,1851,30.01
ISL,1852,42.1
ISL,1853,48.6
ISL,1854,43.14
ISL,1855,38.15
ISL,1856,42.34
ISL,1857,39.49
ISL,1858,34.84
ISL,1859,29.67
ISL,1860,19.76
ISL,1861,27.09
ISL,1862,26.96
ISL,1863,35.11
ISL,1864,34.81
ISL,1865,34.21
ISL,1866,27.2
ISL,1867,37.54
ISL,1868,34.64
ISL,1869,28.03
ISL,1870,38.37
ISL,1871,35.02
ISL,1872,25.15
ISL,1873,36.61
ISL,1874,39.62
ISL,1875,36.54
ISL,1876,40.25
ISL,1877,44.64
ISL,1878,41.61
ISL,1879,39.52
ISL,1880,42.32
ISL,1881,35.82
ISL,1882,17.74
ISL,1883,30.27
ISL,1884,42.19
ISL,1885,45.46
ISL,1886,44.97
ISL,1887,40.6
ISL,1888,46.8
ISL,1889,52.47
ISL,1890,36.58
ISL,1891,47.49
ISL,1892,52.73
ISL,1893,52.58
ISL,1894,44.79
ISL,1895,52.52
ISL,1896,53.22
ISL,1897,48.52
ISL,1898,44.2
ISL,1899,49.79
ISL,1900,46.64
ISL,1901,52.98
ISL,1902,50.52
ISL,1903,48.84
ISL,1904,52.66
ISL,1905,49.51
ISL,1906,53.58
ISL,1907,49.74
ISL,1908,45.79
ISL,1909,52.36
ISL,1910,52.67
ISL,1911,55.47
ISL,1912,56
ISL,1913,58.95
ISL,1914,51.92
ISL,1915,53.66
ISL,1916,54.53
ISL,1917,59.02
ISL,1918,51.07
ISL,1919,58.49
ISL,1920,54.58
ISL,1921,54.21
ISL,1922,56.95
ISL,1923,57.67
ISL,1924,54
ISL,1925,58.23
ISL,1926,60.79
ISL,1927,58.12
ISL,1928,61.81
ISL,1929,60.55
ISL,1930,60.23
ISL,1931,60.83
ISL,1932,62.16
ISL,1933,63.02
ISL,1934,63.37
ISL,1935,59.49
ISL,1936,62.75
ISL,1937,63.52
ISL,1938,65.09
ISL,1939,65.99
ISL,1940,65.79
ISL,1941,63.19
ISL,1942,64.13
ISL,1943,65.24
ISL,1944,66.83
ISL,1945,67.56
ISL,1946,68.6
ISL,1947,69.43
ISL,1948,70.22
ISL,1949,71.5
ISL,1950,71.07
ISL,1951,71.12
ISL,1952,72.57
ISL,1953,72.39
ISL,1954,73.45
ISL,1955,73.4
ISL,1956,73.08
ISL,1957,73.58
ISL,1958,73.55
ISL,1959,72.78
ISL,1960,74.22
ISL,1961,73.6
ISL,1962,73.82
ISL,1963,73.13
ISL,1964,73.72
ISL,1965,74
ISL,1966,73.4
ISL,1967,73.9
ISL,1968,74.12
ISL,1969,73.9
ISL,1970,74
ISL,1971,73.75
ISL,1972,74.66
ISL,1973,74.52
ISL,1974,74.59
ISL,1975,75.57
ISL,1976,76.94
ISL,1977,76.35
ISL,1978,76.66
ISL,1979,76.88
ISL,1980,76.92
ISL,1981,76.61
ISL,1982,77.26
ISL,1983,76.91
ISL,1984,77.71
ISL,1985,77.85
ISL,1986,78.38
ISL,1987,77.53
ISL,1988,77.39
ISL,1989,78.46
ISL,1990,78.3
ISL,1991,78.4
ISL,1992,78.6
ISL,1993,78.8
ISL,1994,79.1
ISL,1995,78.9
ISL,1996,79.4
ISL,1997,79.6
ISL,1998,79.9
ISL,1999,80.2
ISL,2000,80.5
ISL,2001,80.8
ISL,2002,81
ISL,2003,81.3
ISL,2004,81.5
ISL,2005,81.7
ISL,2006,81.8
ISL,2007,82.1
ISL,2008,82.4
ISL,2009,82.5
ISL,2010,82.8
ISL,2011,82.9
ISL,2012,83.1
ISL,2013,83.2
ISL,2014,83.3
ISL,2015,83.3
ISL,2016,83.3
IND,1800,25.44
IND,1801,25.44
IND,1802,25
IND,1803,24
IND,1804,23.5
IND,1805,25.44
IND,1806,25.44
IND,1807,25.44
IND,1808,25.44
IND,1809,25.44
IND,1810,25.44
IND,1811,25.44
IND,1812,23
IND,1813,25.44
IND,1814,25.44
IND,1815,25.44
IND,1816,25.44
IND,1817,25.44
IND,1818,25.44
IND,1819,25.44
IND,1820,25.44
IND,1821,25.44
IND,1822,25.44
IND,1823,25.44
IND,1824,25.44
IND,1825,25.44
IND,1826,25.44
IND,1827,25.44
IND,1828,25.44
IND,1829,25.44
IND,1830,25.44
IND,1831,25.44
IND,1832,23
IND,1833,22
IND,1834,25.44
IND,1835,25.44
IND,1836,25.44
IND,1837,24.3
IND,1838,23.9
IND,1839,25.44
IND,1840,25.44
IND,1841,25.44
IND,1842,25.44
IND,1843,25.44
IND,1844,25.44
IND,1845,25.44
IND,1846,25.44
IND,1847,25.44
IND,1848,25.44
IND,1849,25.44
IND,1850,25.44
IND,1851,25.44
IND,1852,25.44
IND,1853,25.44
IND,1854,25.44
IND,1855,25.44
IND,1856,25.44
IND,1857,25.44
IND,1858,25.44
IND,1859,25.44
IND,1860,23
IND,1861,22
IND,1862,25.44
IND,1863,25.44
IND,1864,25.25
IND,1865,25.25
IND,1866,21.04
IND,1867,25.25
IND,1868,25.25
IND,1869,21.3
IND,1870,25.44
IND,1871,25.44
IND,1872,25.44
IND,1873,25.44
IND,1874,25.44
IND,1875,25.11
IND,1876,20
IND,1877,19
IND,1878,20
IND,1879,25.44
IND,1880,25.44
IND,1881,25.44
IND,1882,25.32
IND,1883,25.21
IND,1884,25.09
IND,1885,24.97
IND,1886,24.85
IND,1887,24.74
IND,1888,24.42
IND,1889,24.3
IND,1890,24.38
IND,1891,23.03
IND,1892,22.65
IND,1893,24.11
IND,1894,24.03
IND,1895,23.95
IND,1896,22.75
IND,1897,19.85
IND,1898,25.75
IND,1899,23.35
IND,1900,18.35
IND,1901,23.05
IND,1902,23.6
IND,1903,23.42
IND,1904,22
IND,1905,21.9
IND,1906,21.89
IND,1907,19.24
IND,1908,23.25
IND,1909,23.21
IND,1910,23.18
IND,1911,23.15
IND,1912,23.34
IND,1913,23.53
IND,1914,23.72
IND,1915,23.92
IND,1916,24.11
IND,1917,24.3
IND,1918,8.11
IND,1919,24.58
IND,1920,24.72
IND,1921,24.86
IND,1922,25.3
IND,1923,25.75
IND,1924,26.2
IND,1925,26.64
IND,1926,27.09
IND,1927,27.53
IND,1928,27.98
IND,1929,28.42
IND,1930,28.87
IND,1931,29.31
IND,1932,29.64
IND,1933,29.97
IND,1934,30.3
IND,1935,30.63
IND,1936,30.95
IND,1937,31.28
IND,1938,31.61
IND,1939,31.94
IND,1940,32.26
IND,1941,32.58
IND,1942,32.83
IND,1943,32.08
IND,1944,32.57
IND,1945,33.56
IND,1946,33.8
IND,1947,32.34
IND,1948,34.04
IND,1949,34.52
IND,1950,34.77
IND,1951,35.1
IND,1952,35.76
IND,1953,36.44
IND,1954,37.11
IND,1955,37.79
IND,1956,38.48
IND,1957,39.16
IND,1958,39.85
IND,1959,40.56
IND,1960,41.26
IND,1961,41.99
IND,1962,42.72
IND,1963,43.46
IND,1964,44.23
IND,1965,44.98
IND,1966,45.73
IND,1967,46.49
IND,1968,47.21
IND,1969,47.93
IND,1970,48.65
IND,1971,49.35
IND,1972,50.08
IND,1973,50.81
IND,1974,51.53
IND,1975,52.25
IND,1976,52.93
IND,1977,53.56
IND,1978,54.14
IND,1979,54.65
IND,1980,55.1
IND,1981,55.51
IND,1982,55.86
IND,1983,56.19
IND,1984,56.51
IND,1985,56.81
IND,1986,57.11
IND,1987,57.39
IND,1988,57.65
IND,1989,57.93
IND,1990,58.2
IND,1991,58.5
IND,1992,58.8
IND,1993,59.1
IND,1994,59.5
IND,1995,59.9
IND,1996,60.2
IND,1997,60.5
IND,1998,60.8
IND,1999,61.2
IND,2000,61.5
IND,2001,61.9
IND,2002,62.3
IND,2003,62.8
IND,2004,63.2
IND,2005,63.6
IND,2006,63.9
IND,2007,64.3
IND,2008,64.7
IND,2009,65
IND,2010,65.4
IND,2011,65.7
IND,2012,66.1
IND,2013,66.5
IND,2014,66.9
IND,2015,67.2
IND,2016,67.5
IDN,1800,30
IDN,1801,30
IDN,1802,30
IDN,1803,30
IDN,1804,30
IDN,1805,30
IDN,1806,30
IDN,1807,30
IDN,1808,30
IDN,1809,30
IDN,1810,30
IDN,1811,30
IDN,1812,30
IDN,1813,30
IDN,1814,30
IDN,1815,30
IDN,1816,30
IDN,1817,30
IDN,1818,30
IDN,1819,30
IDN,1820,30
IDN,1821,30
IDN,1822,30
IDN,1823,30
IDN,1824,30
IDN,1825,30
IDN,1826,30
IDN,1827,30
IDN,1828,30
IDN,1829,30
IDN,1830,30
IDN,1831,30
IDN,1832,30
IDN,1833,30
IDN,1834,30
IDN,1835,30
IDN,1836,30
IDN,1837,30
IDN,1838,30
IDN,1839,30
IDN,1840,30
IDN,1841,30
IDN,1842,30
IDN,1843,30
IDN,1844,30
IDN,1845,30
IDN,1846,30
IDN,1847,30
IDN,1848,30
IDN,1849,30
IDN,1850,30
IDN,1851,30
IDN,1852,30
IDN,1853,30
IDN,1854,30
IDN,1855,30
IDN,1856,30
IDN,1857,30
IDN,1858,30
IDN,1859,30
IDN,1860,30
IDN,1861,30
IDN,1862,30
IDN,1863,30
IDN,1864,30
IDN,1865,30
IDN,1866,30
IDN,1867,30
IDN,1868,30
IDN,1869,30
IDN,1870,30
IDN,1871,30
IDN,1872,30
IDN,1873,30
IDN,1874,30
IDN,1875,30
IDN,1876,30
IDN,1877,30
IDN,1878,30
IDN,1879,30
IDN,1880,30
IDN,1881,30
IDN,1882,30
IDN,1883,30
IDN,1884,30
IDN,1885,30
IDN,1886,30
IDN,1887,30
IDN,1888,30
IDN,1889,30
IDN,1890,30
IDN,1891,30
IDN,1892,30
IDN,1893,30
IDN,1894,30
IDN,1895,30
IDN,1896,30
IDN,1897,30
IDN,1898,30
IDN,1899,30
IDN,1900,30
IDN,1901,30
IDN,1902,30
IDN,1903,30
IDN,1904,30
IDN,1905,30
IDN,1906,30
IDN,1907,30
IDN,1908,30
IDN,1909,30
IDN,1910,30
IDN,1911,30
IDN,1912,30
IDN,1913,30
IDN,1914,30
IDN,1915,30
IDN,1916,30
IDN,1917,30
IDN,1918,14.03
IDN,1919,30
IDN,1920,30
IDN,1921,30
IDN,1922,30
IDN,1923,30
IDN,1924,30
IDN,1925,30
IDN,1926,30
IDN,1927,30
IDN,1928,30.5
IDN,1929,31
IDN,1930,31.5
IDN,1931,32
IDN,1932,32.5
IDN,1933,33
IDN,1934,33.5
IDN,1935,34
IDN,1936,34.5
IDN,1937,35
IDN,1938,35.38
IDN,1939,35.75
IDN,1940,36.13
IDN,1941,36.51
IDN,1942,29.02
IDN,1943,28.03
IDN,1944,27.04
IDN,1945,26.05
IDN,1946,30.56
IDN,1947,31.07
IDN,1948,31.58
IDN,1949,32.1
IDN,1950,36.51
IDN,1951,36.99
IDN,1952,37.93
IDN,1953,38.86
IDN,1954,39.78
IDN,1955,40.68
IDN,1956,41.57
IDN,1957,42.45
IDN,1958,43.32
IDN,1959,44.17
IDN,1960,45.01
IDN,1961,45.83
IDN,1962,46.65
IDN,1963,47.45
IDN,1964,48.24
IDN,1965,43.77
IDN,1966,44.18
IDN,1967,50.54
IDN,1968,51.27
IDN,1969,52
IDN,1970,52.71
IDN,1971,53.4
IDN,1972,54.09
IDN,1973,54.75
IDN,1974,55.41
IDN,1975,56.04
IDN,1976,56.67
IDN,1977,57.27
IDN,1978,57.87
IDN,1979,58.45
IDN,1980,59.01
IDN,1981,59.57
IDN,1982,60.12
IDN,1983,60.64
IDN,1984,61.16
IDN,1985,61.66
IDN,1986,62.15
IDN,1987,62.63
IDN,1988,63.1
IDN,1989,63.55
IDN,1990,64
IDN,1991,64.5
IDN,1992,64.9
IDN,1993,65.3
IDN,1994,65.7
IDN,1995,66.1
IDN,1996,66.4
IDN,1997,66.7
IDN,1998,67
IDN,1999,67.2
IDN,2000,67.5
IDN,2001,67.8
IDN,2002,68
IDN,2003,68.2
IDN,2004,66.7
IDN,2005,68.7
IDN,2006,68.9
IDN,2007,69.2
IDN,2008,69.4
IDN,2009,69.6
IDN,2010,69.8
IDN,2011,70.1
IDN,2012,70.3
IDN,2013,70.6
IDN,2014,70.8
IDN,2015,71.1
IDN,2016,71.4
IRN,1800,25.6
IRN,1801,25.6
IRN,1802,25.6
IRN,1803,25.6
IRN,1804,25.6
IRN,1805,25.6
IRN,1806,25.6
IRN,1807,25.6
IRN,1808,25.6
IRN,1809,25.6
IRN,1810,25.6
IRN,1811,25.6
IRN,1812,25.6
IRN,1813,25.6
IRN,1814,25.6
IRN,1815,25.6
IRN,1816,25.6
IRN,1817,25.6
IRN,1818,25.6
IRN,1819,25.6
IRN,1820,25.6
IRN,1821,25.6
IRN,1822,25.6
IRN,1823,25.6
IRN,1824,25.6
IRN,1825,25.6
IRN,1826,25.6
IRN,1827,25.6
IRN,1828,25.6
IRN,1829,25.6
IRN,1830,25.6
IRN,1831,25.6
IRN,1832,25.6
IRN,1833,25.6
IRN,1834,25.6
IRN,1835,25.6
IRN,1836,25.6
IRN,1837,25.6
IRN,1838,25.6
IRN,1839,25.6
IRN,1840,25.6
IRN,1841,25.6
IRN,1842,25.6
IRN,1843,25.6
IRN,1844,25.6
IRN,1845,25.6
IRN,1846,25.6
IRN,1847,25.6
IRN,1848,25.6
IRN,1849,25.6
IRN,1850,25.6
IRN,1851,25.6
IRN,1852,25.6
IRN,1853,25.6
IRN,1854,25.6
IRN,1855,25.6
IRN,1856,25.6
IRN,1857,25.6
IRN,1858,25.6
IRN,1859,25.6
IRN,1860,25.6
IRN,1861,25.6
IRN,1862,25.6
IRN,1863,25.6
IRN,1864,25.6
IRN,1865,25.6
IRN,1866,25.6
IRN,1867,25.6
IRN,1868,25.6
IRN,1869,25.6
IRN,1870,25.6
IRN,1871,25.6
IRN,1872,25.6
IRN,1873,25.6
IRN,1874,25.6
IRN,1875,25.6
IRN,1876,25.6
IRN,1877,25.6
IRN,1878,25.6
IRN,1879,25.6
IRN,1880,25.6
IRN,1881,25.6
IRN,1882,25.6
IRN,1883,25.6
IRN,1884,25.6
IRN,1885,25.6
IRN,1886,25.6
IRN,1887,25.6
IRN,1888,25.6
IRN,1889,25.6
IRN,1890,25.6
IRN,1891,25.6
IRN,1892,25.6
IRN,1893,25.6
IRN,1894,25.6
IRN,1895,25.6
IRN,1896,25.6
IRN,1897,25.6
IRN,1898,25.6
IRN,1899,25.6
IRN,1900,25.6
IRN,1901,25.6
IRN,1902,25.6
IRN,1903,25.6
IRN,1904,25.6
IRN,1905,25.6
IRN,1906,25.6
IRN,1907,25.6
IRN,1908,25.6
IRN,1909,25.6
IRN,1910,25.6
IRN,1911,25.6
IRN,1912,25.6
IRN,1913,25.6
IRN,1914,25.6
IRN,1915,25.6
IRN,1916,25.6
IRN,1917,25.6
IRN,1918,21.22
IRN,1919,25.6
IRN,1920,25.6
IRN,1921,25.6
IRN,1922,25.6
IRN,1923,25.6
IRN,1924,25.6
IRN,1925,25.6
IRN,1926,25.6
IRN,1927,25.6
IRN,1928,25.6
IRN,1929,25.6
IRN,1930,25.6
IRN,1931,25.6
IRN,1932,25.6
IRN,1933,25.6
IRN,1934,25.6
IRN,1935,25.6
IRN,1936,25.6
IRN,1937,25.6
IRN,1938,25.6
IRN,1939,25.6
IRN,1940,25.6
IRN,1941,27.03
IRN,1942,28.46
IRN,1943,29.91
IRN,1944,31.34
IRN,1945,32.77
IRN,1946,34.2
IRN,1947,35.64
IRN,1948,37.07
IRN,1949,38.51
IRN,1950,39.94
IRN,1951,40.29
IRN,1952,40.92
IRN,1953,41.56
IRN,1954,42.19
IRN,1955,42.84
IRN,1956,43.47
IRN,1957,44.11
IRN,1958,44.74
IRN,1959,45.38
IRN,1960,46
IRN,1961,46.61
IRN,1962,47.22
IRN,1963,47.83
IRN,1964,48.43
IRN,1965,49.04
IRN,1966,49.66
IRN,1967,50.3
IRN,1968,50.98
IRN,1969,51.67
IRN,1970,52.43
IRN,1971,53.28
IRN,1972,54.24
IRN,1973,55.24
IRN,1974,56.24
IRN,1975,57.1
IRN,1976,57.64
IRN,1977,57.78
IRN,1978,57.52
IRN,1979,56.95
IRN,1980,56.24
IRN,1981,55.62
IRN,1982,55.32
IRN,1983,55.49
IRN,1984,56.19
IRN,1985,57.39
IRN,1986,59.01
IRN,1987,60.83
IRN,1988,62.67
IRN,1989,64.43
IRN,1990,66
IRN,1991,67.8
IRN,1992,68.5
IRN,1993,69.1
IRN,1994,69.6
IRN,1995,69.9
IRN,1996,69.8
IRN,1997,70.3
IRN,1998,70.8
IRN,1999,71.3
IRN,2000,71.4
IRN,2001,71.3
IRN,2002,71.3
IRN,2003,70.1
IRN,2004,71.5
IRN,2005,71.9
IRN,2006,72.4
IRN,2007,72.8
IRN,2008,73.1
IRN,2009,73.4
IRN,2010,73.7
IRN,2011,74.1
IRN,2012,74.3
IRN,2013,74.5
IRN,2014,74.6
IRN,2015,74.6
IRN,2016,74.6
IRQ,1800,31.2
IRQ,1801,31.2
IRQ,1802,31.2
IRQ,1803,31.2
IRQ,1804,31.2
IRQ,1805,31.2
IRQ,1806,31.2
IRQ,1807,31.2
IRQ,1808,31.2
IRQ,1809,31.2
IRQ,1810,31.2
IRQ,1811,31.2
IRQ,1812,31.2
IRQ,1813,31.2
IRQ,1814,31.2
IRQ,1815,31.2
IRQ,1816,31.2
IRQ,1817,31.2
IRQ,1818,31.2
IRQ,1819,31.2
IRQ,1820,31.2
IRQ,1821,31.2
IRQ,1822,31.2
IRQ,1823,31.2
IRQ,1824,31.2
IRQ,1825,31.2
IRQ,1826,31.2
IRQ,1827,31.2
IRQ,1828,31.2
IRQ,1829,31.2
IRQ,1830,31.2
IRQ,1831,31.2
IRQ,1832,31.2
IRQ,1833,31.2
IRQ,1834,31.2
IRQ,1835,31.2
IRQ,1836,31.2
IRQ,1837,31.2
IRQ,1838,31.2
IRQ,1839,31.2
IRQ,1840,31.2
IRQ,1841,31.2
IRQ,1842,31.2
IRQ,1843,31.2
IRQ,1844,31.2
IRQ,1845,31.2
IRQ,1846,31.2
IRQ,1847,31.2
IRQ,1848,31.2
IRQ,1849,31.2
IRQ,1850,31.2
IRQ,1851,31.2
IRQ,1852,31.2
IRQ,1853,31.2
IRQ,1854,31.2
IRQ,1855,31.2
IRQ,1856,31.2
IRQ,1857,31.2
IRQ,1858,31.2
IRQ,1859,31.2
IRQ,1860,31.2
IRQ,1861,31.2
IRQ,1862,31.2
IRQ,1863,31.2
IRQ,1864,31.2
IRQ,1865,31.2
IRQ,1866,31.2
IRQ,1867,31.2
IRQ,1868,31.2
IRQ,1869,31.2
IRQ,1870,31.2
IRQ,1871,31.2
IRQ,1872,31.2
IRQ,1873,31.2
IRQ,1874,31.2
IRQ,1875,31.2
IRQ,1876,31.2
IRQ,1877,31.2
IRQ,1878,31.2
IRQ,1879,31.2
IRQ,1880,31.2
IRQ,1881,31.2
IRQ,1882,31.2
IRQ,1883,31.2
IRQ,1884,31.2
IRQ,1885,31.2
IRQ,1886,31.2
IRQ,1887,31.2
IRQ,1888,31.2
IRQ,1889,31.2
IRQ,1890,31.2
IRQ,1891,31.2
IRQ,1892,31.2
IRQ,1893,31.2
IRQ,1894,31.2
IRQ,1895,31.2
IRQ,1896,31.2
IRQ,1897,31.2
IRQ,1898,31.2
IRQ,1899,31.2
IRQ,1900,31.2
IRQ,1901,31.2
IRQ,1902,31.2
IRQ,1903,31.2
IRQ,1904,31.2
IRQ,1905,31.2
IRQ,1906,31.2
IRQ,1907,31.2
IRQ,1908,31.2
IRQ,1909,31.2
IRQ,1910,31.2
IRQ,1911,31.2
IRQ,1912,31.2
IRQ,1913,31.2
IRQ,1914,31.2
IRQ,1915,31.2
IRQ,1916,31.2
IRQ,1917,31.2
IRQ,1918,25.87
IRQ,1919,31.2
IRQ,1920,31.2
IRQ,1921,31.2
IRQ,1922,31.2
IRQ,1923,31.2
IRQ,1924,31.2
IRQ,1925,31.2
IRQ,1926,31.2
IRQ,1927,31.2
IRQ,1928,31.2
IRQ,1929,31.2
IRQ,1930,31.2
IRQ,1931,31.2
IRQ,1932,31.2
IRQ,1933,31.2
IRQ,1934,31.2
IRQ,1935,31.2
IRQ,1936,31.2
IRQ,1937,31.2
IRQ,1938,31.2
IRQ,1939,31.2
IRQ,1940,31.2
IRQ,1941,31.52
IRQ,1942,31.82
IRQ,1943,32.14
IRQ,1944,32.46
IRQ,1945,32.77
IRQ,1946,33.08
IRQ,1947,33.4
IRQ,1948,33.71
IRQ,1949,34.02
IRQ,1950,34.34
IRQ,1951,35.08
IRQ,1952,36.58
IRQ,1953,38.04
IRQ,1954,39.45
IRQ,1955,40.81
IRQ,1956,42.11
IRQ,1957,43.38
IRQ,1958,44.61
IRQ,1959,45.79
IRQ,1960,46.96
IRQ,1961,48.11
IRQ,1962,49.24
IRQ,1963,50.36
IRQ,1964,51.46
IRQ,1965,52.52
IRQ,1966,53.51
IRQ,1967,54.42
IRQ,1968,55.24
IRQ,1969,55.96
IRQ,1970,56.61
IRQ,1971,57.21
IRQ,1972,57.77
IRQ,1973,58.31
IRQ,1974,58.81
IRQ,1975,59.19
IRQ,1976,59.35
IRQ,1977,59.26
IRQ,1978,58.94
IRQ,1979,58.44
IRQ,1980,57.91
IRQ,1981,57.52
IRQ,1982,57.41
IRQ,1983,57.68
IRQ,1984,58.34
IRQ,1985,59.36
IRQ,1986,60.65
IRQ,1987,62.05
IRQ,1988,63.41
IRQ,1989,64.65
IRQ,1990,65.7
IRQ,1991,63.9
IRQ,1992,65.4
IRQ,1993,65.4
IRQ,1994,65.4
IRQ,1995,65.3
IRQ,1996,65.3
IRQ,1997,65.2
IRQ,1998,65.7
IRQ,1999,65.9
IRQ,2000,65.8
IRQ,2001,66.4
IRQ,2002,66.1
IRQ,2003,66.1
IRQ,2004,66.3
IRQ,2005,65.7
IRQ,2006,65.1
IRQ,2007,65.3
IRQ,2008,66.6
IRQ,2009,67.1
IRQ,2010,67.3
IRQ,2011,67.7
IRQ,2012,68.1
IRQ,2013,68.3
IRQ,2014,67.7
IRQ,2015,67.4
IRQ,2016,67.1
IRL,1800,38.3
IRL,1801,38.3
IRL,1802,38.3
IRL,1803,38.3
IRL,1804,38.3
IRL,1805,38.3
IRL,1806,38.3
IRL,1807,38.3
IRL,1808,38.3
IRL,1809,38.3
IRL,1810,38.3
IRL,1811,38.3
IRL,1812,38.3
IRL,1813,38.3
IRL,1814,38.3
IRL,1815,38.3
IRL,1816,38.3
IRL,1817,38.3
IRL,1818,38.3
IRL,1819,38.3
IRL,1820,38.3
IRL,1821,38.3
IRL,1822,38.3
IRL,1823,38.3
IRL,1824,38.3
IRL,1825,38.3
IRL,1826,38.3
IRL,1827,38.3
IRL,1828,38.3
IRL,1829,38.3
IRL,1830,38.3
IRL,1831,38.3
IRL,1832,38.3
IRL,1833,38.3
IRL,1834,38.3
IRL,1835,38.3
IRL,1836,38.3
IRL,1837,38.3
IRL,1838,38.3
IRL,1839,38.3
IRL,1840,38.3
IRL,1841,38.3
IRL,1842,38.3
IRL,1843,38.3
IRL,1844,38.3
IRL,1845,38.3
IRL,1846,19.8
IRL,1847,24
IRL,1848,14.9
IRL,1849,14.1
IRL,1850,31.2
IRL,1851,38.3
IRL,1852,38.3
IRL,1853,38.3
IRL,1854,38.3
IRL,1855,38.3
IRL,1856,38.3
IRL,1857,38.3
IRL,1858,38.3
IRL,1859,38.3
IRL,1860,38.56
IRL,1861,38.83
IRL,1862,39.09
IRL,1863,39.36
IRL,1864,39.62
IRL,1865,39.89
IRL,1866,40.15
IRL,1867,40.41
IRL,1868,40.68
IRL,1869,40.94
IRL,1870,41.21
IRL,1871,41.47
IRL,1872,41.74
IRL,1873,42
IRL,1874,42.26
IRL,1875,42.53
IRL,1876,42.79
IRL,1877,43.06
IRL,1878,43.32
IRL,1879,43.59
IRL,1880,43.85
IRL,1881,44.11
IRL,1882,44.38
IRL,1883,44.64
IRL,1884,44.91
IRL,1885,45.17
IRL,1886,45.44
IRL,1887,45.7
IRL,1888,45.96
IRL,1889,46.23
IRL,1890,46.49
IRL,1891,46.76
IRL,1892,47.02
IRL,1893,47.29
IRL,1894,47.55
IRL,1895,47.81
IRL,1896,48.08
IRL,1897,48.34
IRL,1898,48.61
IRL,1899,48.87
IRL,1900,49.14
IRL,1901,49.4
IRL,1902,49.84
IRL,1903,50.28
IRL,1904,50.72
IRL,1905,51.16
IRL,1906,51.6
IRL,1907,52.04
IRL,1908,52.48
IRL,1909,52.92
IRL,1910,53.36
IRL,1911,53.8
IRL,1912,54.05
IRL,1913,54.31
IRL,1914,54.56
IRL,1915,54.81
IRL,1916,55.07
IRL,1917,55.32
IRL,1918,49.68
IRL,1919,55.83
IRL,1920,56.08
IRL,1921,56.33
IRL,1922,56.59
IRL,1923,56.84
IRL,1924,57.09
IRL,1925,57.35
IRL,1926,57.6
IRL,1927,57.73
IRL,1928,57.86
IRL,1929,57.99
IRL,1930,58.12
IRL,1931,58.25
IRL,1932,58.38
IRL,1933,58.51
IRL,1934,58.64
IRL,1935,58.77
IRL,1936,58.9
IRL,1937,59.12
IRL,1938,59.34
IRL,1939,59.56
IRL,1940,59.78
IRL,1941,60.03
IRL,1942,60.33
IRL,1943,60.64
IRL,1944,60.95
IRL,1945,61.25
IRL,1946,61.56
IRL,1947,62.63
IRL,1948,63.72
IRL,1949,64.8
IRL,1950,65.87
IRL,1951,65.07
IRL,1952,67.52
IRL,1953,68.3
IRL,1954,68.44
IRL,1955,68.46
IRL,1956,69.43
IRL,1957,69.51
IRL,1958,69.84
IRL,1959,69.99
IRL,1960,70.76
IRL,1961,70.24
IRL,1962,70.57
IRL,1963,70.85
IRL,1964,71.12
IRL,1965,71.35
IRL,1966,70.89
IRL,1967,71.95
IRL,1968,71.67
IRL,1969,71.62
IRL,1970,71.68
IRL,1971,72.5
IRL,1972,71.86
IRL,1973,72.11
IRL,1974,72.08
IRL,1975,72.68
IRL,1976,72.81
IRL,1977,72.98
IRL,1978,72.98
IRL,1979,73.28
IRL,1980,73.66
IRL,1981,74.04
IRL,1982,74.34
IRL,1983,74.4
IRL,1984,74.87
IRL,1985,74.84
IRL,1986,74.93
IRL,1987,75.76
IRL,1988,75.82
IRL,1989,75.87
IRL,1990,76.3
IRL,1991,76.7
IRL,1992,76.8
IRL,1993,76.9
IRL,1994,77.3
IRL,1995,77.1
IRL,1996,77.5
IRL,1997,77.4
IRL,1998,77.6
IRL,1999,77.7
IRL,2000,77.8
IRL,2001,78.4
IRL,2002,78.8
IRL,2003,79.1
IRL,2004,79.3
IRL,2005,79.7
IRL,2006,79.8
IRL,2007,80.1
IRL,2008,80.1
IRL,2009,80.3
IRL,2010,81
IRL,2011,80.6
IRL,2012,81.1
IRL,2013,81.5
IRL,2014,81.6
IRL,2015,81.7
IRL,2016,81.8
ISR,1800,32
ISR,1801,32
ISR,1802,32
ISR,1803,32
ISR,1804,32
ISR,1805,32
ISR,1806,32
ISR,1807,32
ISR,1808,32
ISR,1809,32
ISR,1810,32
ISR,1811,32
ISR,1812,32
ISR,1813,32
ISR,1814,32
ISR,1815,32
ISR,1816,32
ISR,1817,32
ISR,1818,32
ISR,1819,32
ISR,1820,32
ISR,1821,32
ISR,1822,32
ISR,1823,32
ISR,1824,32
ISR,1825,32
ISR,1826,32
ISR,1827,32
ISR,1828,32
ISR,1829,32
ISR,1830,32
ISR,1831,32
ISR,1832,32
ISR,1833,32
ISR,1834,32
ISR,1835,32
ISR,1836,32
ISR,1837,32
ISR,1838,32
ISR,1839,32
ISR,1840,32
ISR,1841,32
ISR,1842,32
ISR,1843,32
ISR,1844,32
ISR,1845,32
ISR,1846,32
ISR,1847,32
ISR,1848,32
ISR,1849,32
ISR,1850,32
ISR,1851,32
ISR,1852,32
ISR,1853,32
ISR,1854,32
ISR,1855,32
ISR,1856,32
ISR,1857,32
ISR,1858,32
ISR,1859,32
ISR,1860,32
ISR,1861,32
ISR,1862,32
ISR,1863,32
ISR,1864,32
ISR,1865,32
ISR,1866,32
ISR,1867,32
ISR,1868,32
ISR,1869,32
ISR,1870,32
ISR,1871,32
ISR,1872,32
ISR,1873,32
ISR,1874,32
ISR,1875,32
ISR,1876,32
ISR,1877,32
ISR,1878,32
ISR,1879,32
ISR,1880,32
ISR,1881,32
ISR,1882,32
ISR,1883,32
ISR,1884,32
ISR,1885,32
ISR,1886,32
ISR,1887,32
ISR,1888,32
ISR,1889,32
ISR,1890,32
ISR,1891,32
ISR,1892,32
ISR,1893,32
ISR,1894,32
ISR,1895,32
ISR,1896,32
ISR,1897,32
ISR,1898,32
ISR,1899,32
ISR,1900,32
ISR,1901,32
ISR,1902,32
ISR,1903,32
ISR,1904,32
ISR,1905,32
ISR,1906,32
ISR,1907,32
ISR,1908,32
ISR,1909,32
ISR,1910,32
ISR,1911,32
ISR,1912,32
ISR,1913,32
ISR,1914,32
ISR,1915,32
ISR,1916,32
ISR,1917,32
ISR,1918,26.53
ISR,1919,32
ISR,1920,32
ISR,1921,32
ISR,1922,32
ISR,1923,32
ISR,1924,32
ISR,1925,32
ISR,1926,32
ISR,1927,32
ISR,1928,32
ISR,1929,32
ISR,1930,32
ISR,1931,32
ISR,1932,32
ISR,1933,32
ISR,1934,32
ISR,1935,32
ISR,1936,34.14
ISR,1937,36.29
ISR,1938,38.43
ISR,1939,40.58
ISR,1940,42.72
ISR,1941,44.86
ISR,1942,46.99
ISR,1943,49.14
ISR,1944,51.27
ISR,1945,53.41
ISR,1946,55.54
ISR,1947,57.69
ISR,1948,59.82
ISR,1949,61.96
ISR,1950,64.09
ISR,1951,64.42
ISR,1952,65.04
ISR,1953,65.62
ISR,1954,66.15
ISR,1955,66.65
ISR,1956,67.1
ISR,1957,67.51
ISR,1958,67.89
ISR,1959,68.24
ISR,1960,68.55
ISR,1961,68.85
ISR,1962,69.13
ISR,1963,69.41
ISR,1964,69.68
ISR,1965,69.93
ISR,1966,70.17
ISR,1967,70.39
ISR,1968,70.6
ISR,1969,70.78
ISR,1970,70.96
ISR,1971,71.13
ISR,1972,71.33
ISR,1973,71.54
ISR,1974,71.78
ISR,1975,72.04
ISR,1976,72.33
ISR,1977,72.62
ISR,1978,72.9
ISR,1979,73.19
ISR,1980,73.47
ISR,1981,73.74
ISR,1982,73.99
ISR,1983,74.49
ISR,1984,74.78
ISR,1985,75.1
ISR,1986,74.92
ISR,1987,75.29
ISR,1988,75.65
ISR,1989,76.24
ISR,1990,76.7
ISR,1991,76.5
ISR,1992,76.3
ISR,1993,76.9
ISR,1994,77.1
ISR,1995,77.4
ISR,1996,77.7
ISR,1997,77.9
ISR,1998,78.1
ISR,1999,78.5
ISR,2000,78.6
ISR,2001,78.8
ISR,2002,78.6
ISR,2003,79.1
ISR,2004,79.5
ISR,2005,79.7
ISR,2006,79.6
ISR,2007,80.3
ISR,2008,80.6
ISR,2009,81
ISR,2010,81.6
ISR,2011,81.6
ISR,2012,82.1
ISR,2013,82
ISR,2014,81.3
ISR,2015,82.1
ISR,2016,82.91
ITA,1800,29.69
ITA,1801,29.69
ITA,1802,29.69
ITA,1803,29.69
ITA,1804,29.69
ITA,1805,29.69
ITA,1806,29.69
ITA,1807,29.69
ITA,1808,29.69
ITA,1809,29.69
ITA,1810,29.69
ITA,1811,29.69
ITA,1812,29.69
ITA,1813,29.69
ITA,1814,29.69
ITA,1815,29.69
ITA,1816,29.69
ITA,1817,29.69
ITA,1818,29.69
ITA,1819,29.69
ITA,1820,29.69
ITA,1821,29.69
ITA,1822,29.69
ITA,1823,29.69
ITA,1824,29.69
ITA,1825,29.69
ITA,1826,29.69
ITA,1827,29.69
ITA,1828,29.69
ITA,1829,29.69
ITA,1830,29.69
ITA,1831,29.69
ITA,1832,29.69
ITA,1833,29.69
ITA,1834,29.69
ITA,1835,29.69
ITA,1836,29.69
ITA,1837,29.69
ITA,1838,29.69
ITA,1839,29.69
ITA,1840,29.69
ITA,1841,29.69
ITA,1842,29.69
ITA,1843,29.69
ITA,1844,29.69
ITA,1845,29.69
ITA,1846,29.69
ITA,1847,29.69
ITA,1848,29.69
ITA,1849,29.69
ITA,1850,29.69
ITA,1851,29.69
ITA,1852,29.69
ITA,1853,29.69
ITA,1854,29.69
ITA,1855,29.69
ITA,1856,29.69
ITA,1857,29.69
ITA,1858,29.69
ITA,1859,29.69
ITA,1860,29.69
ITA,1861,29.69
ITA,1862,29.69
ITA,1863,29.69
ITA,1864,29.69
ITA,1865,29.69
ITA,1866,29.69
ITA,1867,29.69
ITA,1868,29.69
ITA,1869,29.69
ITA,1870,29.69
ITA,1871,29.69
ITA,1872,29.69
ITA,1873,31.6
ITA,1874,31.75
ITA,1875,31.31
ITA,1876,33.6
ITA,1877,34.88
ITA,1878,34.32
ITA,1879,33.95
ITA,1880,32.74
ITA,1881,34.2
ITA,1882,34.29
ITA,1883,35.18
ITA,1884,36.6
ITA,1885,36.83
ITA,1886,35.1
ITA,1887,35.97
ITA,1888,36.92
ITA,1889,39.05
ITA,1890,38.5
ITA,1891,38.46
ITA,1892,38.84
ITA,1893,39.79
ITA,1894,39.91
ITA,1895,39.61
ITA,1896,40.7
ITA,1897,43.29
ITA,1898,42.33
ITA,1899,43.67
ITA,1900,41.66
ITA,1901,43.52
ITA,1902,42.99
ITA,1903,43.15
ITA,1904,44.43
ITA,1905,43.94
ITA,1906,45.09
ITA,1907,45.45
ITA,1908,43.19
ITA,1909,44.67
ITA,1910,46.75
ITA,1911,44.77
ITA,1912,48.98
ITA,1913,48.46
ITA,1914,49.89
ITA,1915,42.34
ITA,1916,39.27
ITA,1917,37.69
ITA,1918,25.62
ITA,1919,42.1
ITA,1920,45.51
ITA,1921,49.25
ITA,1922,50.01
ITA,1923,51.45
ITA,1924,51.51
ITA,1925,51.31
ITA,1926,50.96
ITA,1927,52.58
ITA,1928,52.67
ITA,1929,52.29
ITA,1930,55.2
ITA,1931,54.78
ITA,1932,54.77
ITA,1933,56.29
ITA,1934,56.86
ITA,1935,56.22
ITA,1936,56.75
ITA,1937,55.49
ITA,1938,56.13
ITA,1939,57.64
ITA,1940,56.95
ITA,1941,54.62
ITA,1942,52.45
ITA,1943,49.19
ITA,1944,52.34
ITA,1945,54.77
ITA,1946,58.96
ITA,1947,61.17
ITA,1948,63.44
ITA,1949,64.1
ITA,1950,65.76
ITA,1951,65.3
ITA,1952,65.93
ITA,1953,66.56
ITA,1954,67.88
ITA,1955,68.23
ITA,1956,67.62
ITA,1957,67.79
ITA,1958,68.85
ITA,1959,69.3
ITA,1960,69.19
ITA,1961,69.82
ITA,1962,69.21
ITA,1963,69.32
ITA,1964,70.37
ITA,1965,70.24
ITA,1966,70.99
ITA,1967,71.03
ITA,1968,70.85
ITA,1969,70.87
ITA,1970,71.62
ITA,1971,71.87
ITA,1972,72.15
ITA,1973,72.09
ITA,1974,72.81
ITA,1975,72.72
ITA,1976,73.07
ITA,1977,73.44
ITA,1978,73.78
ITA,1979,74.11
ITA,1980,74.07
ITA,1981,74.46
ITA,1982,74.93
ITA,1983,74.75
ITA,1984,75.51
ITA,1985,75.62
ITA,1986,75.94
ITA,1987,76.36
ITA,1988,76.54
ITA,1989,76.94
ITA,1990,77
ITA,1991,77
ITA,1992,77.3
ITA,1993,77.6
ITA,1994,77.8
ITA,1995,78.1
ITA,1996,78.3
ITA,1997,78.7
ITA,1998,78.9
ITA,1999,79.3
ITA,2000,79.6
ITA,2001,79.8
ITA,2002,80.1
ITA,2003,80.1
ITA,2004,80.9
ITA,2005,81.1
ITA,2006,81.2
ITA,2007,81.3
ITA,2008,81.5
ITA,2009,81.6
ITA,2010,81.9
ITA,2011,82
ITA,2012,82
ITA,2013,82.1
ITA,2014,82.1
ITA,2015,82.2
ITA,2016,82.3
JAM,1800,34.2
JAM,1801,34.2
JAM,1802,34.2
JAM,1803,34.2
JAM,1804,34.2
JAM,1805,34.2
JAM,1806,34.2
JAM,1807,34.2
JAM,1808,34.2
JAM,1809,34.2
JAM,1810,34.2
JAM,1811,34.2
JAM,1812,34.2
JAM,1813,34.2
JAM,1814,34.2
JAM,1815,34.2
JAM,1816,34.2
JAM,1817,34.2
JAM,1818,34.2
JAM,1819,34.2
JAM,1820,34.2
JAM,1821,34.2
JAM,1822,34.2
JAM,1823,34.2
JAM,1824,34.2
JAM,1825,34.2
JAM,1826,34.2
JAM,1827,34.2
JAM,1828,34.2
JAM,1829,34.2
JAM,1830,34.2
JAM,1831,34.2
JAM,1832,34.2
JAM,1833,34.2
JAM,1834,34.2
JAM,1835,34.2
JAM,1836,34.2
JAM,1837,34.2
JAM,1838,34.2
JAM,1839,34.2
JAM,1840,34.2
JAM,1841,34.2
JAM,1842,34.2
JAM,1843,34.2
JAM,1844,34.2
JAM,1845,34.2
JAM,1846,34.2
JAM,1847,34.2
JAM,1848,34.2
JAM,1849,34.2
JAM,1850,34.2
JAM,1851,34.2
JAM,1852,34.2
JAM,1853,34.2
JAM,1854,34.2
JAM,1855,34.2
JAM,1856,34.2
JAM,1857,34.2
JAM,1858,34.2
JAM,1859,34.2
JAM,1860,34.2
JAM,1861,34.2
JAM,1862,34.2
JAM,1863,34.2
JAM,1864,34.2
JAM,1865,34.2
JAM,1866,34.2
JAM,1867,34.2
JAM,1868,34.2
JAM,1869,34.2
JAM,1870,34.2
JAM,1871,34.2
JAM,1872,34.2
JAM,1873,34.2
JAM,1874,34.2
JAM,1875,34.2
JAM,1876,34.2
JAM,1877,34.2
JAM,1878,34.2
JAM,1879,34.2
JAM,1880,34.2
JAM,1881,34.2
JAM,1882,40.1
JAM,1883,38.1
JAM,1884,37.2
JAM,1885,37.8
JAM,1886,36.9
JAM,1887,35.5
JAM,1888,38.6
JAM,1889,37.6
JAM,1890,34.3
JAM,1891,37.3
JAM,1892,39.2
JAM,1893,38.6
JAM,1894,39
JAM,1895,37.4
JAM,1896,37.6
JAM,1897,37
JAM,1898,39.1
JAM,1899,37.6
JAM,1900,37.8
JAM,1901,38.1
JAM,1902,40.4
JAM,1903,34.6
JAM,1904,33.6
JAM,1905,37.6
JAM,1906,32.4
JAM,1907,29.5
JAM,1908,36.8
JAM,1909,37.3
JAM,1910,36.7
JAM,1911,37.9
JAM,1912,34.4
JAM,1913,37.5
JAM,1914,38.2
JAM,1915,37
JAM,1916,35.6
JAM,1917,31.7
JAM,1918,26.4
JAM,1919,36.6
JAM,1920,35.4
JAM,1921,30.7
JAM,1922,37
JAM,1923,38
JAM,1924,38.6
JAM,1925,38.9
JAM,1926,40.7
JAM,1927,39.4
JAM,1928,41.6
JAM,1929,43
JAM,1930,45.3
JAM,1931,42.7
JAM,1932,44.2
JAM,1933,41.6
JAM,1934,44.4
JAM,1935,44
JAM,1936,44.4
JAM,1937,47.2
JAM,1938,45.9
JAM,1939,48.5
JAM,1940,47.6
JAM,1941,49.48
JAM,1942,49.96
JAM,1943,50.55
JAM,1944,49.43
JAM,1945,49.51
JAM,1946,51.89
JAM,1947,50.97
JAM,1948,52.36
JAM,1949,54.64
JAM,1950,57.45
JAM,1951,58.02
JAM,1952,59.06
JAM,1953,60.07
JAM,1954,61.03
JAM,1955,61.95
JAM,1956,62.83
JAM,1957,63.66
JAM,1958,64.47
JAM,1959,65.21
JAM,1960,65.91
JAM,1961,66.57
JAM,1962,67.17
JAM,1963,67.74
JAM,1964,68.25
JAM,1965,68.73
JAM,1966,69.17
JAM,1967,69.58
JAM,1968,69.99
JAM,1969,70.36
JAM,1970,70.72
JAM,1971,71.06
JAM,1972,71.39
JAM,1973,71.71
JAM,1974,72
JAM,1975,72.29
JAM,1976,72.58
JAM,1977,72.89
JAM,1978,73.21
JAM,1979,73.52
JAM,1980,73.82
JAM,1981,74.1
JAM,1982,74.34
JAM,1983,74.55
JAM,1984,74.7
JAM,1985,74.79
JAM,1986,74.84
JAM,1987,74.85
JAM,1988,74.85
JAM,1989,74.83
JAM,1990,74.8
JAM,1991,74.9
JAM,1992,74.9
JAM,1993,74.8
JAM,1994,74.8
JAM,1995,74.7
JAM,1996,74.5
JAM,1997,74.4
JAM,1998,74.5
JAM,1999,74.6
JAM,2000,74.4
JAM,2001,74.2
JAM,2002,74.5
JAM,2003,74.8
JAM,2004,75
JAM,2005,75.4
JAM,2006,75.5
JAM,2007,75.3
JAM,2008,75.1
JAM,2009,74.8
JAM,2010,74.8
JAM,2011,74.6
JAM,2012,74.7
JAM,2013,74.8
JAM,2014,74.8
JAM,2015,75
JAM,2016,75.2
JPN,1800,36.4
JPN,1801,36.4
JPN,1802,36.4
JPN,1803,36.4
JPN,1804,36.4
JPN,1805,36.4
JPN,1806,36.4
JPN,1807,36.4
JPN,1808,36.4
JPN,1809,36.4
JPN,1810,36.4
JPN,1811,36.4
JPN,1812,36.4
JPN,1813,36.41
JPN,1814,36.41
JPN,1815,36.41
JPN,1816,36.41
JPN,1817,36.41
JPN,1818,36.41
JPN,1819,36.41
JPN,1820,36.41
JPN,1821,36.41
JPN,1822,36.41
JPN,1823,36.41
JPN,1824,36.41
JPN,1825,36.41
JPN,1826,36.41
JPN,1827,36.41
JPN,1828,36.41
JPN,1829,36.41
JPN,1830,36.41
JPN,1831,36.41
JPN,1832,36.41
JPN,1833,36.41
JPN,1834,36.41
JPN,1835,36.41
JPN,1836,36.41
JPN,1837,36.41
JPN,1838,36.42
JPN,1839,36.42
JPN,1840,36.42
JPN,1841,36.42
JPN,1842,36.42
JPN,1843,36.42
JPN,1844,36.42
JPN,1845,36.42
JPN,1846,36.42
JPN,1847,36.42
JPN,1848,36.42
JPN,1849,36.42
JPN,1850,36.42
JPN,1851,36.42
JPN,1852,36.42
JPN,1853,36.42
JPN,1854,36.42
JPN,1855,36.42
JPN,1856,36.42
JPN,1857,36.42
JPN,1858,36.42
JPN,1859,36.42
JPN,1860,36.42
JPN,1861,36.42
JPN,1862,36.42
JPN,1863,36.43
JPN,1864,36.43
JPN,1865,36.43
JPN,1866,36.46
JPN,1867,36.49
JPN,1868,36.53
JPN,1869,36.56
JPN,1870,36.59
JPN,1871,36.63
JPN,1872,36.68
JPN,1873,36.72
JPN,1874,36.76
JPN,1875,36.8
JPN,1876,36.85
JPN,1877,36.89
JPN,1878,36.94
JPN,1879,36.99
JPN,1880,37.04
JPN,1881,37.09
JPN,1882,37.15
JPN,1883,37.21
JPN,1884,37.27
JPN,1885,37.33
JPN,1886,37.4
JPN,1887,37.47
JPN,1888,37.54
JPN,1889,37.61
JPN,1890,37.68
JPN,1891,37.76
JPN,1892,37.84
JPN,1893,37.93
JPN,1894,38.01
JPN,1895,38.1
JPN,1896,38.2
JPN,1897,38.3
JPN,1898,38.4
JPN,1899,38.5
JPN,1900,38.6
JPN,1901,38.72
JPN,1902,38.85
JPN,1903,38.97
JPN,1904,39.1
JPN,1905,39.22
JPN,1906,39.37
JPN,1907,39.52
JPN,1908,39.67
JPN,1909,39.82
JPN,1910,39.97
JPN,1911,40.16
JPN,1912,40.34
JPN,1913,40.53
JPN,1914,40.71
JPN,1915,40.9
JPN,1916,41.13
JPN,1917,41.36
JPN,1918,32.7
JPN,1919,41.82
JPN,1920,42.04
JPN,1921,42.33
JPN,1922,42.62
JPN,1923,43.22
JPN,1924,43.83
JPN,1925,44.44
JPN,1926,45.05
JPN,1927,45.66
JPN,1928,45.98
JPN,1929,46.31
JPN,1930,46.63
JPN,1931,46.95
JPN,1932,47.27
JPN,1933,47.6
JPN,1934,47.92
JPN,1935,48.24
JPN,1936,48.62
JPN,1937,49
JPN,1938,49
JPN,1939,49
JPN,1940,49
JPN,1941,48.75
JPN,1942,48.5
JPN,1943,46
JPN,1944,40
JPN,1945,30.54
JPN,1946,46.5
JPN,1947,51.74
JPN,1948,56.88
JPN,1949,57.75
JPN,1950,59.29
JPN,1951,60.98
JPN,1952,63.02
JPN,1953,63.36
JPN,1954,64.6
JPN,1955,65.76
JPN,1956,65.62
JPN,1957,65.49
JPN,1958,67.11
JPN,1959,67.49
JPN,1960,67.78
JPN,1961,68.43
JPN,1962,68.71
JPN,1963,69.79
JPN,1964,70.26
JPN,1965,70.31
JPN,1966,71.12
JPN,1967,71.41
JPN,1968,71.73
JPN,1969,71.96
JPN,1970,72.05
JPN,1971,72.87
JPN,1972,73.39
JPN,1973,73.45
JPN,1974,73.88
JPN,1975,74.38
JPN,1976,74.78
JPN,1977,75.35
JPN,1978,75.67
JPN,1979,76.18
JPN,1980,76.16
JPN,1981,76.57
JPN,1982,77.08
JPN,1983,77.11
JPN,1984,77.5
JPN,1985,77.8
JPN,1986,78.22
JPN,1987,78.63
JPN,1988,78.54
JPN,1989,78.97
JPN,1990,79
JPN,1991,79.1
JPN,1992,79.3
JPN,1993,79.4
JPN,1994,79.8
JPN,1995,79.7
JPN,1996,80.2
JPN,1997,80.4
JPN,1998,80.5
JPN,1999,80.6
JPN,2000,81
JPN,2001,81.3
JPN,2002,81.6
JPN,2003,81.7
JPN,2004,81.9
JPN,2005,82
JPN,2006,82.2
JPN,2007,82.4
JPN,2008,82.5
JPN,2009,82.7
JPN,2010,82.7
JPN,2011,82.6
JPN,2012,82.9
JPN,2013,83
JPN,2014,83.1
JPN,2015,83.2
JPN,2016,83.3
JOR,1800,31.7
JOR,1801,31.7
JOR,1802,31.7
JOR,1803,31.7
JOR,1804,31.7
JOR,1805,31.7
JOR,1806,31.7
JOR,1807,31.7
JOR,1808,31.7
JOR,1809,31.7
JOR,1810,31.7
JOR,1811,31.7
JOR,1812,31.7
JOR,1813,31.7
JOR,1814,31.7
JOR,1815,31.7
JOR,1816,31.7
JOR,1817,31.7
JOR,1818,31.7
JOR,1819,31.7
JOR,1820,31.7
JOR,1821,31.7
JOR,1822,31.7
JOR,1823,31.7
JOR,1824,31.7
JOR,1825,31.7
JOR,1826,31.7
JOR,1827,31.7
JOR,1828,31.7
JOR,1829,31.7
JOR,1830,31.7
JOR,1831,31.7
JOR,1832,31.7
JOR,1833,31.7
JOR,1834,31.7
JOR,1835,31.7
JOR,1836,31.7
JOR,1837,31.7
JOR,1838,31.7
JOR,1839,31.7
JOR,1840,31.7
JOR,1841,31.7
JOR,1842,31.7
JOR,1843,31.7
JOR,1844,31.7
JOR,1845,31.7
JOR,1846,31.7
JOR,1847,31.7
JOR,1848,31.7
JOR,1849,31.7
JOR,1850,31.7
JOR,1851,31.7
JOR,1852,31.7
JOR,1853,31.7
JOR,1854,31.7
JOR,1855,31.7
JOR,1856,31.7
JOR,1857,31.7
JOR,1858,31.7
JOR,1859,31.7
JOR,1860,31.7
JOR,1861,31.7
JOR,1862,31.7
JOR,1863,31.7
JOR,1864,31.7
JOR,1865,31.7
JOR,1866,31.7
JOR,1867,31.7
JOR,1868,31.7
JOR,1869,31.7
JOR,1870,31.7
JOR,1871,31.7
JOR,1872,31.7
JOR,1873,31.7
JOR,1874,31.7
JOR,1875,31.7
JOR,1876,31.7
JOR,1877,31.7
JOR,1878,31.7
JOR,1879,31.7
JOR,1880,31.7
JOR,1881,31.7
JOR,1882,31.7
JOR,1883,31.7
JOR,1884,31.7
JOR,1885,31.7
JOR,1886,31.7
JOR,1887,31.7
JOR,1888,31.7
JOR,1889,31.7
JOR,1890,31.7
JOR,1891,31.7
JOR,1892,31.7
JOR,1893,31.7
JOR,1894,31.7
JOR,1895,31.7
JOR,1896,31.7
JOR,1897,31.7
JOR,1898,31.7
JOR,1899,31.7
JOR,1900,31.7
JOR,1901,31.7
JOR,1902,31.7
JOR,1903,31.7
JOR,1904,31.7
JOR,1905,31.7
JOR,1906,31.7
JOR,1907,31.7
JOR,1908,31.7
JOR,1909,31.7
JOR,1910,31.7
JOR,1911,31.7
JOR,1912,31.7
JOR,1913,31.7
JOR,1914,31.7
JOR,1915,31.7
JOR,1916,31.7
JOR,1917,31.7
JOR,1918,26.28
JOR,1919,31.7
JOR,1920,31.7
JOR,1921,31.7
JOR,1922,31.7
JOR,1923,31.7
JOR,1924,31.7
JOR,1925,31.7
JOR,1926,31.7
JOR,1927,31.7
JOR,1928,31.7
JOR,1929,31.7
JOR,1930,31.7
JOR,1931,31.7
JOR,1932,31.7
JOR,1933,31.7
JOR,1934,31.7
JOR,1935,31.7
JOR,1936,32.57
JOR,1937,33.44
JOR,1938,34.31
JOR,1939,35.18
JOR,1940,36.05
JOR,1941,36.96
JOR,1942,37.87
JOR,1943,38.77
JOR,1944,39.67
JOR,1945,40.57
JOR,1946,41.48
JOR,1947,42.38
JOR,1948,43.28
JOR,1949,44.18
JOR,1950,45.09
JOR,1951,45.56
JOR,1952,46.45
JOR,1953,47.34
JOR,1954,48.23
JOR,1955,49.09
JOR,1956,49.95
JOR,1957,50.8
JOR,1958,51.65
JOR,1959,52.48
JOR,1960,53.3
JOR,1961,54.12
JOR,1962,54.94
JOR,1963,55.75
JOR,1964,56.55
JOR,1965,57.35
JOR,1966,58.13
JOR,1967,58.9
JOR,1968,59.66
JOR,1969,60.42
JOR,1970,61.15
JOR,1971,61.87
JOR,1972,62.59
JOR,1973,63.3
JOR,1974,63.98
JOR,1975,64.64
JOR,1976,65.28
JOR,1977,65.89
JOR,1978,66.46
JOR,1979,67
JOR,1980,67.51
JOR,1981,68
JOR,1982,68.45
JOR,1983,68.9
JOR,1984,69.33
JOR,1985,69.75
JOR,1986,70.15
JOR,1987,70.52
JOR,1988,70.87
JOR,1989,71.2
JOR,1990,71.5
JOR,1991,71.9
JOR,1992,72.2
JOR,1993,72.2
JOR,1994,72.4
JOR,1995,72.5
JOR,1996,72.6
JOR,1997,72.8
JOR,1998,73
JOR,1999,73.2
JOR,2000,73.4
JOR,2001,73.6
JOR,2002,73.8
JOR,2003,74
JOR,2004,74.1
JOR,2005,74.5
JOR,2006,75.5
JOR,2007,76.3
JOR,2008,76.9
JOR,2009,77.5
JOR,2010,77.9
JOR,2011,78.1
JOR,2012,78.2
JOR,2013,78.3
JOR,2014,78.4
JOR,2015,78.5
JOR,2016,78.6
KAZ,1800,26.2
KAZ,1801,26.2
KAZ,1802,26.2
KAZ,1803,26.2
KAZ,1804,26.2
KAZ,1805,26.2
KAZ,1806,26.2
KAZ,1807,26.2
KAZ,1808,26.2
KAZ,1809,26.2
KAZ,1810,26.2
KAZ,1811,26.2
KAZ,1812,26.2
KAZ,1813,26.2
KAZ,1814,26.2
KAZ,1815,26.2
KAZ,1816,26.2
KAZ,1817,26.2
KAZ,1818,26.2
KAZ,1819,26.2
KAZ,1820,26.2
KAZ,1821,26.2
KAZ,1822,26.2
KAZ,1823,26.2
KAZ,1824,26.2
KAZ,1825,26.2
KAZ,1826,26.2
KAZ,1827,26.2
KAZ,1828,26.2
KAZ,1829,26.2
KAZ,1830,26.2
KAZ,1831,26.2
KAZ,1832,26.2
KAZ,1833,26.2
KAZ,1834,26.2
KAZ,1835,26.2
KAZ,1836,26.2
KAZ,1837,26.2
KAZ,1838,26.2
KAZ,1839,26.2
KAZ,1840,26.2
KAZ,1841,26.2
KAZ,1842,26.2
KAZ,1843,26.2
KAZ,1844,26.2
KAZ,1845,26.2
KAZ,1846,26.2
KAZ,1847,26.2
KAZ,1848,26.2
KAZ,1849,26.2
KAZ,1850,26.2
KAZ,1851,26.2
KAZ,1852,26.2
KAZ,1853,26.2
KAZ,1854,26.2
KAZ,1855,26.2
KAZ,1856,26.2
KAZ,1857,26.2
KAZ,1858,26.2
KAZ,1859,26.2
KAZ,1860,26.2
KAZ,1861,26.2
KAZ,1862,26.2
KAZ,1863,26.2
KAZ,1864,25.68
KAZ,1865,25.15
KAZ,1866,24.63
KAZ,1867,24.1
KAZ,1868,23.58
KAZ,1869,23.62
KAZ,1870,23.67
KAZ,1871,23.71
KAZ,1872,23.76
KAZ,1873,23.8
KAZ,1874,24
KAZ,1875,24.2
KAZ,1876,24.4
KAZ,1877,24.6
KAZ,1878,24.8
KAZ,1879,25
KAZ,1880,25.2
KAZ,1881,25.4
KAZ,1882,25.6
KAZ,1883,25.8
KAZ,1884,26
KAZ,1885,26.2
KAZ,1886,26.4
KAZ,1887,26.6
KAZ,1888,26.8
KAZ,1889,27
KAZ,1890,27.2
KAZ,1891,27.4
KAZ,1892,27.6
KAZ,1893,27.8
KAZ,1894,28
KAZ,1895,28.2
KAZ,1896,28.4
KAZ,1897,28.6
KAZ,1898,28.43
KAZ,1899,28.27
KAZ,1900,28.1
KAZ,1901,28.35
KAZ,1902,28.6
KAZ,1903,28.85
KAZ,1904,29.1
KAZ,1905,29.35
KAZ,1906,29.6
KAZ,1907,29.85
KAZ,1908,30.1
KAZ,1909,30.35
KAZ,1910,30.6
KAZ,1911,33.56
KAZ,1912,33.98
KAZ,1913,31.81
KAZ,1914,31.4
KAZ,1915,31
KAZ,1916,31
KAZ,1917,28
KAZ,1918,18
KAZ,1919,23.47
KAZ,1920,18.97
KAZ,1921,22.27
KAZ,1922,23.17
KAZ,1923,32.07
KAZ,1924,34.57
KAZ,1925,33.67
KAZ,1926,36.87
KAZ,1927,36.21
KAZ,1928,37.71
KAZ,1929,36.47
KAZ,1930,35.79
KAZ,1931,16
KAZ,1932,8
KAZ,1933,4
KAZ,1934,38.15
KAZ,1935,39.71
KAZ,1936,41.38
KAZ,1937,40.39
KAZ,1938,42.07
KAZ,1939,44.47
KAZ,1940,42
KAZ,1941,27.02
KAZ,1942,24.05
KAZ,1943,23.07
KAZ,1944,31.1
KAZ,1945,39.12
KAZ,1946,49.15
KAZ,1947,41.17
KAZ,1948,49.27
KAZ,1949,52.09
KAZ,1950,54.41
KAZ,1951,54.67
KAZ,1952,55.15
KAZ,1953,55.63
KAZ,1954,56.11
KAZ,1955,56.58
KAZ,1956,57.05
KAZ,1957,57.51
KAZ,1958,57.98
KAZ,1959,58.44
KAZ,1960,58.91
KAZ,1961,59.38
KAZ,1962,59.85
KAZ,1963,60.31
KAZ,1964,60.79
KAZ,1965,61.24
KAZ,1966,61.69
KAZ,1967,62.12
KAZ,1968,62.53
KAZ,1969,62.92
KAZ,1970,63.27
KAZ,1971,63.6
KAZ,1972,63.89
KAZ,1973,64.16
KAZ,1974,64.4
KAZ,1975,64.64
KAZ,1976,64.88
KAZ,1977,65.13
KAZ,1978,65.41
KAZ,1979,65.71
KAZ,1980,66.05
KAZ,1981,66.43
KAZ,1982,66.84
KAZ,1983,67.28
KAZ,1984,67.7
KAZ,1985,68.07
KAZ,1986,68.34
KAZ,1987,68.48
KAZ,1988,68.47
KAZ,1989,68.31
KAZ,1990,68
KAZ,1991,67.6
KAZ,1992,67.1
KAZ,1993,65.3
KAZ,1994,64.6
KAZ,1995,63.6
KAZ,1996,63.5
KAZ,1997,63.9
KAZ,1998,64.2
KAZ,1999,65
KAZ,2000,64.9
KAZ,2001,65.1
KAZ,2002,65.4
KAZ,2003,65.3
KAZ,2004,65.3
KAZ,2005,65.3
KAZ,2006,65.3
KAZ,2007,65.8
KAZ,2008,67.1
KAZ,2009,68.2
KAZ,2010,68.5
KAZ,2011,69.1
KAZ,2012,69.7
KAZ,2013,70
KAZ,2014,70.2
KAZ,2015,70.2
KAZ,2016,70.2
KEN,1800,25.5
KEN,1801,25.5
KEN,1802,25.5
KEN,1803,25.5
KEN,1804,25.5
KEN,1805,25.5
KEN,1806,25.5
KEN,1807,25.5
KEN,1808,25.5
KEN,1809,25.5
KEN,1810,25.5
KEN,1811,25.5
KEN,1812,25.5
KEN,1813,25.5
KEN,1814,25.5
KEN,1815,25.5
KEN,1816,25.5
KEN,1817,25.5
KEN,1818,25.5
KEN,1819,25.5
KEN,1820,25.5
KEN,1821,25.5
KEN,1822,25.5
KEN,1823,25.5
KEN,1824,25.5
KEN,1825,25.5
KEN,1826,25.5
KEN,1827,25.5
KEN,1828,25.5
KEN,1829,25.5
KEN,1830,25.5
KEN,1831,25.5
KEN,1832,25.5
KEN,1833,25.5
KEN,1834,25.5
KEN,1835,25.5
KEN,1836,25.5
KEN,1837,25.5
KEN,1838,25.5
KEN,1839,25.5
KEN,1840,25.5
KEN,1841,25.5
KEN,1842,25.5
KEN,1843,25.5
KEN,1844,25.5
KEN,1845,25.5
KEN,1846,25.5
KEN,1847,25.5
KEN,1848,25.5
KEN,1849,25.5
KEN,1850,25.5
KEN,1851,25.5
KEN,1852,25.5
KEN,1853,25.5
KEN,1854,25.5
KEN,1855,25.5
KEN,1856,25.5
KEN,1857,25.5
KEN,1858,25.5
KEN,1859,25.5
KEN,1860,25.5
KEN,1861,25.5
KEN,1862,25.5
KEN,1863,25.5
KEN,1864,25.5
KEN,1865,25.5
KEN,1866,25.5
KEN,1867,25.5
KEN,1868,25.5
KEN,1869,25.5
KEN,1870,25.5
KEN,1871,25.5
KEN,1872,25.5
KEN,1873,25.5
KEN,1874,25.5
KEN,1875,25.5
KEN,1876,25.5
KEN,1877,25.5
KEN,1878,25.5
KEN,1879,25.5
KEN,1880,25.5
KEN,1881,25.5
KEN,1882,25.5
KEN,1883,25.5
KEN,1884,25.5
KEN,1885,25.5
KEN,1886,25.5
KEN,1887,25.5
KEN,1888,25.5
KEN,1889,25.5
KEN,1890,25.5
KEN,1891,25.5
KEN,1892,25.5
KEN,1893,25.5
KEN,1894,25.5
KEN,1895,25.5
KEN,1896,25.5
KEN,1897,25.5
KEN,1898,25.5
KEN,1899,25.5
KEN,1900,25.5
KEN,1901,25.5
KEN,1902,25.5
KEN,1903,25.5
KEN,1904,25.5
KEN,1905,25.5
KEN,1906,25.5
KEN,1907,25.5
KEN,1908,25.5
KEN,1909,25.5
KEN,1910,25.5
KEN,1911,25.5
KEN,1912,25.5
KEN,1913,25.5
KEN,1914,25.5
KEN,1915,25.5
KEN,1916,25.5
KEN,1917,25.5
KEN,1918,6.01
KEN,1919,25.5
KEN,1920,25.5
KEN,1921,25.5
KEN,1922,25.5
KEN,1923,25.18
KEN,1924,24.87
KEN,1925,24.55
KEN,1926,24.24
KEN,1927,23.92
KEN,1928,24.17
KEN,1929,24.41
KEN,1930,24.66
KEN,1931,24.9
KEN,1932,25.15
KEN,1933,25.39
KEN,1934,25.64
KEN,1935,25.88
KEN,1936,26.13
KEN,1937,26.37
KEN,1938,26.68
KEN,1939,26.99
KEN,1940,27.29
KEN,1941,27.65
KEN,1942,28.01
KEN,1943,28.37
KEN,1944,28.73
KEN,1945,29.09
KEN,1946,31.69
KEN,1947,34.31
KEN,1948,36.91
KEN,1949,39.51
KEN,1950,42.13
KEN,1951,42.33
KEN,1952,42.71
KEN,1953,43.16
KEN,1954,43.64
KEN,1955,44.17
KEN,1956,44.75
KEN,1957,45.37
KEN,1958,46.03
KEN,1959,46.72
KEN,1960,47.42
KEN,1961,48.13
KEN,1962,48.82
KEN,1963,49.48
KEN,1964,50.13
KEN,1965,50.75
KEN,1966,51.35
KEN,1967,51.96
KEN,1968,52.57
KEN,1969,53.19
KEN,1970,53.83
KEN,1971,54.45
KEN,1972,55.08
KEN,1973,55.69
KEN,1974,56.29
KEN,1975,56.89
KEN,1976,57.49
KEN,1977,58.1
KEN,1978,58.74
KEN,1979,59.36
KEN,1980,59.96
KEN,1981,60.52
KEN,1982,61.02
KEN,1983,61.42
KEN,1984,61.74
KEN,1985,61.96
KEN,1986,62.09
KEN,1987,62.13
KEN,1988,62.1
KEN,1989,62
KEN,1990,61.8
KEN,1991,61.1
KEN,1992,60.3
KEN,1993,59.5
KEN,1994,58.7
KEN,1995,58.1
KEN,1996,57.4
KEN,1997,56.7
KEN,1998,56.1
KEN,1999,55.8
KEN,2000,55.6
KEN,2001,55.6
KEN,2002,55.7
KEN,2003,55.8
KEN,2004,56.2
KEN,2005,57.2
KEN,2006,58.4
KEN,2007,59.8
KEN,2008,60.8
KEN,2009,61.9
KEN,2010,62.9
KEN,2011,63.7
KEN,2012,64.3
KEN,2013,64.8
KEN,2014,65
KEN,2015,65.1
KEN,2016,65.2
KIR,1800,24.9
KIR,1801,24.9
KIR,1802,24.9
KIR,1803,24.9
KIR,1804,24.9
KIR,1805,24.9
KIR,1806,24.9
KIR,1807,24.9
KIR,1808,24.9
KIR,1809,24.9
KIR,1810,24.9
KIR,1811,24.9
KIR,1812,24.9
KIR,1813,24.9
KIR,1814,24.9
KIR,1815,24.9
KIR,1816,24.9
KIR,1817,24.9
KIR,1818,24.9
KIR,1819,24.9
KIR,1820,24.9
KIR,1821,24.9
KIR,1822,24.9
KIR,1823,24.9
KIR,1824,24.9
KIR,1825,24.9
KIR,1826,24.9
KIR,1827,24.9
KIR,1828,24.9
KIR,1829,24.9
KIR,1830,24.9
KIR,1831,24.9
KIR,1832,24.9
KIR,1833,24.9
KIR,1834,24.9
KIR,1835,24.9
KIR,1836,24.9
KIR,1837,24.9
KIR,1838,24.9
KIR,1839,24.9
KIR,1840,24.9
KIR,1841,24.9
KIR,1842,24.9
KIR,1843,24.9
KIR,1844,24.9
KIR,1845,24.9
KIR,1846,24.9
KIR,1847,24.9
KIR,1848,24.9
KIR,1849,24.9
KIR,1850,24.9
KIR,1851,24.9
KIR,1852,24.9
KIR,1853,24.9
KIR,1854,24.9
KIR,1855,24.9
KIR,1856,24.9
KIR,1857,24.9
KIR,1858,24.9
KIR,1859,24.9
KIR,1860,24.9
KIR,1861,24.9
KIR,1862,24.9
KIR,1863,24.9
KIR,1864,24.9
KIR,1865,24.9
KIR,1866,24.9
KIR,1867,24.9
KIR,1868,24.9
KIR,1869,24.9
KIR,1870,24.9
KIR,1871,24.9
KIR,1872,24.9
KIR,1873,24.9
KIR,1874,24.9
KIR,1875,24.9
KIR,1876,24.9
KIR,1877,24.9
KIR,1878,24.9
KIR,1879,24.9
KIR,1880,24.9
KIR,1881,24.9
KIR,1882,24.9
KIR,1883,24.9
KIR,1884,24.9
KIR,1885,24.9
KIR,1886,24.9
KIR,1887,24.9
KIR,1888,24.9
KIR,1889,24.9
KIR,1890,8
KIR,1891,24.9
KIR,1892,24.9
KIR,1893,24.9
KIR,1894,24.9
KIR,1895,24.9
KIR,1896,24.9
KIR,1897,24.9
KIR,1898,24.9
KIR,1899,24.9
KIR,1900,24.9
KIR,1901,24.9
KIR,1902,24.9
KIR,1903,24.9
KIR,1904,24.9
KIR,1905,24.9
KIR,1906,24.9
KIR,1907,24.9
KIR,1908,24.9
KIR,1909,24.9
KIR,1910,24.9
KIR,1911,24.9
KIR,1912,24.9
KIR,1913,24.9
KIR,1914,24.9
KIR,1915,24.9
KIR,1916,24.9
KIR,1917,24.9
KIR,1918,24.9
KIR,1919,24.9
KIR,1920,24.9
KIR,1921,24.9
KIR,1922,24.9
KIR,1923,24.9
KIR,1924,24.9
KIR,1925,24.9
KIR,1926,24.9
KIR,1927,24.9
KIR,1928,24.9
KIR,1929,24.9
KIR,1930,24.9
KIR,1931,24.9
KIR,1932,24.9
KIR,1933,24.9
KIR,1934,24.9
KIR,1935,26.01
KIR,1936,27.11
KIR,1937,28.22
KIR,1938,29.33
KIR,1939,30.43
KIR,1940,31.54
KIR,1941,32.6
KIR,1942,29.89
KIR,1943,26.84
KIR,1944,30.79
KIR,1945,26.73
KIR,1946,37.48
KIR,1947,38.83
KIR,1948,39.97
KIR,1949,41.02
KIR,1950,42.08
KIR,1951,42.25
KIR,1952,42.65
KIR,1953,43.05
KIR,1954,43.44
KIR,1955,43.85
KIR,1956,44.25
KIR,1957,44.64
KIR,1958,45.04
KIR,1959,45.45
KIR,1960,45.84
KIR,1961,46.24
KIR,1962,46.64
KIR,1963,47.03
KIR,1964,47.44
KIR,1965,47.84
KIR,1966,48.23
KIR,1967,48.63
KIR,1968,49.02
KIR,1969,49.42
KIR,1970,49.82
KIR,1971,50.21
KIR,1972,50.61
KIR,1973,51.02
KIR,1974,51.41
KIR,1975,51.81
KIR,1976,52.2
KIR,1977,52.58
KIR,1978,52.97
KIR,1979,53.36
KIR,1980,53.75
KIR,1981,54.17
KIR,1982,54.62
KIR,1983,55.08
KIR,1984,55.56
KIR,1985,56.04
KIR,1986,56.5
KIR,1987,56.93
KIR,1988,57.33
KIR,1989,57.68
KIR,1990,58
KIR,1991,58.2
KIR,1992,58.4
KIR,1993,58.4
KIR,1994,58.7
KIR,1995,58.9
KIR,1996,59.2
KIR,1997,59.4
KIR,1998,59.5
KIR,1999,59.6
KIR,2000,59.8
KIR,2001,60.1
KIR,2002,60.2
KIR,2003,60.4
KIR,2004,60.6
KIR,2005,60.8
KIR,2006,61
KIR,2007,61.2
KIR,2008,61.5
KIR,2009,61.7
KIR,2010,61.9
KIR,2011,62.1
KIR,2012,62.3
KIR,2013,62.6
KIR,2014,62.8
KIR,2015,63
KIR,2016,63.2
PRK,1800,26
PRK,1801,26
PRK,1802,26
PRK,1803,26
PRK,1804,26
PRK,1805,26
PRK,1806,26
PRK,1807,26
PRK,1808,26
PRK,1809,26
PRK,1810,26
PRK,1811,26
PRK,1812,26
PRK,1813,26
PRK,1814,26
PRK,1815,26
PRK,1816,26
PRK,1817,26
PRK,1818,26
PRK,1819,26
PRK,1820,26
PRK,1821,26
PRK,1822,26
PRK,1823,26
PRK,1824,26
PRK,1825,26
PRK,1826,26
PRK,1827,26
PRK,1828,26
PRK,1829,26
PRK,1830,26
PRK,1831,26
PRK,1832,26
PRK,1833,26
PRK,1834,26
PRK,1835,26
PRK,1836,26
PRK,1837,26
PRK,1838,26
PRK,1839,26
PRK,1840,26
PRK,1841,26
PRK,1842,26
PRK,1843,26
PRK,1844,26
PRK,1845,26
PRK,1846,26
PRK,1847,26
PRK,1848,26
PRK,1849,26
PRK,1850,26
PRK,1851,26
PRK,1852,26
PRK,1853,26
PRK,1854,26
PRK,1855,26
PRK,1856,26
PRK,1857,26
PRK,1858,26
PRK,1859,26
PRK,1860,26
PRK,1861,26
PRK,1862,26
PRK,1863,26
PRK,1864,26
PRK,1865,26
PRK,1866,26
PRK,1867,26
PRK,1868,26
PRK,1869,26
PRK,1870,26
PRK,1871,26
PRK,1872,26
PRK,1873,26
PRK,1874,26
PRK,1875,26
PRK,1876,26
PRK,1877,26
PRK,1878,26
PRK,1879,26
PRK,1880,26
PRK,1881,26
PRK,1882,26
PRK,1883,26
PRK,1884,26
PRK,1885,26
PRK,1886,26
PRK,1887,26
PRK,1888,26
PRK,1889,26
PRK,1890,26
PRK,1891,26
PRK,1892,26
PRK,1893,26
PRK,1894,26
PRK,1895,26
PRK,1896,26
PRK,1897,26
PRK,1898,26
PRK,1899,26
PRK,1900,26
PRK,1901,26
PRK,1902,26
PRK,1903,26
PRK,1904,25.5
PRK,1905,25
PRK,1906,24.5
PRK,1907,24.01
PRK,1908,23.51
PRK,1909,23.8
PRK,1910,24.1
PRK,1911,24.39
PRK,1912,24.69
PRK,1913,24.98
PRK,1914,25.48
PRK,1915,25.98
PRK,1916,26.48
PRK,1917,26.98
PRK,1918,17.03
PRK,1919,27.49
PRK,1920,28
PRK,1921,28.51
PRK,1922,29.02
PRK,1923,29.53
PRK,1924,30.35
PRK,1925,31.16
PRK,1926,31.98
PRK,1927,32.79
PRK,1928,33.61
PRK,1929,34.36
PRK,1930,35.12
PRK,1931,35.87
PRK,1932,36.63
PRK,1933,37.39
PRK,1934,38.42
PRK,1935,39.46
PRK,1936,40.5
PRK,1937,41.53
PRK,1938,42.57
PRK,1939,43.15
PRK,1940,43.73
PRK,1941,44.29
PRK,1942,44.85
PRK,1943,42.94
PRK,1944,41.92
PRK,1945,42.4
PRK,1946,44.88
PRK,1947,46.86
PRK,1948,47.43
PRK,1949,47.86
PRK,1950,35.8
PRK,1951,26.78
PRK,1952,24.76
PRK,1953,31.74
PRK,1954,42.66
PRK,1955,46.7
PRK,1956,48.18
PRK,1957,49.16
PRK,1958,49.73
PRK,1959,50.43
PRK,1960,50.9
PRK,1961,51.25
PRK,1962,51.64
PRK,1963,52.15
PRK,1964,52.86
PRK,1965,53.76
PRK,1966,54.84
PRK,1967,55.97
PRK,1968,57.07
PRK,1969,58.1
PRK,1970,59.06
PRK,1971,59.93
PRK,1972,60.74
PRK,1973,61.5
PRK,1974,62.22
PRK,1975,62.88
PRK,1976,63.49
PRK,1977,64.04
PRK,1978,64.53
PRK,1979,64.98
PRK,1980,65.39
PRK,1981,65.75
PRK,1982,66.08
PRK,1983,66.4
PRK,1984,66.69
PRK,1985,67
PRK,1986,67.36
PRK,1987,67.78
PRK,1988,68.22
PRK,1989,68.63
PRK,1990,68.9
PRK,1991,69.2
PRK,1992,69.4
PRK,1993,69.6
PRK,1994,69.7
PRK,1995,58.6
PRK,1996,58.7
PRK,1997,58.8
PRK,1998,58.9
PRK,1999,59
PRK,2000,59.1
PRK,2001,59.2
PRK,2002,59.3
PRK,2003,69.9
PRK,2004,70
PRK,2005,70.2
PRK,2006,70.4
PRK,2007,70.6
PRK,2008,70.9
PRK,2009,71
PRK,2010,71.2
PRK,2011,71.4
PRK,2012,71.6
PRK,2013,71.8
PRK,2014,71.9
PRK,2015,72.1
PRK,2016,72.3
KOR,1800,25.8
KOR,1801,25.8
KOR,1802,25.8
KOR,1803,25.8
KOR,1804,25.8
KOR,1805,25.8
KOR,1806,25.8
KOR,1807,25.8
KOR,1808,25.8
KOR,1809,25.8
KOR,1810,25.8
KOR,1811,25.8
KOR,1812,25.8
KOR,1813,25.8
KOR,1814,25.8
KOR,1815,25.8
KOR,1816,25.8
KOR,1817,25.8
KOR,1818,25.8
KOR,1819,25.8
KOR,1820,25.8
KOR,1821,25.8
KOR,1822,25.8
KOR,1823,25.8
KOR,1824,25.8
KOR,1825,25.8
KOR,1826,25.8
KOR,1827,25.8
KOR,1828,25.8
KOR,1829,25.8
KOR,1830,25.8
KOR,1831,25.8
KOR,1832,25.8
KOR,1833,25.8
KOR,1834,25.8
KOR,1835,25.8
KOR,1836,25.8
KOR,1837,25.8
KOR,1838,25.8
KOR,1839,25.8
KOR,1840,25.8
KOR,1841,25.8
KOR,1842,25.8
KOR,1843,25.8
KOR,1844,25.8
KOR,1845,25.8
KOR,1846,25.8
KOR,1847,25.8
KOR,1848,25.8
KOR,1849,25.8
KOR,1850,25.8
KOR,1851,25.8
KOR,1852,25.8
KOR,1853,25.8
KOR,1854,25.8
KOR,1855,25.8
KOR,1856,25.8
KOR,1857,25.8
KOR,1858,25.8
KOR,1859,25.8
KOR,1860,25.8
KOR,1861,25.8
KOR,1862,25.8
KOR,1863,25.8
KOR,1864,25.8
KOR,1865,25.8
KOR,1866,25.8
KOR,1867,25.8
KOR,1868,25.8
KOR,1869,25.8
KOR,1870,25.8
KOR,1871,25.8
KOR,1872,25.8
KOR,1873,25.8
KOR,1874,25.8
KOR,1875,25.8
KOR,1876,25.8
KOR,1877,25.8
KOR,1878,25.8
KOR,1879,25.8
KOR,1880,25.8
KOR,1881,25.8
KOR,1882,25.8
KOR,1883,25.8
KOR,1884,25.8
KOR,1885,25.8
KOR,1886,25.8
KOR,1887,25.8
KOR,1888,25.8
KOR,1889,25.8
KOR,1890,25.8
KOR,1891,25.8
KOR,1892,25.8
KOR,1893,25.8
KOR,1894,25.8
KOR,1895,25.8
KOR,1896,25.8
KOR,1897,25.8
KOR,1898,25.8
KOR,1899,25.8
KOR,1900,25.8
KOR,1901,25.8
KOR,1902,25.8
KOR,1903,25.8
KOR,1904,25.34
KOR,1905,24.88
KOR,1906,24.42
KOR,1907,23.97
KOR,1908,23.51
KOR,1909,23.8
KOR,1910,24.1
KOR,1911,24.39
KOR,1912,24.69
KOR,1913,24.98
KOR,1914,25.48
KOR,1915,25.98
KOR,1916,26.48
KOR,1917,26.98
KOR,1918,17.03
KOR,1919,27.49
KOR,1920,28
KOR,1921,28.51
KOR,1922,29.02
KOR,1923,29.53
KOR,1924,30.35
KOR,1925,31.16
KOR,1926,31.98
KOR,1927,32.79
KOR,1928,33.61
KOR,1929,34.36
KOR,1930,35.12
KOR,1931,35.87
KOR,1932,36.63
KOR,1933,37.39
KOR,1934,38.42
KOR,1935,39.46
KOR,1936,40.5
KOR,1937,41.53
KOR,1938,42.57
KOR,1939,43.15
KOR,1940,43.73
KOR,1941,44.31
KOR,1942,44.89
KOR,1943,43
KOR,1944,42.01
KOR,1945,42.51
KOR,1946,45.01
KOR,1947,47.01
KOR,1948,47.6
KOR,1949,48.05
KOR,1950,43.02
KOR,1951,40.52
KOR,1952,40.02
KOR,1953,45.02
KOR,1954,48.02
KOR,1955,49.55
KOR,1956,50.22
KOR,1957,50.9
KOR,1958,51.6
KOR,1959,52.3
KOR,1960,53.02
KOR,1961,53.75
KOR,1962,54.51
KOR,1963,55.27
KOR,1964,56.04
KOR,1965,56.84
KOR,1966,57.67
KOR,1967,58.54
KOR,1968,59.44
KOR,1969,60.35
KOR,1970,61.22
KOR,1971,62.02
KOR,1972,62.73
KOR,1973,63.34
KOR,1974,63.84
KOR,1975,64.26
KOR,1976,64.62
KOR,1977,64.95
KOR,1978,65.31
KOR,1979,65.7
KOR,1980,66.15
KOR,1981,66.66
KOR,1982,67.21
KOR,1983,67.78
KOR,1984,68.37
KOR,1985,68.98
KOR,1986,69.58
KOR,1987,70.18
KOR,1988,70.75
KOR,1989,71.29
KOR,1990,71.8
KOR,1991,72.2
KOR,1992,72.7
KOR,1993,73.1
KOR,1994,73.6
KOR,1995,74
KOR,1996,74.5
KOR,1997,74.9
KOR,1998,75.4
KOR,1999,75.8
KOR,2000,76.3
KOR,2001,76.7
KOR,2002,77.1
KOR,2003,77.7
KOR,2004,78.2
KOR,2005,78.7
KOR,2006,79.1
KOR,2007,79.4
KOR,2008,79.8
KOR,2009,80.1
KOR,2010,80.4
KOR,2011,80.6
KOR,2012,80.7
KOR,2013,80.9
KOR,2014,80.9
KOR,2015,81
KOR,2016,81.1
KWT,1800,26
KWT,1801,26
KWT,1802,26
KWT,1803,26
KWT,1804,26
KWT,1805,26
KWT,1806,26
KWT,1807,26
KWT,1808,26
KWT,1809,26
KWT,1810,26
KWT,1811,26
KWT,1812,26
KWT,1813,26
KWT,1814,26
KWT,1815,26
KWT,1816,26
KWT,1817,26
KWT,1818,26
KWT,1819,26
KWT,1820,26
KWT,1821,26
KWT,1822,26
KWT,1823,26
KWT,1824,26
KWT,1825,26
KWT,1826,26
KWT,1827,26
KWT,1828,26
KWT,1829,26
KWT,1830,26
KWT,1831,26
KWT,1832,26
KWT,1833,26
KWT,1834,26
KWT,1835,26
KWT,1836,26
KWT,1837,26
KWT,1838,26
KWT,1839,26
KWT,1840,26
KWT,1841,26
KWT,1842,26
KWT,1843,26
KWT,1844,26
KWT,1845,26
KWT,1846,26
KWT,1847,26
KWT,1848,26
KWT,1849,26
KWT,1850,26
KWT,1851,26
KWT,1852,26
KWT,1853,26
KWT,1854,26
KWT,1855,26
KWT,1856,26
KWT,1857,26
KWT,1858,26
KWT,1859,26
KWT,1860,26
KWT,1861,26
KWT,1862,26
KWT,1863,26
KWT,1864,26
KWT,1865,26
KWT,1866,26
KWT,1867,26
KWT,1868,26
KWT,1869,26
KWT,1870,26
KWT,1871,26
KWT,1872,26
KWT,1873,26
KWT,1874,26
KWT,1875,26
KWT,1876,26
KWT,1877,26
KWT,1878,26
KWT,1879,26
KWT,1880,26
KWT,1881,26
KWT,1882,26
KWT,1883,26
KWT,1884,26
KWT,1885,26
KWT,1886,26
KWT,1887,26
KWT,1888,26
KWT,1889,26
KWT,1890,26
KWT,1891,26
KWT,1892,26
KWT,1893,26
KWT,1894,26
KWT,1895,26
KWT,1896,26
KWT,1897,26
KWT,1898,26
KWT,1899,26
KWT,1900,26
KWT,1901,26
KWT,1902,26
KWT,1903,26
KWT,1904,26
KWT,1905,26
KWT,1906,26
KWT,1907,26
KWT,1908,26
KWT,1909,26
KWT,1910,26
KWT,1911,26
KWT,1912,26
KWT,1913,26
KWT,1914,26
KWT,1915,26
KWT,1916,26
KWT,1917,26
KWT,1918,21.55
KWT,1919,26
KWT,1920,26
KWT,1921,26
KWT,1922,26
KWT,1923,26
KWT,1924,26
KWT,1925,26
KWT,1926,26
KWT,1927,26
KWT,1928,26
KWT,1929,26
KWT,1930,26
KWT,1931,26
KWT,1932,26
KWT,1933,26
KWT,1934,26
KWT,1935,26
KWT,1936,26
KWT,1937,26
KWT,1938,26
KWT,1939,26
KWT,1940,28.3
KWT,1941,30.7
KWT,1942,33.09
KWT,1943,35.5
KWT,1944,37.9
KWT,1945,40.3
KWT,1946,42.69
KWT,1947,45.1
KWT,1948,47.5
KWT,1949,49.9
KWT,1950,52.29
KWT,1951,52.95
KWT,1952,54.13
KWT,1953,55.27
KWT,1954,56.36
KWT,1955,57.43
KWT,1956,58.45
KWT,1957,59.44
KWT,1958,60.38
KWT,1959,61.29
KWT,1960,62.15
KWT,1961,62.98
KWT,1962,63.77
KWT,1963,64.53
KWT,1964,65.24
KWT,1965,65.92
KWT,1966,66.58
KWT,1967,67.2
KWT,1968,67.8
KWT,1969,68.38
KWT,1970,68.93
KWT,1971,69.46
KWT,1972,69.97
KWT,1973,70.46
KWT,1974,70.93
KWT,1975,71.39
KWT,1976,71.85
KWT,1977,72.29
KWT,1978,72.72
KWT,1979,73.14
KWT,1980,73.58
KWT,1981,74
KWT,1982,74.41
KWT,1983,74.81
KWT,1984,75.22
KWT,1985,75.59
KWT,1986,75.95
KWT,1987,76.29
KWT,1988,76.62
KWT,1989,76.92
KWT,1990,77.2
KWT,1991,64.4
KWT,1992,80
KWT,1993,78.7
KWT,1994,77.6
KWT,1995,76.5
KWT,1996,76
KWT,1997,76.2
KWT,1998,76.3
KWT,1999,77.3
KWT,2000,77.7
KWT,2001,77.6
KWT,2002,78.2
KWT,2003,78.5
KWT,2004,78.1
KWT,2005,77.7
KWT,2006,77.7
KWT,2007,77.7
KWT,2008,77.3
KWT,2009,77.4
KWT,2010,78.5
KWT,2011,79
KWT,2012,79.1
KWT,2013,79.7
KWT,2014,80.2
KWT,2015,80.3
KWT,2016,80.4
KGZ,1800,23.94
KGZ,1801,23.94
KGZ,1802,23.94
KGZ,1803,23.94
KGZ,1804,23.94
KGZ,1805,23.94
KGZ,1806,23.94
KGZ,1807,23.94
KGZ,1808,23.94
KGZ,1809,23.94
KGZ,1810,23.94
KGZ,1811,23.94
KGZ,1812,23.94
KGZ,1813,23.94
KGZ,1814,23.94
KGZ,1815,23.94
KGZ,1816,23.94
KGZ,1817,23.94
KGZ,1818,23.94
KGZ,1819,23.94
KGZ,1820,23.94
KGZ,1821,23.94
KGZ,1822,23.94
KGZ,1823,23.94
KGZ,1824,23.94
KGZ,1825,23.94
KGZ,1826,23.94
KGZ,1827,23.94
KGZ,1828,23.94
KGZ,1829,23.94
KGZ,1830,23.94
KGZ,1831,23.94
KGZ,1832,23.94
KGZ,1833,23.94
KGZ,1834,23.94
KGZ,1835,23.94
KGZ,1836,23.94
KGZ,1837,23.94
KGZ,1838,23.94
KGZ,1839,23.94
KGZ,1840,23.94
KGZ,1841,23.94
KGZ,1842,23.94
KGZ,1843,23.94
KGZ,1844,23.94
KGZ,1845,23.94
KGZ,1846,23.94
KGZ,1847,23.94
KGZ,1848,23.94
KGZ,1849,23.94
KGZ,1850,23.94
KGZ,1851,23.94
KGZ,1852,23.94
KGZ,1853,23.94
KGZ,1854,23.94
KGZ,1855,23.94
KGZ,1856,23.94
KGZ,1857,23.94
KGZ,1858,23.94
KGZ,1859,23.94
KGZ,1860,23.94
KGZ,1861,23.94
KGZ,1862,23.94
KGZ,1863,23.94
KGZ,1864,23.42
KGZ,1865,22.89
KGZ,1866,22.37
KGZ,1867,21.85
KGZ,1868,21.32
KGZ,1869,21.37
KGZ,1870,21.41
KGZ,1871,21.45
KGZ,1872,21.5
KGZ,1873,21.54
KGZ,1874,21.74
KGZ,1875,21.94
KGZ,1876,22.14
KGZ,1877,22.34
KGZ,1878,22.54
KGZ,1879,22.74
KGZ,1880,22.94
KGZ,1881,23.14
KGZ,1882,23.34
KGZ,1883,23.54
KGZ,1884,23.74
KGZ,1885,23.94
KGZ,1886,24.14
KGZ,1887,24.34
KGZ,1888,24.54
KGZ,1889,24.74
KGZ,1890,24.94
KGZ,1891,25.14
KGZ,1892,25.34
KGZ,1893,25.54
KGZ,1894,25.74
KGZ,1895,25.94
KGZ,1896,26.14
KGZ,1897,26.34
KGZ,1898,26.17
KGZ,1899,26.01
KGZ,1900,25.84
KGZ,1901,26.09
KGZ,1902,26.34
KGZ,1903,26.59
KGZ,1904,26.84
KGZ,1905,27.09
KGZ,1906,27.34
KGZ,1907,27.59
KGZ,1908,27.84
KGZ,1909,28.09
KGZ,1910,28.34
KGZ,1911,31.3
KGZ,1912,31.72
KGZ,1913,29.55
KGZ,1914,29.14
KGZ,1915,28.74
KGZ,1916,28.74
KGZ,1917,25.74
KGZ,1918,15.74
KGZ,1919,21.21
KGZ,1920,16.71
KGZ,1921,12
KGZ,1922,14
KGZ,1923,29.81
KGZ,1924,32.31
KGZ,1925,31.41
KGZ,1926,34.61
KGZ,1927,33.95
KGZ,1928,35.45
KGZ,1929,34.21
KGZ,1930,33.53
KGZ,1931,27.74
KGZ,1932,19.74
KGZ,1933,15.74
KGZ,1934,35.89
KGZ,1935,37.45
KGZ,1936,39.12
KGZ,1937,38.13
KGZ,1938,39.81
KGZ,1939,42.21
KGZ,1940,39.74
KGZ,1941,28.99
KGZ,1942,24.99
KGZ,1943,23.98
KGZ,1944,31.97
KGZ,1945,39.47
KGZ,1946,46.7
KGZ,1947,38.69
KGZ,1948,46.76
KGZ,1949,49.55
KGZ,1950,51.84
KGZ,1951,52.07
KGZ,1952,52.52
KGZ,1953,52.96
KGZ,1954,53.41
KGZ,1955,53.86
KGZ,1956,54.31
KGZ,1957,54.75
KGZ,1958,55.2
KGZ,1959,55.64
KGZ,1960,56.09
KGZ,1961,56.54
KGZ,1962,56.99
KGZ,1963,57.44
KGZ,1964,57.9
KGZ,1965,58.34
KGZ,1966,58.76
KGZ,1967,59.19
KGZ,1968,59.58
KGZ,1969,59.95
KGZ,1970,60.3
KGZ,1971,60.61
KGZ,1972,60.88
KGZ,1973,61.14
KGZ,1974,61.38
KGZ,1975,61.6
KGZ,1976,61.83
KGZ,1977,62.05
KGZ,1978,62.3
KGZ,1979,62.57
KGZ,1980,62.89
KGZ,1981,63.23
KGZ,1982,63.62
KGZ,1983,64.04
KGZ,1984,64.45
KGZ,1985,64.86
KGZ,1986,65.23
KGZ,1987,65.54
KGZ,1988,65.77
KGZ,1989,65.93
KGZ,1990,66
KGZ,1991,65.9
KGZ,1992,65.6
KGZ,1993,65.3
KGZ,1994,65
KGZ,1995,65.1
KGZ,1996,65.2
KGZ,1997,65.3
KGZ,1998,65.6
KGZ,1999,65.8
KGZ,2000,65.9
KGZ,2001,66
KGZ,2002,65.9
KGZ,2003,66
KGZ,2004,66.2
KGZ,2005,66.5
KGZ,2006,66.7
KGZ,2007,67
KGZ,2008,67.3
KGZ,2009,67.7
KGZ,2010,67.9
KGZ,2011,68.5
KGZ,2012,69
KGZ,2013,69.4
KGZ,2014,69.6
KGZ,2015,69.8
KGZ,2016,70
LAO,1800,31.9
LAO,1801,31.9
LAO,1802,31.9
LAO,1803,31.9
LAO,1804,31.9
LAO,1805,31.9
LAO,1806,31.9
LAO,1807,31.9
LAO,1808,31.9
LAO,1809,31.9
LAO,1810,31.9
LAO,1811,31.9
LAO,1812,31.9
LAO,1813,31.9
LAO,1814,31.9
LAO,1815,31.9
LAO,1816,31.9
LAO,1817,31.9
LAO,1818,31.9
LAO,1819,31.9
LAO,1820,31.9
LAO,1821,31.9
LAO,1822,31.9
LAO,1823,31.9
LAO,1824,31.9
LAO,1825,31.9
LAO,1826,31.9
LAO,1827,31.9
LAO,1828,31.9
LAO,1829,31.9
LAO,1830,31.9
LAO,1831,31.9
LAO,1832,31.9
LAO,1833,31.9
LAO,1834,31.9
LAO,1835,31.9
LAO,1836,31.9
LAO,1837,31.9
LAO,1838,31.9
LAO,1839,31.9
LAO,1840,31.9
LAO,1841,31.9
LAO,1842,31.9
LAO,1843,31.9
LAO,1844,31.9
LAO,1845,31.9
LAO,1846,31.9
LAO,1847,31.9
LAO,1848,31.9
LAO,1849,31.9
LAO,1850,31.9
LAO,1851,31.9
LAO,1852,31.9
LAO,1853,31.9
LAO,1854,31.9
LAO,1855,31.9
LAO,1856,31.9
LAO,1857,31.9
LAO,1858,31.9
LAO,1859,31.9
LAO,1860,31.9
LAO,1861,31.9
LAO,1862,31.9
LAO,1863,31.9
LAO,1864,31.9
LAO,1865,31.9
LAO,1866,31.9
LAO,1867,31.9
LAO,1868,31.9
LAO,1869,31.9
LAO,1870,31.9
LAO,1871,31.9
LAO,1872,31.9
LAO,1873,31.9
LAO,1874,31.9
LAO,1875,31.9
LAO,1876,31.9
LAO,1877,31.9
LAO,1878,31.9
LAO,1879,31.9
LAO,1880,31.9
LAO,1881,31.9
LAO,1882,31.9
LAO,1883,31.9
LAO,1884,31.9
LAO,1885,31.9
LAO,1886,31.9
LAO,1887,31.9
LAO,1888,31.9
LAO,1889,31.9
LAO,1890,31.9
LAO,1891,31.9
LAO,1892,31.9
LAO,1893,31.9
LAO,1894,31.9
LAO,1895,31.9
LAO,1896,31.9
LAO,1897,31.9
LAO,1898,31.9
LAO,1899,31.9
LAO,1900,31.9
LAO,1901,31.9
LAO,1902,31.9
LAO,1903,31.9
LAO,1904,31.9
LAO,1905,31.9
LAO,1906,31.9
LAO,1907,31.9
LAO,1908,31.9
LAO,1909,31.9
LAO,1910,31.9
LAO,1911,31.9
LAO,1912,31.9
LAO,1913,31.9
LAO,1914,31.9
LAO,1915,31.9
LAO,1916,31.9
LAO,1917,31.9
LAO,1918,20.44
LAO,1919,31.9
LAO,1920,31.9
LAO,1921,31.9
LAO,1922,31.9
LAO,1923,31.9
LAO,1924,31.9
LAO,1925,31.9
LAO,1926,31.9
LAO,1927,31.9
LAO,1928,31.9
LAO,1929,31.9
LAO,1930,31.9
LAO,1931,31.9
LAO,1932,31.9
LAO,1933,31.9
LAO,1934,31.9
LAO,1935,31.9
LAO,1936,31.9
LAO,1937,31.9
LAO,1938,31.9
LAO,1939,31.9
LAO,1940,31.5
LAO,1941,31.15
LAO,1942,30.79
LAO,1943,29.94
LAO,1944,28.89
LAO,1945,26.73
LAO,1946,33.68
LAO,1947,35.63
LAO,1948,38.07
LAO,1949,39.01
LAO,1950,39.8
LAO,1951,39.88
LAO,1952,40.13
LAO,1953,40.37
LAO,1954,40.62
LAO,1955,40.86
LAO,1956,41.11
LAO,1957,41.37
LAO,1958,41.62
LAO,1959,41.87
LAO,1960,42.13
LAO,1961,42.38
LAO,1962,42.64
LAO,1963,42.89
LAO,1964,43.13
LAO,1965,43.39
LAO,1966,43.64
LAO,1967,43.89
LAO,1968,44.15
LAO,1969,44.41
LAO,1970,44.66
LAO,1971,44.91
LAO,1972,45.16
LAO,1973,45.39
LAO,1974,45.62
LAO,1975,45.85
LAO,1976,46.05
LAO,1977,46.26
LAO,1978,46.47
LAO,1979,46.69
LAO,1980,46.91
LAO,1981,47.17
LAO,1982,47.45
LAO,1983,47.76
LAO,1984,48.12
LAO,1985,48.54
LAO,1986,49.02
LAO,1987,49.56
LAO,1988,50.16
LAO,1989,50.8
LAO,1990,51.5
LAO,1991,52
LAO,1992,52.4
LAO,1993,52.8
LAO,1994,53.2
LAO,1995,53.6
LAO,1996,54
LAO,1997,54.4
LAO,1998,54.9
LAO,1999,55.5
LAO,2000,56.1
LAO,2001,56.6
LAO,2002,57.6
LAO,2003,58.4
LAO,2004,59.3
LAO,2005,60.1
LAO,2006,60.8
LAO,2007,61.7
LAO,2008,62.5
LAO,2009,63.3
LAO,2010,64.1
LAO,2011,65
LAO,2012,65.6
LAO,2013,66.1
LAO,2014,66.6
LAO,2015,67.1
LAO,2016,67.6
LVA,1800,33
LVA,1801,33
LVA,1802,33
LVA,1803,33
LVA,1804,33
LVA,1805,33
LVA,1806,33
LVA,1807,33
LVA,1808,33
LVA,1809,33
LVA,1810,33
LVA,1811,33
LVA,1812,33
LVA,1813,33
LVA,1814,33
LVA,1815,33
LVA,1816,33
LVA,1817,33
LVA,1818,33
LVA,1819,33
LVA,1820,33
LVA,1821,33
LVA,1822,33
LVA,1823,33
LVA,1824,33
LVA,1825,33
LVA,1826,33
LVA,1827,33
LVA,1828,33
LVA,1829,33
LVA,1830,33
LVA,1831,33
LVA,1832,33
LVA,1833,33
LVA,1834,33
LVA,1835,33
LVA,1836,33
LVA,1837,33
LVA,1838,33
LVA,1839,33
LVA,1840,33
LVA,1841,33
LVA,1842,33
LVA,1843,33
LVA,1844,33
LVA,1845,33
LVA,1846,33
LVA,1847,33
LVA,1848,33
LVA,1849,33
LVA,1850,33
LVA,1851,33
LVA,1852,33
LVA,1853,33
LVA,1854,33
LVA,1855,33
LVA,1856,33
LVA,1857,33
LVA,1858,33
LVA,1859,33
LVA,1860,33
LVA,1861,33.33
LVA,1862,33.66
LVA,1863,34
LVA,1864,34.33
LVA,1865,34.66
LVA,1866,34.99
LVA,1867,35.32
LVA,1868,35.66
LVA,1869,35.99
LVA,1870,36.32
LVA,1871,36.65
LVA,1872,36.98
LVA,1873,37.32
LVA,1874,37.65
LVA,1875,37.98
LVA,1876,38.31
LVA,1877,38.65
LVA,1878,38.98
LVA,1879,39.31
LVA,1880,39.64
LVA,1881,39.97
LVA,1882,40.31
LVA,1883,40.64
LVA,1884,40.97
LVA,1885,41.3
LVA,1886,41.63
LVA,1887,41.97
LVA,1888,42.3
LVA,1889,42.63
LVA,1890,42.96
LVA,1891,43.29
LVA,1892,43.63
LVA,1893,43.96
LVA,1894,44.29
LVA,1895,44.62
LVA,1896,44.95
LVA,1897,45.27
LVA,1898,45.58
LVA,1899,45.89
LVA,1900,46.2
LVA,1901,46.52
LVA,1902,46.83
LVA,1903,47.14
LVA,1904,47.45
LVA,1905,47.77
LVA,1906,48.08
LVA,1907,48.39
LVA,1908,48.7
LVA,1909,49.01
LVA,1910,49.33
LVA,1911,49.64
LVA,1912,49.95
LVA,1913,50.26
LVA,1914,49.5
LVA,1915,40.3
LVA,1916,40.1
LVA,1917,39.5
LVA,1918,35.5
LVA,1919,40.1
LVA,1920,47.71
LVA,1921,57.15
LVA,1922,55.57
LVA,1923,56.69
LVA,1924,53.7
LVA,1925,52.92
LVA,1926,55.87
LVA,1927,54.19
LVA,1928,54.89
LVA,1929,52.89
LVA,1930,56.02
LVA,1931,56.74
LVA,1932,56.61
LVA,1933,58.57
LVA,1934,55.53
LVA,1935,58.08
LVA,1936,57.56
LVA,1937,56.71
LVA,1938,59.93
LVA,1939,59.27
LVA,1940,52
LVA,1941,31
LVA,1942,43.21
LVA,1943,42.11
LVA,1944,23.51
LVA,1945,38.01
LVA,1946,54.99
LVA,1947,47.99
LVA,1948,58.69
LVA,1949,59.2
LVA,1950,59.75
LVA,1951,60.48
LVA,1952,61.88
LVA,1953,63.19
LVA,1954,64.38
LVA,1955,65.46
LVA,1956,66.44
LVA,1957,67.31
LVA,1958,68.07
LVA,1959,69.53
LVA,1960,70.37
LVA,1961,70.6
LVA,1962,69.97
LVA,1963,70.36
LVA,1964,71.62
LVA,1965,71.29
LVA,1966,71.26
LVA,1967,70.94
LVA,1968,70.56
LVA,1969,70.29
LVA,1970,70.31
LVA,1971,70.66
LVA,1972,70.35
LVA,1973,70.29
LVA,1974,70.22
LVA,1975,69.37
LVA,1976,69.48
LVA,1977,69.56
LVA,1978,69.45
LVA,1979,68.93
LVA,1980,69.23
LVA,1981,69.18
LVA,1982,69.75
LVA,1983,69.51
LVA,1984,69.56
LVA,1985,69.72
LVA,1986,71.09
LVA,1987,71.14
LVA,1988,71.05
LVA,1989,70.55
LVA,1990,69.6
LVA,1991,69.1
LVA,1992,68.4
LVA,1993,66.7
LVA,1994,65.7
LVA,1995,66.5
LVA,1996,68.6
LVA,1997,69.3
LVA,1998,69
LVA,1999,70
LVA,2000,70.5
LVA,2001,70
LVA,2002,70.4
LVA,2003,70.8
LVA,2004,71.2
LVA,2005,71.1
LVA,2006,70.8
LVA,2007,71.3
LVA,2008,72.4
LVA,2009,73.3
LVA,2010,73.9
LVA,2011,74.6
LVA,2012,75.1
LVA,2013,75
LVA,2014,75.2
LVA,2015,75.4
LVA,2016,75.6
LBN,1800,29.7
LBN,1801,29.7
LBN,1802,29.7
LBN,1803,29.7
LBN,1804,29.7
LBN,1805,29.7
LBN,1806,29.7
LBN,1807,29.7
LBN,1808,29.7
LBN,1809,29.7
LBN,1810,29.7
LBN,1811,29.7
LBN,1812,29.7
LBN,1813,29.7
LBN,1814,29.7
LBN,1815,29.7
LBN,1816,29.7
LBN,1817,29.7
LBN,1818,29.7
LBN,1819,29.7
LBN,1820,29.7
LBN,1821,29.7
LBN,1822,29.7
LBN,1823,29.7
LBN,1824,29.7
LBN,1825,29.7
LBN,1826,29.7
LBN,1827,29.7
LBN,1828,29.7
LBN,1829,29.7
LBN,1830,29.7
LBN,1831,29.7
LBN,1832,29.7
LBN,1833,29.7
LBN,1834,29.7
LBN,1835,29.7
LBN,1836,29.7
LBN,1837,29.7
LBN,1838,29.7
LBN,1839,29.7
LBN,1840,29.7
LBN,1841,29.7
LBN,1842,29.7
LBN,1843,29.7
LBN,1844,29.7
LBN,1845,29.7
LBN,1846,29.7
LBN,1847,29.7
LBN,1848,29.7
LBN,1849,29.7
LBN,1850,29.7
LBN,1851,29.7
LBN,1852,29.7
LBN,1853,29.7
LBN,1854,29.7
LBN,1855,29.7
LBN,1856,29.7
LBN,1857,29.7
LBN,1858,29.7
LBN,1859,29.7
LBN,1860,29.7
LBN,1861,29.7
LBN,1862,29.7
LBN,1863,29.7
LBN,1864,29.7
LBN,1865,29.7
LBN,1866,29.7
LBN,1867,29.7
LBN,1868,29.7
LBN,1869,29.7
LBN,1870,29.7
LBN,1871,29.7
LBN,1872,29.7
LBN,1873,29.7
LBN,1874,29.7
LBN,1875,29.7
LBN,1876,29.7
LBN,1877,29.7
LBN,1878,29.7
LBN,1879,29.7
LBN,1880,29.7
LBN,1881,29.7
LBN,1882,29.7
LBN,1883,29.7
LBN,1884,29.7
LBN,1885,29.7
LBN,1886,29.7
LBN,1887,29.7
LBN,1888,29.7
LBN,1889,29.7
LBN,1890,29.7
LBN,1891,29.7
LBN,1892,29.7
LBN,1893,29.7
LBN,1894,29.7
LBN,1895,29.7
LBN,1896,29.7
LBN,1897,29.7
LBN,1898,29.7
LBN,1899,29.7
LBN,1900,29.7
LBN,1901,29.7
LBN,1902,29.7
LBN,1903,29.7
LBN,1904,29.7
LBN,1905,29.7
LBN,1906,29.7
LBN,1907,29.7
LBN,1908,29.7
LBN,1909,29.7
LBN,1910,29.7
LBN,1911,29.7
LBN,1912,29.7
LBN,1913,29.7
LBN,1914,29.7
LBN,1915,29.7
LBN,1916,29.7
LBN,1917,29.7
LBN,1918,24.62
LBN,1919,29.7
LBN,1920,29.7
LBN,1921,29.7
LBN,1922,29.7
LBN,1923,29.7
LBN,1924,29.7
LBN,1925,29.7
LBN,1926,29.7
LBN,1927,29.7
LBN,1928,29.7
LBN,1929,29.7
LBN,1930,29.7
LBN,1931,29.7
LBN,1932,29.7
LBN,1933,29.7
LBN,1934,29.7
LBN,1935,29.7
LBN,1936,29.7
LBN,1937,29.7
LBN,1938,29.7
LBN,1939,29.7
LBN,1940,29.7
LBN,1941,32.67
LBN,1942,35.64
LBN,1943,38.61
LBN,1944,41.58
LBN,1945,44.55
LBN,1946,47.52
LBN,1947,50.49
LBN,1948,53.46
LBN,1949,56.43
LBN,1950,59.41
LBN,1951,59.61
LBN,1952,60.04
LBN,1953,60.45
LBN,1954,60.85
LBN,1955,61.23
LBN,1956,61.6
LBN,1957,61.95
LBN,1958,62.28
LBN,1959,62.6
LBN,1960,62.9
LBN,1961,63.19
LBN,1962,63.47
LBN,1963,63.74
LBN,1964,64
LBN,1965,64.25
LBN,1966,64.5
LBN,1967,64.76
LBN,1968,65.01
LBN,1969,65.27
LBN,1970,65.52
LBN,1971,65.75
LBN,1972,65.98
LBN,1973,66.18
LBN,1974,66.37
LBN,1975,66.54
LBN,1976,66.69
LBN,1977,66.83
LBN,1978,66.96
LBN,1979,67.08
LBN,1980,67.21
LBN,1981,67.36
LBN,1982,67.52
LBN,1983,67.68
LBN,1984,67.87
LBN,1985,68.07
LBN,1986,68.29
LBN,1987,68.53
LBN,1988,68.78
LBN,1989,69.03
LBN,1990,69.3
LBN,1991,71.9
LBN,1992,72.2
LBN,1993,72.5
LBN,1994,73
LBN,1995,73.4
LBN,1996,74
LBN,1997,74.4
LBN,1998,74.9
LBN,1999,75.6
LBN,2000,75.9
LBN,2001,76.3
LBN,2002,76.6
LBN,2003,76.9
LBN,2004,77.1
LBN,2005,77.3
LBN,2006,77.4
LBN,2007,77.5
LBN,2008,77.8
LBN,2009,77.9
LBN,2010,78.1
LBN,2011,76.6
LBN,2012,78.5
LBN,2013,78.6
LBN,2014,78.7
LBN,2015,78.9
LBN,2016,79.1
LSO,1800,32.8
LSO,1801,32.8
LSO,1802,32.8
LSO,1803,32.8
LSO,1804,32.8
LSO,1805,32.8
LSO,1806,32.8
LSO,1807,32.8
LSO,1808,32.8
LSO,1809,32.8
LSO,1810,32.8
LSO,1811,32.8
LSO,1812,32.8
LSO,1813,32.8
LSO,1814,32.8
LSO,1815,32.8
LSO,1816,32.8
LSO,1817,32.8
LSO,1818,32.8
LSO,1819,32.8
LSO,1820,32.8
LSO,1821,32.8
LSO,1822,32.8
LSO,1823,32.8
LSO,1824,32.8
LSO,1825,32.8
LSO,1826,32.8
LSO,1827,32.8
LSO,1828,32.8
LSO,1829,32.8
LSO,1830,32.8
LSO,1831,32.8
LSO,1832,32.8
LSO,1833,32.8
LSO,1834,32.8
LSO,1835,32.8
LSO,1836,32.8
LSO,1837,32.8
LSO,1838,32.8
LSO,1839,32.8
LSO,1840,32.8
LSO,1841,32.8
LSO,1842,32.8
LSO,1843,32.8
LSO,1844,32.8
LSO,1845,32.8
LSO,1846,32.8
LSO,1847,32.8
LSO,1848,32.8
LSO,1849,32.8
LSO,1850,32.8
LSO,1851,32.8
LSO,1852,32.8
LSO,1853,32.8
LSO,1854,32.8
LSO,1855,32.8
LSO,1856,32.8
LSO,1857,32.8
LSO,1858,32.8
LSO,1859,32.8
LSO,1860,32.8
LSO,1861,32.8
LSO,1862,32.8
LSO,1863,32.8
LSO,1864,32.8
LSO,1865,32.8
LSO,1866,32.8
LSO,1867,32.8
LSO,1868,32.8
LSO,1869,32.8
LSO,1870,32.8
LSO,1871,32.8
LSO,1872,32.8
LSO,1873,32.8
LSO,1874,32.8
LSO,1875,32.8
LSO,1876,32.8
LSO,1877,32.8
LSO,1878,32.8
LSO,1879,32.8
LSO,1880,32.8
LSO,1881,32.8
LSO,1882,32.8
LSO,1883,32.8
LSO,1884,32.8
LSO,1885,32.8
LSO,1886,32.8
LSO,1887,32.8
LSO,1888,32.8
LSO,1889,32.8
LSO,1890,32.8
LSO,1891,32.8
LSO,1892,32.8
LSO,1893,32.8
LSO,1894,32.8
LSO,1895,32.8
LSO,1896,32.8
LSO,1897,32.8
LSO,1898,32.8
LSO,1899,32.8
LSO,1900,32.8
LSO,1901,32.8
LSO,1902,32.8
LSO,1903,32.8
LSO,1904,32.8
LSO,1905,32.8
LSO,1906,32.8
LSO,1907,32.8
LSO,1908,32.8
LSO,1909,32.8
LSO,1910,32.8
LSO,1911,32.8
LSO,1912,32.8
LSO,1913,32.8
LSO,1914,32.8
LSO,1915,32.8
LSO,1916,32.8
LSO,1917,32.8
LSO,1918,12.69
LSO,1919,32.8
LSO,1920,32.8
LSO,1921,32.8
LSO,1922,32.8
LSO,1923,32.8
LSO,1924,32.8
LSO,1925,32.8
LSO,1926,32.8
LSO,1927,32.8
LSO,1928,32.8
LSO,1929,32.8
LSO,1930,32.8
LSO,1931,32.8
LSO,1932,32.8
LSO,1933,32.8
LSO,1934,32.8
LSO,1935,32.8
LSO,1936,32.8
LSO,1937,32.8
LSO,1938,32.8
LSO,1939,32.8
LSO,1940,32.8
LSO,1941,32.82
LSO,1942,32.84
LSO,1943,32.86
LSO,1944,32.88
LSO,1945,32.91
LSO,1946,34.57
LSO,1947,36.24
LSO,1948,37.9
LSO,1949,39.57
LSO,1950,41.23
LSO,1951,41.53
LSO,1952,42.11
LSO,1953,42.72
LSO,1954,43.33
LSO,1955,43.96
LSO,1956,44.59
LSO,1957,45.22
LSO,1958,45.85
LSO,1959,46.46
LSO,1960,47.02
LSO,1961,47.54
LSO,1962,47.97
LSO,1963,48.32
LSO,1964,48.59
LSO,1965,48.79
LSO,1966,48.95
LSO,1967,49.09
LSO,1968,49.24
LSO,1969,49.43
LSO,1970,49.67
LSO,1971,49.96
LSO,1972,50.31
LSO,1973,50.7
LSO,1974,51.14
LSO,1975,51.63
LSO,1976,52.17
LSO,1977,52.75
LSO,1978,53.38
LSO,1979,54.01
LSO,1980,54.65
LSO,1981,55.25
LSO,1982,55.82
LSO,1983,56.34
LSO,1984,56.83
LSO,1985,57.31
LSO,1986,57.88
LSO,1987,58.51
LSO,1988,59.21
LSO,1989,59.92
LSO,1990,60.5
LSO,1991,60.6
LSO,1992,60.4
LSO,1993,60.1
LSO,1994,59.2
LSO,1995,58.7
LSO,1996,57.9
LSO,1997,56.6
LSO,1998,54.6
LSO,1999,52.9
LSO,2000,50.7
LSO,2001,48.9
LSO,2002,47
LSO,2003,45.4
LSO,2004,44.2
LSO,2005,43.1
LSO,2006,43.1
LSO,2007,43.3
LSO,2008,44.5
LSO,2009,45.5
LSO,2010,46.4
LSO,2011,46.7
LSO,2012,46.1
LSO,2013,45.6
LSO,2014,45.4
LSO,2015,47.1
LSO,2016,48.86
LBR,1800,31.1
LBR,1801,31.1
LBR,1802,31.1
LBR,1803,31.1
LBR,1804,31.1
LBR,1805,31.1
LBR,1806,31.1
LBR,1807,31.1
LBR,1808,31.1
LBR,1809,31.1
LBR,1810,31.1
LBR,1811,31.1
LBR,1812,31.1
LBR,1813,31.1
LBR,1814,31.1
LBR,1815,31.1
LBR,1816,31.1
LBR,1817,31.1
LBR,1818,31.1
LBR,1819,31.1
LBR,1820,31.1
LBR,1821,31.1
LBR,1822,31.1
LBR,1823,31.1
LBR,1824,31.1
LBR,1825,31.1
LBR,1826,31.1
LBR,1827,31.1
LBR,1828,31.1
LBR,1829,31.1
LBR,1830,31.1
LBR,1831,31.1
LBR,1832,31.1
LBR,1833,31.1
LBR,1834,31.1
LBR,1835,31.1
LBR,1836,31.1
LBR,1837,31.1
LBR,1838,31.1
LBR,1839,31.1
LBR,1840,31.1
LBR,1841,31.1
LBR,1842,31.1
LBR,1843,31.1
LBR,1844,31.1
LBR,1845,31.1
LBR,1846,31.1
LBR,1847,31.1
LBR,1848,31.1
LBR,1849,31.1
LBR,1850,31.1
LBR,1851,31.1
LBR,1852,31.1
LBR,1853,31.1
LBR,1854,31.1
LBR,1855,31.1
LBR,1856,31.1
LBR,1857,31.1
LBR,1858,31.1
LBR,1859,31.1
LBR,1860,31.1
LBR,1861,31.1
LBR,1862,31.1
LBR,1863,31.1
LBR,1864,31.1
LBR,1865,31.1
LBR,1866,31.1
LBR,1867,31.1
LBR,1868,31.1
LBR,1869,31.1
LBR,1870,31.1
LBR,1871,31.1
LBR,1872,31.1
LBR,1873,31.1
LBR,1874,31.1
LBR,1875,31.1
LBR,1876,31.1
LBR,1877,31.1
LBR,1878,31.1
LBR,1879,31.1
LBR,1880,31.1
LBR,1881,31.1
LBR,1882,31.1
LBR,1883,31.1
LBR,1884,31.1
LBR,1885,31.1
LBR,1886,31.1
LBR,1887,31.1
LBR,1888,31.1
LBR,1889,31.1
LBR,1890,31.1
LBR,1891,31.1
LBR,1892,31.1
LBR,1893,31.1
LBR,1894,31.1
LBR,1895,31.1
LBR,1896,31.1
LBR,1897,31.1
LBR,1898,31.1
LBR,1899,31.1
LBR,1900,31.1
LBR,1901,31.1
LBR,1902,31.1
LBR,1903,31.1
LBR,1904,31.1
LBR,1905,31.1
LBR,1906,31.1
LBR,1907,31.1
LBR,1908,31.1
LBR,1909,31.1
LBR,1910,31.1
LBR,1911,31.1
LBR,1912,31.1
LBR,1913,31.1
LBR,1914,31.1
LBR,1915,31.1
LBR,1916,31.1
LBR,1917,31.1
LBR,1918,12.03
LBR,1919,31.1
LBR,1920,31.1
LBR,1921,31.1
LBR,1922,31.1
LBR,1923,31.1
LBR,1924,31.1
LBR,1925,31.1
LBR,1926,31.1
LBR,1927,31.1
LBR,1928,31.1
LBR,1929,31.1
LBR,1930,31.1
LBR,1931,31.1
LBR,1932,31.1
LBR,1933,31.1
LBR,1934,31.1
LBR,1935,31.1
LBR,1936,31.1
LBR,1937,31.1
LBR,1938,31.1
LBR,1939,31.1
LBR,1940,31.1
LBR,1941,31.13
LBR,1942,31.16
LBR,1943,31.19
LBR,1944,31.21
LBR,1945,31.24
LBR,1946,31.59
LBR,1947,31.94
LBR,1948,32.28
LBR,1949,32.63
LBR,1950,32.97
LBR,1951,33.11
LBR,1952,33.36
LBR,1953,33.6
LBR,1954,33.84
LBR,1955,34.07
LBR,1956,34.28
LBR,1957,34.51
LBR,1958,34.73
LBR,1959,34.98
LBR,1960,35.24
LBR,1961,35.54
LBR,1962,35.88
LBR,1963,36.28
LBR,1964,36.73
LBR,1965,37.23
LBR,1966,37.77
LBR,1967,38.33
LBR,1968,38.91
LBR,1969,39.49
LBR,1970,40.1
LBR,1971,40.75
LBR,1972,41.43
LBR,1973,42.16
LBR,1974,42.91
LBR,1975,43.68
LBR,1976,44.45
LBR,1977,45.21
LBR,1978,45.92
LBR,1979,46.57
LBR,1980,47.14
LBR,1981,47.6
LBR,1982,47.97
LBR,1983,48.25
LBR,1984,48.46
LBR,1985,48.58
LBR,1986,48.62
LBR,1987,48.59
LBR,1988,48.55
LBR,1989,48.53
LBR,1990,48.6
LBR,1991,51.5
LBR,1992,51.8
LBR,1993,50.1
LBR,1994,48.9
LBR,1995,50.9
LBR,1996,50.4
LBR,1997,53.8
LBR,1998,54.4
LBR,1999,55.2
LBR,2000,55.8
LBR,2001,56.3
LBR,2002,55.4
LBR,2003,55.2
LBR,2004,57.9
LBR,2005,58.4
LBR,2006,58.8
LBR,2007,59.3
LBR,2008,59.9
LBR,2009,60.3
LBR,2010,60.8
LBR,2011,61.5
LBR,2012,62.3
LBR,2013,62.9
LBR,2014,61.8
LBR,2015,63.2
LBR,2016,64.63
LBY,1800,33.1
LBY,1801,33.1
LBY,1802,33.1
LBY,1803,33.1
LBY,1804,33.1
LBY,1805,33.1
LBY,1806,33.1
LBY,1807,33.1
LBY,1808,33.1
LBY,1809,33.1
LBY,1810,33.1
LBY,1811,33.1
LBY,1812,33.1
LBY,1813,33.1
LBY,1814,33.1
LBY,1815,33.1
LBY,1816,33.1
LBY,1817,33.1
LBY,1818,33.1
LBY,1819,33.1
LBY,1820,33.1
LBY,1821,33.1
LBY,1822,33.1
LBY,1823,33.1
LBY,1824,33.1
LBY,1825,33.1
LBY,1826,33.1
LBY,1827,33.1
LBY,1828,33.1
LBY,1829,33.1
LBY,1830,33.1
LBY,1831,33.1
LBY,1832,33.1
LBY,1833,33.1
LBY,1834,33.1
LBY,1835,33.1
LBY,1836,33.1
LBY,1837,33.1
LBY,1838,33.1
LBY,1839,33.1
LBY,1840,33.1
LBY,1841,33.1
LBY,1842,33.1
LBY,1843,33.1
LBY,1844,33.1
LBY,1845,33.1
LBY,1846,33.1
LBY,1847,33.1
LBY,1848,33.1
LBY,1849,33.1
LBY,1850,33.1
LBY,1851,33.1
LBY,1852,33.1
LBY,1853,33.1
LBY,1854,33.1
LBY,1855,33.1
LBY,1856,33.1
LBY,1857,33.1
LBY,1858,33.1
LBY,1859,33.1
LBY,1860,33.1
LBY,1861,33.1
LBY,1862,33.1
LBY,1863,33.1
LBY,1864,33.1
LBY,1865,33.1
LBY,1866,33.1
LBY,1867,33.1
LBY,1868,33.1
LBY,1869,33.1
LBY,1870,33.1
LBY,1871,33.1
LBY,1872,33.1
LBY,1873,33.1
LBY,1874,33.1
LBY,1875,33.1
LBY,1876,33.1
LBY,1877,33.1
LBY,1878,33.1
LBY,1879,33.1
LBY,1880,33.1
LBY,1881,33.1
LBY,1882,33.1
LBY,1883,33.1
LBY,1884,33.1
LBY,1885,33.1
LBY,1886,33.1
LBY,1887,33.1
LBY,1888,33.1
LBY,1889,33.1
LBY,1890,33.1
LBY,1891,33.1
LBY,1892,33.1
LBY,1893,33.1
LBY,1894,33.1
LBY,1895,33.1
LBY,1896,33.1
LBY,1897,33.1
LBY,1898,33.1
LBY,1899,33.1
LBY,1900,33.1
LBY,1901,33.1
LBY,1902,33.1
LBY,1903,33.1
LBY,1904,33.1
LBY,1905,33.1
LBY,1906,33.1
LBY,1907,33.1
LBY,1908,33.1
LBY,1909,33.1
LBY,1910,33.1
LBY,1911,33.1
LBY,1912,33.1
LBY,1913,33.1
LBY,1914,33.1
LBY,1915,33.1
LBY,1916,33.1
LBY,1917,33.1
LBY,1918,25.33
LBY,1919,33.1
LBY,1920,33.1
LBY,1921,33.1
LBY,1922,33.1
LBY,1923,33.1
LBY,1924,33.1
LBY,1925,33.1
LBY,1926,33.1
LBY,1927,33.1
LBY,1928,33.1
LBY,1929,33.1
LBY,1930,33.1
LBY,1931,33.1
LBY,1932,33.1
LBY,1933,33.1
LBY,1934,33.1
LBY,1935,33.1
LBY,1936,33.1
LBY,1937,33.1
LBY,1938,33.1
LBY,1939,33.1
LBY,1940,32.8
LBY,1941,31.1
LBY,1942,30.3
LBY,1943,30.3
LBY,1944,30.6
LBY,1945,32.99
LBY,1946,34.59
LBY,1947,35.51
LBY,1948,36.43
LBY,1949,37.34
LBY,1950,38.26
LBY,1951,38.07
LBY,1952,37.73
LBY,1953,37.66
LBY,1954,37.89
LBY,1955,38.39
LBY,1956,39.18
LBY,1957,40.22
LBY,1958,41.5
LBY,1959,42.97
LBY,1960,44.59
LBY,1961,46.28
LBY,1962,48
LBY,1963,49.69
LBY,1964,51.28
LBY,1965,52.77
LBY,1966,54.15
LBY,1967,55.45
LBY,1968,56.69
LBY,1969,57.88
LBY,1970,59.01
LBY,1971,60.11
LBY,1972,61.16
LBY,1973,62.16
LBY,1974,63.13
LBY,1975,64.06
LBY,1976,64.95
LBY,1977,65.81
LBY,1978,66.62
LBY,1979,67.4
LBY,1980,68.13
LBY,1981,68.82
LBY,1982,69.46
LBY,1983,70.04
LBY,1984,70.58
LBY,1985,71.09
LBY,1986,71.56
LBY,1987,72.03
LBY,1988,72.48
LBY,1989,72.94
LBY,1990,73.4
LBY,1991,73.7
LBY,1992,73.8
LBY,1993,74.2
LBY,1994,74.4
LBY,1995,74.6
LBY,1996,74.6
LBY,1997,74.8
LBY,1998,74.8
LBY,1999,74.9
LBY,2000,74.8
LBY,2001,75
LBY,2002,75
LBY,2003,75.1
LBY,2004,75.2
LBY,2005,75.4
LBY,2006,75.5
LBY,2007,75.5
LBY,2008,75.6
LBY,2009,75.7
LBY,2010,75.9
LBY,2011,60.5
LBY,2012,75.5
LBY,2013,75.8
LBY,2014,75
LBY,2015,74.1
LBY,2016,73.21
LTU,1800,28.9
LTU,1801,28.9
LTU,1802,28.9
LTU,1803,28.9
LTU,1804,28.9
LTU,1805,28.9
LTU,1806,28.9
LTU,1807,28.9
LTU,1808,28.9
LTU,1809,28.9
LTU,1810,28.9
LTU,1811,28.9
LTU,1812,28.9
LTU,1813,28.9
LTU,1814,28.9
LTU,1815,28.9
LTU,1816,28.9
LTU,1817,28.9
LTU,1818,28.9
LTU,1819,28.9
LTU,1820,28.9
LTU,1821,28.9
LTU,1822,28.9
LTU,1823,28.9
LTU,1824,28.9
LTU,1825,28.9
LTU,1826,28.9
LTU,1827,28.9
LTU,1828,28.9
LTU,1829,28.9
LTU,1830,28.9
LTU,1831,28.9
LTU,1832,28.9
LTU,1833,28.9
LTU,1834,28.9
LTU,1835,28.9
LTU,1836,28.9
LTU,1837,28.9
LTU,1838,28.9
LTU,1839,28.9
LTU,1840,28.9
LTU,1841,28.9
LTU,1842,28.9
LTU,1843,28.9
LTU,1844,28.9
LTU,1845,28.9
LTU,1846,28.9
LTU,1847,28.9
LTU,1848,28.9
LTU,1849,28.9
LTU,1850,28.9
LTU,1851,28.9
LTU,1852,28.9
LTU,1853,28.9
LTU,1854,28.9
LTU,1855,28.9
LTU,1856,28.9
LTU,1857,28.9
LTU,1858,28.9
LTU,1859,28.9
LTU,1860,28.9
LTU,1861,28.9
LTU,1862,28.9
LTU,1863,28.9
LTU,1864,28.9
LTU,1865,28.9
LTU,1866,28.9
LTU,1867,28.9
LTU,1868,28.9
LTU,1869,28.9
LTU,1870,28.9
LTU,1871,29.33
LTU,1872,29.75
LTU,1873,30.18
LTU,1874,30.61
LTU,1875,31.03
LTU,1876,31.46
LTU,1877,31.89
LTU,1878,32.31
LTU,1879,32.74
LTU,1880,33.17
LTU,1881,33.59
LTU,1882,34.02
LTU,1883,34.45
LTU,1884,34.87
LTU,1885,35.3
LTU,1886,35.73
LTU,1887,36.15
LTU,1888,36.58
LTU,1889,37.01
LTU,1890,37.43
LTU,1891,37.86
LTU,1892,38.29
LTU,1893,38.71
LTU,1894,39.14
LTU,1895,39.57
LTU,1896,39.99
LTU,1897,40.42
LTU,1898,40.85
LTU,1899,41.27
LTU,1900,41.7
LTU,1901,42.05
LTU,1902,42.4
LTU,1903,42.76
LTU,1904,43.11
LTU,1905,43.46
LTU,1906,43.81
LTU,1907,44.16
LTU,1908,44.52
LTU,1909,44.87
LTU,1910,45.22
LTU,1911,45.57
LTU,1912,45.92
LTU,1913,46.28
LTU,1914,45.7
LTU,1915,39.5
LTU,1916,39.4
LTU,1917,39
LTU,1918,34.5
LTU,1919,39
LTU,1920,43
LTU,1921,49.09
LTU,1922,49.44
LTU,1923,49.8
LTU,1924,50.15
LTU,1925,50.5
LTU,1926,51.02
LTU,1927,51.54
LTU,1928,52.07
LTU,1929,52.59
LTU,1930,53.11
LTU,1931,53.63
LTU,1932,54.16
LTU,1933,54.68
LTU,1934,55.2
LTU,1935,55.72
LTU,1936,56.25
LTU,1937,56.77
LTU,1938,57.29
LTU,1939,55
LTU,1940,51
LTU,1941,12
LTU,1942,46.01
LTU,1943,44.41
LTU,1944,27.01
LTU,1945,40.01
LTU,1946,52.52
LTU,1947,45.52
LTU,1948,58.02
LTU,1949,60.52
LTU,1950,63.59
LTU,1951,63.9
LTU,1952,64.52
LTU,1953,65.14
LTU,1954,65.77
LTU,1955,66.38
LTU,1956,66.99
LTU,1957,67.59
LTU,1958,68.19
LTU,1959,67.73
LTU,1960,70.33
LTU,1961,70.52
LTU,1962,69.46
LTU,1963,70.64
LTU,1964,72
LTU,1965,71.76
LTU,1966,71.92
LTU,1967,71.99
LTU,1968,71.68
LTU,1969,71.3
LTU,1970,71.16
LTU,1971,72.1
LTU,1972,71.34
LTU,1973,71.7
LTU,1974,71.63
LTU,1975,71.24
LTU,1976,71.38
LTU,1977,71.14
LTU,1978,70.93
LTU,1979,70.8
LTU,1980,70.78
LTU,1981,70.77
LTU,1982,71.17
LTU,1983,71.09
LTU,1984,70.6
LTU,1985,70.78
LTU,1986,72.45
LTU,1987,72.26
LTU,1988,72.1
LTU,1989,71.79
LTU,1990,71.5
LTU,1991,70.5
LTU,1992,70.3
LTU,1993,69.1
LTU,1994,68.7
LTU,1995,69
LTU,1996,70.2
LTU,1997,71.1
LTU,1998,71.3
LTU,1999,71.8
LTU,2000,72.1
LTU,2001,71.6
LTU,2002,72.1
LTU,2003,72.1
LTU,2004,72.2
LTU,2005,71.7
LTU,2006,71.5
LTU,2007,71.4
LTU,2008,72.1
LTU,2009,73.6
LTU,2010,73.9
LTU,2011,74.3
LTU,2012,74.7
LTU,2013,74.9
LTU,2014,75
LTU,2015,75.2
LTU,2016,75.4
LUX,1800,36.9
LUX,1801,36.9
LUX,1802,36.9
LUX,1803,36.9
LUX,1804,36.9
LUX,1805,36.9
LUX,1806,36.9
LUX,1807,36.9
LUX,1808,36.9
LUX,1809,36.9
LUX,1810,36.9
LUX,1811,36.9
LUX,1812,36.9
LUX,1813,36.9
LUX,1814,36.9
LUX,1815,36.9
LUX,1816,36.9
LUX,1817,36.9
LUX,1818,36.9
LUX,1819,36.9
LUX,1820,36.9
LUX,1821,36.9
LUX,1822,36.9
LUX,1823,36.9
LUX,1824,36.9
LUX,1825,36.9
LUX,1826,36.9
LUX,1827,36.9
LUX,1828,36.9
LUX,1829,36.9
LUX,1830,36.9
LUX,1831,36.9
LUX,1832,36.9
LUX,1833,36.9
LUX,1834,36.9
LUX,1835,36.9
LUX,1836,36.9
LUX,1837,36.9
LUX,1838,36.9
LUX,1839,36.9
LUX,1840,36.9
LUX,1841,36.9
LUX,1842,36.9
LUX,1843,36.9
LUX,1844,36.9
LUX,1845,36.9
LUX,1846,36.9
LUX,1847,36.9
LUX,1848,36.9
LUX,1849,36.9
LUX,1850,36.9
LUX,1851,36.9
LUX,1852,36.9
LUX,1853,36.9
LUX,1854,36.9
LUX,1855,36.9
LUX,1856,36.9
LUX,1857,36.9
LUX,1858,36.9
LUX,1859,36.9
LUX,1860,36.9
LUX,1861,36.9
LUX,1862,36.9
LUX,1863,36.9
LUX,1864,36.9
LUX,1865,36.9
LUX,1866,36.9
LUX,1867,36.9
LUX,1868,36.9
LUX,1869,36.9
LUX,1870,36.9
LUX,1871,36.9
LUX,1872,36.9
LUX,1873,36.9
LUX,1874,36.9
LUX,1875,36.9
LUX,1876,36.9
LUX,1877,36.9
LUX,1878,36.9
LUX,1879,36.9
LUX,1880,37.4
LUX,1881,37.91
LUX,1882,38.41
LUX,1883,38.91
LUX,1884,39.42
LUX,1885,39.92
LUX,1886,40.42
LUX,1887,40.93
LUX,1888,41.43
LUX,1889,41.93
LUX,1890,42.44
LUX,1891,42.94
LUX,1892,43.44
LUX,1893,43.95
LUX,1894,44.45
LUX,1895,44.96
LUX,1896,45.46
LUX,1897,45.96
LUX,1898,46.47
LUX,1899,46.97
LUX,1900,47.47
LUX,1901,47.98
LUX,1902,48.06
LUX,1903,46.91
LUX,1904,44.83
LUX,1905,46.21
LUX,1906,46.59
LUX,1907,49
LUX,1908,46.46
LUX,1909,47.79
LUX,1910,49.66
LUX,1911,46.38
LUX,1912,48.88
LUX,1913,50.24
LUX,1914,50.07
LUX,1915,51.47
LUX,1916,50.12
LUX,1917,48.05
LUX,1918,42.33
LUX,1919,44.68
LUX,1920,54.62
LUX,1921,56.21
LUX,1922,55.27
LUX,1923,54.68
LUX,1924,56.76
LUX,1925,54.79
LUX,1926,53.41
LUX,1927,55.86
LUX,1928,55.35
LUX,1929,52.7
LUX,1930,56.8
LUX,1931,57.59
LUX,1932,56.66
LUX,1933,58.32
LUX,1934,59.9
LUX,1935,59.1
LUX,1936,61.2
LUX,1937,61.06
LUX,1938,59.2
LUX,1939,60.35
LUX,1940,61.95
LUX,1941,59.99
LUX,1942,58.32
LUX,1943,54.31
LUX,1944,47.82
LUX,1945,49.38
LUX,1946,61.59
LUX,1947,63.03
LUX,1948,64.46
LUX,1949,64.81
LUX,1950,65.21
LUX,1951,65.38
LUX,1952,65.71
LUX,1953,66.04
LUX,1954,66.37
LUX,1955,66.67
LUX,1956,66.98
LUX,1957,67.27
LUX,1958,67.55
LUX,1959,67.83
LUX,1960,68.99
LUX,1961,69.49
LUX,1962,68.59
LUX,1963,68.8
LUX,1964,68.98
LUX,1965,69.31
LUX,1966,69.21
LUX,1967,69.59
LUX,1968,70.17
LUX,1969,69.73
LUX,1970,69.47
LUX,1971,69.35
LUX,1972,70.59
LUX,1973,70.34
LUX,1974,70.42
LUX,1975,70.37
LUX,1976,70.31
LUX,1977,71.61
LUX,1978,71.57
LUX,1979,72.25
LUX,1980,72.42
LUX,1981,72.22
LUX,1982,72.31
LUX,1983,73.19
LUX,1984,72.94
LUX,1985,73.51
LUX,1986,74.44
LUX,1987,73.97
LUX,1988,74.57
LUX,1989,74.49
LUX,1990,75.2
LUX,1991,75.5
LUX,1992,75.8
LUX,1993,76.2
LUX,1994,76.5
LUX,1995,76.9
LUX,1996,77.1
LUX,1997,77.4
LUX,1998,77.7
LUX,1999,78.1
LUX,2000,78.5
LUX,2001,78.7
LUX,2002,79
LUX,2003,79.1
LUX,2004,79.5
LUX,2005,80
LUX,2006,80.3
LUX,2007,80.6
LUX,2008,81
LUX,2009,81.2
LUX,2010,81.3
LUX,2011,81.5
LUX,2012,81.7
LUX,2013,81.9
LUX,2014,82.1
LUX,2015,82.2
LUX,2016,82.3
MAC,1800,34.7
MAC,1801,34.7
MAC,1802,34.7
MAC,1803,34.7
MAC,1804,34.7
MAC,1805,34.7
MAC,1806,34.7
MAC,1807,34.7
MAC,1808,34.7
MAC,1809,34.7
MAC,1810,34.7
MAC,1811,34.7
MAC,1812,34.7
MAC,1813,34.7
MAC,1814,34.7
MAC,1815,34.7
MAC,1816,34.7
MAC,1817,34.7
MAC,1818,34.7
MAC,1819,34.7
MAC,1820,34.7
MAC,1821,34.7
MAC,1822,34.7
MAC,1823,34.7
MAC,1824,34.7
MAC,1825,34.7
MAC,1826,34.7
MAC,1827,34.7
MAC,1828,34.7
MAC,1829,34.7
MAC,1830,34.7
MAC,1831,34.7
MAC,1832,34.7
MAC,1833,34.7
MAC,1834,34.7
MAC,1835,34.7
MAC,1836,34.7
MAC,1837,34.7
MAC,1838,34.7
MAC,1839,34.7
MAC,1840,34.7
MAC,1841,34.7
MAC,1842,34.7
MAC,1843,34.7
MAC,1844,34.7
MAC,1845,34.7
MAC,1846,34.7
MAC,1847,34.7
MAC,1848,34.7
MAC,1849,34.7
MAC,1850,34.7
MAC,1851,34.7
MAC,1852,34.7
MAC,1853,34.7
MAC,1854,34.7
MAC,1855,34.7
MAC,1856,34.7
MAC,1857,34.7
MAC,1858,34.7
MAC,1859,34.7
MAC,1860,34.7
MAC,1861,34.7
MAC,1862,34.7
MAC,1863,34.7
MAC,1864,34.7
MAC,1865,34.7
MAC,1866,34.7
MAC,1867,34.7
MAC,1868,34.7
MAC,1869,34.7
MAC,1870,34.7
MAC,1871,34.7
MAC,1872,34.7
MAC,1873,34.7
MAC,1874,34.7
MAC,1875,34.7
MAC,1876,34.7
MAC,1877,34.7
MAC,1878,34.7
MAC,1879,34.7
MAC,1880,34.7
MAC,1881,34.7
MAC,1882,34.7
MAC,1883,34.7
MAC,1884,34.7
MAC,1885,34.7
MAC,1886,34.7
MAC,1887,34.7
MAC,1888,34.7
MAC,1889,34.7
MAC,1890,34.7
MAC,1891,34.7
MAC,1892,34.7
MAC,1893,34.7
MAC,1894,34.7
MAC,1895,34.7
MAC,1896,34.7
MAC,1897,34.7
MAC,1898,34.7
MAC,1899,34.7
MAC,1900,34.7
MAC,1901,34.7
MAC,1902,34.7
MAC,1903,34.7
MAC,1904,34.7
MAC,1905,34.7
MAC,1906,34.7
MAC,1907,34.7
MAC,1908,34.7
MAC,1909,34.7
MAC,1910,34.7
MAC,1911,34.7
MAC,1912,34.7
MAC,1913,34.7
MAC,1914,34.7
MAC,1915,34.7
MAC,1916,34.7
MAC,1917,34.7
MAC,1918,22.24
MAC,1919,34.7
MAC,1920,34.7
MAC,1921,35.54
MAC,1922,36.39
MAC,1923,37.23
MAC,1924,38.07
MAC,1925,38.91
MAC,1926,39.76
MAC,1927,40.6
MAC,1928,41.44
MAC,1929,42.29
MAC,1930,43.13
MAC,1931,43.97
MAC,1932,44.81
MAC,1933,45.66
MAC,1934,46.5
MAC,1935,47.34
MAC,1936,48.19
MAC,1937,49.03
MAC,1938,49.87
MAC,1939,50.72
MAC,1940,51.56
MAC,1941,52.4
MAC,1942,53.24
MAC,1943,54.09
MAC,1944,54.93
MAC,1945,55.77
MAC,1946,56.62
MAC,1947,57.46
MAC,1948,58.3
MAC,1949,59.14
MAC,1950,59.99
MAC,1951,60.25
MAC,1952,60.79
MAC,1953,61.32
MAC,1954,61.84
MAC,1955,62.37
MAC,1956,62.89
MAC,1957,63.41
MAC,1958,63.92
MAC,1959,64.43
MAC,1960,64.93
MAC,1961,65.42
MAC,1962,65.9
MAC,1963,66.36
MAC,1964,66.81
MAC,1965,67.24
MAC,1966,67.66
MAC,1967,68.06
MAC,1968,68.45
MAC,1969,68.83
MAC,1970,69.2
MAC,1971,69.56
MAC,1972,69.91
MAC,1973,70.26
MAC,1974,70.61
MAC,1975,70.95
MAC,1976,71.29
MAC,1977,71.62
MAC,1978,71.94
MAC,1979,72.26
MAC,1980,72.57
MAC,1981,72.88
MAC,1982,73.17
MAC,1983,73.46
MAC,1984,73.75
MAC,1985,74.03
MAC,1986,74.31
MAC,1987,74.58
MAC,1988,74.84
MAC,1989,75.1
MAC,1990,75.36
MAC,1991,75.61
MAC,1992,75.86
MAC,1993,76.1
MAC,1994,76.33
MAC,1995,76.56
MAC,1996,76.78
MAC,1997,77
MAC,1998,77.21
MAC,1999,77.42
MAC,2000,77.63
MAC,2001,77.83
MAC,2002,78.04
MAC,2003,78.25
MAC,2004,78.46
MAC,2005,78.67
MAC,2006,78.89
MAC,2007,79.1
MAC,2008,79.32
MAC,2009,79.54
MAC,2010,79.75
MAC,2011,79.97
MAC,2012,80.19
MAC,2013,80.4
MAC,2014,80.61
MAC,2015,80.82
MAC,2016,81.03
MKD,1800,36.1
MKD,1801,36.1
MKD,1802,36.1
MKD,1803,36.1
MKD,1804,36.1
MKD,1805,36.1
MKD,1806,36.1
MKD,1807,36.1
MKD,1808,36.1
MKD,1809,36.1
MKD,1810,36.1
MKD,1811,36.1
MKD,1812,36.1
MKD,1813,36.1
MKD,1814,36.1
MKD,1815,36.1
MKD,1816,36.1
MKD,1817,36.1
MKD,1818,36.1
MKD,1819,36.1
MKD,1820,36.1
MKD,1821,36.1
MKD,1822,36.1
MKD,1823,36.1
MKD,1824,36.1
MKD,1825,36.1
MKD,1826,36.1
MKD,1827,36.1
MKD,1828,36.1
MKD,1829,36.1
MKD,1830,36.1
MKD,1831,36.1
MKD,1832,36.1
MKD,1833,36.1
MKD,1834,36.1
MKD,1835,36.1
MKD,1836,36.1
MKD,1837,36.1
MKD,1838,36.1
MKD,1839,36.1
MKD,1840,36.1
MKD,1841,36.1
MKD,1842,36.1
MKD,1843,36.1
MKD,1844,36.1
MKD,1845,36.1
MKD,1846,36.1
MKD,1847,36.1
MKD,1848,36.1
MKD,1849,36.1
MKD,1850,36.1
MKD,1851,36.1
MKD,1852,36.1
MKD,1853,36.1
MKD,1854,36.1
MKD,1855,36.1
MKD,1856,36.1
MKD,1857,36.1
MKD,1858,36.1
MKD,1859,36.1
MKD,1860,36.1
MKD,1861,36.1
MKD,1862,36.1
MKD,1863,36.1
MKD,1864,36.1
MKD,1865,36.1
MKD,1866,36.1
MKD,1867,36.1
MKD,1868,36.1
MKD,1869,36.1
MKD,1870,36.1
MKD,1871,36.1
MKD,1872,36.1
MKD,1873,36.1
MKD,1874,36.1
MKD,1875,36.1
MKD,1876,36.1
MKD,1877,36.1
MKD,1878,36.1
MKD,1879,36.1
MKD,1880,36.1
MKD,1881,36.1
MKD,1882,36.1
MKD,1883,36.1
MKD,1884,36.1
MKD,1885,36.1
MKD,1886,36.1
MKD,1887,36.1
MKD,1888,36.1
MKD,1889,36.1
MKD,1890,36.1
MKD,1891,36.1
MKD,1892,36.1
MKD,1893,36.1
MKD,1894,36.1
MKD,1895,36.1
MKD,1896,36.1
MKD,1897,36.1
MKD,1898,36.1
MKD,1899,36.1
MKD,1900,36.1
MKD,1901,36.1
MKD,1902,36.1
MKD,1903,36.1
MKD,1904,36.1
MKD,1905,36.1
MKD,1906,36.1
MKD,1907,36.1
MKD,1908,36.1
MKD,1909,36.1
MKD,1910,36.1
MKD,1911,36.1
MKD,1912,36.1
MKD,1913,36.1
MKD,1914,36.1
MKD,1915,36.1
MKD,1916,36.1
MKD,1917,36.1
MKD,1918,19.81
MKD,1919,36.1
MKD,1920,36.1
MKD,1921,36.63
MKD,1922,37.16
MKD,1923,37.68
MKD,1924,38.21
MKD,1925,38.74
MKD,1926,39.27
MKD,1927,39.79
MKD,1928,40.32
MKD,1929,40.85
MKD,1930,41.38
MKD,1931,41.91
MKD,1932,42.43
MKD,1933,42.96
MKD,1934,43.49
MKD,1935,44.02
MKD,1936,44.55
MKD,1937,45.07
MKD,1938,45.6
MKD,1939,46.13
MKD,1940,46.66
MKD,1941,46.01
MKD,1942,44.65
MKD,1943,43.4
MKD,1944,42.26
MKD,1945,42.24
MKD,1946,48.07
MKD,1947,50.58
MKD,1948,51.59
MKD,1949,52.4
MKD,1950,53.15
MKD,1951,53.65
MKD,1952,54.61
MKD,1953,55.53
MKD,1954,56.4
MKD,1955,57.25
MKD,1956,58.04
MKD,1957,58.79
MKD,1958,59.51
MKD,1959,60.2
MKD,1960,60.85
MKD,1961,61.49
MKD,1962,62.11
MKD,1963,62.72
MKD,1964,63.32
MKD,1965,63.92
MKD,1966,64.51
MKD,1967,65.08
MKD,1968,65.62
MKD,1969,66.14
MKD,1970,66.63
MKD,1971,67.08
MKD,1972,67.48
MKD,1973,67.83
MKD,1974,68.14
MKD,1975,68.41
MKD,1976,68.61
MKD,1977,68.76
MKD,1978,68.88
MKD,1979,68.98
MKD,1980,69.08
MKD,1981,69.21
MKD,1982,69.4
MKD,1983,69.63
MKD,1984,69.92
MKD,1985,70.26
MKD,1986,70.6
MKD,1987,70.93
MKD,1988,71.23
MKD,1989,71.48
MKD,1990,71.7
MKD,1991,71.7
MKD,1992,71.6
MKD,1993,71.5
MKD,1994,71.7
MKD,1995,71.8
MKD,1996,72.1
MKD,1997,72.3
MKD,1998,72.4
MKD,1999,72.6
MKD,2000,72.9
MKD,2001,73
MKD,2002,73.3
MKD,2003,73.4
MKD,2004,73.6
MKD,2005,73.8
MKD,2006,74.1
MKD,2007,74.3
MKD,2008,74.5
MKD,2009,74.7
MKD,2010,75.2
MKD,2011,75.6
MKD,2012,75.8
MKD,2013,76
MKD,2014,76.2
MKD,2015,76.5
MKD,2016,76.8
MDG,1800,30.5
MDG,1801,30.5
MDG,1802,30.5
MDG,1803,30.5
MDG,1804,30.5
MDG,1805,30.5
MDG,1806,30.5
MDG,1807,30.5
MDG,1808,30.5
MDG,1809,30.5
MDG,1810,30.5
MDG,1811,30.5
MDG,1812,30.5
MDG,1813,30.5
MDG,1814,30.5
MDG,1815,30.5
MDG,1816,30.5
MDG,1817,30.5
MDG,1818,30.5
MDG,1819,30.5
MDG,1820,30.5
MDG,1821,30.5
MDG,1822,30.5
MDG,1823,30.5
MDG,1824,30.5
MDG,1825,30.5
MDG,1826,30.5
MDG,1827,30.5
MDG,1828,30.5
MDG,1829,30.5
MDG,1830,30.5
MDG,1831,30.5
MDG,1832,30.5
MDG,1833,30.5
MDG,1834,30.5
MDG,1835,30.5
MDG,1836,30.5
MDG,1837,30.5
MDG,1838,30.5
MDG,1839,30.5
MDG,1840,30.5
MDG,1841,30.5
MDG,1842,30.5
MDG,1843,30.5
MDG,1844,30.5
MDG,1845,30.5
MDG,1846,30.5
MDG,1847,30.5
MDG,1848,30.5
MDG,1849,30.5
MDG,1850,30.5
MDG,1851,30.5
MDG,1852,30.5
MDG,1853,30.5
MDG,1854,30.5
MDG,1855,30.5
MDG,1856,30.5
MDG,1857,30.5
MDG,1858,30.5
MDG,1859,30.5
MDG,1860,30.5
MDG,1861,30.5
MDG,1862,30.5
MDG,1863,30.5
MDG,1864,30.5
MDG,1865,30.5
MDG,1866,30.5
MDG,1867,30.5
MDG,1868,30.5
MDG,1869,30.5
MDG,1870,30.5
MDG,1871,30.5
MDG,1872,30.5
MDG,1873,30.5
MDG,1874,30.5
MDG,1875,30.5
MDG,1876,30.5
MDG,1877,30.5
MDG,1878,30.5
MDG,1879,30.5
MDG,1880,30.5
MDG,1881,30.5
MDG,1882,30.5
MDG,1883,30.5
MDG,1884,30.5
MDG,1885,30.5
MDG,1886,30.5
MDG,1887,30.5
MDG,1888,30.5
MDG,1889,30.5
MDG,1890,30.5
MDG,1891,30.5
MDG,1892,30.5
MDG,1893,30.5
MDG,1894,30.5
MDG,1895,30.5
MDG,1896,30.5
MDG,1897,30.5
MDG,1898,30.5
MDG,1899,30.5
MDG,1900,30.5
MDG,1901,30.5
MDG,1902,30.5
MDG,1903,30.5
MDG,1904,30.5
MDG,1905,30.5
MDG,1906,30.5
MDG,1907,30.5
MDG,1908,30.5
MDG,1909,30.5
MDG,1910,30.5
MDG,1911,30.5
MDG,1912,30.5
MDG,1913,30.5
MDG,1914,30.5
MDG,1915,30.5
MDG,1916,30.5
MDG,1917,30.5
MDG,1918,12.71
MDG,1919,30.5
MDG,1920,30.5
MDG,1921,30.5
MDG,1922,30.5
MDG,1923,30.5
MDG,1924,30.5
MDG,1925,30.5
MDG,1926,30.5
MDG,1927,30.5
MDG,1928,30.5
MDG,1929,30.5
MDG,1930,30.5
MDG,1931,30.5
MDG,1932,30.5
MDG,1933,30.5
MDG,1934,30.5
MDG,1935,30.5
MDG,1936,30.5
MDG,1937,30.5
MDG,1938,30.5
MDG,1939,30.5
MDG,1940,30.5
MDG,1941,30.6
MDG,1942,30.7
MDG,1943,30.8
MDG,1944,30.9
MDG,1945,31
MDG,1946,32.07
MDG,1947,33.14
MDG,1948,34.21
MDG,1949,35.28
MDG,1950,36.35
MDG,1951,36.69
MDG,1952,37.28
MDG,1953,37.86
MDG,1954,38.45
MDG,1955,39.03
MDG,1956,39.62
MDG,1957,40.21
MDG,1958,40.79
MDG,1959,41.38
MDG,1960,41.96
MDG,1961,42.54
MDG,1962,43.12
MDG,1963,43.7
MDG,1964,44.28
MDG,1965,44.85
MDG,1966,45.43
MDG,1967,46.01
MDG,1968,46.6
MDG,1969,47.18
MDG,1970,47.77
MDG,1971,48.36
MDG,1972,48.94
MDG,1973,49.5
MDG,1974,50.06
MDG,1975,50.59
MDG,1976,51.12
MDG,1977,51.63
MDG,1978,52.12
MDG,1979,52.58
MDG,1980,53.01
MDG,1981,53.36
MDG,1982,53.64
MDG,1983,53.86
MDG,1984,54.03
MDG,1985,54.19
MDG,1986,54.38
MDG,1987,54.63
MDG,1988,54.98
MDG,1989,55.43
MDG,1990,56
MDG,1991,56.2
MDG,1992,56.4
MDG,1993,56.3
MDG,1994,56.8
MDG,1995,57.2
MDG,1996,57.6
MDG,1997,58
MDG,1998,58.3
MDG,1999,58.8
MDG,2000,59.1
MDG,2001,59.6
MDG,2002,59.8
MDG,2003,60.1
MDG,2004,60.6
MDG,2005,61.2
MDG,2006,61.7
MDG,2007,62
MDG,2008,62.2
MDG,2009,62.3
MDG,2010,62.4
MDG,2011,62.6
MDG,2012,62.8
MDG,2013,63
MDG,2014,63.3
MDG,2015,63.5
MDG,2016,63.7
MWI,1800,30.3
MWI,1801,30.3
MWI,1802,30.3
MWI,1803,30.3
MWI,1804,30.3
MWI,1805,30.3
MWI,1806,30.3
MWI,1807,30.3
MWI,1808,30.3
MWI,1809,30.3
MWI,1810,30.3
MWI,1811,30.3
MWI,1812,30.3
MWI,1813,30.3
MWI,1814,30.3
MWI,1815,30.3
MWI,1816,30.3
MWI,1817,30.3
MWI,1818,30.3
MWI,1819,30.3
MWI,1820,30.3
MWI,1821,30.3
MWI,1822,30.3
MWI,1823,30.3
MWI,1824,30.3
MWI,1825,30.3
MWI,1826,30.3
MWI,1827,30.3
MWI,1828,30.3
MWI,1829,30.3
MWI,1830,30.3
MWI,1831,30.3
MWI,1832,30.3
MWI,1833,30.3
MWI,1834,30.3
MWI,1835,30.3
MWI,1836,30.3
MWI,1837,30.3
MWI,1838,30.3
MWI,1839,30.3
MWI,1840,30.3
MWI,1841,30.3
MWI,1842,30.3
MWI,1843,30.3
MWI,1844,30.3
MWI,1845,30.3
MWI,1846,30.3
MWI,1847,30.3
MWI,1848,30.3
MWI,1849,30.3
MWI,1850,30.3
MWI,1851,30.3
MWI,1852,30.3
MWI,1853,30.3
MWI,1854,30.3
MWI,1855,30.3
MWI,1856,30.3
MWI,1857,30.3
MWI,1858,30.3
MWI,1859,30.3
MWI,1860,30.3
MWI,1861,30.3
MWI,1862,30.3
MWI,1863,30.3
MWI,1864,30.3
MWI,1865,30.3
MWI,1866,30.3
MWI,1867,30.3
MWI,1868,30.3
MWI,1869,30.3
MWI,1870,30.3
MWI,1871,30.3
MWI,1872,30.3
MWI,1873,30.3
MWI,1874,30.3
MWI,1875,30.3
MWI,1876,30.3
MWI,1877,30.3
MWI,1878,30.3
MWI,1879,30.3
MWI,1880,30.3
MWI,1881,30.3
MWI,1882,30.3
MWI,1883,30.3
MWI,1884,30.3
MWI,1885,30.3
MWI,1886,30.3
MWI,1887,30.3
MWI,1888,30.3
MWI,1889,30.3
MWI,1890,30.3
MWI,1891,30.3
MWI,1892,30.3
MWI,1893,30.3
MWI,1894,30.3
MWI,1895,30.3
MWI,1896,30.3
MWI,1897,30.3
MWI,1898,30.3
MWI,1899,30.3
MWI,1900,30.3
MWI,1901,30.3
MWI,1902,30.3
MWI,1903,30.3
MWI,1904,30.3
MWI,1905,30.3
MWI,1906,30.3
MWI,1907,30.3
MWI,1908,30.3
MWI,1909,30.3
MWI,1910,30.3
MWI,1911,30.3
MWI,1912,30.3
MWI,1913,30.3
MWI,1914,30.3
MWI,1915,30.3
MWI,1916,30.3
MWI,1917,30.3
MWI,1918,11.72
MWI,1919,30.3
MWI,1920,30.3
MWI,1921,30.3
MWI,1922,30.3
MWI,1923,30.3
MWI,1924,30.3
MWI,1925,30.3
MWI,1926,30.3
MWI,1927,30.3
MWI,1928,30.3
MWI,1929,30.3
MWI,1930,30.3
MWI,1931,30.3
MWI,1932,30.3
MWI,1933,30.3
MWI,1934,30.3
MWI,1935,30.3
MWI,1936,30.3
MWI,1937,30.3
MWI,1938,30.3
MWI,1939,30.3
MWI,1940,30.3
MWI,1941,30.33
MWI,1942,30.37
MWI,1943,30.4
MWI,1944,30.43
MWI,1945,30.46
MWI,1946,31.64
MWI,1947,32.82
MWI,1948,33.99
MWI,1949,35.17
MWI,1950,36.35
MWI,1951,36.45
MWI,1952,36.62
MWI,1953,36.81
MWI,1954,37.02
MWI,1955,37.24
MWI,1956,37.48
MWI,1957,37.72
MWI,1958,37.99
MWI,1959,38.25
MWI,1960,38.51
MWI,1961,38.76
MWI,1962,39.02
MWI,1963,39.25
MWI,1964,39.49
MWI,1965,39.75
MWI,1966,40.03
MWI,1967,40.36
MWI,1968,40.73
MWI,1969,41.16
MWI,1970,41.62
MWI,1971,42.09
MWI,1972,42.55
MWI,1973,43
MWI,1974,43.41
MWI,1975,43.79
MWI,1976,44.16
MWI,1977,44.54
MWI,1978,44.92
MWI,1979,45.31
MWI,1980,45.72
MWI,1981,46.13
MWI,1982,46.53
MWI,1983,46.91
MWI,1984,47.26
MWI,1985,47.6
MWI,1986,47.9
MWI,1987,48.17
MWI,1988,48.42
MWI,1989,48.64
MWI,1990,48.8
MWI,1991,48.6
MWI,1992,48.3
MWI,1993,48
MWI,1994,47.4
MWI,1995,46.9
MWI,1996,46.3
MWI,1997,45.8
MWI,1998,45.3
MWI,1999,45.1
MWI,2000,45.4
MWI,2001,45.9
MWI,2002,46.4
MWI,2003,47
MWI,2004,47.5
MWI,2005,48.5
MWI,2006,49.6
MWI,2007,51
MWI,2008,52.4
MWI,2009,53.9
MWI,2010,55.4
MWI,2011,56.6
MWI,2012,58
MWI,2013,59.3
MWI,2014,60.1
MWI,2015,60.5
MWI,2016,60.9
MYS,1800,30.6
MYS,1801,30.6
MYS,1802,30.6
MYS,1803,30.6
MYS,1804,30.6
MYS,1805,30.6
MYS,1806,30.6
MYS,1807,30.6
MYS,1808,30.6
MYS,1809,30.6
MYS,1810,30.6
MYS,1811,30.6
MYS,1812,30.6
MYS,1813,30.6
MYS,1814,30.6
MYS,1815,30.6
MYS,1816,30.6
MYS,1817,30.6
MYS,1818,30.6
MYS,1819,30.6
MYS,1820,30.6
MYS,1821,30.6
MYS,1822,30.6
MYS,1823,30.6
MYS,1824,30.6
MYS,1825,30.6
MYS,1826,30.6
MYS,1827,30.6
MYS,1828,30.6
MYS,1829,30.6
MYS,1830,30.6
MYS,1831,30.6
MYS,1832,30.6
MYS,1833,30.6
MYS,1834,30.6
MYS,1835,30.6
MYS,1836,30.6
MYS,1837,30.6
MYS,1838,30.6
MYS,1839,30.6
MYS,1840,30.6
MYS,1841,30.6
MYS,1842,30.6
MYS,1843,30.6
MYS,1844,30.6
MYS,1845,30.6
MYS,1846,30.6
MYS,1847,30.6
MYS,1848,30.6
MYS,1849,30.6
MYS,1850,30.6
MYS,1851,30.6
MYS,1852,30.6
MYS,1853,30.6
MYS,1854,30.6
MYS,1855,30.6
MYS,1856,30.6
MYS,1857,30.6
MYS,1858,30.6
MYS,1859,30.6
MYS,1860,30.6
MYS,1861,30.6
MYS,1862,30.6
MYS,1863,30.6
MYS,1864,30.6
MYS,1865,30.6
MYS,1866,30.6
MYS,1867,30.6
MYS,1868,30.6
MYS,1869,30.6
MYS,1870,30.6
MYS,1871,30.6
MYS,1872,30.6
MYS,1873,30.6
MYS,1874,30.6
MYS,1875,30.6
MYS,1876,30.6
MYS,1877,30.6
MYS,1878,30.6
MYS,1879,30.6
MYS,1880,30.6
MYS,1881,30.6
MYS,1882,30.6
MYS,1883,30.6
MYS,1884,30.6
MYS,1885,30.6
MYS,1886,30.6
MYS,1887,30.6
MYS,1888,30.6
MYS,1889,30.6
MYS,1890,30.6
MYS,1891,30.6
MYS,1892,30.6
MYS,1893,30.6
MYS,1894,30.6
MYS,1895,30.6
MYS,1896,30.6
MYS,1897,30.6
MYS,1898,30.6
MYS,1899,30.6
MYS,1900,30.6
MYS,1901,30.6
MYS,1902,30.6
MYS,1903,30.6
MYS,1904,30.6
MYS,1905,30.6
MYS,1906,30.6
MYS,1907,30.6
MYS,1908,30.6
MYS,1909,30.6
MYS,1910,30.6
MYS,1911,30.6
MYS,1912,30.6
MYS,1913,30.6
MYS,1914,30.6
MYS,1915,30.6
MYS,1916,30.6
MYS,1917,30.6
MYS,1918,19.61
MYS,1919,30.6
MYS,1920,30.6
MYS,1921,30.6
MYS,1922,30.6
MYS,1923,30.6
MYS,1924,30.6
MYS,1925,30.6
MYS,1926,30.6
MYS,1927,30.6
MYS,1928,30.6
MYS,1929,30.6
MYS,1930,30.6
MYS,1931,31.74
MYS,1932,32.89
MYS,1933,34.03
MYS,1934,35.18
MYS,1935,36.32
MYS,1936,37.47
MYS,1937,38.61
MYS,1938,39.75
MYS,1939,40.9
MYS,1940,42.04
MYS,1941,41.82
MYS,1942,36.14
MYS,1943,38.56
MYS,1944,38.38
MYS,1945,38.21
MYS,1946,45.13
MYS,1947,48.15
MYS,1948,50.67
MYS,1949,52.19
MYS,1950,53.7
MYS,1951,54.05
MYS,1952,54.72
MYS,1953,55.39
MYS,1954,56.06
MYS,1955,56.72
MYS,1956,57.37
MYS,1957,58.01
MYS,1958,58.65
MYS,1959,59.27
MYS,1960,59.89
MYS,1961,60.48
MYS,1962,61.07
MYS,1963,61.63
MYS,1964,62.17
MYS,1965,62.71
MYS,1966,63.21
MYS,1967,63.7
MYS,1968,64.17
MYS,1969,64.63
MYS,1970,65.08
MYS,1971,65.51
MYS,1972,65.93
MYS,1973,66.34
MYS,1974,66.73
MYS,1975,67.13
MYS,1976,67.5
MYS,1977,67.86
MYS,1978,68.21
MYS,1979,68.56
MYS,1980,68.89
MYS,1981,69.22
MYS,1982,69.53
MYS,1983,69.84
MYS,1984,70.14
MYS,1985,70.45
MYS,1986,70.73
MYS,1987,71.01
MYS,1988,71.28
MYS,1989,71.54
MYS,1990,71.8
MYS,1991,72
MYS,1992,72.2
MYS,1993,72.4
MYS,1994,72.4
MYS,1995,72.4
MYS,1996,72.5
MYS,1997,72.8
MYS,1998,73
MYS,1999,73.1
MYS,2000,73.3
MYS,2001,73.6
MYS,2002,73.8
MYS,2003,73.9
MYS,2004,74
MYS,2005,74.3
MYS,2006,74.5
MYS,2007,74.5
MYS,2008,74.5
MYS,2009,74.3
MYS,2010,74.4
MYS,2011,74.6
MYS,2012,74.7
MYS,2013,74.9
MYS,2014,75.1
MYS,2015,75.3
MYS,2016,75.5
MDV,1800,32.65
MDV,1801,32.65
MDV,1802,32.65
MDV,1803,32.65
MDV,1804,32.65
MDV,1805,32.65
MDV,1806,32.65
MDV,1807,32.65
MDV,1808,32.65
MDV,1809,32.65
MDV,1810,32.65
MDV,1811,32.65
MDV,1812,32.65
MDV,1813,32.65
MDV,1814,32.65
MDV,1815,32.65
MDV,1816,32.65
MDV,1817,32.65
MDV,1818,32.65
MDV,1819,32.65
MDV,1820,32.65
MDV,1821,32.65
MDV,1822,32.65
MDV,1823,32.65
MDV,1824,32.65
MDV,1825,32.65
MDV,1826,32.65
MDV,1827,32.65
MDV,1828,32.65
MDV,1829,32.65
MDV,1830,32.65
MDV,1831,32.65
MDV,1832,32.65
MDV,1833,32.65
MDV,1834,32.65
MDV,1835,32.65
MDV,1836,32.65
MDV,1837,32.65
MDV,1838,32.65
MDV,1839,32.65
MDV,1840,32.65
MDV,1841,32.65
MDV,1842,32.65
MDV,1843,32.65
MDV,1844,32.65
MDV,1845,32.65
MDV,1846,32.65
MDV,1847,32.65
MDV,1848,32.65
MDV,1849,32.65
MDV,1850,32.65
MDV,1851,32.65
MDV,1852,32.65
MDV,1853,32.65
MDV,1854,32.65
MDV,1855,32.65
MDV,1856,32.65
MDV,1857,32.65
MDV,1858,32.65
MDV,1859,32.65
MDV,1860,32.65
MDV,1861,32.65
MDV,1862,32.65
MDV,1863,32.65
MDV,1864,32.65
MDV,1865,32.65
MDV,1866,32.65
MDV,1867,32.65
MDV,1868,32.65
MDV,1869,32.65
MDV,1870,32.65
MDV,1871,32.65
MDV,1872,32.65
MDV,1873,32.65
MDV,1874,32.65
MDV,1875,32.65
MDV,1876,32.65
MDV,1877,32.65
MDV,1878,32.65
MDV,1879,32.65
MDV,1880,32.65
MDV,1881,32.65
MDV,1882,32.65
MDV,1883,32.65
MDV,1884,32.65
MDV,1885,32.65
MDV,1886,32.65
MDV,1887,32.65
MDV,1888,32.65
MDV,1889,32.65
MDV,1890,32.65
MDV,1891,32.65
MDV,1892,32.65
MDV,1893,32.65
MDV,1894,32.65
MDV,1895,32.65
MDV,1896,32.65
MDV,1897,32.65
MDV,1898,32.65
MDV,1899,32.65
MDV,1900,32.65
MDV,1901,32.65
MDV,1902,32.65
MDV,1903,32.65
MDV,1904,32.65
MDV,1905,32.65
MDV,1906,32.65
MDV,1907,32.65
MDV,1908,32.65
MDV,1909,32.65
MDV,1910,32.65
MDV,1911,32.65
MDV,1912,32.65
MDV,1913,32.65
MDV,1914,32.65
MDV,1915,32.65
MDV,1916,32.65
MDV,1917,32.65
MDV,1918,10.6
MDV,1919,32.65
MDV,1920,32.65
MDV,1921,32.65
MDV,1922,32.65
MDV,1923,32.65
MDV,1924,32.65
MDV,1925,32.65
MDV,1926,32.65
MDV,1927,32.65
MDV,1928,32.65
MDV,1929,32.65
MDV,1930,32.65
MDV,1931,32.65
MDV,1932,32.65
MDV,1933,32.65
MDV,1934,32.65
MDV,1935,32.65
MDV,1936,32.65
MDV,1937,32.65
MDV,1938,32.65
MDV,1939,32.65
MDV,1940,32.65
MDV,1941,32.76
MDV,1942,32.86
MDV,1943,32.97
MDV,1944,33.08
MDV,1945,33.19
MDV,1946,33.29
MDV,1947,33.4
MDV,1948,33.51
MDV,1949,33.61
MDV,1950,33.72
MDV,1951,33.9
MDV,1952,34.18
MDV,1953,34.49
MDV,1954,34.86
MDV,1955,35.27
MDV,1956,35.72
MDV,1957,36.22
MDV,1958,36.78
MDV,1959,37.39
MDV,1960,38.07
MDV,1961,38.82
MDV,1962,39.64
MDV,1963,40.54
MDV,1964,41.48
MDV,1965,42.47
MDV,1966,43.48
MDV,1967,44.49
MDV,1968,45.48
MDV,1969,46.44
MDV,1970,47.37
MDV,1971,48.25
MDV,1972,49.12
MDV,1973,49.98
MDV,1974,50.82
MDV,1975,51.69
MDV,1976,52.59
MDV,1977,53.53
MDV,1978,54.51
MDV,1979,55.53
MDV,1980,56.58
MDV,1981,57.62
MDV,1982,58.64
MDV,1983,59.64
MDV,1984,60.6
MDV,1985,61.51
MDV,1986,62.41
MDV,1987,63.3
MDV,1988,64.19
MDV,1989,65.08
MDV,1990,66
MDV,1991,66.7
MDV,1992,67.3
MDV,1993,67.9
MDV,1994,68.6
MDV,1995,69.3
MDV,1996,70
MDV,1997,70.8
MDV,1998,71.7
MDV,1999,72.3
MDV,2000,73
MDV,2001,73.7
MDV,2002,74.4
MDV,2003,75.3
MDV,2004,74.7
MDV,2005,76.9
MDV,2006,77.5
MDV,2007,78.1
MDV,2008,78.5
MDV,2009,78.9
MDV,2010,79.2
MDV,2011,79.6
MDV,2012,79.8
MDV,2013,79.9
MDV,2014,80
MDV,2015,80
MDV,2016,80
MLI,1800,26.41
MLI,1801,26.41
MLI,1802,26.41
MLI,1803,26.41
MLI,1804,26.41
MLI,1805,26.41
MLI,1806,26.41
MLI,1807,26.41
MLI,1808,26.41
MLI,1809,26.41
MLI,1810,26.41
MLI,1811,26.41
MLI,1812,26.41
MLI,1813,26.41
MLI,1814,26.41
MLI,1815,26.41
MLI,1816,26.41
MLI,1817,26.41
MLI,1818,26.41
MLI,1819,26.41
MLI,1820,26.41
MLI,1821,26.41
MLI,1822,26.41
MLI,1823,26.41
MLI,1824,26.41
MLI,1825,26.41
MLI,1826,26.41
MLI,1827,26.41
MLI,1828,26.41
MLI,1829,26.41
MLI,1830,26.41
MLI,1831,26.41
MLI,1832,26.41
MLI,1833,26.41
MLI,1834,26.41
MLI,1835,26.41
MLI,1836,26.41
MLI,1837,26.41
MLI,1838,26.41
MLI,1839,26.41
MLI,1840,26.41
MLI,1841,26.41
MLI,1842,26.41
MLI,1843,26.41
MLI,1844,26.41
MLI,1845,26.41
MLI,1846,26.41
MLI,1847,26.41
MLI,1848,26.41
MLI,1849,26.41
MLI,1850,26.41
MLI,1851,26.41
MLI,1852,26.41
MLI,1853,26.41
MLI,1854,26.41
MLI,1855,26.41
MLI,1856,26.41
MLI,1857,26.41
MLI,1858,26.41
MLI,1859,26.41
MLI,1860,26.41
MLI,1861,26.41
MLI,1862,26.41
MLI,1863,26.41
MLI,1864,26.41
MLI,1865,26.41
MLI,1866,26.41
MLI,1867,26.41
MLI,1868,26.41
MLI,1869,26.41
MLI,1870,26.41
MLI,1871,26.41
MLI,1872,26.41
MLI,1873,26.41
MLI,1874,26.41
MLI,1875,26.41
MLI,1876,26.41
MLI,1877,26.41
MLI,1878,26.41
MLI,1879,26.41
MLI,1880,26.41
MLI,1881,26.41
MLI,1882,26.41
MLI,1883,26.41
MLI,1884,26.41
MLI,1885,26.41
MLI,1886,26.41
MLI,1887,26.41
MLI,1888,26.41
MLI,1889,26.41
MLI,1890,26.41
MLI,1891,26.41
MLI,1892,26.41
MLI,1893,26.41
MLI,1894,26.41
MLI,1895,26.41
MLI,1896,26.41
MLI,1897,26.41
MLI,1898,26.41
MLI,1899,26.41
MLI,1900,26.41
MLI,1901,26.41
MLI,1902,26.41
MLI,1903,26.41
MLI,1904,26.41
MLI,1905,26.41
MLI,1906,26.41
MLI,1907,26.41
MLI,1908,26.41
MLI,1909,26.41
MLI,1910,26.41
MLI,1911,26.41
MLI,1912,26.41
MLI,1913,26.41
MLI,1914,26.41
MLI,1915,26.41
MLI,1916,26.41
MLI,1917,26.41
MLI,1918,10.21
MLI,1919,26.41
MLI,1920,26.41
MLI,1921,26.41
MLI,1922,26.41
MLI,1923,26.41
MLI,1924,26.41
MLI,1925,26.41
MLI,1926,26.41
MLI,1927,26.41
MLI,1928,26.41
MLI,1929,26.41
MLI,1930,26.41
MLI,1931,26.41
MLI,1932,26.41
MLI,1933,26.41
MLI,1934,26.41
MLI,1935,26.41
MLI,1936,26.41
MLI,1937,26.41
MLI,1938,26.41
MLI,1939,26.41
MLI,1940,26.41
MLI,1941,26.48
MLI,1942,26.55
MLI,1943,26.62
MLI,1944,26.69
MLI,1945,26.76
MLI,1946,26.83
MLI,1947,26.9
MLI,1948,26.97
MLI,1949,27.05
MLI,1950,27.12
MLI,1951,27.34
MLI,1952,27.71
MLI,1953,28.04
MLI,1954,28.34
MLI,1955,28.6
MLI,1956,28.84
MLI,1957,29.04
MLI,1958,29.23
MLI,1959,29.42
MLI,1960,29.61
MLI,1961,29.83
MLI,1962,30.08
MLI,1963,30.4
MLI,1964,30.79
MLI,1965,31.26
MLI,1966,31.8
MLI,1967,32.41
MLI,1968,33.07
MLI,1969,33.77
MLI,1970,34.51
MLI,1971,35.27
MLI,1972,36.04
MLI,1973,36.82
MLI,1974,37.61
MLI,1975,38.39
MLI,1976,39.18
MLI,1977,39.97
MLI,1978,40.79
MLI,1979,41.61
MLI,1980,42.45
MLI,1981,43.3
MLI,1982,44.17
MLI,1983,45.02
MLI,1984,45.86
MLI,1985,46.68
MLI,1986,47.45
MLI,1987,48.18
MLI,1988,48.86
MLI,1989,49.47
MLI,1990,50
MLI,1991,50.5
MLI,1992,50.8
MLI,1993,51.2
MLI,1994,51.2
MLI,1995,51.4
MLI,1996,51.8
MLI,1997,52.2
MLI,1998,50.9
MLI,1999,53.5
MLI,2000,53.5
MLI,2001,54.1
MLI,2002,54.6
MLI,2003,55.5
MLI,2004,56.2
MLI,2005,56.9
MLI,2006,57.4
MLI,2007,58
MLI,2008,58.5
MLI,2009,58.9
MLI,2010,59.2
MLI,2011,59.6
MLI,2012,59.8
MLI,2013,59.8
MLI,2014,60
MLI,2015,60.2
MLI,2016,60.4
MLT,1800,28.7
MLT,1801,28.7
MLT,1802,28.7
MLT,1803,28.7
MLT,1804,28.7
MLT,1805,28.7
MLT,1806,28.7
MLT,1807,28.7
MLT,1808,28.7
MLT,1809,28.7
MLT,1810,28.7
MLT,1811,28.7
MLT,1812,28.7
MLT,1813,28.7
MLT,1814,28.7
MLT,1815,28.7
MLT,1816,28.7
MLT,1817,28.7
MLT,1818,28.7
MLT,1819,28.7
MLT,1820,28.7
MLT,1821,28.7
MLT,1822,28.7
MLT,1823,28.7
MLT,1824,28.7
MLT,1825,28.7
MLT,1826,28.7
MLT,1827,28.7
MLT,1828,28.7
MLT,1829,28.7
MLT,1830,28.7
MLT,1831,28.7
MLT,1832,28.7
MLT,1833,28.7
MLT,1834,28.7
MLT,1835,28.7
MLT,1836,28.7
MLT,1837,28.7
MLT,1838,28.7
MLT,1839,28.7
MLT,1840,28.7
MLT,1841,28.7
MLT,1842,28.7
MLT,1843,28.7
MLT,1844,28.7
MLT,1845,28.7
MLT,1846,28.7
MLT,1847,28.7
MLT,1848,28.7
MLT,1849,28.7
MLT,1850,28.7
MLT,1851,28.7
MLT,1852,28.7
MLT,1853,28.7
MLT,1854,28.7
MLT,1855,28.7
MLT,1856,28.7
MLT,1857,28.7
MLT,1858,28.7
MLT,1859,28.7
MLT,1860,28.7
MLT,1861,28.7
MLT,1862,28.7
MLT,1863,28.7
MLT,1864,28.7
MLT,1865,28.7
MLT,1866,28.7
MLT,1867,28.7
MLT,1868,28.7
MLT,1869,28.7
MLT,1870,28.7
MLT,1871,28.7
MLT,1872,28.7
MLT,1873,29.17
MLT,1874,29.65
MLT,1875,30.12
MLT,1876,30.59
MLT,1877,31.06
MLT,1878,31.54
MLT,1879,32.01
MLT,1880,32.48
MLT,1881,32.95
MLT,1882,33.43
MLT,1883,33.9
MLT,1884,34.37
MLT,1885,34.85
MLT,1886,35.32
MLT,1887,35.79
MLT,1888,36.26
MLT,1889,36.74
MLT,1890,37.21
MLT,1891,37.68
MLT,1892,38.15
MLT,1893,38.63
MLT,1894,39.1
MLT,1895,39.57
MLT,1896,40.04
MLT,1897,40.52
MLT,1898,40.99
MLT,1899,41.46
MLT,1900,41.94
MLT,1901,42.41
MLT,1902,42.88
MLT,1903,43.35
MLT,1904,43.83
MLT,1905,44.3
MLT,1906,44.77
MLT,1907,45.24
MLT,1908,45.72
MLT,1909,46.19
MLT,1910,46.66
MLT,1911,47.13
MLT,1912,47.61
MLT,1913,48.08
MLT,1914,48.55
MLT,1915,49.03
MLT,1916,49.5
MLT,1917,49.97
MLT,1918,47.14
MLT,1919,50.92
MLT,1920,51.39
MLT,1921,51.86
MLT,1922,52.33
MLT,1923,52.81
MLT,1924,53.28
MLT,1925,53.75
MLT,1926,54.23
MLT,1927,54.7
MLT,1928,55.17
MLT,1929,55.64
MLT,1930,56.12
MLT,1931,56.59
MLT,1932,57.06
MLT,1933,57.53
MLT,1934,58.01
MLT,1935,58.48
MLT,1936,58.61
MLT,1937,58.74
MLT,1938,58.87
MLT,1939,59
MLT,1940,57.5
MLT,1941,53.04
MLT,1942,56.07
MLT,1943,61.11
MLT,1944,62.64
MLT,1945,63.39
MLT,1946,63.9
MLT,1947,64.4
MLT,1948,64.91
MLT,1949,65.42
MLT,1950,65.93
MLT,1951,66.02
MLT,1952,66.17
MLT,1953,66.35
MLT,1954,66.55
MLT,1955,66.79
MLT,1956,67.06
MLT,1957,67.34
MLT,1958,67.65
MLT,1959,67.97
MLT,1960,68.32
MLT,1961,68.67
MLT,1962,69.02
MLT,1963,69.37
MLT,1964,69.7
MLT,1965,70.03
MLT,1966,70.36
MLT,1967,70.67
MLT,1968,70.98
MLT,1969,71.29
MLT,1970,71.6
MLT,1971,71.9
MLT,1972,72.2
MLT,1973,72.49
MLT,1974,72.78
MLT,1975,73.07
MLT,1976,73.36
MLT,1977,73.63
MLT,1978,73.92
MLT,1979,74.19
MLT,1980,74.47
MLT,1981,74.74
MLT,1982,75.01
MLT,1983,75.28
MLT,1984,75.54
MLT,1985,75.81
MLT,1986,76.08
MLT,1987,76.33
MLT,1988,76.59
MLT,1989,76.84
MLT,1990,77.1
MLT,1991,77.3
MLT,1992,77.5
MLT,1993,77.9
MLT,1994,78.2
MLT,1995,78.4
MLT,1996,78.5
MLT,1997,78.8
MLT,1998,78.9
MLT,1999,79
MLT,2000,79.2
MLT,2001,79.4
MLT,2002,79.8
MLT,2003,80.1
MLT,2004,80.3
MLT,2005,80.7
MLT,2006,81
MLT,2007,80.9
MLT,2008,80.7
MLT,2009,81.2
MLT,2010,81.3
MLT,2011,81.3
MLT,2012,81.6
MLT,2013,81.7
MLT,2014,82
MLT,2015,82.1
MLT,2016,82.2
MHL,1990,64.6
MHL,1991,64.8
MHL,1992,64.9
MHL,1993,65.1
MHL,1994,65.3
MHL,1995,65.2
MHL,1996,65.3
MHL,1997,65.1
MHL,1998,65
MHL,1999,64.8
MHL,2000,64.7
MHL,2001,64.7
MHL,2002,64.7
MHL,2003,64.7
MHL,2004,64.7
MHL,2005,64.7
MHL,2006,64.7
MHL,2007,65
MHL,2008,65.3
MHL,2009,65.5
MHL,2010,65.8
MHL,2011,66
MHL,2012,66.2
MHL,2013,66.5
MHL,2014,66.7
MHL,2015,66.9
MHL,2016,67.1
MTQ,1800,30.15
MTQ,1801,30.15
MTQ,1802,30.15
MTQ,1803,30.15
MTQ,1804,30.15
MTQ,1805,30.15
MTQ,1806,30.15
MTQ,1807,30.15
MTQ,1808,30.15
MTQ,1809,30.15
MTQ,1810,30.15
MTQ,1811,30.15
MTQ,1812,30.15
MTQ,1813,30.15
MTQ,1814,30.15
MTQ,1815,30.15
MTQ,1816,30.15
MTQ,1817,30.15
MTQ,1818,30.15
MTQ,1819,30.15
MTQ,1820,30.15
MTQ,1821,30.15
MTQ,1822,30.15
MTQ,1823,30.15
MTQ,1824,30.15
MTQ,1825,30.15
MTQ,1826,30.15
MTQ,1827,30.15
MTQ,1828,30.15
MTQ,1829,30.15
MTQ,1830,30.15
MTQ,1831,30.15
MTQ,1832,30.15
MTQ,1833,30.15
MTQ,1834,30.15
MTQ,1835,30.15
MTQ,1836,30.15
MTQ,1837,30.15
MTQ,1838,30.15
MTQ,1839,30.15
MTQ,1840,30.15
MTQ,1841,30.15
MTQ,1842,30.15
MTQ,1843,30.15
MTQ,1844,30.15
MTQ,1845,30.15
MTQ,1846,30.15
MTQ,1847,30.15
MTQ,1848,30.15
MTQ,1849,30.15
MTQ,1850,30.15
MTQ,1851,30.15
MTQ,1852,30.15
MTQ,1853,30.15
MTQ,1854,30.15
MTQ,1855,30.15
MTQ,1856,30.15
MTQ,1857,30.15
MTQ,1858,30.15
MTQ,1859,30.15
MTQ,1860,30.15
MTQ,1861,30.15
MTQ,1862,30.15
MTQ,1863,30.15
MTQ,1864,30.15
MTQ,1865,30.15
MTQ,1866,30.15
MTQ,1867,30.15
MTQ,1868,30.15
MTQ,1869,30.15
MTQ,1870,30.15
MTQ,1871,30.15
MTQ,1872,30.15
MTQ,1873,30.15
MTQ,1874,30.15
MTQ,1875,30.15
MTQ,1876,30.15
MTQ,1877,30.15
MTQ,1878,30.15
MTQ,1879,30.15
MTQ,1880,30.15
MTQ,1881,30.15
MTQ,1882,30.15
MTQ,1883,30.15
MTQ,1884,30.15
MTQ,1885,30.15
MTQ,1886,30.15
MTQ,1887,30.15
MTQ,1888,30.15
MTQ,1889,30.15
MTQ,1890,30.15
MTQ,1891,30.15
MTQ,1892,30.15
MTQ,1893,30.15
MTQ,1894,30.15
MTQ,1895,30.15
MTQ,1896,30.15
MTQ,1897,30.15
MTQ,1898,30.15
MTQ,1899,30.15
MTQ,1900,30.15
MTQ,1901,30.15
MTQ,1902,30.15
MTQ,1903,30.15
MTQ,1904,30.15
MTQ,1905,30.15
MTQ,1906,30.15
MTQ,1907,30.15
MTQ,1908,30.15
MTQ,1909,30.15
MTQ,1910,30.15
MTQ,1911,30.15
MTQ,1912,30.15
MTQ,1913,30.15
MTQ,1914,30.15
MTQ,1915,30.15
MTQ,1916,30.15
MTQ,1917,30.15
MTQ,1918,19.56
MTQ,1919,30.15
MTQ,1920,30.15
MTQ,1921,30.15
MTQ,1922,30.98
MTQ,1923,31.81
MTQ,1924,32.64
MTQ,1925,33.46
MTQ,1926,34.29
MTQ,1927,35.12
MTQ,1928,35.95
MTQ,1929,36.77
MTQ,1930,37.6
MTQ,1931,38.43
MTQ,1932,39.26
MTQ,1933,40.08
MTQ,1934,40.91
MTQ,1935,41.74
MTQ,1936,42.57
MTQ,1937,43.39
MTQ,1938,44.22
MTQ,1939,45.05
MTQ,1940,45.88
MTQ,1941,46.7
MTQ,1942,47.53
MTQ,1943,48.36
MTQ,1944,49.19
MTQ,1945,50.02
MTQ,1946,50.84
MTQ,1947,51.67
MTQ,1948,52.5
MTQ,1949,53.33
MTQ,1950,54.15
MTQ,1951,54.51
MTQ,1952,55.23
MTQ,1953,55.93
MTQ,1954,56.61
MTQ,1955,57.28
MTQ,1956,57.93
MTQ,1957,58.57
MTQ,1958,59.2
MTQ,1959,59.81
MTQ,1960,60.41
MTQ,1961,61
MTQ,1962,61.58
MTQ,1963,62.16
MTQ,1964,62.72
MTQ,1965,63.28
MTQ,1966,63.84
MTQ,1967,64.39
MTQ,1968,64.93
MTQ,1969,65.46
MTQ,1970,65.99
MTQ,1971,66.51
MTQ,1972,67.02
MTQ,1973,67.53
MTQ,1974,68.02
MTQ,1975,68.51
MTQ,1976,69
MTQ,1977,69.47
MTQ,1978,69.93
MTQ,1979,70.38
MTQ,1980,70.82
MTQ,1981,71.25
MTQ,1982,71.68
MTQ,1983,72.09
MTQ,1984,72.5
MTQ,1985,72.9
MTQ,1986,73.29
MTQ,1987,73.67
MTQ,1988,74.05
MTQ,1989,74.42
MTQ,1990,74.79
MTQ,1991,75.15
MTQ,1992,75.51
MTQ,1993,75.86
MTQ,1994,76.2
MTQ,1995,76.54
MTQ,1996,76.88
MTQ,1997,77.22
MTQ,1998,77.55
MTQ,1999,77.88
MTQ,2000,78.19
MTQ,2001,78.5
MTQ,2002,78.78
MTQ,2003,79.05
MTQ,2004,79.31
MTQ,2005,79.55
MTQ,2006,79.78
MTQ,2007,80.01
MTQ,2008,80.24
MTQ,2009,80.48
MTQ,2010,80.71
MTQ,2011,80.95
MTQ,2012,81.18
MTQ,2013,81.41
MTQ,2014,81.64
MTQ,2015,81.86
MTQ,2016,82.08
MRT,1800,32
MRT,1801,32
MRT,1802,32
MRT,1803,32
MRT,1804,32
MRT,1805,32
MRT,1806,32
MRT,1807,32
MRT,1808,32
MRT,1809,32
MRT,1810,32
MRT,1811,32
MRT,1812,32
MRT,1813,32
MRT,1814,32
MRT,1815,32
MRT,1816,32
MRT,1817,32
MRT,1818,32
MRT,1819,32
MRT,1820,32
MRT,1821,32
MRT,1822,32
MRT,1823,32
MRT,1824,32
MRT,1825,32
MRT,1826,32
MRT,1827,32
MRT,1828,32
MRT,1829,32
MRT,1830,32
MRT,1831,32
MRT,1832,32
MRT,1833,32
MRT,1834,32
MRT,1835,32
MRT,1836,32
MRT,1837,32
MRT,1838,32
MRT,1839,32
MRT,1840,32
MRT,1841,32
MRT,1842,32
MRT,1843,32
MRT,1844,32
MRT,1845,32
MRT,1846,32
MRT,1847,32
MRT,1848,32
MRT,1849,32
MRT,1850,32
MRT,1851,32
MRT,1852,32
MRT,1853,32
MRT,1854,32
MRT,1855,32
MRT,1856,32
MRT,1857,32
MRT,1858,32
MRT,1859,32
MRT,1860,32
MRT,1861,32
MRT,1862,32
MRT,1863,32
MRT,1864,32
MRT,1865,32
MRT,1866,32
MRT,1867,32
MRT,1868,32
MRT,1869,32
MRT,1870,32
MRT,1871,32
MRT,1872,32
MRT,1873,32
MRT,1874,32
MRT,1875,32
MRT,1876,32
MRT,1877,32
MRT,1878,32
MRT,1879,32
MRT,1880,32
MRT,1881,32
MRT,1882,32
MRT,1883,32
MRT,1884,32
MRT,1885,32
MRT,1886,32
MRT,1887,32
MRT,1888,32
MRT,1889,32
MRT,1890,32
MRT,1891,32
MRT,1892,32
MRT,1893,32
MRT,1894,32
MRT,1895,32
MRT,1896,32
MRT,1897,32
MRT,1898,32
MRT,1899,32
MRT,1900,32
MRT,1901,32
MRT,1902,32
MRT,1903,32
MRT,1904,32
MRT,1905,32
MRT,1906,32
MRT,1907,32
MRT,1908,32
MRT,1909,32
MRT,1910,32
MRT,1911,32
MRT,1912,32
MRT,1913,32
MRT,1914,32
MRT,1915,32
MRT,1916,32
MRT,1917,32
MRT,1918,12.38
MRT,1919,32
MRT,1920,32
MRT,1921,32
MRT,1922,32
MRT,1923,32
MRT,1924,32
MRT,1925,32
MRT,1926,32
MRT,1927,32
MRT,1928,32
MRT,1929,32
MRT,1930,32
MRT,1931,32
MRT,1932,32
MRT,1933,32
MRT,1934,32
MRT,1935,32
MRT,1936,32
MRT,1937,32
MRT,1938,32
MRT,1939,32
MRT,1940,32
MRT,1941,32.02
MRT,1942,32.04
MRT,1943,32.06
MRT,1944,32.08
MRT,1945,32.11
MRT,1946,33.22
MRT,1947,34.33
MRT,1948,35.44
MRT,1949,36.55
MRT,1950,37.66
MRT,1951,37.95
MRT,1952,38.53
MRT,1953,39.14
MRT,1954,39.77
MRT,1955,40.42
MRT,1956,41.09
MRT,1957,41.78
MRT,1958,42.48
MRT,1959,43.2
MRT,1960,43.91
MRT,1961,44.62
MRT,1962,45.31
MRT,1963,45.96
MRT,1964,46.59
MRT,1965,47.18
MRT,1966,47.73
MRT,1967,48.26
MRT,1968,48.78
MRT,1969,49.27
MRT,1970,49.77
MRT,1971,50.25
MRT,1972,50.73
MRT,1973,51.2
MRT,1974,51.69
MRT,1975,52.19
MRT,1976,52.73
MRT,1977,53.29
MRT,1978,53.89
MRT,1979,54.51
MRT,1980,55.13
MRT,1981,55.75
MRT,1982,56.34
MRT,1983,56.9
MRT,1984,57.41
MRT,1985,57.86
MRT,1986,58.28
MRT,1987,58.64
MRT,1988,58.96
MRT,1989,59.25
MRT,1990,59.5
MRT,1991,60.2
MRT,1992,60.4
MRT,1993,60.7
MRT,1994,60.7
MRT,1995,61.2
MRT,1996,61.5
MRT,1997,62
MRT,1998,62.5
MRT,1999,63.2
MRT,2000,63.8
MRT,2001,64.2
MRT,2002,64.9
MRT,2003,65.5
MRT,2004,65.9
MRT,2005,66.3
MRT,2006,67
MRT,2007,67.5
MRT,2008,67.9
MRT,2009,68.2
MRT,2010,68.6
MRT,2011,68.8
MRT,2012,69.1
MRT,2013,69.3
MRT,2014,69.6
MRT,2015,69.7
MRT,2016,69.8
MUS,1800,28.7
MUS,1801,28.7
MUS,1802,28.7
MUS,1803,28.7
MUS,1804,28.7
MUS,1805,28.7
MUS,1806,28.7
MUS,1807,28.7
MUS,1808,28.7
MUS,1809,28.7
MUS,1810,28.7
MUS,1811,28.7
MUS,1812,28.7
MUS,1813,28.7
MUS,1814,28.7
MUS,1815,28.7
MUS,1816,28.7
MUS,1817,28.7
MUS,1818,28.7
MUS,1819,28.7
MUS,1820,28.7
MUS,1821,28.7
MUS,1822,28.7
MUS,1823,28.7
MUS,1824,28.7
MUS,1825,28.7
MUS,1826,28.7
MUS,1827,28.7
MUS,1828,28.7
MUS,1829,31.05
MUS,1830,33.41
MUS,1831,35.76
MUS,1832,31.27
MUS,1833,35.22
MUS,1834,32.67
MUS,1835,27.2
MUS,1836,31.6
MUS,1837,26.24
MUS,1838,31.85
MUS,1839,24.84
MUS,1840,32.53
MUS,1841,23.01
MUS,1842,22.41
MUS,1843,28.3
MUS,1844,15
MUS,1845,24.47
MUS,1846,29.99
MUS,1847,33.21
MUS,1848,36.19
MUS,1849,31.72
MUS,1850,31.13
MUS,1851,36.13
MUS,1852,34.46
MUS,1853,32.86
MUS,1854,7.5
MUS,1855,29.72
MUS,1856,17.55
MUS,1857,36.58
MUS,1858,34.44
MUS,1859,31.68
MUS,1860,30.96
MUS,1861,31.24
MUS,1862,22.66
MUS,1863,27.53
MUS,1864,27.94
MUS,1865,28.38
MUS,1866,29.39
MUS,1867,4
MUS,1868,13.65
MUS,1869,26.45
MUS,1870,39.29
MUS,1871,36.89
MUS,1872,35.48
MUS,1873,28.76
MUS,1874,32.53
MUS,1875,37.56
MUS,1876,34.85
MUS,1877,32.62
MUS,1878,35.06
MUS,1879,30.27
MUS,1880,34.12
MUS,1881,32.62
MUS,1882,28
MUS,1883,27.41
MUS,1884,31.56
MUS,1885,29.11
MUS,1886,33.32
MUS,1887,28.08
MUS,1888,31.75
MUS,1889,28.42
MUS,1890,28.16
MUS,1891,35.38
MUS,1892,28
MUS,1893,23.17
MUS,1894,33.32
MUS,1895,25.97
MUS,1896,22.15
MUS,1897,32.53
MUS,1898,30.45
MUS,1899,27.25
MUS,1900,26.29
MUS,1901,23.88
MUS,1902,28.76
MUS,1903,23.88
MUS,1904,30.45
MUS,1905,23.38
MUS,1906,23.74
MUS,1907,28
MUS,1908,23.59
MUS,1909,26.13
MUS,1910,28.93
MUS,1911,29.73
MUS,1912,25.13
MUS,1913,27.83
MUS,1914,30.54
MUS,1915,28.5
MUS,1916,32.62
MUS,1917,30.72
MUS,1918,29.55
MUS,1919,12
MUS,1920,31.19
MUS,1921,23.88
MUS,1922,28.42
MUS,1923,34.02
MUS,1924,34.85
MUS,1925,38.82
MUS,1926,37.45
MUS,1927,37.68
MUS,1928,34.33
MUS,1929,31.85
MUS,1930,27.66
MUS,1931,24.75
MUS,1932,29.91
MUS,1933,35.27
MUS,1934,37
MUS,1935,36.13
MUS,1936,36.24
MUS,1937,33.72
MUS,1938,32.62
MUS,1939,34.54
MUS,1940,37.23
MUS,1941,37.12
MUS,1942,33.31
MUS,1943,36.77
MUS,1944,35.47
MUS,1945,27.08
MUS,1946,33
MUS,1947,38.6
MUS,1948,41.75
MUS,1949,44.91
MUS,1950,48.05
MUS,1951,48.57
MUS,1952,49.61
MUS,1953,50.68
MUS,1954,51.78
MUS,1955,52.92
MUS,1956,54.09
MUS,1957,55.28
MUS,1958,56.46
MUS,1959,57.63
MUS,1960,58.74
MUS,1961,59.75
MUS,1962,60.64
MUS,1963,61.38
MUS,1964,61.97
MUS,1965,62.4
MUS,1966,62.67
MUS,1967,62.85
MUS,1968,62.97
MUS,1969,63.05
MUS,1970,63.14
MUS,1971,63.27
MUS,1972,63.45
MUS,1973,63.68
MUS,1974,63.99
MUS,1975,64.37
MUS,1976,64.83
MUS,1977,65.34
MUS,1978,65.87
MUS,1979,66.41
MUS,1980,66.92
MUS,1981,67.34
MUS,1982,67.7
MUS,1983,67.96
MUS,1984,68.14
MUS,1985,68.26
MUS,1986,68.38
MUS,1987,68.53
MUS,1988,68.74
MUS,1989,68.99
MUS,1990,69.3
MUS,1991,69.6
MUS,1992,69.7
MUS,1993,69.8
MUS,1994,70
MUS,1995,70.3
MUS,1996,70.5
MUS,1997,70.7
MUS,1998,71
MUS,1999,71.2
MUS,2000,71.4
MUS,2001,71.6
MUS,2002,71.7
MUS,2003,71.9
MUS,2004,72.1
MUS,2005,72.4
MUS,2006,72.5
MUS,2007,72.7
MUS,2008,72.9
MUS,2009,73.2
MUS,2010,73.4
MUS,2011,73.7
MUS,2012,74.1
MUS,2013,74.2
MUS,2014,74.3
MUS,2015,74.5
MUS,2016,74.7
MYT,1800,32.5
MYT,1801,32.5
MYT,1802,32.5
MYT,1803,32.5
MYT,1804,32.5
MYT,1805,32.5
MYT,1806,32.5
MYT,1807,32.5
MYT,1808,32.5
MYT,1809,32.5
MYT,1810,32.5
MYT,1811,32.5
MYT,1812,32.5
MYT,1813,32.5
MYT,1814,32.5
MYT,1815,32.5
MYT,1816,32.5
MYT,1817,32.5
MYT,1818,32.5
MYT,1819,32.5
MYT,1820,32.5
MYT,1821,32.5
MYT,1822,32.5
MYT,1823,32.5
MYT,1824,32.5
MYT,1825,32.5
MYT,1826,32.5
MYT,1827,32.5
MYT,1828,32.5
MYT,1829,32.5
MYT,1830,32.5
MYT,1831,32.5
MYT,1832,32.5
MYT,1833,32.5
MYT,1834,32.5
MYT,1835,32.5
MYT,1836,32.5
MYT,1837,32.5
MYT,1838,32.5
MYT,1839,32.5
MYT,1840,32.5
MYT,1841,32.5
MYT,1842,32.5
MYT,1843,32.5
MYT,1844,32.5
MYT,1845,32.5
MYT,1846,32.5
MYT,1847,32.5
MYT,1848,32.5
MYT,1849,32.5
MYT,1850,32.5
MYT,1851,32.5
MYT,1852,32.5
MYT,1853,32.5
MYT,1854,32.5
MYT,1855,32.5
MYT,1856,32.5
MYT,1857,32.5
MYT,1858,32.5
MYT,1859,32.5
MYT,1860,32.5
MYT,1861,32.5
MYT,1862,32.5
MYT,1863,32.5
MYT,1864,32.5
MYT,1865,32.5
MYT,1866,32.5
MYT,1867,32.5
MYT,1868,32.5
MYT,1869,32.5
MYT,1870,32.5
MYT,1871,32.5
MYT,1872,32.5
MYT,1873,32.5
MYT,1874,32.5
MYT,1875,32.5
MYT,1876,32.5
MYT,1877,32.5
MYT,1878,32.5
MYT,1879,32.5
MYT,1880,32.5
MYT,1881,32.5
MYT,1882,32.5
MYT,1883,32.5
MYT,1884,32.5
MYT,1885,32.5
MYT,1886,32.5
MYT,1887,32.5
MYT,1888,32.5
MYT,1889,32.5
MYT,1890,32.5
MYT,1891,32.5
MYT,1892,32.5
MYT,1893,32.5
MYT,1894,32.5
MYT,1895,32.5
MYT,1896,32.5
MYT,1897,32.5
MYT,1898,32.5
MYT,1899,32.5
MYT,1900,32.5
MYT,1901,32.5
MYT,1902,32.5
MYT,1903,32.5
MYT,1904,32.5
MYT,1905,32.5
MYT,1906,32.5
MYT,1907,32.5
MYT,1908,32.5
MYT,1909,32.5
MYT,1910,32.5
MYT,1911,32.5
MYT,1912,32.5
MYT,1913,32.5
MYT,1914,32.5
MYT,1915,32.5
MYT,1916,32.5
MYT,1917,32.5
MYT,1918,12.57
MYT,1919,32.5
MYT,1920,32.5
MYT,1921,32.5
MYT,1922,32.5
MYT,1923,32.5
MYT,1924,32.5
MYT,1925,32.5
MYT,1926,32.5
MYT,1927,32.5
MYT,1928,32.5
MYT,1929,32.5
MYT,1930,32.5
MYT,1931,32.5
MYT,1932,32.5
MYT,1933,32.5
MYT,1934,32.5
MYT,1935,32.5
MYT,1936,32.5
MYT,1937,32.5
MYT,1938,32.5
MYT,1939,32.5
MYT,1940,32.5
MYT,1941,32.5
MYT,1942,32.5
MYT,1943,32.5
MYT,1944,32.5
MYT,1945,32.5
MYT,1946,34.94
MYT,1947,37.38
MYT,1948,39.83
MYT,1949,42.27
MYT,1950,44.71
MYT,1951,45.38
MYT,1952,46.68
MYT,1953,47.92
MYT,1954,49.11
MYT,1955,50.24
MYT,1956,51.32
MYT,1957,52.34
MYT,1958,53.3
MYT,1959,54.22
MYT,1960,55.09
MYT,1961,55.92
MYT,1962,56.72
MYT,1963,57.5
MYT,1964,58.25
MYT,1965,58.98
MYT,1966,59.7
MYT,1967,60.39
MYT,1968,61.07
MYT,1969,61.73
MYT,1970,62.36
MYT,1971,62.99
MYT,1972,63.59
MYT,1973,64.17
MYT,1974,64.74
MYT,1975,65.3
MYT,1976,65.84
MYT,1977,66.36
MYT,1978,66.88
MYT,1979,67.38
MYT,1980,67.86
MYT,1981,68.34
MYT,1982,68.8
MYT,1983,69.25
MYT,1984,69.69
MYT,1985,70.12
MYT,1986,70.54
MYT,1987,70.95
MYT,1988,71.35
MYT,1989,71.75
MYT,1990,72.14
MYT,1991,72.53
MYT,1992,72.91
MYT,1993,73.28
MYT,1994,73.64
MYT,1995,74
MYT,1996,74.35
MYT,1997,74.7
MYT,1998,75.03
MYT,1999,75.36
MYT,2000,75.69
MYT,2001,76.01
MYT,2002,76.33
MYT,2003,76.64
MYT,2004,76.95
MYT,2005,77.24
MYT,2006,77.53
MYT,2007,77.8
MYT,2008,78.05
MYT,2009,78.29
MYT,2010,78.52
MYT,2011,78.74
MYT,2012,78.96
MYT,2013,79.19
MYT,2014,79.42
MYT,2015,79.65
MYT,2016,79.88
MEX,1800,26.9
MEX,1801,26.9
MEX,1802,26.9
MEX,1803,26.9
MEX,1804,26.9
MEX,1805,26.9
MEX,1806,26.9
MEX,1807,26.9
MEX,1808,26.9
MEX,1809,26.9
MEX,1810,26.9
MEX,1811,26.9
MEX,1812,26.9
MEX,1813,26.9
MEX,1814,26.9
MEX,1815,26.9
MEX,1816,26.9
MEX,1817,26.9
MEX,1818,26.9
MEX,1819,26.9
MEX,1820,26.9
MEX,1821,26.9
MEX,1822,26.9
MEX,1823,26.9
MEX,1824,26.9
MEX,1825,26.9
MEX,1826,26.9
MEX,1827,26.9
MEX,1828,26.9
MEX,1829,26.9
MEX,1830,26.9
MEX,1831,26.9
MEX,1832,26.9
MEX,1833,26.9
MEX,1834,26.9
MEX,1835,26.9
MEX,1836,26.9
MEX,1837,26.9
MEX,1838,26.9
MEX,1839,26.9
MEX,1840,26.9
MEX,1841,26.9
MEX,1842,26.9
MEX,1843,26.9
MEX,1844,26.9
MEX,1845,26.9
MEX,1846,26.9
MEX,1847,26.9
MEX,1848,26.9
MEX,1849,26.9
MEX,1850,26.9
MEX,1851,26.9
MEX,1852,26.9
MEX,1853,26.9
MEX,1854,26.9
MEX,1855,26.9
MEX,1856,26.9
MEX,1857,26.9
MEX,1858,26.9
MEX,1859,26.9
MEX,1860,26.9
MEX,1861,26.9
MEX,1862,26.9
MEX,1863,26.9
MEX,1864,26.9
MEX,1865,26.9
MEX,1866,26.9
MEX,1867,26.9
MEX,1868,26.9
MEX,1869,26.9
MEX,1870,26.9
MEX,1871,26.9
MEX,1872,26.9
MEX,1873,26.9
MEX,1874,26.9
MEX,1875,26.9
MEX,1876,26.9
MEX,1877,26.9
MEX,1878,26.9
MEX,1879,26.9
MEX,1880,26.9
MEX,1881,26.9
MEX,1882,26.9
MEX,1883,26.9
MEX,1884,26.9
MEX,1885,26.9
MEX,1886,26.9
MEX,1887,26.9
MEX,1888,26.9
MEX,1889,26.9
MEX,1890,26.9
MEX,1891,25.7
MEX,1892,24.49
MEX,1893,23.29
MEX,1894,26.62
MEX,1895,29.52
MEX,1896,28.8
MEX,1897,26.24
MEX,1898,27.03
MEX,1899,24.98
MEX,1900,27.58
MEX,1901,26.65
MEX,1902,28.37
MEX,1903,28.68
MEX,1904,29.09
MEX,1905,26.8
MEX,1906,27.88
MEX,1907,27.97
MEX,1908,28.72
MEX,1909,29.21
MEX,1910,27.41
MEX,1911,27.84
MEX,1912,28.28
MEX,1913,28.71
MEX,1914,29.14
MEX,1915,29.57
MEX,1916,30.01
MEX,1917,30.44
MEX,1918,18.19
MEX,1919,31.3
MEX,1920,31.74
MEX,1921,32.17
MEX,1922,32.6
MEX,1923,33.5
MEX,1924,32.8
MEX,1925,32.1
MEX,1926,34.2
MEX,1927,40.3
MEX,1928,34.5
MEX,1929,35.4
MEX,1930,36.2
MEX,1931,37.7
MEX,1932,38.4
MEX,1933,37.3
MEX,1934,38.2
MEX,1935,40.4
MEX,1936,38.3
MEX,1937,36.8
MEX,1938,39.4
MEX,1939,45.5
MEX,1940,39.2
MEX,1941,42.61
MEX,1942,39.83
MEX,1943,42.84
MEX,1944,43.25
MEX,1945,44.27
MEX,1946,44.88
MEX,1947,46.39
MEX,1948,48.41
MEX,1949,45.92
MEX,1950,48.69
MEX,1951,49.27
MEX,1952,50.37
MEX,1953,51.42
MEX,1954,52.43
MEX,1955,53.39
MEX,1956,54.29
MEX,1957,55.14
MEX,1958,55.94
MEX,1959,56.67
MEX,1960,57.34
MEX,1961,57.95
MEX,1962,58.49
MEX,1963,58.96
MEX,1964,59.4
MEX,1965,59.78
MEX,1966,60.15
MEX,1967,60.53
MEX,1968,60.91
MEX,1969,61.32
MEX,1970,61.77
MEX,1971,62.25
MEX,1972,62.75
MEX,1973,63.29
MEX,1974,63.83
MEX,1975,64.39
MEX,1976,64.95
MEX,1977,65.51
MEX,1978,66.05
MEX,1979,66.58
MEX,1980,67.09
MEX,1981,67.58
MEX,1982,68.05
MEX,1983,68.52
MEX,1984,68.97
MEX,1985,69.4
MEX,1986,69.84
MEX,1987,70.26
MEX,1988,70.67
MEX,1989,71.09
MEX,1990,71.5
MEX,1991,71.9
MEX,1992,72.1
MEX,1993,72.4
MEX,1994,72.7
MEX,1995,73
MEX,1996,73.3
MEX,1997,73.6
MEX,1998,73.7
MEX,1999,74.1
MEX,2000,74.6
MEX,2001,74.9
MEX,2002,74.9
MEX,2003,74.9
MEX,2004,75.2
MEX,2005,75.1
MEX,2006,75.4
MEX,2007,75.6
MEX,2008,75.4
MEX,2009,75.3
MEX,2010,75.4
MEX,2011,75.7
MEX,2012,75.7
MEX,2013,75.4
MEX,2014,75.6
MEX,2015,75.9
MEX,2016,76.2
FSM,1800,26.7
FSM,1801,26.7
FSM,1802,26.7
FSM,1803,26.7
FSM,1804,26.7
FSM,1805,26.7
FSM,1806,26.7
FSM,1807,26.7
FSM,1808,26.7
FSM,1809,26.7
FSM,1810,26.7
FSM,1811,26.7
FSM,1812,26.7
FSM,1813,26.7
FSM,1814,26.7
FSM,1815,26.7
FSM,1816,26.7
FSM,1817,26.7
FSM,1818,26.7
FSM,1819,26.7
FSM,1820,26.7
FSM,1821,26.7
FSM,1822,26.7
FSM,1823,26.7
FSM,1824,26.7
FSM,1825,26.7
FSM,1826,26.7
FSM,1827,26.7
FSM,1828,26.7
FSM,1829,26.7
FSM,1830,26.7
FSM,1831,26.7
FSM,1832,26.7
FSM,1833,26.7
FSM,1834,26.7
FSM,1835,26.7
FSM,1836,26.7
FSM,1837,26.7
FSM,1838,26.7
FSM,1839,26.7
FSM,1840,26.7
FSM,1841,26.7
FSM,1842,26.7
FSM,1843,26.7
FSM,1844,26.7
FSM,1845,26.7
FSM,1846,26.7
FSM,1847,26.7
FSM,1848,26.7
FSM,1849,26.7
FSM,1850,26.7
FSM,1851,26.7
FSM,1852,26.7
FSM,1853,26.7
FSM,1854,26.7
FSM,1855,26.7
FSM,1856,26.7
FSM,1857,26.7
FSM,1858,26.7
FSM,1859,26.7
FSM,1860,26.7
FSM,1861,26.7
FSM,1862,26.7
FSM,1863,26.7
FSM,1864,26.7
FSM,1865,26.7
FSM,1866,26.7
FSM,1867,26.7
FSM,1868,26.7
FSM,1869,26.7
FSM,1870,26.7
FSM,1871,26.7
FSM,1872,26.7
FSM,1873,26.7
FSM,1874,26.7
FSM,1875,26.7
FSM,1876,26.7
FSM,1877,26.7
FSM,1878,26.7
FSM,1879,26.7
FSM,1880,26.7
FSM,1881,26.7
FSM,1882,26.7
FSM,1883,26.7
FSM,1884,26.7
FSM,1885,26.7
FSM,1886,26.7
FSM,1887,26.7
FSM,1888,26.7
FSM,1889,26.7
FSM,1890,26.7
FSM,1891,26.7
FSM,1892,26.7
FSM,1893,26.7
FSM,1894,26.7
FSM,1895,26.7
FSM,1896,26.7
FSM,1897,26.7
FSM,1898,26.7
FSM,1899,26.7
FSM,1900,26.7
FSM,1901,26.7
FSM,1902,26.7
FSM,1903,26.7
FSM,1904,26.7
FSM,1905,26.7
FSM,1906,26.7
FSM,1907,26.7
FSM,1908,26.7
FSM,1909,26.7
FSM,1910,26.7
FSM,1911,26.7
FSM,1912,26.7
FSM,1913,26.7
FSM,1914,26.7
FSM,1915,26.7
FSM,1916,26.7
FSM,1917,26.7
FSM,1918,8.67
FSM,1919,26.7
FSM,1920,26.7
FSM,1921,26.7
FSM,1922,26.7
FSM,1923,26.7
FSM,1924,26.7
FSM,1925,26.7
FSM,1926,27.78
FSM,1927,28.87
FSM,1928,29.95
FSM,1929,31.03
FSM,1930,32.12
FSM,1931,33.2
FSM,1932,34.28
FSM,1933,35.36
FSM,1934,36.45
FSM,1935,37.53
FSM,1936,38.61
FSM,1937,39.7
FSM,1938,40.78
FSM,1939,41.86
FSM,1940,42.95
FSM,1941,43.99
FSM,1942,42.92
FSM,1943,36.89
FSM,1944,27.85
FSM,1945,44.81
FSM,1946,47.77
FSM,1947,49.73
FSM,1948,51.29
FSM,1949,52.36
FSM,1950,53.4
FSM,1951,53.56
FSM,1952,53.92
FSM,1953,54.28
FSM,1954,54.65
FSM,1955,55.01
FSM,1956,55.37
FSM,1957,55.73
FSM,1958,56.09
FSM,1959,56.45
FSM,1960,56.82
FSM,1961,57.18
FSM,1962,57.54
FSM,1963,57.9
FSM,1964,58.26
FSM,1965,58.63
FSM,1966,58.99
FSM,1967,59.36
FSM,1968,59.73
FSM,1969,60.1
FSM,1970,60.48
FSM,1971,60.89
FSM,1972,61.3
FSM,1973,61.71
FSM,1974,62.12
FSM,1975,62.5
FSM,1976,62.85
FSM,1977,63.14
FSM,1978,63.37
FSM,1979,63.53
FSM,1980,63.64
FSM,1981,63.71
FSM,1982,63.77
FSM,1983,63.81
FSM,1984,63.86
FSM,1985,63.92
FSM,1986,63.99
FSM,1987,64.07
FSM,1988,64.15
FSM,1989,64.23
FSM,1990,64.3
FSM,1991,64.5
FSM,1992,64.7
FSM,1993,64.9
FSM,1994,65.1
FSM,1995,65.4
FSM,1996,65.7
FSM,1997,65.9
FSM,1998,66.1
FSM,1999,66.3
FSM,2000,66.6
FSM,2001,66.8
FSM,2002,66
FSM,2003,67.3
FSM,2004,67.4
FSM,2005,67.6
FSM,2006,67.7
FSM,2007,67.9
FSM,2008,68
FSM,2009,68.1
FSM,2010,68.3
FSM,2011,68.4
FSM,2012,68.6
FSM,2013,68.7
FSM,2014,68.8
FSM,2015,68.9
FSM,2016,69
MDA,1800,33.15
MDA,1801,33.15
MDA,1802,33.15
MDA,1803,33.15
MDA,1804,33.15
MDA,1805,33.15
MDA,1806,33.15
MDA,1807,33.15
MDA,1808,33.15
MDA,1809,33.15
MDA,1810,33.15
MDA,1811,33.15
MDA,1812,33.15
MDA,1813,33.15
MDA,1814,33.15
MDA,1815,33.15
MDA,1816,33.15
MDA,1817,33.15
MDA,1818,33.15
MDA,1819,33.15
MDA,1820,33.15
MDA,1821,33.15
MDA,1822,33.15
MDA,1823,33.15
MDA,1824,33.15
MDA,1825,33.15
MDA,1826,33.15
MDA,1827,33.15
MDA,1828,33.15
MDA,1829,33.15
MDA,1830,33.15
MDA,1831,33.15
MDA,1832,33.15
MDA,1833,33.15
MDA,1834,33.15
MDA,1835,33.15
MDA,1836,33.15
MDA,1837,33.15
MDA,1838,33.15
MDA,1839,33.15
MDA,1840,33.15
MDA,1841,33.15
MDA,1842,33.15
MDA,1843,33.15
MDA,1844,33.15
MDA,1845,33.15
MDA,1846,33.15
MDA,1847,33.15
MDA,1848,33.15
MDA,1849,33.15
MDA,1850,33.15
MDA,1851,33.15
MDA,1852,33.15
MDA,1853,33.15
MDA,1854,33.15
MDA,1855,33.15
MDA,1856,33.15
MDA,1857,33.15
MDA,1858,33.15
MDA,1859,33.15
MDA,1860,33.15
MDA,1861,33.15
MDA,1862,33.15
MDA,1863,33.15
MDA,1864,33.15
MDA,1865,33.15
MDA,1866,33.15
MDA,1867,33.15
MDA,1868,33.15
MDA,1869,33.15
MDA,1870,33.15
MDA,1871,33.15
MDA,1872,33.15
MDA,1873,33.15
MDA,1874,33.15
MDA,1875,33.15
MDA,1876,33.15
MDA,1877,33.15
MDA,1878,33.15
MDA,1879,33.15
MDA,1880,33.15
MDA,1881,33.15
MDA,1882,33.15
MDA,1883,33.15
MDA,1884,33.15
MDA,1885,33.15
MDA,1886,33.15
MDA,1887,33.15
MDA,1888,33.15
MDA,1889,33.15
MDA,1890,33.15
MDA,1891,33.15
MDA,1892,33.15
MDA,1893,33.15
MDA,1894,33.15
MDA,1895,33.15
MDA,1896,33.15
MDA,1897,33.15
MDA,1898,33.15
MDA,1899,33.15
MDA,1900,33.15
MDA,1901,33.15
MDA,1902,33.15
MDA,1903,33.15
MDA,1904,33.15
MDA,1905,33.15
MDA,1906,33.15
MDA,1907,33.15
MDA,1908,33.15
MDA,1909,33.15
MDA,1910,33.15
MDA,1911,33.15
MDA,1912,33.15
MDA,1913,33.15
MDA,1914,33.15
MDA,1915,33.15
MDA,1916,33.15
MDA,1917,33.15
MDA,1918,31.21
MDA,1919,33.15
MDA,1920,33.15
MDA,1921,33.63
MDA,1922,34.12
MDA,1923,34.61
MDA,1924,35.1
MDA,1925,35.58
MDA,1926,36.07
MDA,1927,36.56
MDA,1928,37.05
MDA,1929,37.54
MDA,1930,38.02
MDA,1931,38.51
MDA,1932,39
MDA,1933,40.06
MDA,1934,41.13
MDA,1935,42.19
MDA,1936,43.25
MDA,1937,44.32
MDA,1938,45.38
MDA,1939,46.45
MDA,1940,47.51
MDA,1941,40.51
MDA,1942,39.02
MDA,1943,35.03
MDA,1944,24.94
MDA,1945,44.56
MDA,1946,51.07
MDA,1947,21.08
MDA,1948,55.09
MDA,1949,56.6
MDA,1950,58.26
MDA,1951,58.5
MDA,1952,58.96
MDA,1953,59.42
MDA,1954,59.85
MDA,1955,60.27
MDA,1956,60.68
MDA,1957,61.07
MDA,1958,61.46
MDA,1959,61.84
MDA,1960,62.22
MDA,1961,62.61
MDA,1962,62.99
MDA,1963,63.38
MDA,1964,63.77
MDA,1965,64.14
MDA,1966,64.48
MDA,1967,64.78
MDA,1968,65.03
MDA,1969,65.23
MDA,1970,65.39
MDA,1971,65.48
MDA,1972,65.55
MDA,1973,65.58
MDA,1974,65.6
MDA,1975,65.6
MDA,1976,65.57
MDA,1977,65.52
MDA,1978,65.47
MDA,1979,65.41
MDA,1980,65.4
MDA,1981,65.48
MDA,1982,65.68
MDA,1983,65.98
MDA,1984,66.38
MDA,1985,66.83
MDA,1986,67.29
MDA,1987,67.69
MDA,1988,67.98
MDA,1989,68.16
MDA,1990,68.2
MDA,1991,67.4
MDA,1992,67.6
MDA,1993,67.4
MDA,1994,65.8
MDA,1995,65.4
MDA,1996,66.1
MDA,1997,67.9
MDA,1998,68.5
MDA,1999,68.4
MDA,2000,68.6
MDA,2001,69.2
MDA,2002,69.6
MDA,2003,69.9
MDA,2004,70.2
MDA,2005,69.5
MDA,2006,69.8
MDA,2007,70
MDA,2008,70.4
MDA,2009,70.6
MDA,2010,70.5
MDA,2011,72.3
MDA,2012,72.4
MDA,2013,73.3
MDA,2014,73.6
MDA,2015,73.9
MDA,2016,74.2
MNG,1800,31.8
MNG,1801,31.8
MNG,1802,31.8
MNG,1803,31.8
MNG,1804,31.8
MNG,1805,31.8
MNG,1806,31.8
MNG,1807,31.8
MNG,1808,31.8
MNG,1809,31.8
MNG,1810,31.8
MNG,1811,31.8
MNG,1812,31.8
MNG,1813,31.8
MNG,1814,31.8
MNG,1815,31.8
MNG,1816,31.8
MNG,1817,31.8
MNG,1818,31.8
MNG,1819,31.8
MNG,1820,31.8
MNG,1821,31.8
MNG,1822,31.8
MNG,1823,31.8
MNG,1824,31.8
MNG,1825,31.8
MNG,1826,31.8
MNG,1827,31.8
MNG,1828,31.8
MNG,1829,31.8
MNG,1830,31.8
MNG,1831,31.8
MNG,1832,31.8
MNG,1833,31.8
MNG,1834,31.8
MNG,1835,31.8
MNG,1836,31.8
MNG,1837,31.8
MNG,1838,31.8
MNG,1839,31.8
MNG,1840,31.8
MNG,1841,31.8
MNG,1842,31.8
MNG,1843,31.8
MNG,1844,31.8
MNG,1845,31.8
MNG,1846,31.8
MNG,1847,31.8
MNG,1848,31.8
MNG,1849,31.8
MNG,1850,31.8
MNG,1851,31.8
MNG,1852,31.8
MNG,1853,31.8
MNG,1854,31.8
MNG,1855,31.8
MNG,1856,31.8
MNG,1857,31.8
MNG,1858,31.8
MNG,1859,31.8
MNG,1860,31.8
MNG,1861,31.8
MNG,1862,31.8
MNG,1863,31.8
MNG,1864,31.8
MNG,1865,31.8
MNG,1866,31.8
MNG,1867,31.8
MNG,1868,31.8
MNG,1869,31.8
MNG,1870,31.8
MNG,1871,31.8
MNG,1872,31.8
MNG,1873,31.8
MNG,1874,31.8
MNG,1875,31.8
MNG,1876,31.8
MNG,1877,31.8
MNG,1878,31.8
MNG,1879,31.8
MNG,1880,31.8
MNG,1881,31.8
MNG,1882,31.8
MNG,1883,31.8
MNG,1884,31.8
MNG,1885,31.8
MNG,1886,31.8
MNG,1887,31.8
MNG,1888,31.8
MNG,1889,31.8
MNG,1890,31.8
MNG,1891,31.8
MNG,1892,31.8
MNG,1893,31.8
MNG,1894,31.8
MNG,1895,31.8
MNG,1896,31.8
MNG,1897,31.8
MNG,1898,31.8
MNG,1899,31.8
MNG,1900,31.8
MNG,1901,31.8
MNG,1902,31.8
MNG,1903,31.8
MNG,1904,31.8
MNG,1905,31.8
MNG,1906,31.8
MNG,1907,31.8
MNG,1908,31.8
MNG,1909,31.8
MNG,1910,31.8
MNG,1911,31.8
MNG,1912,31.8
MNG,1913,31.8
MNG,1914,31.8
MNG,1915,31.8
MNG,1916,31.8
MNG,1917,31.8
MNG,1918,20.38
MNG,1919,31.8
MNG,1920,31.8
MNG,1921,31.8
MNG,1922,31.8
MNG,1923,31.8
MNG,1924,31.8
MNG,1925,31.8
MNG,1926,31.8
MNG,1927,31.8
MNG,1928,31.8
MNG,1929,31.8
MNG,1930,31.8
MNG,1931,31.8
MNG,1932,31.8
MNG,1933,31.8
MNG,1934,31.8
MNG,1935,31.8
MNG,1936,31.8
MNG,1937,31.8
MNG,1938,31.8
MNG,1939,31.8
MNG,1940,31.8
MNG,1941,31.84
MNG,1942,31.88
MNG,1943,31.92
MNG,1944,31.96
MNG,1945,32
MNG,1946,34.18
MNG,1947,36.37
MNG,1948,38.55
MNG,1949,40.75
MNG,1950,42.93
MNG,1951,43.09
MNG,1952,43.41
MNG,1953,43.83
MNG,1954,44.34
MNG,1955,44.96
MNG,1956,45.66
MNG,1957,46.46
MNG,1958,47.33
MNG,1959,48.25
MNG,1960,49.2
MNG,1961,50.15
MNG,1962,51.08
MNG,1963,51.94
MNG,1964,52.74
MNG,1965,53.48
MNG,1966,54.16
MNG,1967,54.8
MNG,1968,55.43
MNG,1969,56.02
MNG,1970,56.58
MNG,1971,57.08
MNG,1972,57.49
MNG,1973,57.82
MNG,1974,58.06
MNG,1975,58.22
MNG,1976,58.31
MNG,1977,58.36
MNG,1978,58.4
MNG,1979,58.46
MNG,1980,58.56
MNG,1981,58.73
MNG,1982,59
MNG,1983,59.34
MNG,1984,59.76
MNG,1985,60.22
MNG,1986,60.71
MNG,1987,61.18
MNG,1988,61.61
MNG,1989,61.98
MNG,1990,62.3
MNG,1991,62.3
MNG,1992,62.2
MNG,1993,62
MNG,1994,62
MNG,1995,61.7
MNG,1996,61.7
MNG,1997,61.9
MNG,1998,62.1
MNG,1999,62.3
MNG,2000,62.5
MNG,2001,62.7
MNG,2002,62.9
MNG,2003,63.1
MNG,2004,63.4
MNG,2005,63.6
MNG,2006,64
MNG,2007,64.4
MNG,2008,64.8
MNG,2009,65
MNG,2010,65.2
MNG,2011,65.6
MNG,2012,66
MNG,2013,66.4
MNG,2014,66.8
MNG,2015,67.1
MNG,2016,67.4
MNE,1800,35.4
MNE,1801,35.4
MNE,1802,35.4
MNE,1803,35.4
MNE,1804,35.4
MNE,1805,35.4
MNE,1806,35.4
MNE,1807,35.4
MNE,1808,35.4
MNE,1809,35.4
MNE,1810,35.4
MNE,1811,35.4
MNE,1812,35.4
MNE,1813,35.4
MNE,1814,35.4
MNE,1815,35.4
MNE,1816,35.4
MNE,1817,35.4
MNE,1818,35.4
MNE,1819,35.4
MNE,1820,35.4
MNE,1821,35.4
MNE,1822,35.4
MNE,1823,35.4
MNE,1824,35.4
MNE,1825,35.4
MNE,1826,35.4
MNE,1827,35.4
MNE,1828,35.4
MNE,1829,35.4
MNE,1830,35.4
MNE,1831,35.4
MNE,1832,35.4
MNE,1833,35.4
MNE,1834,35.4
MNE,1835,35.4
MNE,1836,35.4
MNE,1837,35.4
MNE,1838,35.4
MNE,1839,35.4
MNE,1840,35.4
MNE,1841,35.4
MNE,1842,35.4
MNE,1843,35.4
MNE,1844,35.4
MNE,1845,35.4
MNE,1846,35.4
MNE,1847,35.4
MNE,1848,35.4
MNE,1849,35.4
MNE,1850,35.4
MNE,1851,35.4
MNE,1852,35.4
MNE,1853,35.4
MNE,1854,35.4
MNE,1855,35.4
MNE,1856,35.4
MNE,1857,35.4
MNE,1858,35.4
MNE,1859,35.4
MNE,1860,35.4
MNE,1861,35.4
MNE,1862,35.4
MNE,1863,35.4
MNE,1864,35.4
MNE,1865,35.4
MNE,1866,35.4
MNE,1867,35.4
MNE,1868,35.4
MNE,1869,35.4
MNE,1870,35.4
MNE,1871,35.4
MNE,1872,35.4
MNE,1873,35.4
MNE,1874,35.4
MNE,1875,35.4
MNE,1876,35.4
MNE,1877,35.4
MNE,1878,35.4
MNE,1879,35.4
MNE,1880,35.4
MNE,1881,35.4
MNE,1882,35.4
MNE,1883,35.4
MNE,1884,35.4
MNE,1885,35.4
MNE,1886,35.4
MNE,1887,35.4
MNE,1888,35.4
MNE,1889,35.4
MNE,1890,35.4
MNE,1891,35.4
MNE,1892,35.4
MNE,1893,35.4
MNE,1894,35.4
MNE,1895,35.4
MNE,1896,35.4
MNE,1897,35.4
MNE,1898,35.4
MNE,1899,35.4
MNE,1900,35.4
MNE,1901,35.4
MNE,1902,35.4
MNE,1903,35.4
MNE,1904,35.4
MNE,1905,35.4
MNE,1906,35.4
MNE,1907,35.4
MNE,1908,35.4
MNE,1909,35.4
MNE,1910,35.4
MNE,1911,35.4
MNE,1912,35.4
MNE,1913,35.4
MNE,1914,35.4
MNE,1915,35.4
MNE,1916,35.4
MNE,1917,35.4
MNE,1918,19.43
MNE,1919,35.4
MNE,1920,35.4
MNE,1921,36.19
MNE,1922,36.99
MNE,1923,37.78
MNE,1924,38.57
MNE,1925,39.36
MNE,1926,40.16
MNE,1927,40.95
MNE,1928,41.74
MNE,1929,42.53
MNE,1930,43.33
MNE,1931,44.12
MNE,1932,44.91
MNE,1933,45.7
MNE,1934,46.5
MNE,1935,47.29
MNE,1936,48.08
MNE,1937,48.87
MNE,1938,49.67
MNE,1939,50.46
MNE,1940,51.25
MNE,1941,40.44
MNE,1942,37.45
MNE,1943,36.3
MNE,1944,34.73
MNE,1945,36.51
MNE,1946,46.01
MNE,1947,56.02
MNE,1948,57.12
MNE,1949,58.4
MNE,1950,59.2
MNE,1951,59.32
MNE,1952,59.59
MNE,1953,59.91
MNE,1954,60.31
MNE,1955,60.78
MNE,1956,61.3
MNE,1957,61.87
MNE,1958,62.5
MNE,1959,63.17
MNE,1960,63.86
MNE,1961,64.54
MNE,1962,65.21
MNE,1963,65.86
MNE,1964,66.47
MNE,1965,67.05
MNE,1966,67.62
MNE,1967,68.19
MNE,1968,68.78
MNE,1969,69.36
MNE,1970,69.94
MNE,1971,70.48
MNE,1972,70.99
MNE,1973,71.41
MNE,1974,71.78
MNE,1975,72.07
MNE,1976,72.33
MNE,1977,72.55
MNE,1978,72.75
MNE,1979,72.95
MNE,1980,73.16
MNE,1981,73.35
MNE,1982,73.52
MNE,1983,73.68
MNE,1984,73.83
MNE,1985,73.96
MNE,1986,74.08
MNE,1987,74.21
MNE,1988,74.35
MNE,1989,74.47
MNE,1990,74.6
MNE,1991,74.4
MNE,1992,74.2
MNE,1993,73.9
MNE,1994,73.7
MNE,1995,73.5
MNE,1996,73.4
MNE,1997,73.3
MNE,1998,73.1
MNE,1999,73
MNE,2000,73.3
MNE,2001,73.5
MNE,2002,74
MNE,2003,74.5
MNE,2004,74.8
MNE,2005,75
MNE,2006,75.2
MNE,2007,75.6
MNE,2008,76
MNE,2009,76.3
MNE,2010,76.5
MNE,2011,76.7
MNE,2012,76.8
MNE,2013,76.9
MNE,2014,77.1
MNE,2015,77.2
MNE,2016,77.3
MAR,1800,33.1
MAR,1801,33.1
MAR,1802,33.1
MAR,1803,33.1
MAR,1804,33.1
MAR,1805,33.1
MAR,1806,33.1
MAR,1807,33.1
MAR,1808,33.1
MAR,1809,33.1
MAR,1810,33.1
MAR,1811,33.1
MAR,1812,33.1
MAR,1813,33.1
MAR,1814,33.1
MAR,1815,33.1
MAR,1816,33.1
MAR,1817,33.1
MAR,1818,33.1
MAR,1819,33.1
MAR,1820,33.1
MAR,1821,33.1
MAR,1822,33.1
MAR,1823,33.1
MAR,1824,33.1
MAR,1825,33.1
MAR,1826,33.1
MAR,1827,33.1
MAR,1828,33.1
MAR,1829,33.1
MAR,1830,33.1
MAR,1831,33.1
MAR,1832,33.1
MAR,1833,33.1
MAR,1834,33.1
MAR,1835,33.1
MAR,1836,33.1
MAR,1837,33.1
MAR,1838,33.1
MAR,1839,33.1
MAR,1840,33.1
MAR,1841,33.1
MAR,1842,33.1
MAR,1843,33.1
MAR,1844,33.1
MAR,1845,33.1
MAR,1846,33.1
MAR,1847,33.1
MAR,1848,33.1
MAR,1849,33.1
MAR,1850,33.1
MAR,1851,33.1
MAR,1852,33.1
MAR,1853,33.1
MAR,1854,33.1
MAR,1855,33.1
MAR,1856,33.1
MAR,1857,33.1
MAR,1858,33.1
MAR,1859,33.1
MAR,1860,33.1
MAR,1861,33.1
MAR,1862,33.1
MAR,1863,33.1
MAR,1864,33.1
MAR,1865,33.1
MAR,1866,33.1
MAR,1867,33.1
MAR,1868,33.1
MAR,1869,33.1
MAR,1870,33.1
MAR,1871,33.1
MAR,1872,33.1
MAR,1873,33.1
MAR,1874,33.1
MAR,1875,33.1
MAR,1876,33.1
MAR,1877,33.1
MAR,1878,33.1
MAR,1879,33.1
MAR,1880,33.1
MAR,1881,33.1
MAR,1882,33.1
MAR,1883,33.1
MAR,1884,33.1
MAR,1885,33.1
MAR,1886,33.1
MAR,1887,33.1
MAR,1888,33.1
MAR,1889,33.1
MAR,1890,33.1
MAR,1891,33.1
MAR,1892,33.1
MAR,1893,33.1
MAR,1894,33.1
MAR,1895,33.1
MAR,1896,33.1
MAR,1897,33.1
MAR,1898,33.1
MAR,1899,33.1
MAR,1900,33.1
MAR,1901,33.1
MAR,1902,33.1
MAR,1903,33.1
MAR,1904,33.1
MAR,1905,33.1
MAR,1906,33.1
MAR,1907,33.1
MAR,1908,33.1
MAR,1909,33.1
MAR,1910,33.1
MAR,1911,33.1
MAR,1912,33.1
MAR,1913,33.1
MAR,1914,33.1
MAR,1915,33.1
MAR,1916,33.1
MAR,1917,33.1
MAR,1918,25.33
MAR,1919,33.1
MAR,1920,33.1
MAR,1921,33.1
MAR,1922,33.1
MAR,1923,33.1
MAR,1924,33.1
MAR,1925,33.1
MAR,1926,33.1
MAR,1927,33.1
MAR,1928,33.1
MAR,1929,33.1
MAR,1930,33.1
MAR,1931,33.1
MAR,1932,33.1
MAR,1933,33.1
MAR,1934,33.1
MAR,1935,33.1
MAR,1936,33.1
MAR,1937,33.1
MAR,1938,33.1
MAR,1939,33.1
MAR,1940,33.1
MAR,1941,34.35
MAR,1942,35.61
MAR,1943,36.86
MAR,1944,38.11
MAR,1945,39.36
MAR,1946,40.61
MAR,1947,41.87
MAR,1948,43.12
MAR,1949,44.37
MAR,1950,45.63
MAR,1951,45.84
MAR,1952,46.21
MAR,1953,46.58
MAR,1954,46.98
MAR,1955,47.39
MAR,1956,47.81
MAR,1957,48.25
MAR,1958,48.7
MAR,1959,49.17
MAR,1960,49.64
MAR,1961,50.11
MAR,1962,50.6
MAR,1963,51.09
MAR,1964,51.58
MAR,1965,52.06
MAR,1966,52.54
MAR,1967,53
MAR,1968,53.46
MAR,1969,53.91
MAR,1970,54.34
MAR,1971,54.77
MAR,1972,55.19
MAR,1973,55.62
MAR,1974,56.08
MAR,1975,56.56
MAR,1976,57.11
MAR,1977,57.72
MAR,1978,58.39
MAR,1979,59.13
MAR,1980,59.93
MAR,1981,60.77
MAR,1982,61.63
MAR,1983,62.49
MAR,1984,63.33
MAR,1985,64.14
MAR,1986,64.91
MAR,1987,65.66
MAR,1988,66.38
MAR,1989,67.06
MAR,1990,67.7
MAR,1991,68.1
MAR,1992,68.4
MAR,1993,68.6
MAR,1994,69.1
MAR,1995,69.5
MAR,1996,70
MAR,1997,70.4
MAR,1998,70.8
MAR,1999,71.1
MAR,2000,71.5
MAR,2001,71.8
MAR,2002,72
MAR,2003,72.3
MAR,2004,72.5
MAR,2005,72.7
MAR,2006,72.9
MAR,2007,73.1
MAR,2008,73.3
MAR,2009,73.5
MAR,2010,73.7
MAR,2011,73.9
MAR,2012,74.1
MAR,2013,74.3
MAR,2014,74.4
MAR,2015,74.6
MAR,2016,74.8
MOZ,1800,30.28
MOZ,1801,30.28
MOZ,1802,30.28
MOZ,1803,30.28
MOZ,1804,30.28
MOZ,1805,30.28
MOZ,1806,30.28
MOZ,1807,30.28
MOZ,1808,30.28
MOZ,1809,30.28
MOZ,1810,30.28
MOZ,1811,30.28
MOZ,1812,30.28
MOZ,1813,30.28
MOZ,1814,30.28
MOZ,1815,30.28
MOZ,1816,30.28
MOZ,1817,30.28
MOZ,1818,30.28
MOZ,1819,30.28
MOZ,1820,30.28
MOZ,1821,30.28
MOZ,1822,30.28
MOZ,1823,30.28
MOZ,1824,30.28
MOZ,1825,30.28
MOZ,1826,30.28
MOZ,1827,30.28
MOZ,1828,30.28
MOZ,1829,30.28
MOZ,1830,30.28
MOZ,1831,30.28
MOZ,1832,30.28
MOZ,1833,30.28
MOZ,1834,30.28
MOZ,1835,30.28
MOZ,1836,30.28
MOZ,1837,30.28
MOZ,1838,30.28
MOZ,1839,30.28
MOZ,1840,30.28
MOZ,1841,30.28
MOZ,1842,30.28
MOZ,1843,30.28
MOZ,1844,30.28
MOZ,1845,30.28
MOZ,1846,30.28
MOZ,1847,30.28
MOZ,1848,30.28
MOZ,1849,30.28
MOZ,1850,30.28
MOZ,1851,30.28
MOZ,1852,30.28
MOZ,1853,30.28
MOZ,1854,30.28
MOZ,1855,30.28
MOZ,1856,30.28
MOZ,1857,30.28
MOZ,1858,30.28
MOZ,1859,30.28
MOZ,1860,30.28
MOZ,1861,30.28
MOZ,1862,30.28
MOZ,1863,30.28
MOZ,1864,30.28
MOZ,1865,30.28
MOZ,1866,30.28
MOZ,1867,30.28
MOZ,1868,30.28
MOZ,1869,30.28
MOZ,1870,30.28
MOZ,1871,30.28
MOZ,1872,30.28
MOZ,1873,30.28
MOZ,1874,30.28
MOZ,1875,30.28
MOZ,1876,30.28
MOZ,1877,30.28
MOZ,1878,30.28
MOZ,1879,30.28
MOZ,1880,30.28
MOZ,1881,30.28
MOZ,1882,30.28
MOZ,1883,30.28
MOZ,1884,30.28
MOZ,1885,30.28
MOZ,1886,30.28
MOZ,1887,30.28
MOZ,1888,30.28
MOZ,1889,30.28
MOZ,1890,30.28
MOZ,1891,30.28
MOZ,1892,30.28
MOZ,1893,30.28
MOZ,1894,30.28
MOZ,1895,30.28
MOZ,1896,30.28
MOZ,1897,30.28
MOZ,1898,30.28
MOZ,1899,30.28
MOZ,1900,30.28
MOZ,1901,30.28
MOZ,1902,30.28
MOZ,1903,30.28
MOZ,1904,30.28
MOZ,1905,30.28
MOZ,1906,30.28
MOZ,1907,30.28
MOZ,1908,30.28
MOZ,1909,30.28
MOZ,1910,30.28
MOZ,1911,30.28
MOZ,1912,30.28
MOZ,1913,30.28
MOZ,1914,30.28
MOZ,1915,30.28
MOZ,1916,30.28
MOZ,1917,30.28
MOZ,1918,11.71
MOZ,1919,30.28
MOZ,1920,30.28
MOZ,1921,30.28
MOZ,1922,30.28
MOZ,1923,30.28
MOZ,1924,30.28
MOZ,1925,30.28
MOZ,1926,30.28
MOZ,1927,30.28
MOZ,1928,30.28
MOZ,1929,30.28
MOZ,1930,30.28
MOZ,1931,30.28
MOZ,1932,30.28
MOZ,1933,30.28
MOZ,1934,30.28
MOZ,1935,30.28
MOZ,1936,30.28
MOZ,1937,30.28
MOZ,1938,30.28
MOZ,1939,30.28
MOZ,1940,30.28
MOZ,1941,30.44
MOZ,1942,30.59
MOZ,1943,30.75
MOZ,1944,30.91
MOZ,1945,31.07
MOZ,1946,31.22
MOZ,1947,31.38
MOZ,1948,31.54
MOZ,1949,31.69
MOZ,1950,31.85
MOZ,1951,32.26
MOZ,1952,32.92
MOZ,1953,33.58
MOZ,1954,34.25
MOZ,1955,34.91
MOZ,1956,35.58
MOZ,1957,36.23
MOZ,1958,36.89
MOZ,1959,37.54
MOZ,1960,38.17
MOZ,1961,38.79
MOZ,1962,39.4
MOZ,1963,39.98
MOZ,1964,40.54
MOZ,1965,41.1
MOZ,1966,41.66
MOZ,1967,42.21
MOZ,1968,42.78
MOZ,1969,43.37
MOZ,1970,43.97
MOZ,1971,44.58
MOZ,1972,45.21
MOZ,1973,45.85
MOZ,1974,46.46
MOZ,1975,47.06
MOZ,1976,47.61
MOZ,1977,48.1
MOZ,1978,48.52
MOZ,1979,48.88
MOZ,1980,49.17
MOZ,1981,49.4
MOZ,1982,49.57
MOZ,1983,49.72
MOZ,1984,49.87
MOZ,1985,50.02
MOZ,1986,50.21
MOZ,1987,50.45
MOZ,1988,50.74
MOZ,1989,51.08
MOZ,1990,51.5
MOZ,1991,51.7
MOZ,1992,52.1
MOZ,1993,52.3
MOZ,1994,52.6
MOZ,1995,52.7
MOZ,1996,52.6
MOZ,1997,52.5
MOZ,1998,52.6
MOZ,1999,52.6
MOZ,2000,52.3
MOZ,2001,52.8
MOZ,2002,52.7
MOZ,2003,52.9
MOZ,2004,53
MOZ,2005,52.9
MOZ,2006,53
MOZ,2007,53.2
MOZ,2008,54
MOZ,2009,54.4
MOZ,2010,54.4
MOZ,2011,54.5
MOZ,2012,54.5
MOZ,2013,54.8
MOZ,2014,56.1
MOZ,2015,57.1
MOZ,2016,58.12
MMR,1800,30.8
MMR,1801,30.8
MMR,1802,30.8
MMR,1803,30.8
MMR,1804,30.8
MMR,1805,30.8
MMR,1806,30.8
MMR,1807,30.8
MMR,1808,30.8
MMR,1809,30.8
MMR,1810,30.8
MMR,1811,30.8
MMR,1812,30.8
MMR,1813,30.8
MMR,1814,30.8
MMR,1815,30.8
MMR,1816,30.8
MMR,1817,30.8
MMR,1818,30.8
MMR,1819,30.8
MMR,1820,30.8
MMR,1821,30.8
MMR,1822,30.8
MMR,1823,30.8
MMR,1824,30.8
MMR,1825,30.8
MMR,1826,30.8
MMR,1827,30.8
MMR,1828,30.8
MMR,1829,30.8
MMR,1830,30.8
MMR,1831,30.8
MMR,1832,30.8
MMR,1833,30.8
MMR,1834,30.8
MMR,1835,30.8
MMR,1836,30.8
MMR,1837,30.8
MMR,1838,30.8
MMR,1839,30.8
MMR,1840,30.8
MMR,1841,30.8
MMR,1842,30.8
MMR,1843,30.8
MMR,1844,30.8
MMR,1845,30.8
MMR,1846,30.8
MMR,1847,30.8
MMR,1848,30.8
MMR,1849,30.8
MMR,1850,30.8
MMR,1851,30.8
MMR,1852,30.8
MMR,1853,30.8
MMR,1854,30.8
MMR,1855,30.8
MMR,1856,30.8
MMR,1857,30.8
MMR,1858,30.8
MMR,1859,30.8
MMR,1860,30.8
MMR,1861,30.8
MMR,1862,30.8
MMR,1863,30.8
MMR,1864,30.8
MMR,1865,30.8
MMR,1866,30.8
MMR,1867,30.8
MMR,1868,30.8
MMR,1869,30.8
MMR,1870,30.8
MMR,1871,30.8
MMR,1872,30.8
MMR,1873,30.8
MMR,1874,30.8
MMR,1875,30.8
MMR,1876,30.8
MMR,1877,30.8
MMR,1878,30.8
MMR,1879,30.8
MMR,1880,30.8
MMR,1881,30.8
MMR,1882,30.8
MMR,1883,30.8
MMR,1884,30.8
MMR,1885,30.8
MMR,1886,30.8
MMR,1887,30.8
MMR,1888,30.8
MMR,1889,30.8
MMR,1890,30.8
MMR,1891,30.8
MMR,1892,30.8
MMR,1893,30.8
MMR,1894,30.8
MMR,1895,30.8
MMR,1896,30.8
MMR,1897,30.8
MMR,1898,30.8
MMR,1899,30.8
MMR,1900,30.8
MMR,1901,30.8
MMR,1902,30.8
MMR,1903,30.8
MMR,1904,30.8
MMR,1905,30.8
MMR,1906,30.8
MMR,1907,30.8
MMR,1908,30.8
MMR,1909,30.8
MMR,1910,30.8
MMR,1911,30.8
MMR,1912,30.8
MMR,1913,30.8
MMR,1914,30.8
MMR,1915,30.8
MMR,1916,30.8
MMR,1917,30.8
MMR,1918,18.13
MMR,1919,30.8
MMR,1920,30.8
MMR,1921,30.8
MMR,1922,30.8
MMR,1923,30.8
MMR,1924,30.8
MMR,1925,30.8
MMR,1926,30.8
MMR,1927,30.8
MMR,1928,30.8
MMR,1929,30.8
MMR,1930,30.8
MMR,1931,30.8
MMR,1932,30.8
MMR,1933,30.8
MMR,1934,30.8
MMR,1935,30.8
MMR,1936,30.8
MMR,1937,30.8
MMR,1938,30.8
MMR,1939,30.8
MMR,1940,30.8
MMR,1941,30.78
MMR,1942,27.95
MMR,1943,28.43
MMR,1944,28.01
MMR,1945,27.89
MMR,1946,28.79
MMR,1947,29.71
MMR,1948,30.62
MMR,1949,31.83
MMR,1950,33.05
MMR,1951,33.8
MMR,1952,35.24
MMR,1953,36.53
MMR,1954,37.69
MMR,1955,38.71
MMR,1956,39.6
MMR,1957,40.36
MMR,1958,41.03
MMR,1959,41.65
MMR,1960,42.25
MMR,1961,42.9
MMR,1962,43.64
MMR,1963,44.47
MMR,1964,45.4
MMR,1965,46.4
MMR,1966,47.39
MMR,1967,48.31
MMR,1968,49.11
MMR,1969,49.78
MMR,1970,50.31
MMR,1971,50.72
MMR,1972,51.09
MMR,1973,51.44
MMR,1974,51.78
MMR,1975,52.15
MMR,1976,52.54
MMR,1977,52.93
MMR,1978,53.31
MMR,1979,53.69
MMR,1980,54.07
MMR,1981,54.44
MMR,1982,54.8
MMR,1983,55.16
MMR,1984,55.52
MMR,1985,55.87
MMR,1986,56.23
MMR,1987,56.58
MMR,1988,56.93
MMR,1989,57.26
MMR,1990,57.6
MMR,1991,57.8
MMR,1992,58.1
MMR,1993,58.4
MMR,1994,58.8
MMR,1995,59
MMR,1996,59.4
MMR,1997,59.7
MMR,1998,60.1
MMR,1999,60.4
MMR,2000,60.8
MMR,2001,61.3
MMR,2002,61.7
MMR,2003,62.3
MMR,2004,62.8
MMR,2005,63.4
MMR,2006,64
MMR,2007,64.6
MMR,2008,59.4
MMR,2009,65.6
MMR,2010,66
MMR,2011,66.4
MMR,2012,66.8
MMR,2013,67.2
MMR,2014,67.6
MMR,2015,68
MMR,2016,68.4
NAM,1800,32.4
NAM,1801,32.4
NAM,1802,32.4
NAM,1803,32.4
NAM,1804,32.4
NAM,1805,32.4
NAM,1806,32.4
NAM,1807,32.4
NAM,1808,32.4
NAM,1809,32.4
NAM,1810,32.4
NAM,1811,32.4
NAM,1812,32.4
NAM,1813,32.4
NAM,1814,32.4
NAM,1815,32.4
NAM,1816,32.4
NAM,1817,32.4
NAM,1818,32.4
NAM,1819,32.4
NAM,1820,32.4
NAM,1821,32.4
NAM,1822,32.4
NAM,1823,32.4
NAM,1824,32.4
NAM,1825,32.4
NAM,1826,32.4
NAM,1827,32.4
NAM,1828,32.4
NAM,1829,32.4
NAM,1830,32.4
NAM,1831,32.4
NAM,1832,32.4
NAM,1833,32.4
NAM,1834,32.4
NAM,1835,32.4
NAM,1836,32.4
NAM,1837,32.4
NAM,1838,32.4
NAM,1839,32.4
NAM,1840,32.4
NAM,1841,32.4
NAM,1842,32.4
NAM,1843,32.4
NAM,1844,32.4
NAM,1845,32.4
NAM,1846,32.4
NAM,1847,32.4
NAM,1848,32.4
NAM,1849,32.4
NAM,1850,32.4
NAM,1851,32.4
NAM,1852,32.4
NAM,1853,32.4
NAM,1854,32.4
NAM,1855,32.4
NAM,1856,32.4
NAM,1857,32.4
NAM,1858,32.4
NAM,1859,32.4
NAM,1860,32.4
NAM,1861,32.4
NAM,1862,32.4
NAM,1863,32.4
NAM,1864,32.4
NAM,1865,32.4
NAM,1866,32.4
NAM,1867,32.4
NAM,1868,32.4
NAM,1869,32.4
NAM,1870,32.4
NAM,1871,32.4
NAM,1872,32.4
NAM,1873,32.4
NAM,1874,32.4
NAM,1875,32.4
NAM,1876,32.4
NAM,1877,32.4
NAM,1878,32.4
NAM,1879,32.4
NAM,1880,32.4
NAM,1881,32.4
NAM,1882,32.4
NAM,1883,32.4
NAM,1884,32.4
NAM,1885,32.4
NAM,1886,32.4
NAM,1887,32.4
NAM,1888,32.4
NAM,1889,32.4
NAM,1890,32.4
NAM,1891,32.4
NAM,1892,32.4
NAM,1893,32.4
NAM,1894,32.4
NAM,1895,32.4
NAM,1896,32.4
NAM,1897,32.4
NAM,1898,32.4
NAM,1899,32.4
NAM,1900,32.4
NAM,1901,32.4
NAM,1902,32.4
NAM,1903,29
NAM,1904,5
NAM,1905,10
NAM,1906,20
NAM,1907,27
NAM,1908,32.4
NAM,1909,32.4
NAM,1910,32.4
NAM,1911,32.4
NAM,1912,32.4
NAM,1913,32.4
NAM,1914,32.4
NAM,1915,32.4
NAM,1916,32.4
NAM,1917,32.4
NAM,1918,12.53
NAM,1919,32.4
NAM,1920,32.4
NAM,1921,32.4
NAM,1922,32.4
NAM,1923,32.4
NAM,1924,32.4
NAM,1925,32.4
NAM,1926,32.4
NAM,1927,32.4
NAM,1928,32.4
NAM,1929,32.4
NAM,1930,32.4
NAM,1931,32.4
NAM,1932,32.4
NAM,1933,32.4
NAM,1934,32.4
NAM,1935,32.4
NAM,1936,32.4
NAM,1937,32.4
NAM,1938,32.4
NAM,1939,32.4
NAM,1940,32.4
NAM,1941,33.2
NAM,1942,33.99
NAM,1943,34.78
NAM,1944,35.57
NAM,1945,36.37
NAM,1946,37.16
NAM,1947,37.96
NAM,1948,38.74
NAM,1949,39.54
NAM,1950,40.33
NAM,1951,40.72
NAM,1952,41.49
NAM,1953,42.23
NAM,1954,42.96
NAM,1955,43.69
NAM,1956,44.39
NAM,1957,45.09
NAM,1958,45.76
NAM,1959,46.42
NAM,1960,47.07
NAM,1961,47.7
NAM,1962,48.31
NAM,1963,48.9
NAM,1964,49.48
NAM,1965,50.05
NAM,1966,50.61
NAM,1967,51.17
NAM,1968,51.71
NAM,1969,52.26
NAM,1970,52.81
NAM,1971,53.36
NAM,1972,53.91
NAM,1973,54.44
NAM,1974,54.98
NAM,1975,55.51
NAM,1976,56.04
NAM,1977,56.56
NAM,1978,57.07
NAM,1979,57.57
NAM,1980,58.06
NAM,1981,58.54
NAM,1982,59.01
NAM,1983,59.45
NAM,1984,59.87
NAM,1985,60.27
NAM,1986,60.65
NAM,1987,61
NAM,1988,61.3
NAM,1989,61.54
NAM,1990,61.7
NAM,1991,61.9
NAM,1992,62
NAM,1993,62
NAM,1994,61.5
NAM,1995,60.5
NAM,1996,59.3
NAM,1997,58.1
NAM,1998,56.7
NAM,1999,55.4
NAM,2000,54
NAM,2001,53.4
NAM,2002,52.7
NAM,2003,52.4
NAM,2004,52.5
NAM,2005,53.1
NAM,2006,54.9
NAM,2007,57.5
NAM,2008,59.1
NAM,2009,60.3
NAM,2010,61.4
NAM,2011,62.6
NAM,2012,63.6
NAM,2013,63.9
NAM,2014,64.1
NAM,2015,64.2
NAM,2016,64.3
NPL,1800,32.8
NPL,1801,32.8
NPL,1802,32.8
NPL,1803,32.8
NPL,1804,32.8
NPL,1805,32.8
NPL,1806,32.8
NPL,1807,32.8
NPL,1808,32.8
NPL,1809,32.8
NPL,1810,32.8
NPL,1811,32.8
NPL,1812,32.8
NPL,1813,32.8
NPL,1814,32.8
NPL,1815,32.8
NPL,1816,32.8
NPL,1817,32.8
NPL,1818,32.8
NPL,1819,32.8
NPL,1820,32.8
NPL,1821,32.8
NPL,1822,32.8
NPL,1823,32.8
NPL,1824,32.8
NPL,1825,32.8
NPL,1826,32.8
NPL,1827,32.8
NPL,1828,32.8
NPL,1829,32.8
NPL,1830,32.8
NPL,1831,32.8
NPL,1832,32.8
NPL,1833,32.8
NPL,1834,32.8
NPL,1835,32.8
NPL,1836,32.8
NPL,1837,32.8
NPL,1838,32.8
NPL,1839,32.8
NPL,1840,32.8
NPL,1841,32.8
NPL,1842,32.8
NPL,1843,32.8
NPL,1844,32.8
NPL,1845,32.8
NPL,1846,32.8
NPL,1847,32.8
NPL,1848,32.8
NPL,1849,32.8
NPL,1850,32.8
NPL,1851,32.8
NPL,1852,32.8
NPL,1853,32.8
NPL,1854,32.8
NPL,1855,32.8
NPL,1856,32.8
NPL,1857,32.8
NPL,1858,32.8
NPL,1859,32.8
NPL,1860,32.8
NPL,1861,32.8
NPL,1862,32.8
NPL,1863,32.8
NPL,1864,32.8
NPL,1865,32.8
NPL,1866,32.8
NPL,1867,32.8
NPL,1868,32.8
NPL,1869,32.8
NPL,1870,32.8
NPL,1871,32.8
NPL,1872,32.8
NPL,1873,32.8
NPL,1874,32.8
NPL,1875,32.8
NPL,1876,32.8
NPL,1877,32.8
NPL,1878,32.8
NPL,1879,32.8
NPL,1880,32.8
NPL,1881,32.8
NPL,1882,32.8
NPL,1883,32.8
NPL,1884,32.8
NPL,1885,32.8
NPL,1886,32.8
NPL,1887,32.8
NPL,1888,32.8
NPL,1889,32.8
NPL,1890,32.8
NPL,1891,32.8
NPL,1892,32.8
NPL,1893,32.8
NPL,1894,32.8
NPL,1895,32.8
NPL,1896,32.8
NPL,1897,32.8
NPL,1898,32.8
NPL,1899,32.8
NPL,1900,32.8
NPL,1901,32.8
NPL,1902,32.8
NPL,1903,32.8
NPL,1904,32.8
NPL,1905,32.8
NPL,1906,32.8
NPL,1907,32.8
NPL,1908,32.8
NPL,1909,32.8
NPL,1910,32.8
NPL,1911,32.8
NPL,1912,32.8
NPL,1913,32.8
NPL,1914,32.8
NPL,1915,32.8
NPL,1916,32.8
NPL,1917,32.8
NPL,1918,21.02
NPL,1919,32.8
NPL,1920,32.8
NPL,1921,32.8
NPL,1922,32.8
NPL,1923,32.8
NPL,1924,32.8
NPL,1925,32.8
NPL,1926,32.8
NPL,1927,32.8
NPL,1928,32.8
NPL,1929,32.8
NPL,1930,32.8
NPL,1931,32.8
NPL,1932,32.8
NPL,1933,32.8
NPL,1934,32.8
NPL,1935,32.8
NPL,1936,32.8
NPL,1937,32.8
NPL,1938,32.8
NPL,1939,32.8
NPL,1940,32.8
NPL,1941,32.87
NPL,1942,32.93
NPL,1943,33
NPL,1944,33.07
NPL,1945,33.13
NPL,1946,33.56
NPL,1947,33.99
NPL,1948,34.41
NPL,1949,34.83
NPL,1950,35.26
NPL,1951,35.53
NPL,1952,36
NPL,1953,36.48
NPL,1954,36.96
NPL,1955,37.43
NPL,1956,37.9
NPL,1957,38.38
NPL,1958,38.85
NPL,1959,39.32
NPL,1960,39.8
NPL,1961,40.26
NPL,1962,40.74
NPL,1963,41.21
NPL,1964,41.67
NPL,1965,42.14
NPL,1966,42.6
NPL,1967,43.05
NPL,1968,43.51
NPL,1969,43.97
NPL,1970,44.43
NPL,1971,44.91
NPL,1972,45.41
NPL,1973,45.92
NPL,1974,46.47
NPL,1975,47.05
NPL,1976,47.64
NPL,1977,48.28
NPL,1978,48.94
NPL,1979,49.63
NPL,1980,50.32
NPL,1981,51.06
NPL,1982,51.81
NPL,1983,52.57
NPL,1984,53.36
NPL,1985,54.17
NPL,1986,54.98
NPL,1987,55.83
NPL,1988,56.68
NPL,1989,57.53
NPL,1990,58.4
NPL,1991,59.1
NPL,1992,60
NPL,1993,60.2
NPL,1994,61
NPL,1995,61.7
NPL,1996,62.5
NPL,1997,63.4
NPL,1998,63.9
NPL,1999,64.6
NPL,2000,65.2
NPL,2001,65.9
NPL,2002,65.9
NPL,2003,66.8
NPL,2004,67
NPL,2005,67.4
NPL,2006,67.8
NPL,2007,68.1
NPL,2008,68.4
NPL,2009,68.7
NPL,2010,69
NPL,2011,69.3
NPL,2012,69.7
NPL,2013,69.9
NPL,2014,70.2
NPL,2015,69.7
NPL,2016,69.2
NLD,1800,39.86
NLD,1801,39.86
NLD,1802,39.86
NLD,1803,39.86
NLD,1804,39.86
NLD,1805,39.86
NLD,1806,39.86
NLD,1807,39.86
NLD,1808,39.86
NLD,1809,39.86
NLD,1810,39.86
NLD,1811,39.86
NLD,1812,39.86
NLD,1813,39.86
NLD,1814,39.86
NLD,1815,39.86
NLD,1816,39.86
NLD,1817,39.86
NLD,1818,39.86
NLD,1819,39.86
NLD,1820,39.86
NLD,1821,39.86
NLD,1822,39.86
NLD,1823,39.86
NLD,1824,39.86
NLD,1825,39.86
NLD,1826,39.86
NLD,1827,39.86
NLD,1828,39.86
NLD,1829,39.86
NLD,1830,39.86
NLD,1831,39.86
NLD,1832,39.86
NLD,1833,39.86
NLD,1834,39.86
NLD,1835,39.86
NLD,1836,39.86
NLD,1837,39.86
NLD,1838,39.86
NLD,1839,39.86
NLD,1840,39.86
NLD,1841,39.86
NLD,1842,39.86
NLD,1843,39.86
NLD,1844,39.86
NLD,1845,39.86
NLD,1846,39.86
NLD,1847,39.86
NLD,1848,39.86
NLD,1849,39.86
NLD,1850,39.86
NLD,1851,40
NLD,1852,38.66
NLD,1853,38.63
NLD,1854,38.63
NLD,1855,34.53
NLD,1856,38.39
NLD,1857,35.46
NLD,1858,34.66
NLD,1859,30.86
NLD,1860,36.91
NLD,1861,36.44
NLD,1862,38.28
NLD,1863,38.33
NLD,1864,37.56
NLD,1865,36.37
NLD,1866,33.64
NLD,1867,39.31
NLD,1868,37.75
NLD,1869,40.47
NLD,1870,37.34
NLD,1871,32.94
NLD,1872,36.49
NLD,1873,39.2
NLD,1874,41.3
NLD,1875,38.24
NLD,1876,40.35
NLD,1877,42.03
NLD,1878,41.1
NLD,1879,41.96
NLD,1880,40.39
NLD,1881,42.87
NLD,1882,43.79
NLD,1883,42.35
NLD,1884,41.34
NLD,1885,43.3
NLD,1886,41.98
NLD,1887,44.99
NLD,1888,44.22
NLD,1889,44.35
NLD,1890,44.4
NLD,1891,44.25
NLD,1892,43.95
NLD,1893,45.8
NLD,1894,46.93
NLD,1895,46.64
NLD,1896,48.56
NLD,1897,49.36
NLD,1898,49.03
NLD,1899,49.35
NLD,1900,48.4
NLD,1901,48.72
NLD,1902,50.61
NLD,1903,51.51
NLD,1904,50.9
NLD,1905,52.11
NLD,1906,52.78
NLD,1907,53.54
NLD,1908,52.76
NLD,1909,54.96
NLD,1910,55.14
NLD,1911,53.17
NLD,1912,57.21
NLD,1913,57.37
NLD,1914,57.2
NLD,1915,57.22
NLD,1916,56.16
NLD,1917,55.67
NLD,1918,47.61
NLD,1919,54.98
NLD,1920,57.84
NLD,1921,59.77
NLD,1922,59.84
NLD,1923,62.06
NLD,1924,62.97
NLD,1925,63.18
NLD,1926,63.04
NLD,1927,62.65
NLD,1928,63.74
NLD,1929,62.19
NLD,1930,64.73
NLD,1931,64.35
NLD,1932,65.44
NLD,1933,66.08
NLD,1934,66.62
NLD,1935,66.54
NLD,1936,66.76
NLD,1937,66.98
NLD,1938,67.4
NLD,1939,67.73
NLD,1940,65.4
NLD,1941,65.33
NLD,1942,65.84
NLD,1943,64.43
NLD,1944,61.26
NLD,1945,55.45
NLD,1946,67.57
NLD,1947,69.52
NLD,1948,71.04
NLD,1949,70.27
NLD,1950,71.44
NLD,1951,71.5
NLD,1952,72.12
NLD,1953,71.7
NLD,1954,72.39
NLD,1955,72.51
NLD,1956,72.52
NLD,1957,72.97
NLD,1958,73.13
NLD,1959,73.17
NLD,1960,73.35
NLD,1961,73.54
NLD,1962,73.21
NLD,1963,73.33
NLD,1964,73.71
NLD,1965,73.58
NLD,1966,73.52
NLD,1967,73.79
NLD,1968,73.6
NLD,1969,73.51
NLD,1970,73.57
NLD,1971,73.81
NLD,1972,73.72
NLD,1973,74.17
NLD,1974,74.56
NLD,1975,74.49
NLD,1976,74.61
NLD,1977,75.2
NLD,1978,75.11
NLD,1979,75.59
NLD,1980,75.72
NLD,1981,75.93
NLD,1982,76.01
NLD,1983,76.21
NLD,1984,76.28
NLD,1985,76.34
NLD,1986,76.31
NLD,1987,76.78
NLD,1988,76.98
NLD,1989,76.82
NLD,1990,77
NLD,1991,77.2
NLD,1992,77.3
NLD,1993,77.2
NLD,1994,77.5
NLD,1995,77.6
NLD,1996,77.6
NLD,1997,77.9
NLD,1998,78.1
NLD,1999,78
NLD,2000,78.1
NLD,2001,78.3
NLD,2002,78.5
NLD,2003,78.7
NLD,2004,79.1
NLD,2005,79.6
NLD,2006,79.9
NLD,2007,80.2
NLD,2008,80.3
NLD,2009,80.6
NLD,2010,80.8
NLD,2011,80.9
NLD,2012,81
NLD,2013,81.2
NLD,2014,81.3
NLD,2015,81.3
NLD,2016,81.3
ANT,1800,34.41
ANT,1801,34.41
ANT,1802,34.41
ANT,1803,34.41
ANT,1804,34.41
ANT,1805,34.41
ANT,1806,34.41
ANT,1807,34.41
ANT,1808,34.41
ANT,1809,34.41
ANT,1810,34.41
ANT,1811,34.41
ANT,1812,34.41
ANT,1813,34.41
ANT,1814,34.41
ANT,1815,34.41
ANT,1816,34.41
ANT,1817,34.41
ANT,1818,34.41
ANT,1819,34.41
ANT,1820,34.41
ANT,1821,34.41
ANT,1822,34.41
ANT,1823,34.41
ANT,1824,34.41
ANT,1825,34.41
ANT,1826,34.41
ANT,1827,34.41
ANT,1828,34.41
ANT,1829,34.41
ANT,1830,34.41
ANT,1831,34.41
ANT,1832,34.41
ANT,1833,34.41
ANT,1834,34.41
ANT,1835,34.41
ANT,1836,34.41
ANT,1837,34.41
ANT,1838,34.41
ANT,1839,34.41
ANT,1840,34.41
ANT,1841,34.41
ANT,1842,34.41
ANT,1843,34.41
ANT,1844,34.41
ANT,1845,34.41
ANT,1846,34.41
ANT,1847,34.41
ANT,1848,34.41
ANT,1849,34.41
ANT,1850,34.41
ANT,1851,34.41
ANT,1852,34.41
ANT,1853,34.41
ANT,1854,34.41
ANT,1855,34.41
ANT,1856,34.41
ANT,1857,34.41
ANT,1858,34.41
ANT,1859,34.41
ANT,1860,34.41
ANT,1861,34.41
ANT,1862,34.41
ANT,1863,34.41
ANT,1864,34.41
ANT,1865,34.41
ANT,1866,34.41
ANT,1867,34.41
ANT,1868,34.41
ANT,1869,34.41
ANT,1870,34.41
ANT,1871,34.41
ANT,1872,34.41
ANT,1873,34.41
ANT,1874,34.41
ANT,1875,34.41
ANT,1876,34.41
ANT,1877,34.41
ANT,1878,34.41
ANT,1879,34.41
ANT,1880,34.41
ANT,1881,34.41
ANT,1882,34.41
ANT,1883,34.41
ANT,1884,34.41
ANT,1885,34.41
ANT,1886,34.41
ANT,1887,34.41
ANT,1888,34.41
ANT,1889,34.41
ANT,1890,34.41
ANT,1891,34.41
ANT,1892,34.41
ANT,1893,34.41
ANT,1894,34.41
ANT,1895,34.41
ANT,1896,34.41
ANT,1897,34.41
ANT,1898,34.41
ANT,1899,34.41
ANT,1900,34.41
ANT,1901,34.41
ANT,1902,34.41
ANT,1903,34.41
ANT,1904,34.41
ANT,1905,34.41
ANT,1906,34.41
ANT,1907,34.41
ANT,1908,34.41
ANT,1909,34.41
ANT,1910,34.41
ANT,1911,34.41
ANT,1912,34.41
ANT,1913,34.41
ANT,1914,34.41
ANT,1915,34.41
ANT,1916,34.41
ANT,1917,34.41
ANT,1918,22.32
ANT,1919,34.41
ANT,1920,34.41
ANT,1921,34.41
ANT,1922,35.24
ANT,1923,36.06
ANT,1924,36.89
ANT,1925,37.72
ANT,1926,38.55
ANT,1927,39.37
ANT,1928,40.2
ANT,1929,41.03
ANT,1930,41.86
ANT,1931,42.68
ANT,1932,43.51
ANT,1933,44.34
ANT,1934,45.17
ANT,1935,45.99
ANT,1936,46.82
ANT,1937,47.65
ANT,1938,48.48
ANT,1939,49.3
ANT,1940,50.13
ANT,1941,50.96
ANT,1942,51.79
ANT,1943,52.61
ANT,1944,53.44
ANT,1945,54.27
ANT,1946,55.1
ANT,1947,55.93
ANT,1948,56.75
ANT,1949,57.58
ANT,1950,58.41
ANT,1951,58.96
ANT,1952,60.02
ANT,1953,61
ANT,1954,61.89
ANT,1955,62.7
ANT,1956,63.43
ANT,1957,64.08
ANT,1958,64.65
ANT,1959,65.15
ANT,1960,65.6
ANT,1961,65.99
ANT,1962,66.34
ANT,1963,66.67
ANT,1964,67
ANT,1965,67.33
ANT,1966,67.67
ANT,1967,68.03
ANT,1968,68.41
ANT,1969,68.81
ANT,1970,69.22
ANT,1971,69.63
ANT,1972,70.05
ANT,1973,70.45
ANT,1974,70.84
ANT,1975,71.21
ANT,1976,71.58
ANT,1977,71.94
ANT,1978,72.29
ANT,1979,72.64
ANT,1980,72.96
ANT,1981,73.27
ANT,1982,73.56
ANT,1983,73.8
ANT,1984,74.02
ANT,1985,74.19
ANT,1986,74.33
ANT,1987,74.42
ANT,1988,74.49
ANT,1989,74.52
ANT,1990,74.54
ANT,1991,74.53
ANT,1992,74.52
ANT,1993,74.5
ANT,1994,74.49
ANT,1995,74.48
ANT,1996,74.48
ANT,1997,74.5
ANT,1998,74.53
ANT,1999,74.57
ANT,2000,74.65
ANT,2001,74.76
ANT,2002,74.91
ANT,2003,75.09
ANT,2004,75.3
ANT,2005,75.53
ANT,2006,75.76
ANT,2007,75.98
ANT,2008,76.18
ANT,2009,76.36
ANT,2010,76.52
ANT,2011,76.65
ANT,2012,76.77
ANT,2013,76.89
ANT,2014,77.01
ANT,2015,77.14
ANT,2016,77.27
NCL,1800,26
NCL,1801,26
NCL,1802,26
NCL,1803,26
NCL,1804,26
NCL,1805,26
NCL,1806,26
NCL,1807,26
NCL,1808,26
NCL,1809,26
NCL,1810,26
NCL,1811,26
NCL,1812,26
NCL,1813,26
NCL,1814,26
NCL,1815,26
NCL,1816,26
NCL,1817,26
NCL,1818,26
NCL,1819,26
NCL,1820,26
NCL,1821,26
NCL,1822,26
NCL,1823,26
NCL,1824,26
NCL,1825,26
NCL,1826,26
NCL,1827,26
NCL,1828,26
NCL,1829,26
NCL,1830,26
NCL,1831,26
NCL,1832,26
NCL,1833,26
NCL,1834,26
NCL,1835,26
NCL,1836,26
NCL,1837,26
NCL,1838,26
NCL,1839,26
NCL,1840,26
NCL,1841,26
NCL,1842,26
NCL,1843,26
NCL,1844,26
NCL,1845,26
NCL,1846,26
NCL,1847,26
NCL,1848,26
NCL,1849,26
NCL,1850,26
NCL,1851,26
NCL,1852,26
NCL,1853,26
NCL,1854,26
NCL,1855,26
NCL,1856,26
NCL,1857,26
NCL,1858,26
NCL,1859,26
NCL,1860,26
NCL,1861,26
NCL,1862,26
NCL,1863,26
NCL,1864,26
NCL,1865,26
NCL,1866,26
NCL,1867,26
NCL,1868,26
NCL,1869,26
NCL,1870,26
NCL,1871,26
NCL,1872,26
NCL,1873,26
NCL,1874,26
NCL,1875,26
NCL,1876,26
NCL,1877,26
NCL,1878,16
NCL,1879,26
NCL,1880,26
NCL,1881,26
NCL,1882,26
NCL,1883,26
NCL,1884,26
NCL,1885,26
NCL,1886,26
NCL,1887,26
NCL,1888,26
NCL,1889,26
NCL,1890,26
NCL,1891,26
NCL,1892,26
NCL,1893,26
NCL,1894,26
NCL,1895,26
NCL,1896,26
NCL,1897,26
NCL,1898,26
NCL,1899,26
NCL,1900,26
NCL,1901,26
NCL,1902,26
NCL,1903,26
NCL,1904,26
NCL,1905,26
NCL,1906,26
NCL,1907,26
NCL,1908,26
NCL,1909,26
NCL,1910,26
NCL,1911,26
NCL,1912,26
NCL,1913,26
NCL,1914,26
NCL,1915,26
NCL,1916,26
NCL,1917,26
NCL,1918,26
NCL,1919,26
NCL,1920,26
NCL,1921,26
NCL,1922,26
NCL,1923,26
NCL,1924,26
NCL,1925,26
NCL,1926,26.92
NCL,1927,27.85
NCL,1928,28.77
NCL,1929,29.69
NCL,1930,30.62
NCL,1931,31.54
NCL,1932,32.46
NCL,1933,33.39
NCL,1934,34.31
NCL,1935,35.23
NCL,1936,36.16
NCL,1937,37.08
NCL,1938,38.01
NCL,1939,38.93
NCL,1940,39.85
NCL,1941,40.78
NCL,1942,41.7
NCL,1943,42.62
NCL,1944,43.55
NCL,1945,44.47
NCL,1946,45.39
NCL,1947,46.32
NCL,1948,47.24
NCL,1949,48.16
NCL,1950,49.09
NCL,1951,49.51
NCL,1952,50.34
NCL,1953,51.16
NCL,1954,51.96
NCL,1955,52.74
NCL,1956,53.5
NCL,1957,54.25
NCL,1958,54.98
NCL,1959,55.69
NCL,1960,56.38
NCL,1961,57.06
NCL,1962,57.72
NCL,1963,58.36
NCL,1964,58.99
NCL,1965,59.6
NCL,1966,60.19
NCL,1967,60.77
NCL,1968,61.33
NCL,1969,61.89
NCL,1970,62.42
NCL,1971,62.95
NCL,1972,63.46
NCL,1973,63.95
NCL,1974,64.44
NCL,1975,64.91
NCL,1976,65.37
NCL,1977,65.81
NCL,1978,66.25
NCL,1979,66.68
NCL,1980,67.09
NCL,1981,67.5
NCL,1982,67.89
NCL,1983,68.28
NCL,1984,68.65
NCL,1985,69.02
NCL,1986,69.37
NCL,1987,69.72
NCL,1988,70.05
NCL,1989,70.38
NCL,1990,70.7
NCL,1991,71.01
NCL,1992,71.31
NCL,1993,71.6
NCL,1994,71.89
NCL,1995,72.16
NCL,1996,72.43
NCL,1997,72.7
NCL,1998,72.95
NCL,1999,73.21
NCL,2000,73.46
NCL,2001,73.7
NCL,2002,73.94
NCL,2003,74.17
NCL,2004,74.4
NCL,2005,74.62
NCL,2006,74.84
NCL,2007,75.05
NCL,2008,75.26
NCL,2009,75.47
NCL,2010,75.67
NCL,2011,75.88
NCL,2012,76.09
NCL,2013,76.31
NCL,2014,76.52
NCL,2015,76.74
NCL,2016,76.96
NZL,1800,34.05
NZL,1801,34.05
NZL,1802,34.05
NZL,1803,34.05
NZL,1804,34.05
NZL,1805,34.05
NZL,1806,34.05
NZL,1807,34.05
NZL,1808,34.05
NZL,1809,34.05
NZL,1810,34.05
NZL,1811,34.05
NZL,1812,34.05
NZL,1813,34.05
NZL,1814,34.05
NZL,1815,34.05
NZL,1816,34.05
NZL,1817,34.05
NZL,1818,34.05
NZL,1819,34.05
NZL,1820,34.05
NZL,1821,34.05
NZL,1822,34.05
NZL,1823,34.05
NZL,1824,34.05
NZL,1825,34.05
NZL,1826,34.05
NZL,1827,34.05
NZL,1828,34.05
NZL,1829,34.05
NZL,1830,34.05
NZL,1831,34.05
NZL,1832,34.05
NZL,1833,34.05
NZL,1834,34.05
NZL,1835,34.05
NZL,1836,34.05
NZL,1837,34.05
NZL,1838,34.05
NZL,1839,34.05
NZL,1840,34.05
NZL,1841,34.05
NZL,1842,34.05
NZL,1843,34.05
NZL,1844,34.05
NZL,1845,34.05
NZL,1846,34.05
NZL,1847,34.05
NZL,1848,34.05
NZL,1849,34.05
NZL,1850,34.05
NZL,1851,34.05
NZL,1852,34.05
NZL,1853,34.05
NZL,1854,34.05
NZL,1855,34.05
NZL,1856,34.05
NZL,1857,34.05
NZL,1858,34.05
NZL,1859,34.05
NZL,1860,34.05
NZL,1861,34.05
NZL,1862,34.05
NZL,1863,34.05
NZL,1864,34.05
NZL,1865,34.05
NZL,1866,34.05
NZL,1867,34.05
NZL,1868,34.05
NZL,1869,34.05
NZL,1870,34.05
NZL,1871,34.5
NZL,1872,34.94
NZL,1873,35.39
NZL,1874,35.84
NZL,1875,36.28
NZL,1876,36.73
NZL,1877,37.17
NZL,1878,37.62
NZL,1879,38.07
NZL,1880,38.51
NZL,1881,38.96
NZL,1882,39.41
NZL,1883,39.85
NZL,1884,40.3
NZL,1885,40.74
NZL,1886,41.19
NZL,1887,41.64
NZL,1888,42.08
NZL,1889,42.53
NZL,1890,42.98
NZL,1891,43.42
NZL,1892,43.87
NZL,1893,44.31
NZL,1894,44.76
NZL,1895,45.21
NZL,1896,45.65
NZL,1897,46.1
NZL,1898,46.55
NZL,1899,46.99
NZL,1900,47.44
NZL,1901,47.88
NZL,1902,48.33
NZL,1903,48.78
NZL,1904,49.22
NZL,1905,49.67
NZL,1906,50.12
NZL,1907,50.56
NZL,1908,51.01
NZL,1909,51.46
NZL,1910,51.9
NZL,1911,52.35
NZL,1912,52.79
NZL,1913,53.24
NZL,1914,53.69
NZL,1915,54.13
NZL,1916,54.58
NZL,1917,55.03
NZL,1918,47.01
NZL,1919,55.92
NZL,1920,56.36
NZL,1921,56.81
NZL,1922,57.26
NZL,1923,57.7
NZL,1924,58.15
NZL,1925,58.6
NZL,1926,59.04
NZL,1927,59.49
NZL,1928,59.93
NZL,1929,60.38
NZL,1930,60.83
NZL,1931,61.27
NZL,1932,61.72
NZL,1933,62.17
NZL,1934,62.61
NZL,1935,63.06
NZL,1936,63.5
NZL,1937,63.95
NZL,1938,64.4
NZL,1939,64.84
NZL,1940,65.29
NZL,1941,65.74
NZL,1942,66.18
NZL,1943,66.63
NZL,1944,67.07
NZL,1945,67.52
NZL,1946,67.97
NZL,1947,68.42
NZL,1948,68.87
NZL,1949,68.99
NZL,1950,69.3
NZL,1951,69.17
NZL,1952,69.4
NZL,1953,70.25
NZL,1954,70.36
NZL,1955,70.49
NZL,1956,70.75
NZL,1957,70.27
NZL,1958,70.9
NZL,1959,70.82
NZL,1960,71.28
NZL,1961,71
NZL,1962,71.26
NZL,1963,71.33
NZL,1964,71.37
NZL,1965,71.3
NZL,1966,71.16
NZL,1967,71.54
NZL,1968,71.2
NZL,1969,71.57
NZL,1970,71.35
NZL,1971,71.8
NZL,1972,71.92
NZL,1973,71.78
NZL,1974,72.03
NZL,1975,72.3
NZL,1976,72.5
NZL,1977,72.25
NZL,1978,73.14
NZL,1979,73.18
NZL,1980,72.98
NZL,1981,73.77
NZL,1982,73.87
NZL,1983,73.97
NZL,1984,74.53
NZL,1985,74.03
NZL,1986,74.28
NZL,1987,74.36
NZL,1988,74.64
NZL,1989,75.05
NZL,1990,75.6
NZL,1991,75.9
NZL,1992,76.2
NZL,1993,76.5
NZL,1994,76.7
NZL,1995,77
NZL,1996,77.3
NZL,1997,77.6
NZL,1998,78
NZL,1999,78.2
NZL,2000,78.4
NZL,2001,78.6
NZL,2002,78.9
NZL,2003,79.1
NZL,2004,79.4
NZL,2005,79.8
NZL,2006,79.9
NZL,2007,80.1
NZL,2008,80.3
NZL,2009,80.5
NZL,2010,80.8
NZL,2011,80.8
NZL,2012,81.1
NZL,2013,81.4
NZL,2014,81.4
NZL,2015,81.4
NZL,2016,81.4
NIC,1800,25.4
NIC,1801,25.4
NIC,1802,25.4
NIC,1803,25.4
NIC,1804,25.4
NIC,1805,25.4
NIC,1806,25.4
NIC,1807,25.4
NIC,1808,25.4
NIC,1809,25.4
NIC,1810,25.4
NIC,1811,25.4
NIC,1812,25.4
NIC,1813,25.4
NIC,1814,25.4
NIC,1815,25.4
NIC,1816,25.4
NIC,1817,25.4
NIC,1818,25.4
NIC,1819,25.4
NIC,1820,25.4
NIC,1821,25.4
NIC,1822,25.4
NIC,1823,25.4
NIC,1824,25.4
NIC,1825,25.4
NIC,1826,25.4
NIC,1827,25.4
NIC,1828,25.4
NIC,1829,25.4
NIC,1830,25.4
NIC,1831,25.4
NIC,1832,25.4
NIC,1833,25.4
NIC,1834,25.4
NIC,1835,25.4
NIC,1836,25.4
NIC,1837,25.4
NIC,1838,25.4
NIC,1839,25.4
NIC,1840,25.4
NIC,1841,25.4
NIC,1842,25.4
NIC,1843,25.4
NIC,1844,25.4
NIC,1845,25.4
NIC,1846,25.4
NIC,1847,25.4
NIC,1848,25.4
NIC,1849,25.4
NIC,1850,25.4
NIC,1851,25.4
NIC,1852,25.4
NIC,1853,25.4
NIC,1854,25.4
NIC,1855,25.4
NIC,1856,25.4
NIC,1857,25.4
NIC,1858,25.4
NIC,1859,25.4
NIC,1860,25.4
NIC,1861,25.4
NIC,1862,25.4
NIC,1863,25.4
NIC,1864,25.4
NIC,1865,25.4
NIC,1866,25.4
NIC,1867,25.4
NIC,1868,25.4
NIC,1869,25.4
NIC,1870,25.4
NIC,1871,25.4
NIC,1872,25.4
NIC,1873,25.4
NIC,1874,25.4
NIC,1875,25.4
NIC,1876,25.4
NIC,1877,25.4
NIC,1878,25.4
NIC,1879,25.4
NIC,1880,25.4
NIC,1881,25.4
NIC,1882,25.4
NIC,1883,25.4
NIC,1884,25.4
NIC,1885,25.4
NIC,1886,25.4
NIC,1887,25.4
NIC,1888,25.4
NIC,1889,25.4
NIC,1890,25.4
NIC,1891,25.4
NIC,1892,25.4
NIC,1893,25.4
NIC,1894,25.4
NIC,1895,25.4
NIC,1896,25.4
NIC,1897,25.4
NIC,1898,25.4
NIC,1899,25.4
NIC,1900,25.4
NIC,1901,25.4
NIC,1902,25.4
NIC,1903,25.4
NIC,1904,25.4
NIC,1905,25.4
NIC,1906,25.4
NIC,1907,25.4
NIC,1908,25.4
NIC,1909,25.4
NIC,1910,25.4
NIC,1911,25.4
NIC,1912,25.4
NIC,1913,25.4
NIC,1914,25.4
NIC,1915,25.4
NIC,1916,25.4
NIC,1917,25.19
NIC,1918,22.27
NIC,1919,24.77
NIC,1920,24.56
NIC,1921,24.35
NIC,1922,24.88
NIC,1923,25.42
NIC,1924,25.95
NIC,1925,26.48
NIC,1926,27.01
NIC,1927,27.55
NIC,1928,28.08
NIC,1929,28.61
NIC,1930,29.14
NIC,1931,29.68
NIC,1932,30.21
NIC,1933,30.74
NIC,1934,31.27
NIC,1935,31.81
NIC,1936,32.34
NIC,1937,32.87
NIC,1938,33.41
NIC,1939,33.94
NIC,1940,34.47
NIC,1941,35.31
NIC,1942,36.16
NIC,1943,36.99
NIC,1944,37.83
NIC,1945,38.68
NIC,1946,39.52
NIC,1947,40.36
NIC,1948,41.2
NIC,1949,42.04
NIC,1950,42.88
NIC,1951,43.38
NIC,1952,44.18
NIC,1953,44.98
NIC,1954,45.78
NIC,1955,46.59
NIC,1956,47.4
NIC,1957,48.22
NIC,1958,49.04
NIC,1959,49.86
NIC,1960,50.69
NIC,1961,51.53
NIC,1962,52.36
NIC,1963,53.19
NIC,1964,54.04
NIC,1965,54.88
NIC,1966,55.74
NIC,1967,56.6
NIC,1968,57.47
NIC,1969,58.33
NIC,1970,59.18
NIC,1971,60.01
NIC,1972,60.8
NIC,1973,61.56
NIC,1974,62.28
NIC,1975,62.95
NIC,1976,63.59
NIC,1977,64.17
NIC,1978,64.73
NIC,1979,65.28
NIC,1980,65.83
NIC,1981,66.38
NIC,1982,66.95
NIC,1983,67.56
NIC,1984,68.2
NIC,1985,68.89
NIC,1986,69.67
NIC,1987,70.51
NIC,1988,71.4
NIC,1989,72.35
NIC,1990,73.3
NIC,1991,73.7
NIC,1992,73.6
NIC,1993,73.9
NIC,1994,74.1
NIC,1995,74.4
NIC,1996,74.7
NIC,1997,75
NIC,1998,73.2
NIC,1999,75.6
NIC,2000,76
NIC,2001,76.2
NIC,2002,76.3
NIC,2003,76.3
NIC,2004,76.4
NIC,2005,76.6
NIC,2006,76.7
NIC,2007,76.8
NIC,2008,77
NIC,2009,77.1
NIC,2010,77.2
NIC,2011,77.4
NIC,2012,77.5
NIC,2013,77.6
NIC,2014,77.8
NIC,2015,78
NIC,2016,78.2
NER,1800,30.8
NER,1801,30.8
NER,1802,30.8
NER,1803,30.8
NER,1804,30.8
NER,1805,30.8
NER,1806,30.8
NER,1807,30.8
NER,1808,30.8
NER,1809,30.8
NER,1810,30.8
NER,1811,30.8
NER,1812,30.8
NER,1813,30.8
NER,1814,30.8
NER,1815,30.8
NER,1816,30.8
NER,1817,30.8
NER,1818,30.8
NER,1819,30.8
NER,1820,30.8
NER,1821,30.8
NER,1822,30.8
NER,1823,30.8
NER,1824,30.8
NER,1825,30.8
NER,1826,30.8
NER,1827,30.8
NER,1828,30.8
NER,1829,30.8
NER,1830,30.8
NER,1831,30.8
NER,1832,30.8
NER,1833,30.8
NER,1834,30.8
NER,1835,30.8
NER,1836,30.8
NER,1837,30.8
NER,1838,30.8
NER,1839,30.8
NER,1840,30.8
NER,1841,30.8
NER,1842,30.8
NER,1843,30.8
NER,1844,30.8
NER,1845,30.8
NER,1846,30.8
NER,1847,30.8
NER,1848,30.8
NER,1849,30.8
NER,1850,30.8
NER,1851,30.8
NER,1852,30.8
NER,1853,30.8
NER,1854,30.8
NER,1855,30.8
NER,1856,30.8
NER,1857,30.8
NER,1858,30.8
NER,1859,30.8
NER,1860,30.8
NER,1861,30.8
NER,1862,30.8
NER,1863,30.8
NER,1864,30.8
NER,1865,30.8
NER,1866,30.8
NER,1867,30.8
NER,1868,30.8
NER,1869,30.8
NER,1870,30.8
NER,1871,30.8
NER,1872,30.8
NER,1873,30.8
NER,1874,30.8
NER,1875,30.8
NER,1876,30.8
NER,1877,30.8
NER,1878,30.8
NER,1879,30.8
NER,1880,30.8
NER,1881,30.8
NER,1882,30.8
NER,1883,30.8
NER,1884,30.8
NER,1885,30.8
NER,1886,30.8
NER,1887,30.8
NER,1888,30.8
NER,1889,30.8
NER,1890,30.8
NER,1891,30.8
NER,1892,30.8
NER,1893,30.8
NER,1894,30.8
NER,1895,30.8
NER,1896,30.8
NER,1897,30.8
NER,1898,30.8
NER,1899,30.8
NER,1900,30.8
NER,1901,30.8
NER,1902,30.8
NER,1903,30.8
NER,1904,30.8
NER,1905,30.8
NER,1906,30.8
NER,1907,30.8
NER,1908,30.8
NER,1909,30.8
NER,1910,30.8
NER,1911,30.8
NER,1912,30.8
NER,1913,30.8
NER,1914,30.8
NER,1915,30.8
NER,1916,30.8
NER,1917,30.8
NER,1918,11.91
NER,1919,30.8
NER,1920,30.8
NER,1921,30.8
NER,1922,30.8
NER,1923,30.8
NER,1924,30.8
NER,1925,30.8
NER,1926,30.8
NER,1927,30.8
NER,1928,30.8
NER,1929,30.8
NER,1930,30.8
NER,1931,30.8
NER,1932,30.8
NER,1933,30.8
NER,1934,30.8
NER,1935,30.8
NER,1936,30.8
NER,1937,30.8
NER,1938,30.8
NER,1939,30.8
NER,1940,30.8
NER,1941,30.86
NER,1942,30.93
NER,1943,30.99
NER,1944,31.06
NER,1945,31.12
NER,1946,32.01
NER,1947,32.88
NER,1948,33.77
NER,1949,34.64
NER,1950,35.53
NER,1951,35.61
NER,1952,35.72
NER,1953,35.83
NER,1954,35.95
NER,1955,36.08
NER,1956,36.22
NER,1957,36.37
NER,1958,36.51
NER,1959,36.67
NER,1960,36.82
NER,1961,36.97
NER,1962,37.1
NER,1963,37.24
NER,1964,37.36
NER,1965,37.49
NER,1966,37.61
NER,1967,37.73
NER,1968,37.88
NER,1969,38.05
NER,1970,38.24
NER,1971,38.45
NER,1972,38.69
NER,1973,38.95
NER,1974,39.25
NER,1975,39.57
NER,1976,39.97
NER,1977,40.4
NER,1978,40.9
NER,1979,41.44
NER,1980,42
NER,1981,42.58
NER,1982,43.13
NER,1983,43.66
NER,1984,44.15
NER,1985,44.63
NER,1986,45.09
NER,1987,45.57
NER,1988,46.07
NER,1989,46.62
NER,1990,47.2
NER,1991,47.9
NER,1992,48.2
NER,1993,48.6
NER,1994,49.1
NER,1995,49.5
NER,1996,50.2
NER,1997,50.6
NER,1998,51.2
NER,1999,51.8
NER,2000,52.4
NER,2001,52.9
NER,2002,53.7
NER,2003,54.4
NER,2004,55.2
NER,2005,55.9
NER,2006,56.6
NER,2007,57.3
NER,2008,58
NER,2009,58.6
NER,2010,59.2
NER,2011,59.6
NER,2012,60
NER,2013,60.4
NER,2014,60.7
NER,2015,61
NER,2016,61.3
NGA,1800,30.4
NGA,1801,30.4
NGA,1802,30.4
NGA,1803,30.4
NGA,1804,30.4
NGA,1805,30.4
NGA,1806,30.4
NGA,1807,30.4
NGA,1808,30.4
NGA,1809,30.4
NGA,1810,30.4
NGA,1811,30.4
NGA,1812,30.4
NGA,1813,30.4
NGA,1814,30.4
NGA,1815,30.4
NGA,1816,30.4
NGA,1817,30.4
NGA,1818,30.4
NGA,1819,30.4
NGA,1820,30.4
NGA,1821,30.4
NGA,1822,30.4
NGA,1823,30.4
NGA,1824,30.4
NGA,1825,30.4
NGA,1826,30.4
NGA,1827,30.4
NGA,1828,30.4
NGA,1829,30.4
NGA,1830,30.4
NGA,1831,30.4
NGA,1832,30.4
NGA,1833,30.4
NGA,1834,30.4
NGA,1835,30.4
NGA,1836,30.4
NGA,1837,30.4
NGA,1838,30.4
NGA,1839,30.4
NGA,1840,30.4
NGA,1841,30.4
NGA,1842,30.4
NGA,1843,30.4
NGA,1844,30.4
NGA,1845,30.4
NGA,1846,30.4
NGA,1847,30.4
NGA,1848,30.4
NGA,1849,30.4
NGA,1850,30.4
NGA,1851,30.4
NGA,1852,30.4
NGA,1853,30.4
NGA,1854,30.4
NGA,1855,30.4
NGA,1856,30.4
NGA,1857,30.4
NGA,1858,30.4
NGA,1859,30.4
NGA,1860,30.4
NGA,1861,30.4
NGA,1862,30.4
NGA,1863,30.4
NGA,1864,30.4
NGA,1865,30.4
NGA,1866,30.4
NGA,1867,30.4
NGA,1868,30.4
NGA,1869,30.4
NGA,1870,30.4
NGA,1871,30.4
NGA,1872,30.4
NGA,1873,30.4
NGA,1874,30.4
NGA,1875,30.4
NGA,1876,30.4
NGA,1877,30.4
NGA,1878,30.4
NGA,1879,30.4
NGA,1880,30.4
NGA,1881,30.4
NGA,1882,30.4
NGA,1883,30.4
NGA,1884,30.4
NGA,1885,30.4
NGA,1886,30.4
NGA,1887,30.4
NGA,1888,30.4
NGA,1889,30.4
NGA,1890,30.4
NGA,1891,30.4
NGA,1892,30.4
NGA,1893,30.4
NGA,1894,30.4
NGA,1895,30.4
NGA,1896,30.4
NGA,1897,30.4
NGA,1898,30.4
NGA,1899,30.4
NGA,1900,30.4
NGA,1901,30.4
NGA,1902,30.4
NGA,1903,30.4
NGA,1904,30.4
NGA,1905,30.4
NGA,1906,30.4
NGA,1907,30.4
NGA,1908,30.4
NGA,1909,30.4
NGA,1910,30.4
NGA,1911,30.4
NGA,1912,30.4
NGA,1913,30.4
NGA,1914,30.4
NGA,1915,30.4
NGA,1916,30.4
NGA,1917,30.4
NGA,1918,14.36
NGA,1919,30.4
NGA,1920,30.4
NGA,1921,30.4
NGA,1922,30.4
NGA,1923,30.4
NGA,1924,30.4
NGA,1925,30.4
NGA,1926,30.4
NGA,1927,30.4
NGA,1928,30.4
NGA,1929,30.4
NGA,1930,30.4
NGA,1931,30.4
NGA,1932,30.4
NGA,1933,30.4
NGA,1934,30.4
NGA,1935,30.4
NGA,1936,30.4
NGA,1937,30.4
NGA,1938,30.4
NGA,1939,30.4
NGA,1940,30.4
NGA,1941,30.56
NGA,1942,30.72
NGA,1943,30.88
NGA,1944,31.04
NGA,1945,31.2
NGA,1946,31.95
NGA,1947,32.69
NGA,1948,33.44
NGA,1949,34.18
NGA,1950,34.93
NGA,1951,35.25
NGA,1952,35.74
NGA,1953,36.25
NGA,1954,36.79
NGA,1955,37.35
NGA,1956,37.93
NGA,1957,38.53
NGA,1958,39.14
NGA,1959,39.76
NGA,1960,40.39
NGA,1961,41
NGA,1962,41.61
NGA,1963,42.19
NGA,1964,42.75
NGA,1965,43.29
NGA,1966,43.81
NGA,1967,38.31
NGA,1968,33.47
NGA,1969,31.63
NGA,1970,41.79
NGA,1971,46.56
NGA,1972,47.16
NGA,1973,47.77
NGA,1974,48.38
NGA,1975,49
NGA,1976,49.62
NGA,1977,50.24
NGA,1978,50.84
NGA,1979,51.42
NGA,1980,51.95
NGA,1981,52.41
NGA,1982,52.8
NGA,1983,53.12
NGA,1984,53.36
NGA,1985,53.54
NGA,1986,53.67
NGA,1987,53.78
NGA,1988,53.88
NGA,1989,53.98
NGA,1990,54.1
NGA,1991,54.3
NGA,1992,54.4
NGA,1993,54.5
NGA,1994,54.9
NGA,1995,55
NGA,1996,55
NGA,1997,55
NGA,1998,55.1
NGA,1999,55.2
NGA,2000,55.2
NGA,2001,55.4
NGA,2002,55.3
NGA,2003,55.6
NGA,2004,56.1
NGA,2005,56.8
NGA,2006,57.4
NGA,2007,58.3
NGA,2008,59.2
NGA,2009,60.3
NGA,2010,61.2
NGA,2011,62
NGA,2012,62.6
NGA,2013,63.3
NGA,2014,63.7
NGA,2015,64.6
NGA,2016,65.51
MNP,1990,72.3
MNP,1991,72.8
MNP,1992,73.2
MNP,1993,73.5
MNP,1994,73.9
MNP,1995,74.2
MNP,1996,74.5
MNP,1997,74.7
MNP,1998,74.9
MNP,1999,75.2
MNP,2000,75.5
MNP,2001,75.6
MNP,2002,75.7
MNP,2003,75.8
MNP,2004,75.9
MNP,2005,75.9
MNP,2006,76.2
MNP,2007,76.4
MNP,2008,76.4
MNP,2009,76.3
MNP,2010,76.4
MNP,2011,76.3
MNP,2012,76.3
MNP,2013,76.2
MNP,2014,76.2
MNP,2015,76.2
MNP,2016,76.2
NOR,1800,37.92
NOR,1801,35.82
NOR,1802,38.37
NOR,1803,38.72
NOR,1804,40.52
NOR,1805,44.27
NOR,1806,43.76
NOR,1807,41.77
NOR,1808,37.26
NOR,1809,27.22
NOR,1810,36.48
NOR,1811,38.05
NOR,1812,43.46
NOR,1813,33.46
NOR,1814,41.74
NOR,1815,45.58
NOR,1816,46.33
NOR,1817,48.87
NOR,1818,46.75
NOR,1819,45.78
NOR,1820,46.96
NOR,1821,44.69
NOR,1822,46.13
NOR,1823,48.76
NOR,1824,47.64
NOR,1825,49.23
NOR,1826,47.63
NOR,1827,48.38
NOR,1828,46.22
NOR,1829,46.29
NOR,1830,45.75
NOR,1831,45.66
NOR,1832,47.62
NOR,1833,44.86
NOR,1834,41.95
NOR,1835,46.1
NOR,1836,46.46
NOR,1837,44.24
NOR,1838,42.93
NOR,1839,43.05
NOR,1840,45.62
NOR,1841,49.51
NOR,1842,48.37
NOR,1843,48.44
NOR,1844,49.71
NOR,1845,50.07
NOR,1846,48.05
NOR,1847,44.77
NOR,1848,45.02
NOR,1849,48.05
NOR,1850,49.53
NOR,1851,49.74
NOR,1852,48.46
NOR,1853,47.92
NOR,1854,51.65
NOR,1855,50.44
NOR,1856,50.37
NOR,1857,50.22
NOR,1858,51.59
NOR,1859,49.93
NOR,1860,50
NOR,1861,45.81
NOR,1862,44.7
NOR,1863,46.71
NOR,1864,48.78
NOR,1865,50.42
NOR,1866,49.92
NOR,1867,47.87
NOR,1868,47.16
NOR,1869,49.25
NOR,1870,50.86
NOR,1871,49.69
NOR,1872,50.02
NOR,1873,49.67
NOR,1874,47.77
NOR,1875,47.64
NOR,1876,46.83
NOR,1877,49.77
NOR,1878,51.79
NOR,1879,53.18
NOR,1880,51.91
NOR,1881,50.47
NOR,1882,47.4
NOR,1883,49.64
NOR,1884,50.8
NOR,1885,51.06
NOR,1886,51.72
NOR,1887,51.69
NOR,1888,50.38
NOR,1889,49.06
NOR,1890,48.6
NOR,1891,49.79
NOR,1892,49.68
NOR,1893,51.41
NOR,1894,50.62
NOR,1895,52.8
NOR,1896,53.84
NOR,1897,53.73
NOR,1898,53.96
NOR,1899,51.62
NOR,1900,53.47
NOR,1901,54.59
NOR,1902,56.49
NOR,1903,54.98
NOR,1904,56.09
NOR,1905,55.1
NOR,1906,56.91
NOR,1907,56.49
NOR,1908,56.31
NOR,1909,57.47
NOR,1910,57.99
NOR,1911,58.04
NOR,1912,57.75
NOR,1913,58.32
NOR,1914,57.82
NOR,1915,58.17
NOR,1916,57.25
NOR,1917,57.75
NOR,1918,50.3
NOR,1919,56.82
NOR,1920,58.89
NOR,1921,61.61
NOR,1922,60.79
NOR,1923,61.81
NOR,1924,62.12
NOR,1925,62.52
NOR,1926,63.26
NOR,1927,62.87
NOR,1928,63.4
NOR,1929,62.47
NOR,1930,64.11
NOR,1931,64.14
NOR,1932,64.61
NOR,1933,65.49
NOR,1934,66.22
NOR,1935,65.84
NOR,1936,65.84
NOR,1937,66.04
NOR,1938,67.09
NOR,1939,67.36
NOR,1940,65.89
NOR,1941,65.77
NOR,1942,65.69
NOR,1943,66.13
NOR,1944,65.82
NOR,1945,68.21
NOR,1946,69.53
NOR,1947,70.04
NOR,1948,71.16
NOR,1949,71.56
NOR,1950,71.64
NOR,1951,72.58
NOR,1952,72.72
NOR,1953,73.2
NOR,1954,73.28
NOR,1955,73.5
NOR,1956,73.55
NOR,1957,73.5
NOR,1958,73.5
NOR,1959,73.63
NOR,1960,73.66
NOR,1961,73.67
NOR,1962,73.55
NOR,1963,73.2
NOR,1964,73.7
NOR,1965,73.83
NOR,1966,74.11
NOR,1967,74.18
NOR,1968,74.07
NOR,1969,73.78
NOR,1970,74.19
NOR,1971,74.3
NOR,1972,74.46
NOR,1973,74.56
NOR,1974,74.88
NOR,1975,74.93
NOR,1976,75.17
NOR,1977,75.51
NOR,1978,75.54
NOR,1979,75.54
NOR,1980,75.8
NOR,1981,76
NOR,1982,76.13
NOR,1983,76.19
NOR,1984,76.36
NOR,1985,76.07
NOR,1986,76.21
NOR,1987,76.07
NOR,1988,76.17
NOR,1989,76.52
NOR,1990,76.6
NOR,1991,77
NOR,1992,77.1
NOR,1993,77.5
NOR,1994,77.7
NOR,1995,77.9
NOR,1996,78.2
NOR,1997,78.3
NOR,1998,78.3
NOR,1999,78.5
NOR,2000,78.6
NOR,2001,78.9
NOR,2002,79.1
NOR,2003,79.5
NOR,2004,79.8
NOR,2005,80.2
NOR,2006,80.4
NOR,2007,80.6
NOR,2008,80.8
NOR,2009,80.8
NOR,2010,81.1
NOR,2011,81.1
NOR,2012,81.6
NOR,2013,81.6
NOR,2014,82
NOR,2015,82
NOR,2016,82
OMN,1800,32.3
OMN,1801,32.3
OMN,1802,32.3
OMN,1803,32.3
OMN,1804,32.3
OMN,1805,32.3
OMN,1806,32.3
OMN,1807,32.3
OMN,1808,32.3
OMN,1809,32.3
OMN,1810,32.3
OMN,1811,32.3
OMN,1812,32.3
OMN,1813,32.3
OMN,1814,32.3
OMN,1815,32.3
OMN,1816,32.3
OMN,1817,32.3
OMN,1818,32.3
OMN,1819,32.3
OMN,1820,32.3
OMN,1821,32.3
OMN,1822,32.3
OMN,1823,32.3
OMN,1824,32.3
OMN,1825,32.3
OMN,1826,32.3
OMN,1827,32.3
OMN,1828,32.3
OMN,1829,32.3
OMN,1830,32.3
OMN,1831,32.3
OMN,1832,32.3
OMN,1833,32.3
OMN,1834,32.3
OMN,1835,32.3
OMN,1836,32.3
OMN,1837,32.3
OMN,1838,32.3
OMN,1839,32.3
OMN,1840,32.3
OMN,1841,32.3
OMN,1842,32.3
OMN,1843,32.3
OMN,1844,32.3
OMN,1845,32.3
OMN,1846,32.3
OMN,1847,32.3
OMN,1848,32.3
OMN,1849,32.3
OMN,1850,32.3
OMN,1851,32.3
OMN,1852,32.3
OMN,1853,32.3
OMN,1854,32.3
OMN,1855,32.3
OMN,1856,32.3
OMN,1857,32.3
OMN,1858,32.3
OMN,1859,32.3
OMN,1860,32.3
OMN,1861,32.3
OMN,1862,32.3
OMN,1863,32.3
OMN,1864,32.3
OMN,1865,32.3
OMN,1866,32.3
OMN,1867,32.3
OMN,1868,32.3
OMN,1869,32.3
OMN,1870,32.3
OMN,1871,32.3
OMN,1872,32.3
OMN,1873,32.3
OMN,1874,32.3
OMN,1875,32.3
OMN,1876,32.3
OMN,1877,32.3
OMN,1878,32.3
OMN,1879,32.3
OMN,1880,32.3
OMN,1881,32.3
OMN,1882,32.3
OMN,1883,32.3
OMN,1884,32.3
OMN,1885,32.3
OMN,1886,32.3
OMN,1887,32.3
OMN,1888,32.3
OMN,1889,32.3
OMN,1890,32.3
OMN,1891,32.3
OMN,1892,32.3
OMN,1893,32.3
OMN,1894,32.3
OMN,1895,32.3
OMN,1896,32.3
OMN,1897,32.3
OMN,1898,32.3
OMN,1899,32.3
OMN,1900,32.3
OMN,1901,32.3
OMN,1902,32.3
OMN,1903,32.3
OMN,1904,32.3
OMN,1905,32.3
OMN,1906,32.3
OMN,1907,32.3
OMN,1908,32.3
OMN,1909,32.3
OMN,1910,32.3
OMN,1911,32.3
OMN,1912,32.3
OMN,1913,32.3
OMN,1914,32.3
OMN,1915,32.3
OMN,1916,32.3
OMN,1917,32.3
OMN,1918,26.78
OMN,1919,32.3
OMN,1920,32.3
OMN,1921,32.3
OMN,1922,32.3
OMN,1923,32.3
OMN,1924,32.3
OMN,1925,32.3
OMN,1926,32.3
OMN,1927,32.3
OMN,1928,32.3
OMN,1929,32.3
OMN,1930,32.3
OMN,1931,32.3
OMN,1932,32.3
OMN,1933,32.3
OMN,1934,32.3
OMN,1935,32.3
OMN,1936,32.3
OMN,1937,32.3
OMN,1938,32.3
OMN,1939,32.3
OMN,1940,32.3
OMN,1941,32.4
OMN,1942,32.5
OMN,1943,32.6
OMN,1944,32.69
OMN,1945,32.79
OMN,1946,33.27
OMN,1947,33.75
OMN,1948,34.23
OMN,1949,34.7
OMN,1950,35.17
OMN,1951,35.74
OMN,1952,36.78
OMN,1953,37.81
OMN,1954,38.82
OMN,1955,39.82
OMN,1956,40.8
OMN,1957,41.78
OMN,1958,42.75
OMN,1959,43.7
OMN,1960,44.64
OMN,1961,45.57
OMN,1962,46.47
OMN,1963,47.37
OMN,1964,48.26
OMN,1965,49.13
OMN,1966,49.97
OMN,1967,50.8
OMN,1968,51.62
OMN,1969,52.43
OMN,1970,53.26
OMN,1971,54.14
OMN,1972,55.07
OMN,1973,56.06
OMN,1974,57.11
OMN,1975,58.2
OMN,1976,59.32
OMN,1977,60.45
OMN,1978,61.57
OMN,1979,62.65
OMN,1980,63.7
OMN,1981,64.69
OMN,1982,65.65
OMN,1983,66.59
OMN,1984,67.48
OMN,1985,68.35
OMN,1986,69.17
OMN,1987,69.95
OMN,1988,70.7
OMN,1989,71.41
OMN,1990,72.1
OMN,1991,72.5
OMN,1992,72.9
OMN,1993,73.3
OMN,1994,73.6
OMN,1995,73.9
OMN,1996,74.2
OMN,1997,74.5
OMN,1998,74.8
OMN,1999,75.1
OMN,2000,75.2
OMN,2001,75.4
OMN,2002,75.4
OMN,2003,75.6
OMN,2004,75.8
OMN,2005,76
OMN,2006,76
OMN,2007,76
OMN,2008,76.2
OMN,2009,76.2
OMN,2010,76.1
OMN,2011,76.3
OMN,2012,76.6
OMN,2013,76.8
OMN,2014,77
OMN,2015,77.2
OMN,2016,77.4
PAK,1800,25.8
PAK,1801,25.8
PAK,1802,25.8
PAK,1803,25.8
PAK,1804,25.8
PAK,1805,25.8
PAK,1806,25.8
PAK,1807,25.8
PAK,1808,25.8
PAK,1809,25.8
PAK,1810,25.8
PAK,1811,25.8
PAK,1812,23.3
PAK,1813,25.8
PAK,1814,25.8
PAK,1815,25.8
PAK,1816,25.8
PAK,1817,25.8
PAK,1818,25.8
PAK,1819,25.8
PAK,1820,25.8
PAK,1821,25.8
PAK,1822,25.8
PAK,1823,25.8
PAK,1824,25.8
PAK,1825,25.8
PAK,1826,25.8
PAK,1827,25.8
PAK,1828,25.8
PAK,1829,25.8
PAK,1830,25.8
PAK,1831,25.8
PAK,1832,25.8
PAK,1833,25.8
PAK,1834,25.8
PAK,1835,25.8
PAK,1836,25.8
PAK,1837,25.8
PAK,1838,25.8
PAK,1839,25.8
PAK,1840,25.8
PAK,1841,25.8
PAK,1842,25.8
PAK,1843,25.8
PAK,1844,25.8
PAK,1845,25.8
PAK,1846,25.8
PAK,1847,25.8
PAK,1848,25.8
PAK,1849,25.8
PAK,1850,25.8
PAK,1851,25.8
PAK,1852,25.8
PAK,1853,25.8
PAK,1854,25.8
PAK,1855,25.8
PAK,1856,25.8
PAK,1857,25.8
PAK,1858,25.8
PAK,1859,25.8
PAK,1860,25.8
PAK,1861,25.8
PAK,1862,25.8
PAK,1863,25.8
PAK,1864,25.8
PAK,1865,25.8
PAK,1866,25.8
PAK,1867,25.8
PAK,1868,25.8
PAK,1869,25.8
PAK,1870,25.8
PAK,1871,25.8
PAK,1872,25.8
PAK,1873,25.8
PAK,1874,25.8
PAK,1875,25.8
PAK,1876,25.8
PAK,1877,25.93
PAK,1878,26.06
PAK,1879,26.19
PAK,1880,26.32
PAK,1881,26.45
PAK,1882,26.58
PAK,1883,26.71
PAK,1884,26.84
PAK,1885,26.97
PAK,1886,27.1
PAK,1887,26.71
PAK,1888,26.32
PAK,1889,25.93
PAK,1890,25.54
PAK,1891,25.15
PAK,1892,23.56
PAK,1893,24.37
PAK,1894,23.98
PAK,1895,23.59
PAK,1896,23.2
PAK,1897,23
PAK,1898,22.8
PAK,1899,22.6
PAK,1900,21.06
PAK,1901,22.2
PAK,1902,22
PAK,1903,21.8
PAK,1904,20.28
PAK,1905,20.09
PAK,1906,19.9
PAK,1907,17.77
PAK,1908,21.82
PAK,1909,22.13
PAK,1910,22.44
PAK,1911,22.75
PAK,1912,23.06
PAK,1913,23.37
PAK,1914,23.68
PAK,1915,23.99
PAK,1916,24.3
PAK,1917,24.61
PAK,1918,8.21
PAK,1919,25.23
PAK,1920,25.54
PAK,1921,25.85
PAK,1922,26.16
PAK,1923,26.47
PAK,1924,26.78
PAK,1925,27.09
PAK,1926,27.4
PAK,1927,27.76
PAK,1928,28.12
PAK,1929,28.48
PAK,1930,28.84
PAK,1931,29.2
PAK,1932,29.56
PAK,1933,29.92
PAK,1934,30.28
PAK,1935,30.64
PAK,1936,31
PAK,1937,31.36
PAK,1938,31.72
PAK,1939,32.08
PAK,1940,32.44
PAK,1941,32.82
PAK,1942,33.2
PAK,1943,33.58
PAK,1944,33.96
PAK,1945,34.34
PAK,1946,34.72
PAK,1947,10.85
PAK,1948,31.66
PAK,1949,35.85
PAK,1950,36.23
PAK,1951,36.85
PAK,1952,38.07
PAK,1953,39.26
PAK,1954,40.42
PAK,1955,41.56
PAK,1956,42.67
PAK,1957,43.75
PAK,1958,44.8
PAK,1959,45.81
PAK,1960,46.79
PAK,1961,47.73
PAK,1962,48.63
PAK,1963,49.47
PAK,1964,50.27
PAK,1965,51.01
PAK,1966,51.7
PAK,1967,52.34
PAK,1968,52.95
PAK,1969,53.52
PAK,1970,54.06
PAK,1971,54.6
PAK,1972,55.12
PAK,1973,55.64
PAK,1974,56.16
PAK,1975,56.68
PAK,1976,57.17
PAK,1977,57.63
PAK,1978,58.05
PAK,1979,58.44
PAK,1980,58.79
PAK,1981,59.13
PAK,1982,59.45
PAK,1983,59.77
PAK,1984,60.09
PAK,1985,60.43
PAK,1986,60.77
PAK,1987,61.11
PAK,1988,61.45
PAK,1989,61.78
PAK,1990,62.1
PAK,1991,62.2
PAK,1992,62.1
PAK,1993,62
PAK,1994,61.9
PAK,1995,61.8
PAK,1996,61.9
PAK,1997,61.8
PAK,1998,62
PAK,1999,62.1
PAK,2000,62.3
PAK,2001,62.5
PAK,2002,62.6
PAK,2003,62.8
PAK,2004,63.1
PAK,2005,62.2
PAK,2006,63.7
PAK,2007,63.8
PAK,2008,64.1
PAK,2009,64.3
PAK,2010,64.5
PAK,2011,64.9
PAK,2012,65.1
PAK,2013,65.4
PAK,2014,65.6
PAK,2015,65.9
PAK,2016,66.2
PAN,1800,32.9
PAN,1801,32.9
PAN,1802,32.9
PAN,1803,32.9
PAN,1804,32.9
PAN,1805,32.9
PAN,1806,32.9
PAN,1807,32.9
PAN,1808,32.9
PAN,1809,32.9
PAN,1810,32.9
PAN,1811,32.9
PAN,1812,32.9
PAN,1813,32.9
PAN,1814,32.9
PAN,1815,32.9
PAN,1816,32.9
PAN,1817,32.9
PAN,1818,32.9
PAN,1819,32.9
PAN,1820,32.9
PAN,1821,32.9
PAN,1822,32.9
PAN,1823,32.9
PAN,1824,32.9
PAN,1825,32.9
PAN,1826,32.9
PAN,1827,32.9
PAN,1828,32.9
PAN,1829,32.9
PAN,1830,32.9
PAN,1831,32.9
PAN,1832,32.9
PAN,1833,32.9
PAN,1834,32.9
PAN,1835,32.9
PAN,1836,32.9
PAN,1837,32.9
PAN,1838,32.9
PAN,1839,32.9
PAN,1840,32.9
PAN,1841,32.9
PAN,1842,32.9
PAN,1843,32.9
PAN,1844,32.9
PAN,1845,32.9
PAN,1846,32.9
PAN,1847,32.9
PAN,1848,32.9
PAN,1849,32.9
PAN,1850,32.9
PAN,1851,32.9
PAN,1852,32.9
PAN,1853,32.9
PAN,1854,32.9
PAN,1855,32.9
PAN,1856,32.9
PAN,1857,32.9
PAN,1858,32.9
PAN,1859,32.9
PAN,1860,32.9
PAN,1861,32.9
PAN,1862,32.9
PAN,1863,32.9
PAN,1864,32.9
PAN,1865,32.9
PAN,1866,32.9
PAN,1867,32.9
PAN,1868,32.9
PAN,1869,32.9
PAN,1870,32.9
PAN,1871,32.9
PAN,1872,32.9
PAN,1873,32.9
PAN,1874,32.9
PAN,1875,32.9
PAN,1876,32.9
PAN,1877,32.9
PAN,1878,32.9
PAN,1879,32.9
PAN,1880,32.9
PAN,1881,32.9
PAN,1882,32.9
PAN,1883,32.9
PAN,1884,32.9
PAN,1885,32.9
PAN,1886,32.9
PAN,1887,32.9
PAN,1888,32.9
PAN,1889,32.9
PAN,1890,32.9
PAN,1891,32.9
PAN,1892,32.9
PAN,1893,32.9
PAN,1894,32.9
PAN,1895,32.9
PAN,1896,32.9
PAN,1897,32.9
PAN,1898,32.9
PAN,1899,32.9
PAN,1900,32.9
PAN,1901,32.9
PAN,1902,32.9
PAN,1903,32.9
PAN,1904,32.9
PAN,1905,32.9
PAN,1906,32.9
PAN,1907,32.9
PAN,1908,32.9
PAN,1909,32.9
PAN,1910,32.9
PAN,1911,32.9
PAN,1912,32.9
PAN,1913,32.9
PAN,1914,32.9
PAN,1915,32.9
PAN,1916,33.1
PAN,1917,33.3
PAN,1918,29.44
PAN,1919,33.7
PAN,1920,33.9
PAN,1921,34.1
PAN,1922,34.3
PAN,1923,34.5
PAN,1924,34.7
PAN,1925,34.9
PAN,1926,35.1
PAN,1927,35.3
PAN,1928,35.5
PAN,1929,35.7
PAN,1930,35.9
PAN,1931,36.55
PAN,1932,37.2
PAN,1933,37.85
PAN,1934,38.5
PAN,1935,39.15
PAN,1936,39.8
PAN,1937,40.45
PAN,1938,41.1
PAN,1939,41.75
PAN,1940,42.4
PAN,1941,43.77
PAN,1942,45.15
PAN,1943,46.51
PAN,1944,47.88
PAN,1945,49.25
PAN,1946,50.63
PAN,1947,52
PAN,1948,53.36
PAN,1949,54.74
PAN,1950,56.11
PAN,1951,56.42
PAN,1952,56.99
PAN,1953,57.56
PAN,1954,58.14
PAN,1955,58.72
PAN,1956,59.31
PAN,1957,59.89
PAN,1958,60.47
PAN,1959,61.05
PAN,1960,61.62
PAN,1961,62.17
PAN,1962,62.71
PAN,1963,63.22
PAN,1964,63.72
PAN,1965,64.21
PAN,1966,64.7
PAN,1967,65.18
PAN,1968,65.65
PAN,1969,66.15
PAN,1970,66.66
PAN,1971,67.18
PAN,1972,67.72
PAN,1973,68.26
PAN,1974,68.81
PAN,1975,69.35
PAN,1976,69.88
PAN,1977,70.38
PAN,1978,70.85
PAN,1979,71.3
PAN,1980,71.72
PAN,1981,72.1
PAN,1982,72.47
PAN,1983,72.8
PAN,1984,73.13
PAN,1985,73.45
PAN,1986,73.76
PAN,1987,74.06
PAN,1988,74.34
PAN,1989,74.62
PAN,1990,74.9
PAN,1991,75
PAN,1992,75
PAN,1993,75.2
PAN,1994,75.2
PAN,1995,75.3
PAN,1996,75.4
PAN,1997,75.6
PAN,1998,75.8
PAN,1999,76.2
PAN,2000,76.5
PAN,2001,76.7
PAN,2002,76.9
PAN,2003,77
PAN,2004,77.1
PAN,2005,77.2
PAN,2006,77.2
PAN,2007,77.3
PAN,2008,77.3
PAN,2009,77.3
PAN,2010,77.3
PAN,2011,77.4
PAN,2012,77.5
PAN,2013,77.6
PAN,2014,77.9
PAN,2015,78.2
PAN,2016,78.5
PNG,1800,31.5
PNG,1801,31.5
PNG,1802,31.5
PNG,1803,31.5
PNG,1804,31.5
PNG,1805,31.5
PNG,1806,31.5
PNG,1807,31.5
PNG,1808,31.5
PNG,1809,31.5
PNG,1810,31.5
PNG,1811,31.5
PNG,1812,31.5
PNG,1813,31.5
PNG,1814,31.5
PNG,1815,31.5
PNG,1816,31.5
PNG,1817,31.5
PNG,1818,31.5
PNG,1819,31.5
PNG,1820,31.5
PNG,1821,31.5
PNG,1822,31.5
PNG,1823,31.5
PNG,1824,31.5
PNG,1825,31.5
PNG,1826,31.5
PNG,1827,31.5
PNG,1828,31.5
PNG,1829,31.5
PNG,1830,31.5
PNG,1831,31.5
PNG,1832,31.5
PNG,1833,31.5
PNG,1834,31.5
PNG,1835,31.5
PNG,1836,31.5
PNG,1837,31.5
PNG,1838,31.5
PNG,1839,31.5
PNG,1840,31.5
PNG,1841,31.5
PNG,1842,31.5
PNG,1843,31.5
PNG,1844,31.5
PNG,1845,31.5
PNG,1846,31.5
PNG,1847,31.5
PNG,1848,31.5
PNG,1849,31.5
PNG,1850,31.5
PNG,1851,31.5
PNG,1852,31.5
PNG,1853,31.5
PNG,1854,31.5
PNG,1855,31.5
PNG,1856,31.5
PNG,1857,31.5
PNG,1858,31.5
PNG,1859,31.5
PNG,1860,31.5
PNG,1861,31.5
PNG,1862,31.5
PNG,1863,31.5
PNG,1864,31.5
PNG,1865,31.5
PNG,1866,31.5
PNG,1867,31.5
PNG,1868,31.5
PNG,1869,31.5
PNG,1870,31.5
PNG,1871,31.5
PNG,1872,31.5
PNG,1873,31.5
PNG,1874,31.5
PNG,1875,31.5
PNG,1876,31.5
PNG,1877,31.5
PNG,1878,31.5
PNG,1879,31.5
PNG,1880,31.5
PNG,1881,31.5
PNG,1882,31.5
PNG,1883,31.5
PNG,1884,31.5
PNG,1885,31.5
PNG,1886,31.5
PNG,1887,31.5
PNG,1888,31.5
PNG,1889,31.5
PNG,1890,31.5
PNG,1891,31.5
PNG,1892,31.5
PNG,1893,31.5
PNG,1894,31.5
PNG,1895,31.5
PNG,1896,31.5
PNG,1897,31.5
PNG,1898,31.5
PNG,1899,31.5
PNG,1900,31.5
PNG,1901,31.5
PNG,1902,31.5
PNG,1903,31.5
PNG,1904,31.5
PNG,1905,31.5
PNG,1906,31.5
PNG,1907,31.5
PNG,1908,31.5
PNG,1909,31.5
PNG,1910,31.5
PNG,1911,31.5
PNG,1912,31.5
PNG,1913,31.5
PNG,1914,31.5
PNG,1915,31.5
PNG,1916,31.5
PNG,1917,31.5
PNG,1918,31.5
PNG,1919,31.5
PNG,1920,31.5
PNG,1921,31.5
PNG,1922,31.5
PNG,1923,31.5
PNG,1924,31.5
PNG,1925,31.5
PNG,1926,31.5
PNG,1927,31.5
PNG,1928,31.5
PNG,1929,31.5
PNG,1930,31.5
PNG,1931,31.5
PNG,1932,31.5
PNG,1933,31.5
PNG,1934,31.5
PNG,1935,31.5
PNG,1936,31.5
PNG,1937,31.5
PNG,1938,31.5
PNG,1939,31.5
PNG,1940,31.5
PNG,1941,31.51
PNG,1942,31.02
PNG,1943,30.03
PNG,1944,29.03
PNG,1945,28.04
PNG,1946,31.55
PNG,1947,32.11
PNG,1948,32.66
PNG,1949,33.22
PNG,1950,33.77
PNG,1951,34.02
PNG,1952,34.53
PNG,1953,35.04
PNG,1954,35.54
PNG,1955,36.03
PNG,1956,36.53
PNG,1957,37.02
PNG,1958,37.51
PNG,1959,38.04
PNG,1960,38.6
PNG,1961,39.2
PNG,1962,39.87
PNG,1963,40.6
PNG,1964,41.39
PNG,1965,42.22
PNG,1966,43.07
PNG,1967,43.92
PNG,1968,44.74
PNG,1969,45.53
PNG,1970,46.27
PNG,1971,46.97
PNG,1972,47.63
PNG,1973,48.27
PNG,1974,48.9
PNG,1975,49.54
PNG,1976,50.21
PNG,1977,50.91
PNG,1978,51.65
PNG,1979,52.4
PNG,1980,53.11
PNG,1981,53.74
PNG,1982,54.26
PNG,1983,54.65
PNG,1984,54.92
PNG,1985,55.08
PNG,1986,55.19
PNG,1987,55.3
PNG,1988,55.47
PNG,1989,55.7
PNG,1990,56
PNG,1991,56
PNG,1992,56.2
PNG,1993,56.4
PNG,1994,56.7
PNG,1995,56.9
PNG,1996,57
PNG,1997,57.2
PNG,1998,56.5
PNG,1999,57.4
PNG,2000,57.5
PNG,2001,57.6
PNG,2002,57.6
PNG,2003,57.7
PNG,2004,57.7
PNG,2005,57.9
PNG,2006,58
PNG,2007,58.2
PNG,2008,58.6
PNG,2009,58.8
PNG,2010,59.1
PNG,2011,59.4
PNG,2012,59.7
PNG,2013,60.2
PNG,2014,60.5
PNG,2015,60.9
PNG,2016,61.3
PRY,1800,35.5
PRY,1801,35.5
PRY,1802,35.5
PRY,1803,35.5
PRY,1804,35.5
PRY,1805,35.5
PRY,1806,35.5
PRY,1807,35.5
PRY,1808,35.5
PRY,1809,35.5
PRY,1810,35.5
PRY,1811,35.5
PRY,1812,35.5
PRY,1813,35.5
PRY,1814,35.5
PRY,1815,35.5
PRY,1816,35.5
PRY,1817,35.5
PRY,1818,35.5
PRY,1819,35.5
PRY,1820,35.5
PRY,1821,35.5
PRY,1822,35.5
PRY,1823,35.5
PRY,1824,35.5
PRY,1825,35.5
PRY,1826,35.5
PRY,1827,35.5
PRY,1828,35.5
PRY,1829,35.5
PRY,1830,35.5
PRY,1831,35.5
PRY,1832,35.5
PRY,1833,35.5
PRY,1834,35.5
PRY,1835,35.5
PRY,1836,35.5
PRY,1837,35.5
PRY,1838,35.5
PRY,1839,35.5
PRY,1840,35.5
PRY,1841,35.5
PRY,1842,35.5
PRY,1843,35.5
PRY,1844,35.5
PRY,1845,35.5
PRY,1846,35.5
PRY,1847,35.5
PRY,1848,35.5
PRY,1849,35.5
PRY,1850,35.5
PRY,1851,35.5
PRY,1852,35.5
PRY,1853,35.5
PRY,1854,35.5
PRY,1855,35.5
PRY,1856,35.5
PRY,1857,35.5
PRY,1858,35.5
PRY,1859,35.5
PRY,1860,35.5
PRY,1861,35.5
PRY,1862,35.5
PRY,1863,35.5
PRY,1864,35.5
PRY,1865,35.5
PRY,1866,35.5
PRY,1867,35.5
PRY,1868,35.5
PRY,1869,35.5
PRY,1870,35.5
PRY,1871,35.5
PRY,1872,35.5
PRY,1873,35.5
PRY,1874,35.5
PRY,1875,35.5
PRY,1876,35.5
PRY,1877,35.5
PRY,1878,35.5
PRY,1879,35.5
PRY,1880,35.5
PRY,1881,35.5
PRY,1882,35.5
PRY,1883,35.5
PRY,1884,35.5
PRY,1885,35.5
PRY,1886,35.5
PRY,1887,35.5
PRY,1888,35.5
PRY,1889,35.5
PRY,1890,35.5
PRY,1891,35.5
PRY,1892,35.5
PRY,1893,35.5
PRY,1894,35.5
PRY,1895,35.5
PRY,1896,35.5
PRY,1897,35.5
PRY,1898,35.5
PRY,1899,35.5
PRY,1900,35.5
PRY,1901,35.5
PRY,1902,35.5
PRY,1903,35.5
PRY,1904,35.5
PRY,1905,35.5
PRY,1906,35.5
PRY,1907,35.5
PRY,1908,35.5
PRY,1909,35.5
PRY,1910,35.5
PRY,1911,35.5
PRY,1912,35.5
PRY,1913,35.5
PRY,1914,35.5
PRY,1915,35.5
PRY,1916,35.5
PRY,1917,35.5
PRY,1918,31.38
PRY,1919,35.5
PRY,1920,35.5
PRY,1921,35.5
PRY,1922,35.5
PRY,1923,35.5
PRY,1924,35.5
PRY,1925,35.5
PRY,1926,35.5
PRY,1927,35.5
PRY,1928,35.5
PRY,1929,35.5
PRY,1930,35.5
PRY,1931,35.5
PRY,1932,35.5
PRY,1933,37.01
PRY,1934,38.52
PRY,1935,40.03
PRY,1936,41.54
PRY,1937,43.05
PRY,1938,44.56
PRY,1939,46.07
PRY,1940,47.58
PRY,1941,49.21
PRY,1942,50.85
PRY,1943,52.48
PRY,1944,54.12
PRY,1945,55.76
PRY,1946,57.39
PRY,1947,59.03
PRY,1948,60.66
PRY,1949,62.29
PRY,1950,63.93
PRY,1951,64.04
PRY,1952,64.16
PRY,1953,64.33
PRY,1954,64.52
PRY,1955,64.76
PRY,1956,65.03
PRY,1957,65.33
PRY,1958,65.65
PRY,1959,66
PRY,1960,66.35
PRY,1961,66.7
PRY,1962,67.03
PRY,1963,67.33
PRY,1964,67.61
PRY,1965,67.87
PRY,1966,68.11
PRY,1967,68.37
PRY,1968,68.63
PRY,1969,68.9
PRY,1970,69.2
PRY,1971,69.49
PRY,1972,69.78
PRY,1973,70.06
PRY,1974,70.32
PRY,1975,70.57
PRY,1976,70.81
PRY,1977,71.04
PRY,1978,71.28
PRY,1979,71.51
PRY,1980,71.73
PRY,1981,71.97
PRY,1982,72.19
PRY,1983,72.41
PRY,1984,72.64
PRY,1985,72.87
PRY,1986,73.11
PRY,1987,73.36
PRY,1988,73.62
PRY,1989,73.91
PRY,1990,74.2
PRY,1991,74.2
PRY,1992,74.1
PRY,1993,74.1
PRY,1994,74
PRY,1995,74.1
PRY,1996,74.1
PRY,1997,74.2
PRY,1998,74.2
PRY,1999,74.3
PRY,2000,74.2
PRY,2001,74.2
PRY,2002,74.1
PRY,2003,74.1
PRY,2004,73.8
PRY,2005,74
PRY,2006,74
PRY,2007,74
PRY,2008,74
PRY,2009,74
PRY,2010,74
PRY,2011,74
PRY,2012,74.1
PRY,2013,74.1
PRY,2014,74.3
PRY,2015,74.4
PRY,2016,74.5
PER,1800,35.7
PER,1801,35.7
PER,1802,35.7
PER,1803,35.7
PER,1804,35.7
PER,1805,35.7
PER,1806,35.7
PER,1807,35.7
PER,1808,35.7
PER,1809,35.7
PER,1810,35.7
PER,1811,35.7
PER,1812,35.7
PER,1813,35.7
PER,1814,35.7
PER,1815,35.7
PER,1816,35.7
PER,1817,35.7
PER,1818,35.7
PER,1819,35.7
PER,1820,35.7
PER,1821,35.7
PER,1822,35.7
PER,1823,35.7
PER,1824,35.7
PER,1825,35.7
PER,1826,35.7
PER,1827,35.7
PER,1828,35.7
PER,1829,35.7
PER,1830,35.7
PER,1831,35.7
PER,1832,35.7
PER,1833,35.7
PER,1834,35.7
PER,1835,35.7
PER,1836,35.7
PER,1837,35.7
PER,1838,35.7
PER,1839,35.7
PER,1840,35.7
PER,1841,35.7
PER,1842,35.7
PER,1843,35.7
PER,1844,35.7
PER,1845,35.7
PER,1846,35.7
PER,1847,35.7
PER,1848,35.7
PER,1849,35.7
PER,1850,35.7
PER,1851,35.7
PER,1852,35.7
PER,1853,35.7
PER,1854,35.7
PER,1855,35.7
PER,1856,35.7
PER,1857,35.7
PER,1858,35.7
PER,1859,35.7
PER,1860,35.7
PER,1861,35.7
PER,1862,35.7
PER,1863,35.7
PER,1864,35.7
PER,1865,35.7
PER,1866,35.7
PER,1867,35.7
PER,1868,35.7
PER,1869,35.7
PER,1870,35.7
PER,1871,35.7
PER,1872,35.7
PER,1873,35.7
PER,1874,35.7
PER,1875,35.7
PER,1876,35.7
PER,1877,35.7
PER,1878,35.7
PER,1879,35.7
PER,1880,35.7
PER,1881,35.7
PER,1882,35.7
PER,1883,35.7
PER,1884,35.7
PER,1885,35.7
PER,1886,35.7
PER,1887,35.7
PER,1888,35.7
PER,1889,35.7
PER,1890,35.7
PER,1891,35.7
PER,1892,35.7
PER,1893,35.7
PER,1894,35.7
PER,1895,35.7
PER,1896,35.7
PER,1897,35.7
PER,1898,35.7
PER,1899,35.7
PER,1900,35.7
PER,1901,35.7
PER,1902,35.7
PER,1903,35.7
PER,1904,35.7
PER,1905,35.7
PER,1906,35.7
PER,1907,35.7
PER,1908,35.7
PER,1909,35.7
PER,1910,35.7
PER,1911,35.7
PER,1912,35.7
PER,1913,35.7
PER,1914,35.7
PER,1915,35.7
PER,1916,35.7
PER,1917,35.7
PER,1918,31.56
PER,1919,35.7
PER,1920,35.7
PER,1921,35.7
PER,1922,35.7
PER,1923,35.7
PER,1924,35.7
PER,1925,35.7
PER,1926,35.7
PER,1927,35.7
PER,1928,35.7
PER,1929,35.7
PER,1930,35.7
PER,1931,35.7
PER,1932,35.7
PER,1933,35.7
PER,1934,35.7
PER,1935,35.7
PER,1936,35.7
PER,1937,35.7
PER,1938,35.7
PER,1939,35.7
PER,1940,35.7
PER,1941,36.5
PER,1942,37.31
PER,1943,38.11
PER,1944,38.92
PER,1945,39.73
PER,1946,40.53
PER,1947,41.33
PER,1948,42.14
PER,1949,42.94
PER,1950,43.74
PER,1951,43.99
PER,1952,44.43
PER,1953,44.91
PER,1954,45.41
PER,1955,45.95
PER,1956,46.51
PER,1957,47.1
PER,1958,47.72
PER,1959,48.34
PER,1960,48.95
PER,1961,49.56
PER,1962,50.14
PER,1963,50.7
PER,1964,51.25
PER,1965,51.79
PER,1966,52.38
PER,1967,53.03
PER,1968,53.74
PER,1969,54.52
PER,1970,55.36
PER,1971,56.2
PER,1972,57.04
PER,1973,57.85
PER,1974,58.6
PER,1975,59.31
PER,1976,59.99
PER,1977,60.63
PER,1978,61.28
PER,1979,61.93
PER,1980,62.59
PER,1981,63.25
PER,1982,63.9
PER,1983,64.55
PER,1984,65.18
PER,1985,65.8
PER,1986,66.41
PER,1987,66.99
PER,1988,67.57
PER,1989,68.14
PER,1990,68.7
PER,1991,69.2
PER,1992,69.5
PER,1993,70
PER,1994,70.5
PER,1995,71.1
PER,1996,71.7
PER,1997,72.4
PER,1998,73.1
PER,1999,73.9
PER,2000,74.6
PER,2001,75.2
PER,2002,75.7
PER,2003,76.2
PER,2004,76.7
PER,2005,77.2
PER,2006,77.7
PER,2007,77.9
PER,2008,78.2
PER,2009,78.2
PER,2010,78.4
PER,2011,78.5
PER,2012,78.7
PER,2013,79.1
PER,2014,79.3
PER,2015,79.5
PER,2016,79.7
PHL,1800,30.9
PHL,1801,30.9
PHL,1802,30.9
PHL,1803,30.9
PHL,1804,30.9
PHL,1805,30.9
PHL,1806,30.9
PHL,1807,30.9
PHL,1808,30.9
PHL,1809,30.9
PHL,1810,30.9
PHL,1811,30.9
PHL,1812,30.9
PHL,1813,30.9
PHL,1814,30.9
PHL,1815,30.9
PHL,1816,30.9
PHL,1817,30.9
PHL,1818,30.9
PHL,1819,30.9
PHL,1820,30.9
PHL,1821,30.9
PHL,1822,30.9
PHL,1823,30.9
PHL,1824,30.9
PHL,1825,30.9
PHL,1826,30.9
PHL,1827,30.9
PHL,1828,30.9
PHL,1829,30.9
PHL,1830,30.9
PHL,1831,30.9
PHL,1832,30.9
PHL,1833,30.9
PHL,1834,30.9
PHL,1835,30.9
PHL,1836,30.9
PHL,1837,30.9
PHL,1838,30.9
PHL,1839,30.9
PHL,1840,30.9
PHL,1841,30.9
PHL,1842,30.9
PHL,1843,30.9
PHL,1844,30.9
PHL,1845,30.9
PHL,1846,30.9
PHL,1847,30.9
PHL,1848,30.9
PHL,1849,30.9
PHL,1850,30.9
PHL,1851,30.9
PHL,1852,30.9
PHL,1853,30.9
PHL,1854,30.9
PHL,1855,30.9
PHL,1856,30.9
PHL,1857,30.9
PHL,1858,30.9
PHL,1859,30.9
PHL,1860,30.9
PHL,1861,30.9
PHL,1862,30.9
PHL,1863,30.9
PHL,1864,30.9
PHL,1865,30.9
PHL,1866,30.9
PHL,1867,30.9
PHL,1868,30.9
PHL,1869,30.9
PHL,1870,30.9
PHL,1871,30.9
PHL,1872,30.9
PHL,1873,30.9
PHL,1874,30.9
PHL,1875,30.9
PHL,1876,30.9
PHL,1877,30.9
PHL,1878,30.9
PHL,1879,30.9
PHL,1880,30.9
PHL,1881,30.9
PHL,1882,30.9
PHL,1883,30.9
PHL,1884,30.9
PHL,1885,30.9
PHL,1886,30.9
PHL,1887,30.9
PHL,1888,30.9
PHL,1889,30.9
PHL,1890,30.9
PHL,1891,30.9
PHL,1892,30.9
PHL,1893,30.9
PHL,1894,30.9
PHL,1895,30.9
PHL,1896,30.9
PHL,1897,30.9
PHL,1898,30.9
PHL,1899,30.9
PHL,1900,30.9
PHL,1901,30.9
PHL,1902,12.7
PHL,1903,20
PHL,1904,30.9
PHL,1905,30.9
PHL,1906,30.9
PHL,1907,30.9
PHL,1908,30.9
PHL,1909,30.9
PHL,1910,30.9
PHL,1911,30.9
PHL,1912,30.9
PHL,1913,30.9
PHL,1914,30.9
PHL,1915,30.9
PHL,1916,30.9
PHL,1917,30.9
PHL,1918,25.6
PHL,1919,30.9
PHL,1920,30.9
PHL,1921,30.9
PHL,1922,30.9
PHL,1923,30.9
PHL,1924,30.9
PHL,1925,30.9
PHL,1926,31.6
PHL,1927,32.3
PHL,1928,33
PHL,1929,33.7
PHL,1930,34.4
PHL,1931,35.1
PHL,1932,35.8
PHL,1933,36.5
PHL,1934,37.2
PHL,1935,37.9
PHL,1936,38.6
PHL,1937,39.3
PHL,1938,40
PHL,1939,41.23
PHL,1940,42.46
PHL,1941,41.05
PHL,1942,34.9
PHL,1943,37.24
PHL,1944,32.69
PHL,1945,30.14
PHL,1946,41.29
PHL,1947,44.76
PHL,1948,48.25
PHL,1949,51.73
PHL,1950,55.22
PHL,1951,55.43
PHL,1952,55.83
PHL,1953,56.23
PHL,1954,56.61
PHL,1955,56.99
PHL,1956,57.36
PHL,1957,57.74
PHL,1958,58.11
PHL,1959,58.46
PHL,1960,58.82
PHL,1961,59.17
PHL,1962,59.53
PHL,1963,59.87
PHL,1964,60.21
PHL,1965,60.56
PHL,1966,60.91
PHL,1967,61.26
PHL,1968,61.6
PHL,1969,61.94
PHL,1970,62.26
PHL,1971,62.54
PHL,1972,62.77
PHL,1973,62.95
PHL,1974,63.1
PHL,1975,63.21
PHL,1976,63.32
PHL,1977,63.44
PHL,1978,63.6
PHL,1979,63.81
PHL,1980,64.06
PHL,1981,64.37
PHL,1982,64.74
PHL,1983,65.13
PHL,1984,65.53
PHL,1985,65.95
PHL,1986,66.35
PHL,1987,66.72
PHL,1988,67.05
PHL,1989,67.34
PHL,1990,67.6
PHL,1991,67.9
PHL,1992,68.2
PHL,1993,68.3
PHL,1994,68.6
PHL,1995,68.8
PHL,1996,68.9
PHL,1997,69
PHL,1998,69
PHL,1999,69.2
PHL,2000,69.1
PHL,2001,69
PHL,2002,69
PHL,2003,69.1
PHL,2004,69.1
PHL,2005,69.1
PHL,2006,69.2
PHL,2007,69.7
PHL,2008,69.8
PHL,2009,69.9
PHL,2010,70.1
PHL,2011,70.2
PHL,2012,70.3
PHL,2013,70.3
PHL,2014,70.7
PHL,2015,71
PHL,2016,71.3
POL,1800,35.9
POL,1801,35.9
POL,1802,35.9
POL,1803,35.9
POL,1804,35.9
POL,1805,35.9
POL,1806,35.9
POL,1807,35.9
POL,1808,35.9
POL,1809,35.9
POL,1810,35.9
POL,1811,35.9
POL,1812,35.9
POL,1813,35.9
POL,1814,35.9
POL,1815,35.9
POL,1816,35.9
POL,1817,35.9
POL,1818,35.9
POL,1819,35.9
POL,1820,35.9
POL,1821,35.9
POL,1822,35.9
POL,1823,35.9
POL,1824,35.9
POL,1825,35.9
POL,1826,35.9
POL,1827,35.9
POL,1828,35.9
POL,1829,35.9
POL,1830,35.9
POL,1831,35.9
POL,1832,35.9
POL,1833,35.9
POL,1834,35.9
POL,1835,35.9
POL,1836,35.9
POL,1837,35.9
POL,1838,35.9
POL,1839,35.9
POL,1840,35.9
POL,1841,35.9
POL,1842,35.9
POL,1843,35.9
POL,1844,35.9
POL,1845,35.9
POL,1846,35.9
POL,1847,35.9
POL,1848,35.9
POL,1849,35.9
POL,1850,35.9
POL,1851,35.9
POL,1852,35.9
POL,1853,35.9
POL,1854,35.9
POL,1855,35.9
POL,1856,35.9
POL,1857,35.9
POL,1858,35.9
POL,1859,35.9
POL,1860,35.9
POL,1861,35.9
POL,1862,35.9
POL,1863,35.9
POL,1864,35.9
POL,1865,35.9
POL,1866,35.9
POL,1867,35.9
POL,1868,35.9
POL,1869,35.9
POL,1870,35.9
POL,1871,35.9
POL,1872,35.9
POL,1873,35.9
POL,1874,35.9
POL,1875,35.9
POL,1876,35.9
POL,1877,35.9
POL,1878,35.9
POL,1879,35.9
POL,1880,35.9
POL,1881,35.9
POL,1882,35.9
POL,1883,35.9
POL,1884,35.9
POL,1885,35.9
POL,1886,36.2
POL,1887,36.5
POL,1888,36.81
POL,1889,37.11
POL,1890,37.41
POL,1891,37.71
POL,1892,38.02
POL,1893,38.32
POL,1894,38.62
POL,1895,38.92
POL,1896,39.22
POL,1897,39.53
POL,1898,39.83
POL,1899,40.13
POL,1900,40.43
POL,1901,40.73
POL,1902,41.04
POL,1903,41.34
POL,1904,41.64
POL,1905,41.94
POL,1906,42.25
POL,1907,42.55
POL,1908,42.85
POL,1909,43.15
POL,1910,43.45
POL,1911,43.76
POL,1912,44.06
POL,1913,44.36
POL,1914,44.66
POL,1915,44.97
POL,1916,45.27
POL,1917,45.57
POL,1918,38.64
POL,1919,46.17
POL,1920,46.48
POL,1921,46.78
POL,1922,47.08
POL,1923,47.38
POL,1924,47.68
POL,1925,47.99
POL,1926,48.29
POL,1927,48.59
POL,1928,48.89
POL,1929,49.2
POL,1930,49.5
POL,1931,49.8
POL,1932,50.29
POL,1933,50.77
POL,1934,51.26
POL,1935,51.75
POL,1936,52.23
POL,1937,52.72
POL,1938,53.21
POL,1939,45
POL,1940,44.7
POL,1941,41.1
POL,1942,33.41
POL,1943,23.61
POL,1944,15.41
POL,1945,34.32
POL,1946,47.02
POL,1947,54.02
POL,1948,57.02
POL,1949,58.03
POL,1950,59.08
POL,1951,59.68
POL,1952,60.87
POL,1953,61.96
POL,1954,62.97
POL,1955,63.9
POL,1956,64.74
POL,1957,65.5
POL,1958,65.97
POL,1959,65.59
POL,1960,67.92
POL,1961,68.04
POL,1962,67.71
POL,1963,68.64
POL,1964,68.87
POL,1965,69.58
POL,1966,69.99
POL,1967,69.69
POL,1968,70.33
POL,1969,69.83
POL,1970,69.96
POL,1971,69.76
POL,1972,70.95
POL,1973,70.95
POL,1974,71.46
POL,1975,70.88
POL,1976,70.88
POL,1977,70.78
POL,1978,70.71
POL,1979,71.05
POL,1980,70.4
POL,1981,71.38
POL,1982,71.45
POL,1983,71.29
POL,1984,71.03
POL,1985,70.78
POL,1986,71.07
POL,1987,71.12
POL,1988,71.49
POL,1989,71.25
POL,1990,70.9
POL,1991,70.7
POL,1992,71.1
POL,1993,71.7
POL,1994,71.7
POL,1995,71.9
POL,1996,72.4
POL,1997,72.7
POL,1998,73
POL,1999,73.1
POL,2000,73.8
POL,2001,74.2
POL,2002,74.6
POL,2003,74.9
POL,2004,75
POL,2005,75.1
POL,2006,75.2
POL,2007,75.2
POL,2008,75.4
POL,2009,75.7
POL,2010,76.2
POL,2011,76.5
POL,2012,76.7
POL,2013,77.3
POL,2014,77.4
POL,2015,77.6
POL,2016,77.8
PRT,1800,35.6
PRT,1801,35.6
PRT,1802,35.6
PRT,1803,35.6
PRT,1804,35.6
PRT,1805,35.6
PRT,1806,35.6
PRT,1807,35.6
PRT,1808,35.6
PRT,1809,35.6
PRT,1810,35.6
PRT,1811,35.6
PRT,1812,35.6
PRT,1813,35.6
PRT,1814,35.6
PRT,1815,35.6
PRT,1816,35.6
PRT,1817,35.6
PRT,1818,35.6
PRT,1819,35.6
PRT,1820,35.6
PRT,1821,35.6
PRT,1822,35.6
PRT,1823,35.6
PRT,1824,35.6
PRT,1825,35.6
PRT,1826,35.6
PRT,1827,35.6
PRT,1828,35.6
PRT,1829,35.6
PRT,1830,35.6
PRT,1831,35.6
PRT,1832,35.6
PRT,1833,35.6
PRT,1834,35.6
PRT,1835,35.6
PRT,1836,35.6
PRT,1837,35.6
PRT,1838,35.6
PRT,1839,35.6
PRT,1840,35.6
PRT,1841,35.6
PRT,1842,35.6
PRT,1843,35.6
PRT,1844,35.6
PRT,1845,35.6
PRT,1846,35.6
PRT,1847,35.6
PRT,1848,35.6
PRT,1849,35.6
PRT,1850,35.6
PRT,1851,35.6
PRT,1852,35.6
PRT,1853,35.6
PRT,1854,35.6
PRT,1855,35.6
PRT,1856,35.6
PRT,1857,35.6
PRT,1858,35.6
PRT,1859,35.6
PRT,1860,35.6
PRT,1861,35.6
PRT,1862,35.6
PRT,1863,35.6
PRT,1864,35.6
PRT,1865,35.6
PRT,1866,35.6
PRT,1867,35.6
PRT,1868,35.6
PRT,1869,35.6
PRT,1870,35.6
PRT,1871,35.6
PRT,1872,35.6
PRT,1873,35.6
PRT,1874,35.6
PRT,1875,35.6
PRT,1876,35.6
PRT,1877,35.6
PRT,1878,35.6
PRT,1879,35.6
PRT,1880,35.6
PRT,1881,35.6
PRT,1882,35.6
PRT,1883,35.6
PRT,1884,35.6
PRT,1885,35.6
PRT,1886,35.6
PRT,1887,35.6
PRT,1888,35.6
PRT,1889,35.6
PRT,1890,35.6
PRT,1891,35.6
PRT,1892,35.6
PRT,1893,35.6
PRT,1894,35.6
PRT,1895,35.6
PRT,1896,35.6
PRT,1897,35.6
PRT,1898,35.6
PRT,1899,35.6
PRT,1900,35.6
PRT,1901,35.6
PRT,1902,35.6
PRT,1903,35.6
PRT,1904,35.6
PRT,1905,35.6
PRT,1906,35.6
PRT,1907,35.6
PRT,1908,35.6
PRT,1909,35.6
PRT,1910,35.6
PRT,1911,35.6
PRT,1912,35.6
PRT,1913,35.6
PRT,1914,35.6
PRT,1915,35.6
PRT,1916,35.6
PRT,1917,35.6
PRT,1918,20.39
PRT,1919,35.6
PRT,1920,35.6
PRT,1921,35.6
PRT,1922,35.6
PRT,1923,35.6
PRT,1924,35.6
PRT,1925,35.6
PRT,1926,36.66
PRT,1927,37.71
PRT,1928,38.77
PRT,1929,39.82
PRT,1930,40.88
PRT,1931,41.93
PRT,1932,42.99
PRT,1933,44.04
PRT,1934,45.1
PRT,1935,46.15
PRT,1936,47.21
PRT,1937,48.26
PRT,1938,49.32
PRT,1939,50.37
PRT,1940,51.43
PRT,1941,47.95
PRT,1942,49.87
PRT,1943,51.05
PRT,1944,52.42
PRT,1945,53.81
PRT,1946,53.68
PRT,1947,56.02
PRT,1948,56.75
PRT,1949,55.37
PRT,1950,58.52
PRT,1951,58.71
PRT,1952,59.81
PRT,1953,61.11
PRT,1954,62.25
PRT,1955,61.42
PRT,1956,61.22
PRT,1957,61.49
PRT,1958,63.79
PRT,1959,62.97
PRT,1960,64.23
PRT,1961,62.85
PRT,1962,64.37
PRT,1963,65
PRT,1964,65.22
PRT,1965,66.17
PRT,1966,65.67
PRT,1967,66.57
PRT,1968,66.88
PRT,1969,66.49
PRT,1970,67.14
PRT,1971,66.91
PRT,1972,69.23
PRT,1973,68.63
PRT,1974,69.18
PRT,1975,68.9
PRT,1976,69.12
PRT,1977,70.37
PRT,1978,70.83
PRT,1979,71.64
PRT,1980,71.71
PRT,1981,71.9
PRT,1982,72.73
PRT,1983,72.65
PRT,1984,72.94
PRT,1985,73.22
PRT,1986,73.61
PRT,1987,74
PRT,1988,74.02
PRT,1989,74.58
PRT,1990,74.2
PRT,1991,74.2
PRT,1992,74.6
PRT,1993,74.7
PRT,1994,75.5
PRT,1995,75.5
PRT,1996,75.5
PRT,1997,75.8
PRT,1998,76.1
PRT,1999,76.4
PRT,2000,76.8
PRT,2001,76.8
PRT,2002,77.3
PRT,2003,77.6
PRT,2004,78.2
PRT,2005,78.4
PRT,2006,79
PRT,2007,79.2
PRT,2008,79.4
PRT,2009,79.6
PRT,2010,79.9
PRT,2011,80.2
PRT,2012,80.4
PRT,2013,80.7
PRT,2014,80.7
PRT,2015,80.8
PRT,2016,80.9
PRI,1800,30.43
PRI,1801,30.43
PRI,1802,30.43
PRI,1803,30.43
PRI,1804,30.43
PRI,1805,30.43
PRI,1806,30.43
PRI,1807,30.43
PRI,1808,30.43
PRI,1809,30.43
PRI,1810,30.43
PRI,1811,30.43
PRI,1812,30.43
PRI,1813,30.43
PRI,1814,30.43
PRI,1815,30.43
PRI,1816,30.43
PRI,1817,30.43
PRI,1818,30.43
PRI,1819,30.43
PRI,1820,30.43
PRI,1821,30.43
PRI,1822,30.43
PRI,1823,30.43
PRI,1824,30.43
PRI,1825,30.43
PRI,1826,30.43
PRI,1827,30.43
PRI,1828,30.43
PRI,1829,30.43
PRI,1830,30.43
PRI,1831,30.43
PRI,1832,30.43
PRI,1833,30.43
PRI,1834,30.43
PRI,1835,30.43
PRI,1836,30.43
PRI,1837,30.43
PRI,1838,30.43
PRI,1839,30.43
PRI,1840,30.43
PRI,1841,30.43
PRI,1842,30.43
PRI,1843,30.43
PRI,1844,30.43
PRI,1845,30.43
PRI,1846,30.43
PRI,1847,30.43
PRI,1848,30.43
PRI,1849,30.43
PRI,1850,30.43
PRI,1851,30.43
PRI,1852,30.43
PRI,1853,30.43
PRI,1854,30.43
PRI,1855,30.43
PRI,1856,30.43
PRI,1857,30.43
PRI,1858,30.43
PRI,1859,30.43
PRI,1860,30.43
PRI,1861,30.43
PRI,1862,30.43
PRI,1863,30.43
PRI,1864,30.43
PRI,1865,30.43
PRI,1866,30.43
PRI,1867,30.43
PRI,1868,30.43
PRI,1869,30.43
PRI,1870,30.43
PRI,1871,30.43
PRI,1872,30.43
PRI,1873,30.43
PRI,1874,30.43
PRI,1875,30.43
PRI,1876,30.43
PRI,1877,30.43
PRI,1878,30.43
PRI,1879,30.43
PRI,1880,30.43
PRI,1881,30.43
PRI,1882,30.43
PRI,1883,30.43
PRI,1884,30.43
PRI,1885,30.43
PRI,1886,30.43
PRI,1887,30.43
PRI,1888,30.43
PRI,1889,30.43
PRI,1890,30.43
PRI,1891,30.43
PRI,1892,30.43
PRI,1893,30.43
PRI,1894,30.43
PRI,1895,30.79
PRI,1896,31.15
PRI,1897,31.51
PRI,1898,31.87
PRI,1899,32.22
PRI,1900,32.58
PRI,1901,32.94
PRI,1902,33.3
PRI,1903,30.36
PRI,1904,31.48
PRI,1905,32.59
PRI,1906,33.71
PRI,1907,34.82
PRI,1908,35.94
PRI,1909,37.05
PRI,1910,38.17
PRI,1911,38.2
PRI,1912,38.23
PRI,1913,38.26
PRI,1914,38.29
PRI,1915,38.32
PRI,1916,38.34
PRI,1917,38.37
PRI,1918,24.89
PRI,1919,38.43
PRI,1920,38.46
PRI,1921,38.68
PRI,1922,38.9
PRI,1923,39.12
PRI,1924,39.34
PRI,1925,39.56
PRI,1926,39.77
PRI,1927,39.99
PRI,1928,40.21
PRI,1929,40.43
PRI,1930,40.65
PRI,1931,41.19
PRI,1932,41.72
PRI,1933,42.26
PRI,1934,42.79
PRI,1935,43.33
PRI,1936,43.87
PRI,1937,44.4
PRI,1938,44.94
PRI,1939,45.47
PRI,1940,46.01
PRI,1941,47.49
PRI,1942,48.97
PRI,1943,50.46
PRI,1944,51.94
PRI,1945,53.42
PRI,1946,54.91
PRI,1947,56.4
PRI,1948,57.88
PRI,1949,59.36
PRI,1950,60.84
PRI,1951,61.57
PRI,1952,62.94
PRI,1953,64.16
PRI,1954,65.22
PRI,1955,66.13
PRI,1956,66.87
PRI,1957,67.48
PRI,1958,67.94
PRI,1959,68.31
PRI,1960,68.58
PRI,1961,68.8
PRI,1962,69
PRI,1963,69.21
PRI,1964,69.45
PRI,1965,69.72
PRI,1966,70.03
PRI,1967,70.36
PRI,1968,70.7
PRI,1969,71.03
PRI,1970,71.35
PRI,1971,71.66
PRI,1972,71.98
PRI,1973,72.26
PRI,1974,72.53
PRI,1975,72.77
PRI,1976,72.98
PRI,1977,73.15
PRI,1978,73.28
PRI,1979,73.38
PRI,1980,73.47
PRI,1981,73.56
PRI,1982,73.65
PRI,1983,73.76
PRI,1984,73.89
PRI,1985,74
PRI,1986,74.07
PRI,1987,74.08
PRI,1988,74.04
PRI,1989,73.93
PRI,1990,73.8
PRI,1991,73.8
PRI,1992,73.7
PRI,1993,73.8
PRI,1994,73.1
PRI,1995,73.3
PRI,1996,73.6
PRI,1997,74.5
PRI,1998,75.1
PRI,1999,75.2
PRI,2000,75.6
PRI,2001,75.8
PRI,2002,76.2
PRI,2003,76.5
PRI,2004,76.5
PRI,2005,76.6
PRI,2006,76.8
PRI,2007,76.9
PRI,2008,77
PRI,2009,77.1
PRI,2010,77.1
PRI,2011,77.4
PRI,2012,77.7
PRI,2013,77.9
PRI,2014,78.2
PRI,2015,78.5
PRI,2016,78.8
QAT,1800,30.8
QAT,1801,30.8
QAT,1802,30.8
QAT,1803,30.8
QAT,1804,30.8
QAT,1805,30.8
QAT,1806,30.8
QAT,1807,30.8
QAT,1808,30.8
QAT,1809,30.8
QAT,1810,30.8
QAT,1811,30.8
QAT,1812,30.8
QAT,1813,30.8
QAT,1814,30.8
QAT,1815,30.8
QAT,1816,30.8
QAT,1817,30.8
QAT,1818,30.8
QAT,1819,30.8
QAT,1820,30.8
QAT,1821,30.8
QAT,1822,30.8
QAT,1823,30.8
QAT,1824,30.8
QAT,1825,30.8
QAT,1826,30.8
QAT,1827,30.8
QAT,1828,30.8
QAT,1829,30.8
QAT,1830,30.8
QAT,1831,30.8
QAT,1832,30.8
QAT,1833,30.8
QAT,1834,30.8
QAT,1835,30.8
QAT,1836,30.8
QAT,1837,30.8
QAT,1838,30.8
QAT,1839,30.8
QAT,1840,30.8
QAT,1841,30.8
QAT,1842,30.8
QAT,1843,30.8
QAT,1844,30.8
QAT,1845,30.8
QAT,1846,30.8
QAT,1847,30.8
QAT,1848,30.8
QAT,1849,30.8
QAT,1850,30.8
QAT,1851,30.8
QAT,1852,30.8
QAT,1853,30.8
QAT,1854,30.8
QAT,1855,30.8
QAT,1856,30.8
QAT,1857,30.8
QAT,1858,30.8
QAT,1859,30.8
QAT,1860,30.8
QAT,1861,30.8
QAT,1862,30.8
QAT,1863,30.8
QAT,1864,30.8
QAT,1865,30.8
QAT,1866,30.8
QAT,1867,30.8
QAT,1868,30.8
QAT,1869,30.8
QAT,1870,30.8
QAT,1871,30.8
QAT,1872,30.8
QAT,1873,30.8
QAT,1874,30.8
QAT,1875,30.8
QAT,1876,30.8
QAT,1877,30.8
QAT,1878,30.8
QAT,1879,30.8
QAT,1880,30.8
QAT,1881,30.8
QAT,1882,30.8
QAT,1883,30.8
QAT,1884,30.8
QAT,1885,30.8
QAT,1886,30.8
QAT,1887,30.8
QAT,1888,30.8
QAT,1889,30.8
QAT,1890,30.8
QAT,1891,30.8
QAT,1892,30.8
QAT,1893,30.8
QAT,1894,30.8
QAT,1895,30.8
QAT,1896,30.8
QAT,1897,30.8
QAT,1898,30.8
QAT,1899,30.8
QAT,1900,30.8
QAT,1901,30.8
QAT,1902,30.8
QAT,1903,30.8
QAT,1904,30.8
QAT,1905,30.8
QAT,1906,30.8
QAT,1907,30.8
QAT,1908,30.8
QAT,1909,30.8
QAT,1910,30.8
QAT,1911,30.8
QAT,1912,30.8
QAT,1913,30.8
QAT,1914,30.8
QAT,1915,30.8
QAT,1916,30.8
QAT,1917,30.8
QAT,1918,25.53
QAT,1919,30.8
QAT,1920,30.8
QAT,1921,30.8
QAT,1922,30.8
QAT,1923,30.8
QAT,1924,30.8
QAT,1925,30.8
QAT,1926,30.8
QAT,1927,30.8
QAT,1928,30.8
QAT,1929,30.8
QAT,1930,30.8
QAT,1931,30.8
QAT,1932,30.8
QAT,1933,30.8
QAT,1934,30.8
QAT,1935,30.8
QAT,1936,30.8
QAT,1937,30.8
QAT,1938,30.8
QAT,1939,30.8
QAT,1940,30.8
QAT,1941,33.07
QAT,1942,35.33
QAT,1943,37.6
QAT,1944,39.86
QAT,1945,42.13
QAT,1946,44.39
QAT,1947,46.66
QAT,1948,48.92
QAT,1949,51.2
QAT,1950,53.47
QAT,1951,53.86
QAT,1952,54.67
QAT,1953,55.47
QAT,1954,56.26
QAT,1955,57.04
QAT,1956,57.81
QAT,1957,58.58
QAT,1958,59.33
QAT,1959,60.08
QAT,1960,60.82
QAT,1961,61.57
QAT,1962,62.31
QAT,1963,63.06
QAT,1964,63.79
QAT,1965,64.53
QAT,1966,65.25
QAT,1967,65.95
QAT,1968,66.64
QAT,1969,67.29
QAT,1970,67.91
QAT,1971,68.49
QAT,1972,69.03
QAT,1973,69.52
QAT,1974,69.98
QAT,1975,70.4
QAT,1976,70.79
QAT,1977,71.15
QAT,1978,71.49
QAT,1979,71.83
QAT,1980,72.14
QAT,1981,72.45
QAT,1982,72.75
QAT,1983,73.01
QAT,1984,73.27
QAT,1985,73.51
QAT,1986,73.74
QAT,1987,73.94
QAT,1988,74.14
QAT,1989,74.32
QAT,1990,74.5
QAT,1991,74.4
QAT,1992,74.5
QAT,1993,74.5
QAT,1994,74.4
QAT,1995,74.4
QAT,1996,74.5
QAT,1997,74.6
QAT,1998,74.6
QAT,1999,74.6
QAT,2000,74.7
QAT,2001,75
QAT,2002,75
QAT,2003,75.2
QAT,2004,75.8
QAT,2005,76.3
QAT,2006,76.7
QAT,2007,77.3
QAT,2008,77.9
QAT,2009,78.5
QAT,2010,79.2
QAT,2011,79.7
QAT,2012,79.9
QAT,2013,79.9
QAT,2014,79.8
QAT,2015,79.7
QAT,2016,79.6
REU,1800,33
REU,1801,33
REU,1802,33
REU,1803,33
REU,1804,33
REU,1805,33
REU,1806,33
REU,1807,33
REU,1808,33
REU,1809,33
REU,1810,33
REU,1811,33
REU,1812,33
REU,1813,33
REU,1814,33
REU,1815,33
REU,1816,33
REU,1817,33
REU,1818,33
REU,1819,33
REU,1820,33
REU,1821,33
REU,1822,33
REU,1823,33
REU,1824,33
REU,1825,33
REU,1826,33
REU,1827,33
REU,1828,33
REU,1829,33
REU,1830,33
REU,1831,33
REU,1832,33
REU,1833,33
REU,1834,33
REU,1835,33
REU,1836,33
REU,1837,33
REU,1838,33
REU,1839,33
REU,1840,33
REU,1841,33
REU,1842,33
REU,1843,33
REU,1844,33
REU,1845,33
REU,1846,33
REU,1847,33
REU,1848,33
REU,1849,33
REU,1850,33
REU,1851,33
REU,1852,33
REU,1853,33
REU,1854,33
REU,1855,33
REU,1856,33
REU,1857,33
REU,1858,33
REU,1859,33
REU,1860,33
REU,1861,33
REU,1862,33
REU,1863,33
REU,1864,33
REU,1865,33
REU,1866,33
REU,1867,33
REU,1868,33
REU,1869,33
REU,1870,33
REU,1871,33
REU,1872,33
REU,1873,33
REU,1874,33
REU,1875,33
REU,1876,33
REU,1877,33
REU,1878,33
REU,1879,33
REU,1880,33
REU,1881,33
REU,1882,33
REU,1883,33
REU,1884,33
REU,1885,33
REU,1886,33
REU,1887,33
REU,1888,33
REU,1889,33
REU,1890,33
REU,1891,33
REU,1892,33
REU,1893,33
REU,1894,33
REU,1895,33
REU,1896,33
REU,1897,33
REU,1898,33
REU,1899,33
REU,1900,33
REU,1901,33
REU,1902,33
REU,1903,33
REU,1904,33
REU,1905,33
REU,1906,33
REU,1907,33
REU,1908,33
REU,1909,33
REU,1910,33
REU,1911,33
REU,1912,33
REU,1913,33
REU,1914,33
REU,1915,33
REU,1916,33
REU,1917,33
REU,1918,12.76
REU,1919,33
REU,1920,33
REU,1921,33
REU,1922,33
REU,1923,33
REU,1924,33
REU,1925,33
REU,1926,33
REU,1927,33
REU,1928,33
REU,1929,33
REU,1930,33
REU,1931,33
REU,1932,33
REU,1933,33
REU,1934,33
REU,1935,33
REU,1936,33
REU,1937,33
REU,1938,33
REU,1939,33
REU,1940,33
REU,1941,33
REU,1942,33
REU,1943,33
REU,1944,33
REU,1945,33
REU,1946,35.46
REU,1947,37.92
REU,1948,40.39
REU,1949,42.85
REU,1950,45.31
REU,1951,45.98
REU,1952,47.28
REU,1953,48.53
REU,1954,49.72
REU,1955,50.86
REU,1956,51.94
REU,1957,52.96
REU,1958,53.93
REU,1959,54.85
REU,1960,55.73
REU,1961,56.57
REU,1962,57.37
REU,1963,58.15
REU,1964,58.9
REU,1965,59.64
REU,1966,60.36
REU,1967,61.06
REU,1968,61.74
REU,1969,62.41
REU,1970,63.06
REU,1971,63.69
REU,1972,64.3
REU,1973,64.89
REU,1974,65.46
REU,1975,66
REU,1976,66.53
REU,1977,67.05
REU,1978,67.55
REU,1979,68.03
REU,1980,68.51
REU,1981,68.97
REU,1982,69.43
REU,1983,69.87
REU,1984,70.3
REU,1985,70.73
REU,1986,71.14
REU,1987,71.54
REU,1988,71.94
REU,1989,72.32
REU,1990,72.69
REU,1991,73.06
REU,1992,73.41
REU,1993,73.77
REU,1994,74.11
REU,1995,74.45
REU,1996,74.79
REU,1997,75.12
REU,1998,75.44
REU,1999,75.76
REU,2000,76.08
REU,2001,76.38
REU,2002,76.68
REU,2003,76.97
REU,2004,77.26
REU,2005,77.53
REU,2006,77.81
REU,2007,78.08
REU,2008,78.35
REU,2009,78.62
REU,2010,78.88
REU,2011,79.14
REU,2012,79.4
REU,2013,79.65
REU,2014,79.89
REU,2015,80.12
REU,2016,80.35
ROU,1800,35.7
ROU,1801,35.7
ROU,1802,35.7
ROU,1803,35.7
ROU,1804,35.7
ROU,1805,35.7
ROU,1806,35.7
ROU,1807,35.7
ROU,1808,35.7
ROU,1809,35.7
ROU,1810,35.7
ROU,1811,35.7
ROU,1812,35.7
ROU,1813,35.7
ROU,1814,35.7
ROU,1815,35.7
ROU,1816,35.7
ROU,1817,35.7
ROU,1818,35.7
ROU,1819,35.7
ROU,1820,35.7
ROU,1821,35.7
ROU,1822,35.7
ROU,1823,35.7
ROU,1824,35.7
ROU,1825,35.7
ROU,1826,35.7
ROU,1827,35.7
ROU,1828,35.7
ROU,1829,35.7
ROU,1830,35.7
ROU,1831,35.7
ROU,1832,35.7
ROU,1833,35.7
ROU,1834,35.7
ROU,1835,35.7
ROU,1836,35.7
ROU,1837,35.7
ROU,1838,35.7
ROU,1839,35.7
ROU,1840,35.7
ROU,1841,35.7
ROU,1842,35.7
ROU,1843,35.7
ROU,1844,35.7
ROU,1845,35.7
ROU,1846,35.7
ROU,1847,35.7
ROU,1848,35.7
ROU,1849,35.7
ROU,1850,35.7
ROU,1851,35.7
ROU,1852,35.7
ROU,1853,35.7
ROU,1854,35.7
ROU,1855,35.7
ROU,1856,35.7
ROU,1857,35.7
ROU,1858,35.7
ROU,1859,35.7
ROU,1860,35.7
ROU,1861,35.7
ROU,1862,35.7
ROU,1863,35.7
ROU,1864,35.7
ROU,1865,35.7
ROU,1866,35.7
ROU,1867,35.7
ROU,1868,35.7
ROU,1869,35.7
ROU,1870,35.7
ROU,1871,35.7
ROU,1872,35.7
ROU,1873,35.7
ROU,1874,35.7
ROU,1875,35.7
ROU,1876,35.7
ROU,1877,35.7
ROU,1878,35.7
ROU,1879,35.7
ROU,1880,35.7
ROU,1881,35.7
ROU,1882,35.7
ROU,1883,35.7
ROU,1884,35.7
ROU,1885,35.7
ROU,1886,35.7
ROU,1887,35.7
ROU,1888,35.7
ROU,1889,35.7
ROU,1890,35.7
ROU,1891,35.7
ROU,1892,35.7
ROU,1893,35.7
ROU,1894,35.7
ROU,1895,35.7
ROU,1896,35.7
ROU,1897,35.7
ROU,1898,35.7
ROU,1899,35.7
ROU,1900,35.7
ROU,1901,35.7
ROU,1902,35.7
ROU,1903,35.7
ROU,1904,35.7
ROU,1905,35.7
ROU,1906,35.7
ROU,1907,35.7
ROU,1908,35.7
ROU,1909,35.7
ROU,1910,35.7
ROU,1911,35.7
ROU,1912,35.7
ROU,1913,35.7
ROU,1914,35.7
ROU,1915,35.7
ROU,1916,35.7
ROU,1917,35.7
ROU,1918,26.45
ROU,1919,35.7
ROU,1920,35.7
ROU,1921,36.23
ROU,1922,36.75
ROU,1923,37.28
ROU,1924,37.8
ROU,1925,38.33
ROU,1926,38.86
ROU,1927,39.38
ROU,1928,39.91
ROU,1929,40.43
ROU,1930,40.96
ROU,1931,41.48
ROU,1932,42.01
ROU,1933,43.07
ROU,1934,44.13
ROU,1935,45.19
ROU,1936,46.25
ROU,1937,47.32
ROU,1938,48.38
ROU,1939,49.44
ROU,1940,50.5
ROU,1941,45.41
ROU,1942,44.72
ROU,1943,42.43
ROU,1944,41.24
ROU,1945,45.45
ROU,1946,54.06
ROU,1947,58
ROU,1948,59.07
ROU,1949,60.13
ROU,1950,61.2
ROU,1951,61.13
ROU,1952,61.07
ROU,1953,61.19
ROU,1954,61.47
ROU,1955,61.93
ROU,1956,62.54
ROU,1957,63.29
ROU,1958,64.14
ROU,1959,65.04
ROU,1960,65.92
ROU,1961,66.7
ROU,1962,67.32
ROU,1963,67.74
ROU,1964,67.96
ROU,1965,68.02
ROU,1966,67.98
ROU,1967,67.95
ROU,1968,68.01
ROU,1969,68.16
ROU,1970,68.41
ROU,1971,68.73
ROU,1972,69.06
ROU,1973,69.34
ROU,1974,69.58
ROU,1975,69.75
ROU,1976,69.87
ROU,1977,69.95
ROU,1978,70.01
ROU,1979,70.06
ROU,1980,70.1
ROU,1981,70.12
ROU,1982,70.11
ROU,1983,70.1
ROU,1984,70.08
ROU,1985,70.05
ROU,1986,70.02
ROU,1987,70
ROU,1988,69.98
ROU,1989,69.99
ROU,1990,70
ROU,1991,70.5
ROU,1992,70
ROU,1993,69.8
ROU,1994,69.5
ROU,1995,69.4
ROU,1996,69.1
ROU,1997,69.1
ROU,1998,69.8
ROU,1999,70.6
ROU,2000,71.1
ROU,2001,71.1
ROU,2002,71.2
ROU,2003,71.6
ROU,2004,72
ROU,2005,72.4
ROU,2006,72.8
ROU,2007,73.3
ROU,2008,73.2
ROU,2009,73.3
ROU,2010,73.7
ROU,2011,74.5
ROU,2012,74.7
ROU,2013,74.9
ROU,2014,75.1
ROU,2015,75.2
ROU,2016,75.3
RUS,1800,29.57
RUS,1801,29.57
RUS,1802,29.57
RUS,1803,29.57
RUS,1804,29.57
RUS,1805,29.57
RUS,1806,29.57
RUS,1807,29.57
RUS,1808,29.57
RUS,1809,29.57
RUS,1810,29.57
RUS,1811,29.57
RUS,1812,29.57
RUS,1813,29.57
RUS,1814,29.57
RUS,1815,29.57
RUS,1816,29.57
RUS,1817,29.57
RUS,1818,29.57
RUS,1819,29.57
RUS,1820,29.57
RUS,1821,29.57
RUS,1822,29.57
RUS,1823,29.57
RUS,1824,29.57
RUS,1825,29.57
RUS,1826,29.57
RUS,1827,29.57
RUS,1828,29.57
RUS,1829,29.57
RUS,1830,29.57
RUS,1831,29.57
RUS,1832,29.57
RUS,1833,29.57
RUS,1834,29.57
RUS,1835,29.57
RUS,1836,29.57
RUS,1837,29.57
RUS,1838,29.57
RUS,1839,29.57
RUS,1840,29.57
RUS,1841,29.57
RUS,1842,29.57
RUS,1843,29.57
RUS,1844,29.57
RUS,1845,29.57
RUS,1846,29.57
RUS,1847,29.57
RUS,1848,18
RUS,1849,29.57
RUS,1850,29.57
RUS,1851,29.57
RUS,1852,29.57
RUS,1853,29.5
RUS,1854,27.5
RUS,1855,27.5
RUS,1856,29
RUS,1857,29.57
RUS,1858,29.57
RUS,1859,29.57
RUS,1860,29.57
RUS,1861,29.57
RUS,1862,29.57
RUS,1863,29.57
RUS,1864,29.57
RUS,1865,29.57
RUS,1866,29.57
RUS,1867,29.57
RUS,1868,27.85
RUS,1869,27.93
RUS,1870,31.12
RUS,1871,28.1
RUS,1872,25.92
RUS,1873,29.48
RUS,1874,30.47
RUS,1875,31.12
RUS,1876,30.93
RUS,1877,31.31
RUS,1878,27.77
RUS,1879,30.84
RUS,1880,30.2
RUS,1881,32.16
RUS,1882,26.71
RUS,1883,29.05
RUS,1884,32.75
RUS,1885,30.84
RUS,1886,34.26
RUS,1887,33.24
RUS,1888,33.14
RUS,1889,31.03
RUS,1890,29.93
RUS,1891,26.39
RUS,1892,21.26
RUS,1893,27.6
RUS,1894,28.1
RUS,1895,26.95
RUS,1896,28.27
RUS,1897,30.47
RUS,1898,27.93
RUS,1899,31.59
RUS,1900,30.75
RUS,1901,29.05
RUS,1902,29.84
RUS,1903,31.78
RUS,1904,32.16
RUS,1905,30.47
RUS,1906,31.97
RUS,1907,33.65
RUS,1908,33.65
RUS,1909,32.36
RUS,1910,31.4
RUS,1911,35.09
RUS,1912,35.51
RUS,1913,33.34
RUS,1914,33
RUS,1915,31.5
RUS,1916,31.5
RUS,1917,29
RUS,1918,23
RUS,1919,25
RUS,1920,20.5
RUS,1921,23.8
RUS,1922,24.7
RUS,1923,33.6
RUS,1924,36.1
RUS,1925,35.2
RUS,1926,38.4
RUS,1927,37.5
RUS,1928,38.9
RUS,1929,37.4
RUS,1930,36.5
RUS,1931,35
RUS,1932,32.8
RUS,1933,17.35
RUS,1934,38.2
RUS,1935,39.6
RUS,1936,41.1
RUS,1937,39.9
RUS,1938,41.4
RUS,1939,43.6
RUS,1940,41.2
RUS,1941,23
RUS,1942,17.99
RUS,1943,15.99
RUS,1944,26.99
RUS,1945,33.98
RUS,1946,46.08
RUS,1947,40.38
RUS,1948,52.17
RUS,1949,54.97
RUS,1950,57.27
RUS,1951,57.76
RUS,1952,58.16
RUS,1953,58.96
RUS,1954,60.96
RUS,1955,63.35
RUS,1956,64.85
RUS,1957,63.95
RUS,1958,66.84
RUS,1959,67.59
RUS,1960,68.61
RUS,1961,68.85
RUS,1962,68.51
RUS,1963,68.98
RUS,1964,69.77
RUS,1965,69.36
RUS,1966,69.43
RUS,1967,69.21
RUS,1968,69.17
RUS,1969,68.65
RUS,1970,68.76
RUS,1971,69.02
RUS,1972,68.92
RUS,1973,68.89
RUS,1974,68.88
RUS,1975,68.24
RUS,1976,67.98
RUS,1977,67.85
RUS,1978,67.89
RUS,1979,67.61
RUS,1980,67.57
RUS,1981,67.79
RUS,1982,68.25
RUS,1983,68.01
RUS,1984,67.53
RUS,1985,68.19
RUS,1986,69.8
RUS,1987,69.81
RUS,1988,69.66
RUS,1989,69.57
RUS,1990,69.2
RUS,1991,69.1
RUS,1992,68
RUS,1993,65.2
RUS,1994,63.8
RUS,1995,64.4
RUS,1996,65.7
RUS,1997,67
RUS,1998,67.2
RUS,1999,65.9
RUS,2000,65.1
RUS,2001,65.1
RUS,2002,64.9
RUS,2003,64.7
RUS,2004,65.1
RUS,2005,65.1
RUS,2006,66.7
RUS,2007,67.7
RUS,2008,67.9
RUS,2009,68.8
RUS,2010,68.9
RUS,2011,69.8
RUS,2012,70.4
RUS,2013,70.8
RUS,2014,70.9
RUS,2015,71
RUS,2016,71.1
RWA,1800,31.8
RWA,1801,25
RWA,1802,25
RWA,1803,31.8
RWA,1804,31.8
RWA,1805,31.8
RWA,1806,31.8
RWA,1807,31.8
RWA,1808,31.8
RWA,1809,31.8
RWA,1810,31.8
RWA,1811,31.8
RWA,1812,31.8
RWA,1813,31.8
RWA,1814,31.8
RWA,1815,31.8
RWA,1816,31.8
RWA,1817,31.8
RWA,1818,31.8
RWA,1819,31.8
RWA,1820,31.8
RWA,1821,31.8
RWA,1822,31.8
RWA,1823,31.8
RWA,1824,31.8
RWA,1825,31.8
RWA,1826,31.8
RWA,1827,31.8
RWA,1828,31.8
RWA,1829,31.8
RWA,1830,31.8
RWA,1831,31.8
RWA,1832,31.8
RWA,1833,31.8
RWA,1834,31.8
RWA,1835,31.8
RWA,1836,31.8
RWA,1837,31.8
RWA,1838,31.8
RWA,1839,31.8
RWA,1840,31.8
RWA,1841,31.8
RWA,1842,31.8
RWA,1843,31.8
RWA,1844,31.8
RWA,1845,31.8
RWA,1846,31.8
RWA,1847,31.8
RWA,1848,31.8
RWA,1849,31.8
RWA,1850,31.8
RWA,1851,31.8
RWA,1852,31.8
RWA,1853,31.8
RWA,1854,31.8
RWA,1855,31.8
RWA,1856,31.8
RWA,1857,31.8
RWA,1858,31.8
RWA,1859,31.8
RWA,1860,31.8
RWA,1861,31.8
RWA,1862,31.8
RWA,1863,31.8
RWA,1864,31.8
RWA,1865,31.8
RWA,1866,31.8
RWA,1867,31.8
RWA,1868,31.8
RWA,1869,31.8
RWA,1870,31.8
RWA,1871,31.8
RWA,1872,31.8
RWA,1873,31.8
RWA,1874,31.8
RWA,1875,31.8
RWA,1876,31.8
RWA,1877,31.8
RWA,1878,31.8
RWA,1879,31.8
RWA,1880,31.8
RWA,1881,31.8
RWA,1882,31.8
RWA,1883,31.8
RWA,1884,31.8
RWA,1885,31.8
RWA,1886,31.8
RWA,1887,31.8
RWA,1888,31.8
RWA,1889,31.8
RWA,1890,31.8
RWA,1891,31.8
RWA,1892,31.8
RWA,1893,31.8
RWA,1894,31.8
RWA,1895,31.8
RWA,1896,31.8
RWA,1897,28
RWA,1898,27
RWA,1899,26
RWA,1900,25
RWA,1901,24
RWA,1902,23
RWA,1903,22
RWA,1904,31.8
RWA,1905,31.8
RWA,1906,26
RWA,1907,25
RWA,1908,24
RWA,1909,31.8
RWA,1910,31.8
RWA,1911,31.8
RWA,1912,31.8
RWA,1913,31.8
RWA,1914,31.8
RWA,1915,31.8
RWA,1916,26
RWA,1917,24
RWA,1918,12.3
RWA,1919,31.8
RWA,1920,31.8
RWA,1921,31.8
RWA,1922,31.8
RWA,1923,31.8
RWA,1924,26
RWA,1925,25
RWA,1926,24
RWA,1927,31.8
RWA,1928,26
RWA,1929,24
RWA,1930,31.8
RWA,1931,31.8
RWA,1932,32.21
RWA,1933,32.63
RWA,1934,33.04
RWA,1935,33.46
RWA,1936,33.87
RWA,1937,34.29
RWA,1938,34.7
RWA,1939,35.12
RWA,1940,35.53
RWA,1941,35.99
RWA,1942,36.44
RWA,1943,34.12
RWA,1944,19.62
RWA,1945,37.71
RWA,1946,38.13
RWA,1947,38.55
RWA,1948,38.97
RWA,1949,39.38
RWA,1950,39.8
RWA,1951,39.99
RWA,1952,40.32
RWA,1953,40.66
RWA,1954,41
RWA,1955,41.34
RWA,1956,41.69
RWA,1957,42.03
RWA,1958,42.38
RWA,1959,42.73
RWA,1960,43.07
RWA,1961,43.41
RWA,1962,43.74
RWA,1963,44.05
RWA,1964,44.35
RWA,1965,44.62
RWA,1966,44.85
RWA,1967,45.07
RWA,1968,45.27
RWA,1969,45.44
RWA,1970,45.58
RWA,1971,45.71
RWA,1972,45.81
RWA,1973,45.91
RWA,1974,46.01
RWA,1975,46.13
RWA,1976,46.31
RWA,1977,46.54
RWA,1978,46.81
RWA,1979,47.12
RWA,1980,47.46
RWA,1981,47.88
RWA,1982,48.32
RWA,1983,48.69
RWA,1984,48.88
RWA,1985,49.15
RWA,1986,49.42
RWA,1987,49.69
RWA,1988,49.96
RWA,1989,50.23
RWA,1990,50.5
RWA,1991,49.3
RWA,1992,48
RWA,1993,46.7
RWA,1994,13.2
RWA,1995,43.8
RWA,1996,44.6
RWA,1997,44
RWA,1998,45.6
RWA,1999,47.2
RWA,2000,49.2
RWA,2001,51
RWA,2002,53.5
RWA,2003,55.5
RWA,2004,57.6
RWA,2005,59.6
RWA,2006,61.6
RWA,2007,63.1
RWA,2008,64.1
RWA,2009,64.3
RWA,2010,65.1
RWA,2011,65.3
RWA,2012,65.5
RWA,2013,65.6
RWA,2014,65.7
RWA,2015,65.9
RWA,2016,66.1
LCA,1800,28.01
LCA,1801,28.01
LCA,1802,28.01
LCA,1803,28.01
LCA,1804,28.01
LCA,1805,28.01
LCA,1806,28.01
LCA,1807,28.01
LCA,1808,28.01
LCA,1809,28.01
LCA,1810,28.01
LCA,1811,28.01
LCA,1812,28.01
LCA,1813,28.01
LCA,1814,28.01
LCA,1815,28.01
LCA,1816,28.01
LCA,1817,28.01
LCA,1818,28.01
LCA,1819,28.01
LCA,1820,28.01
LCA,1821,28.01
LCA,1822,28.01
LCA,1823,28.01
LCA,1824,28.01
LCA,1825,28.01
LCA,1826,28.01
LCA,1827,28.01
LCA,1828,28.01
LCA,1829,28.01
LCA,1830,28.01
LCA,1831,28.01
LCA,1832,28.01
LCA,1833,28.01
LCA,1834,28.01
LCA,1835,28.01
LCA,1836,28.01
LCA,1837,28.01
LCA,1838,28.01
LCA,1839,28.01
LCA,1840,28.01
LCA,1841,28.01
LCA,1842,28.01
LCA,1843,28.01
LCA,1844,28.01
LCA,1845,28.01
LCA,1846,28.01
LCA,1847,28.01
LCA,1848,28.01
LCA,1849,28.01
LCA,1850,28.01
LCA,1851,28.01
LCA,1852,28.01
LCA,1853,28.01
LCA,1854,28.01
LCA,1855,28.01
LCA,1856,28.01
LCA,1857,28.01
LCA,1858,28.01
LCA,1859,28.01
LCA,1860,28.01
LCA,1861,28.01
LCA,1862,28.01
LCA,1863,28.01
LCA,1864,28.01
LCA,1865,28.01
LCA,1866,28.01
LCA,1867,28.01
LCA,1868,28.01
LCA,1869,28.01
LCA,1870,28.01
LCA,1871,28.01
LCA,1872,28.01
LCA,1873,28.01
LCA,1874,28.01
LCA,1875,28.01
LCA,1876,28.01
LCA,1877,28.01
LCA,1878,28.01
LCA,1879,28.01
LCA,1880,28.01
LCA,1881,28.01
LCA,1882,28.01
LCA,1883,28.01
LCA,1884,28.01
LCA,1885,28.01
LCA,1886,28.01
LCA,1887,28.01
LCA,1888,28.01
LCA,1889,28.01
LCA,1890,28.01
LCA,1891,28.01
LCA,1892,28.01
LCA,1893,28.01
LCA,1894,28.01
LCA,1895,28.01
LCA,1896,28.01
LCA,1897,28.01
LCA,1898,28.01
LCA,1899,28.01
LCA,1900,28.01
LCA,1901,28.01
LCA,1902,28.01
LCA,1903,28.01
LCA,1904,28.01
LCA,1905,28.01
LCA,1906,28.01
LCA,1907,28.01
LCA,1908,28.01
LCA,1909,28.01
LCA,1910,28.01
LCA,1911,28.01
LCA,1912,28.01
LCA,1913,28.01
LCA,1914,28.01
LCA,1915,28.01
LCA,1916,28.01
LCA,1917,28.01
LCA,1918,18.16
LCA,1919,28.01
LCA,1920,28.01
LCA,1921,28.01
LCA,1922,28.84
LCA,1923,29.66
LCA,1924,30.49
LCA,1925,31.32
LCA,1926,32.15
LCA,1927,32.97
LCA,1928,33.8
LCA,1929,34.63
LCA,1930,35.46
LCA,1931,36.28
LCA,1932,37.11
LCA,1933,37.94
LCA,1934,38.77
LCA,1935,39.59
LCA,1936,40.42
LCA,1937,41.25
LCA,1938,42.08
LCA,1939,42.9
LCA,1940,43.73
LCA,1941,44.54
LCA,1942,45.35
LCA,1943,46.16
LCA,1944,46.97
LCA,1945,47.78
LCA,1946,48.59
LCA,1947,49.4
LCA,1948,50.2
LCA,1949,51.02
LCA,1950,51.83
LCA,1951,51.89
LCA,1952,52.09
LCA,1953,52.4
LCA,1954,52.81
LCA,1955,53.32
LCA,1956,53.92
LCA,1957,54.6
LCA,1958,55.36
LCA,1959,56.15
LCA,1960,56.97
LCA,1961,57.75
LCA,1962,58.47
LCA,1963,59.11
LCA,1964,59.66
LCA,1965,60.15
LCA,1966,60.58
LCA,1967,61
LCA,1968,61.45
LCA,1969,61.94
LCA,1970,62.47
LCA,1971,63.04
LCA,1972,63.63
LCA,1973,64.22
LCA,1974,64.8
LCA,1975,65.38
LCA,1976,65.96
LCA,1977,66.54
LCA,1978,67.1
LCA,1979,67.64
LCA,1980,68.15
LCA,1981,68.6
LCA,1982,68.99
LCA,1983,69.29
LCA,1984,69.53
LCA,1985,69.7
LCA,1986,69.83
LCA,1987,69.93
LCA,1988,70.03
LCA,1989,70.12
LCA,1990,70.2
LCA,1991,70.4
LCA,1992,70.5
LCA,1993,70.7
LCA,1994,70.9
LCA,1995,71.1
LCA,1996,71.2
LCA,1997,71.5
LCA,1998,71.7
LCA,1999,71.8
LCA,2000,72
LCA,2001,72.1
LCA,2002,72.3
LCA,2003,72.5
LCA,2004,72.8
LCA,2005,73.1
LCA,2006,73.4
LCA,2007,73.7
LCA,2008,74.1
LCA,2009,74.3
LCA,2010,74.5
LCA,2011,74.6
LCA,2012,74.7
LCA,2013,74.7
LCA,2014,74.8
LCA,2015,74.8
LCA,2016,74.8
VCT,1800,25.99
VCT,1801,25.99
VCT,1802,25.99
VCT,1803,25.99
VCT,1804,25.99
VCT,1805,25.99
VCT,1806,25.99
VCT,1807,25.99
VCT,1808,25.99
VCT,1809,25.99
VCT,1810,25.99
VCT,1811,25.99
VCT,1812,25.99
VCT,1813,25.99
VCT,1814,25.99
VCT,1815,25.99
VCT,1816,25.99
VCT,1817,25.99
VCT,1818,25.99
VCT,1819,25.99
VCT,1820,25.99
VCT,1821,25.99
VCT,1822,25.99
VCT,1823,25.99
VCT,1824,25.99
VCT,1825,25.99
VCT,1826,25.99
VCT,1827,25.99
VCT,1828,25.99
VCT,1829,25.99
VCT,1830,25.99
VCT,1831,25.99
VCT,1832,25.99
VCT,1833,25.99
VCT,1834,25.99
VCT,1835,25.99
VCT,1836,25.99
VCT,1837,25.99
VCT,1838,25.99
VCT,1839,25.99
VCT,1840,25.99
VCT,1841,25.99
VCT,1842,25.99
VCT,1843,25.99
VCT,1844,25.99
VCT,1845,25.99
VCT,1846,25.99
VCT,1847,25.99
VCT,1848,25.99
VCT,1849,25.99
VCT,1850,25.99
VCT,1851,25.99
VCT,1852,25.99
VCT,1853,25.99
VCT,1854,25.99
VCT,1855,25.99
VCT,1856,25.99
VCT,1857,25.99
VCT,1858,25.99
VCT,1859,25.99
VCT,1860,25.99
VCT,1861,25.99
VCT,1862,25.99
VCT,1863,25.99
VCT,1864,25.99
VCT,1865,25.99
VCT,1866,25.99
VCT,1867,25.99
VCT,1868,25.99
VCT,1869,25.99
VCT,1870,25.99
VCT,1871,25.99
VCT,1872,25.99
VCT,1873,25.99
VCT,1874,25.99
VCT,1875,25.99
VCT,1876,25.99
VCT,1877,25.99
VCT,1878,25.99
VCT,1879,25.99
VCT,1880,25.99
VCT,1881,25.99
VCT,1882,25.99
VCT,1883,25.99
VCT,1884,25.99
VCT,1885,25.99
VCT,1886,25.99
VCT,1887,25.99
VCT,1888,25.99
VCT,1889,25.99
VCT,1890,25.99
VCT,1891,25.99
VCT,1892,25.99
VCT,1893,25.99
VCT,1894,25.99
VCT,1895,25.99
VCT,1896,25.99
VCT,1897,25.99
VCT,1898,25.99
VCT,1899,25.99
VCT,1900,25.99
VCT,1901,25.99
VCT,1902,25.99
VCT,1903,25.99
VCT,1904,25.99
VCT,1905,25.99
VCT,1906,25.99
VCT,1907,25.99
VCT,1908,25.99
VCT,1909,25.99
VCT,1910,25.99
VCT,1911,25.99
VCT,1912,25.99
VCT,1913,25.99
VCT,1914,25.99
VCT,1915,25.99
VCT,1916,25.99
VCT,1917,25.99
VCT,1918,16.85
VCT,1919,25.99
VCT,1920,25.99
VCT,1921,25.99
VCT,1922,26.81
VCT,1923,27.64
VCT,1924,28.47
VCT,1925,29.3
VCT,1926,30.12
VCT,1927,30.95
VCT,1928,31.78
VCT,1929,32.61
VCT,1930,33.43
VCT,1931,34.26
VCT,1932,35.09
VCT,1933,35.92
VCT,1934,36.74
VCT,1935,37.57
VCT,1936,38.4
VCT,1937,39.23
VCT,1938,40.05
VCT,1939,40.88
VCT,1940,41.71
VCT,1941,42.53
VCT,1942,43.35
VCT,1943,44.16
VCT,1944,44.98
VCT,1945,45.81
VCT,1946,46.63
VCT,1947,47.44
VCT,1948,48.26
VCT,1949,49.08
VCT,1950,49.9
VCT,1951,50.11
VCT,1952,50.59
VCT,1953,51.19
VCT,1954,51.89
VCT,1955,52.69
VCT,1956,53.58
VCT,1957,54.57
VCT,1958,55.63
VCT,1959,56.73
VCT,1960,57.85
VCT,1961,58.96
VCT,1962,59.99
VCT,1963,60.93
VCT,1964,61.75
VCT,1965,62.46
VCT,1966,63.06
VCT,1967,63.58
VCT,1968,64.04
VCT,1969,64.46
VCT,1970,64.84
VCT,1971,65.16
VCT,1972,65.43
VCT,1973,65.64
VCT,1974,65.82
VCT,1975,65.99
VCT,1976,66.16
VCT,1977,66.36
VCT,1978,66.61
VCT,1979,66.88
VCT,1980,67.19
VCT,1981,67.52
VCT,1982,67.84
VCT,1983,68.15
VCT,1984,68.43
VCT,1985,68.68
VCT,1986,68.92
VCT,1987,69.14
VCT,1988,69.34
VCT,1989,69.53
VCT,1990,69.7
VCT,1991,69.7
VCT,1992,69.7
VCT,1993,69.7
VCT,1994,69.6
VCT,1995,69.6
VCT,1996,69.4
VCT,1997,69.7
VCT,1998,69.8
VCT,1999,69.6
VCT,2000,69.1
VCT,2001,69.7
VCT,2002,69.7
VCT,2003,70.1
VCT,2004,70.2
VCT,2005,70.4
VCT,2006,70.6
VCT,2007,70.8
VCT,2008,70.9
VCT,2009,71.1
VCT,2010,71.1
VCT,2011,71
VCT,2012,71.1
VCT,2013,70.8
VCT,2014,71.1
VCT,2015,71.2
VCT,2016,71.3
WSM,1800,25.4
WSM,1801,25.4
WSM,1802,25.4
WSM,1803,25.4
WSM,1804,25.4
WSM,1805,25.4
WSM,1806,25.4
WSM,1807,25.4
WSM,1808,25.4
WSM,1809,25.4
WSM,1810,25.4
WSM,1811,25.4
WSM,1812,25.4
WSM,1813,25.4
WSM,1814,25.4
WSM,1815,25.4
WSM,1816,25.4
WSM,1817,25.4
WSM,1818,25.4
WSM,1819,25.4
WSM,1820,25.4
WSM,1821,25.4
WSM,1822,25.4
WSM,1823,25.4
WSM,1824,25.4
WSM,1825,25.4
WSM,1826,25.4
WSM,1827,25.4
WSM,1828,25.4
WSM,1829,25.4
WSM,1830,25.4
WSM,1831,25.4
WSM,1832,25.4
WSM,1833,25.4
WSM,1834,25.4
WSM,1835,25.4
WSM,1836,25.4
WSM,1837,25.4
WSM,1838,25.4
WSM,1839,25.4
WSM,1840,25.4
WSM,1841,25.4
WSM,1842,25.4
WSM,1843,25.4
WSM,1844,25.4
WSM,1845,25.4
WSM,1846,25.4
WSM,1847,25.4
WSM,1848,25.4
WSM,1849,25.4
WSM,1850,25.4
WSM,1851,25.4
WSM,1852,25.4
WSM,1853,25.4
WSM,1854,25.4
WSM,1855,25.4
WSM,1856,25.4
WSM,1857,25.4
WSM,1858,25.4
WSM,1859,25.4
WSM,1860,25.4
WSM,1861,25.4
WSM,1862,25.4
WSM,1863,25.4
WSM,1864,25.4
WSM,1865,25.4
WSM,1866,25.4
WSM,1867,25.4
WSM,1868,25.4
WSM,1869,25.4
WSM,1870,25.4
WSM,1871,25.4
WSM,1872,25.4
WSM,1873,25.4
WSM,1874,25.4
WSM,1875,25.4
WSM,1876,25.4
WSM,1877,25.4
WSM,1878,25.4
WSM,1879,25.4
WSM,1880,25.4
WSM,1881,25.4
WSM,1882,25.4
WSM,1883,25.4
WSM,1884,25.4
WSM,1885,25.4
WSM,1886,25.4
WSM,1887,25.4
WSM,1888,25.4
WSM,1889,25.4
WSM,1890,25.4
WSM,1891,25.4
WSM,1892,25.4
WSM,1893,25.4
WSM,1894,25.4
WSM,1895,25.4
WSM,1896,25.4
WSM,1897,25.4
WSM,1898,25.4
WSM,1899,25.4
WSM,1900,25.4
WSM,1901,25.4
WSM,1902,25.4
WSM,1903,25.4
WSM,1904,25.4
WSM,1905,25.4
WSM,1906,25.4
WSM,1907,25.4
WSM,1908,25.4
WSM,1909,25.4
WSM,1910,25.4
WSM,1911,25.4
WSM,1912,25.4
WSM,1913,25.4
WSM,1914,25.4
WSM,1915,25.4
WSM,1916,25.4
WSM,1917,25.4
WSM,1918,1
WSM,1919,25.4
WSM,1920,25.4
WSM,1921,25.4
WSM,1922,25.4
WSM,1923,25.4
WSM,1924,25.4
WSM,1925,25.4
WSM,1926,25.4
WSM,1927,25.4
WSM,1928,25.4
WSM,1929,25.4
WSM,1930,25.4
WSM,1931,25.4
WSM,1932,25.4
WSM,1933,25.4
WSM,1934,25.4
WSM,1935,26.62
WSM,1936,27.84
WSM,1937,29.05
WSM,1938,30.27
WSM,1939,31.49
WSM,1940,32.71
WSM,1941,34.01
WSM,1942,35.31
WSM,1943,36.62
WSM,1944,37.92
WSM,1945,39.22
WSM,1946,40.52
WSM,1947,41.83
WSM,1948,43.13
WSM,1949,44.43
WSM,1950,45.73
WSM,1951,46.08
WSM,1952,46.69
WSM,1953,47.3
WSM,1954,47.9
WSM,1955,48.5
WSM,1956,49.09
WSM,1957,49.69
WSM,1958,50.28
WSM,1959,50.87
WSM,1960,51.45
WSM,1961,52.04
WSM,1962,52.62
WSM,1963,53.21
WSM,1964,53.8
WSM,1965,54.39
WSM,1966,54.98
WSM,1967,55.57
WSM,1968,56.15
WSM,1969,56.75
WSM,1970,57.33
WSM,1971,57.92
WSM,1972,58.5
WSM,1973,59.09
WSM,1974,59.67
WSM,1975,60.26
WSM,1976,60.84
WSM,1977,61.44
WSM,1978,62.02
WSM,1979,62.62
WSM,1980,63.2
WSM,1981,63.79
WSM,1982,64.36
WSM,1983,64.94
WSM,1984,65.51
WSM,1985,66.1
WSM,1986,66.67
WSM,1987,67.27
WSM,1988,67.87
WSM,1989,68.49
WSM,1990,69.1
WSM,1991,69.1
WSM,1992,69.5
WSM,1993,69.7
WSM,1994,69.8
WSM,1995,70
WSM,1996,70.2
WSM,1997,70.4
WSM,1998,70.6
WSM,1999,70.7
WSM,2000,70.8
WSM,2001,71
WSM,2002,71.2
WSM,2003,71.4
WSM,2004,71.6
WSM,2005,71.8
WSM,2006,72
WSM,2007,72.1
WSM,2008,72.3
WSM,2009,70.4
WSM,2010,72.6
WSM,2011,72.7
WSM,2012,72.7
WSM,2013,73
WSM,2014,73.1
WSM,2015,73.2
WSM,2016,73.3
STP,1800,31
STP,1801,31
STP,1802,31
STP,1803,31
STP,1804,31
STP,1805,31
STP,1806,31
STP,1807,31
STP,1808,31
STP,1809,31
STP,1810,31
STP,1811,31
STP,1812,31
STP,1813,31
STP,1814,31
STP,1815,31
STP,1816,31
STP,1817,31
STP,1818,31
STP,1819,31
STP,1820,31
STP,1821,31
STP,1822,31
STP,1823,31
STP,1824,31
STP,1825,31
STP,1826,31
STP,1827,31
STP,1828,31
STP,1829,31
STP,1830,31
STP,1831,31
STP,1832,31
STP,1833,31
STP,1834,31
STP,1835,31
STP,1836,31
STP,1837,31
STP,1838,31
STP,1839,31
STP,1840,31
STP,1841,31
STP,1842,31
STP,1843,31
STP,1844,31
STP,1845,31
STP,1846,31
STP,1847,31
STP,1848,31
STP,1849,31
STP,1850,31
STP,1851,31
STP,1852,31
STP,1853,31
STP,1854,31
STP,1855,31
STP,1856,31
STP,1857,31
STP,1858,31
STP,1859,31
STP,1860,31
STP,1861,31
STP,1862,31
STP,1863,31
STP,1864,31
STP,1865,31
STP,1866,31
STP,1867,31
STP,1868,31
STP,1869,31
STP,1870,31
STP,1871,31
STP,1872,31
STP,1873,31
STP,1874,31
STP,1875,31
STP,1876,31
STP,1877,31
STP,1878,31
STP,1879,31
STP,1880,31
STP,1881,31
STP,1882,31
STP,1883,31
STP,1884,31
STP,1885,31
STP,1886,31
STP,1887,31
STP,1888,31
STP,1889,31
STP,1890,31
STP,1891,31
STP,1892,31
STP,1893,31
STP,1894,31
STP,1895,31
STP,1896,31
STP,1897,31
STP,1898,31
STP,1899,31
STP,1900,31
STP,1901,31
STP,1902,31
STP,1903,31
STP,1904,31
STP,1905,31
STP,1906,31
STP,1907,31
STP,1908,31
STP,1909,31
STP,1910,31
STP,1911,31
STP,1912,31
STP,1913,31
STP,1914,31
STP,1915,31
STP,1916,31
STP,1917,31
STP,1918,11.99
STP,1919,31
STP,1920,31
STP,1921,31
STP,1922,31
STP,1923,31
STP,1924,31
STP,1925,31
STP,1926,31
STP,1927,31
STP,1928,31
STP,1929,31
STP,1930,31
STP,1931,31
STP,1932,31
STP,1933,31
STP,1934,31
STP,1935,31
STP,1936,31.97
STP,1937,32.94
STP,1938,33.91
STP,1939,34.88
STP,1940,35.85
STP,1941,36.85
STP,1942,37.85
STP,1943,38.86
STP,1944,39.86
STP,1945,40.86
STP,1946,41.86
STP,1947,42.86
STP,1948,43.86
STP,1949,44.87
STP,1950,45.87
STP,1951,46.1
STP,1952,46.54
STP,1953,47.01
STP,1954,47.52
STP,1955,48.05
STP,1956,48.6
STP,1957,49.18
STP,1958,49.77
STP,1959,50.38
STP,1960,51.01
STP,1961,51.62
STP,1962,52.21
STP,1963,52.79
STP,1964,53.36
STP,1965,53.92
STP,1966,54.47
STP,1967,55.03
STP,1968,55.6
STP,1969,56.19
STP,1970,56.81
STP,1971,57.47
STP,1972,58.13
STP,1973,58.81
STP,1974,59.47
STP,1975,60.09
STP,1976,60.63
STP,1977,61.08
STP,1978,61.42
STP,1979,61.67
STP,1980,61.83
STP,1981,61.93
STP,1982,62.02
STP,1983,62.12
STP,1984,62.24
STP,1985,62.4
STP,1986,62.59
STP,1987,62.79
STP,1988,63
STP,1989,63.2
STP,1990,63.4
STP,1991,63.5
STP,1992,63.6
STP,1993,63.7
STP,1994,64
STP,1995,64.1
STP,1996,63.9
STP,1997,63.9
STP,1998,64
STP,1999,64.4
STP,2000,64.6
STP,2001,64.9
STP,2002,65
STP,2003,65.3
STP,2004,65.4
STP,2005,65.5
STP,2006,65.7
STP,2007,65.7
STP,2008,66
STP,2009,66.7
STP,2010,66.9
STP,2011,67.2
STP,2012,67.4
STP,2013,67.6
STP,2014,67.8
STP,2015,68
STP,2016,68.2
SAU,1800,32.1
SAU,1801,32.1
SAU,1802,32.1
SAU,1803,32.1
SAU,1804,32.1
SAU,1805,32.1
SAU,1806,32.1
SAU,1807,32.1
SAU,1808,32.1
SAU,1809,32.1
SAU,1810,32.1
SAU,1811,32.1
SAU,1812,32.1
SAU,1813,32.1
SAU,1814,32.1
SAU,1815,32.1
SAU,1816,32.1
SAU,1817,32.1
SAU,1818,32.1
SAU,1819,32.1
SAU,1820,32.1
SAU,1821,32.1
SAU,1822,32.1
SAU,1823,32.1
SAU,1824,32.1
SAU,1825,32.1
SAU,1826,32.1
SAU,1827,32.1
SAU,1828,32.1
SAU,1829,32.1
SAU,1830,32.1
SAU,1831,32.1
SAU,1832,32.1
SAU,1833,32.1
SAU,1834,32.1
SAU,1835,32.1
SAU,1836,32.1
SAU,1837,32.1
SAU,1838,32.1
SAU,1839,32.1
SAU,1840,32.1
SAU,1841,32.1
SAU,1842,32.1
SAU,1843,32.1
SAU,1844,32.1
SAU,1845,32.1
SAU,1846,32.1
SAU,1847,32.1
SAU,1848,32.1
SAU,1849,32.1
SAU,1850,32.1
SAU,1851,32.1
SAU,1852,32.1
SAU,1853,32.1
SAU,1854,32.1
SAU,1855,32.1
SAU,1856,32.1
SAU,1857,32.1
SAU,1858,32.1
SAU,1859,32.1
SAU,1860,32.1
SAU,1861,32.1
SAU,1862,32.1
SAU,1863,32.1
SAU,1864,32.1
SAU,1865,32.1
SAU,1866,32.1
SAU,1867,32.1
SAU,1868,32.1
SAU,1869,32.1
SAU,1870,32.1
SAU,1871,32.1
SAU,1872,32.1
SAU,1873,32.1
SAU,1874,32.1
SAU,1875,32.1
SAU,1876,32.1
SAU,1877,32.1
SAU,1878,32.1
SAU,1879,32.1
SAU,1880,32.1
SAU,1881,32.1
SAU,1882,32.1
SAU,1883,32.1
SAU,1884,32.1
SAU,1885,32.1
SAU,1886,32.1
SAU,1887,32.1
SAU,1888,32.1
SAU,1889,32.1
SAU,1890,32.1
SAU,1891,32.1
SAU,1892,32.1
SAU,1893,32.1
SAU,1894,32.1
SAU,1895,32.1
SAU,1896,32.1
SAU,1897,32.1
SAU,1898,32.1
SAU,1899,32.1
SAU,1900,32.1
SAU,1901,32.1
SAU,1902,32.1
SAU,1903,32.1
SAU,1904,32.1
SAU,1905,32.1
SAU,1906,32.1
SAU,1907,32.1
SAU,1908,32.1
SAU,1909,32.1
SAU,1910,32.1
SAU,1911,32.1
SAU,1912,32.1
SAU,1913,32.1
SAU,1914,32.1
SAU,1915,32.1
SAU,1916,32.1
SAU,1917,32.1
SAU,1918,26.61
SAU,1919,32.1
SAU,1920,32.1
SAU,1921,32.1
SAU,1922,32.1
SAU,1923,32.1
SAU,1924,32.1
SAU,1925,32.1
SAU,1926,32.1
SAU,1927,32.1
SAU,1928,32.1
SAU,1929,32.1
SAU,1930,32.1
SAU,1931,32.1
SAU,1932,32.1
SAU,1933,32.1
SAU,1934,32.1
SAU,1935,32.1
SAU,1936,32.1
SAU,1937,32.1
SAU,1938,32.1
SAU,1939,32.1
SAU,1940,32.1
SAU,1941,32.2
SAU,1942,32.3
SAU,1943,32.4
SAU,1944,32.5
SAU,1945,32.59
SAU,1946,34.46
SAU,1947,36.34
SAU,1948,38.21
SAU,1949,40.09
SAU,1950,41.96
SAU,1951,42.31
SAU,1952,42.89
SAU,1953,43.47
SAU,1954,44.05
SAU,1955,44.64
SAU,1956,45.23
SAU,1957,45.82
SAU,1958,46.42
SAU,1959,47.02
SAU,1960,47.62
SAU,1961,48.22
SAU,1962,48.84
SAU,1963,49.48
SAU,1964,50.15
SAU,1965,50.88
SAU,1966,51.68
SAU,1967,52.55
SAU,1968,53.51
SAU,1969,54.55
SAU,1970,55.65
SAU,1971,56.82
SAU,1972,58.04
SAU,1973,59.26
SAU,1974,60.48
SAU,1975,61.67
SAU,1976,62.83
SAU,1977,63.95
SAU,1978,65.01
SAU,1979,66.03
SAU,1980,66.99
SAU,1981,67.89
SAU,1982,68.74
SAU,1983,69.54
SAU,1984,70.3
SAU,1985,71.01
SAU,1986,71.66
SAU,1987,72.28
SAU,1988,72.85
SAU,1989,73.39
SAU,1990,73.9
SAU,1991,74.3
SAU,1992,74.6
SAU,1993,74.9
SAU,1994,75.1
SAU,1995,75.5
SAU,1996,75.8
SAU,1997,76
SAU,1998,76.3
SAU,1999,76.6
SAU,2000,76.8
SAU,2001,77.1
SAU,2002,77.2
SAU,2003,77.4
SAU,2004,77.5
SAU,2005,77.8
SAU,2006,77.9
SAU,2007,78.2
SAU,2008,78.3
SAU,2009,78.5
SAU,2010,78.7
SAU,2011,78.9
SAU,2012,79.2
SAU,2013,79.3
SAU,2014,79.4
SAU,2015,79.5
SAU,2016,79.6
SEN,1800,25.2
SEN,1801,25.2
SEN,1802,25.2
SEN,1803,25.2
SEN,1804,25.2
SEN,1805,25.2
SEN,1806,25.2
SEN,1807,25.2
SEN,1808,25.2
SEN,1809,25.2
SEN,1810,25.2
SEN,1811,25.2
SEN,1812,25.2
SEN,1813,25.2
SEN,1814,25.2
SEN,1815,25.2
SEN,1816,25.2
SEN,1817,25.2
SEN,1818,25.2
SEN,1819,25.2
SEN,1820,25.2
SEN,1821,25.2
SEN,1822,25.2
SEN,1823,25.2
SEN,1824,25.2
SEN,1825,25.2
SEN,1826,25.2
SEN,1827,25.2
SEN,1828,25.2
SEN,1829,25.2
SEN,1830,25.2
SEN,1831,25.2
SEN,1832,25.2
SEN,1833,25.2
SEN,1834,25.2
SEN,1835,25.2
SEN,1836,25.2
SEN,1837,25.2
SEN,1838,25.2
SEN,1839,25.2
SEN,1840,25.2
SEN,1841,25.2
SEN,1842,25.2
SEN,1843,25.2
SEN,1844,25.2
SEN,1845,25.2
SEN,1846,25.2
SEN,1847,25.2
SEN,1848,25.2
SEN,1849,25.2
SEN,1850,25.2
SEN,1851,25.2
SEN,1852,25.2
SEN,1853,25.2
SEN,1854,25.2
SEN,1855,25.2
SEN,1856,25.2
SEN,1857,25.2
SEN,1858,25.2
SEN,1859,25.2
SEN,1860,25.2
SEN,1861,25.2
SEN,1862,25.2
SEN,1863,25.2
SEN,1864,25.2
SEN,1865,25.2
SEN,1866,25.2
SEN,1867,25.2
SEN,1868,25.2
SEN,1869,25.2
SEN,1870,25.2
SEN,1871,25.2
SEN,1872,25.2
SEN,1873,25.2
SEN,1874,25.2
SEN,1875,25.2
SEN,1876,25.2
SEN,1877,25.2
SEN,1878,25.2
SEN,1879,25.2
SEN,1880,25.2
SEN,1881,25.2
SEN,1882,25.2
SEN,1883,25.2
SEN,1884,25.2
SEN,1885,25.2
SEN,1886,25.2
SEN,1887,25.2
SEN,1888,25.2
SEN,1889,25.2
SEN,1890,25.2
SEN,1891,25.2
SEN,1892,25.2
SEN,1893,25.2
SEN,1894,25.2
SEN,1895,25.2
SEN,1896,25.2
SEN,1897,25.2
SEN,1898,25.2
SEN,1899,25.2
SEN,1900,25.2
SEN,1901,25.2
SEN,1902,25.2
SEN,1903,25.2
SEN,1904,25.2
SEN,1905,25.2
SEN,1906,25.2
SEN,1907,25.2
SEN,1908,25.2
SEN,1909,25.2
SEN,1910,25.2
SEN,1911,25.2
SEN,1912,25.2
SEN,1913,25.2
SEN,1914,25.2
SEN,1915,25.2
SEN,1916,25.2
SEN,1917,25.2
SEN,1918,11.9
SEN,1919,25.2
SEN,1920,25.2
SEN,1921,25.2
SEN,1922,25.2
SEN,1923,24.94
SEN,1924,24.68
SEN,1925,24.42
SEN,1926,24.16
SEN,1927,23.9
SEN,1928,24.15
SEN,1929,24.4
SEN,1930,24.65
SEN,1931,24.9
SEN,1932,25.15
SEN,1933,25.4
SEN,1934,25.65
SEN,1935,25.9
SEN,1936,26.15
SEN,1937,26.4
SEN,1938,26.7
SEN,1939,27
SEN,1940,27.3
SEN,1941,27.61
SEN,1942,27.92
SEN,1943,28.24
SEN,1944,28.55
SEN,1945,28.86
SEN,1946,30.01
SEN,1947,31.16
SEN,1948,32.32
SEN,1949,33.48
SEN,1950,34.63
SEN,1951,34.89
SEN,1952,35.39
SEN,1953,35.88
SEN,1954,36.34
SEN,1955,36.78
SEN,1956,37.19
SEN,1957,37.57
SEN,1958,37.93
SEN,1959,38.23
SEN,1960,38.46
SEN,1961,38.63
SEN,1962,38.72
SEN,1963,38.76
SEN,1964,38.74
SEN,1965,38.71
SEN,1966,38.7
SEN,1967,38.74
SEN,1968,38.9
SEN,1969,39.17
SEN,1970,39.59
SEN,1971,40.18
SEN,1972,40.94
SEN,1973,41.85
SEN,1974,42.85
SEN,1975,43.94
SEN,1976,45.07
SEN,1977,46.21
SEN,1978,47.33
SEN,1979,48.4
SEN,1980,49.42
SEN,1981,50.43
SEN,1982,51.44
SEN,1983,52.47
SEN,1984,53.48
SEN,1985,54.45
SEN,1986,55.36
SEN,1987,56.17
SEN,1988,56.86
SEN,1989,57.41
SEN,1990,57.8
SEN,1991,58
SEN,1992,58
SEN,1993,58.2
SEN,1994,58.2
SEN,1995,58.4
SEN,1996,58.8
SEN,1997,58.9
SEN,1998,59.1
SEN,1999,59.2
SEN,2000,59.7
SEN,2001,60.2
SEN,2002,60.4
SEN,2003,61.3
SEN,2004,61.7
SEN,2005,62.2
SEN,2006,62.5
SEN,2007,63
SEN,2008,63.5
SEN,2009,63.9
SEN,2010,64.2
SEN,2011,64.4
SEN,2012,64.6
SEN,2013,64.8
SEN,2014,65
SEN,2015,65.3
SEN,2016,65.6
SRB,1800,35.5
SRB,1801,35.5
SRB,1802,35.5
SRB,1803,35.5
SRB,1804,35.5
SRB,1805,35.5
SRB,1806,35.5
SRB,1807,35.5
SRB,1808,35.5
SRB,1809,35.5
SRB,1810,35.5
SRB,1811,35.5
SRB,1812,35.5
SRB,1813,35.5
SRB,1814,35.5
SRB,1815,35.5
SRB,1816,35.5
SRB,1817,35.5
SRB,1818,35.5
SRB,1819,35.5
SRB,1820,35.5
SRB,1821,35.5
SRB,1822,35.5
SRB,1823,35.5
SRB,1824,35.5
SRB,1825,35.5
SRB,1826,35.5
SRB,1827,35.5
SRB,1828,35.5
SRB,1829,35.5
SRB,1830,35.5
SRB,1831,35.5
SRB,1832,35.5
SRB,1833,35.5
SRB,1834,35.5
SRB,1835,35.5
SRB,1836,35.5
SRB,1837,35.5
SRB,1838,35.5
SRB,1839,35.5
SRB,1840,35.5
SRB,1841,35.5
SRB,1842,35.5
SRB,1843,35.5
SRB,1844,35.5
SRB,1845,35.5
SRB,1846,35.5
SRB,1847,35.5
SRB,1848,35.5
SRB,1849,35.5
SRB,1850,35.5
SRB,1851,35.5
SRB,1852,35.5
SRB,1853,35.5
SRB,1854,35.5
SRB,1855,35.5
SRB,1856,35.5
SRB,1857,35.5
SRB,1858,35.5
SRB,1859,35.5
SRB,1860,35.5
SRB,1861,35.5
SRB,1862,35.5
SRB,1863,35.5
SRB,1864,35.5
SRB,1865,35.5
SRB,1866,35.5
SRB,1867,35.5
SRB,1868,35.5
SRB,1869,35.5
SRB,1870,35.5
SRB,1871,35.5
SRB,1872,35.5
SRB,1873,35.5
SRB,1874,35.5
SRB,1875,35.5
SRB,1876,35.5
SRB,1877,35.5
SRB,1878,35.5
SRB,1879,35.5
SRB,1880,35.5
SRB,1881,35.5
SRB,1882,35.5
SRB,1883,35.5
SRB,1884,35.5
SRB,1885,35.5
SRB,1886,35.5
SRB,1887,35.5
SRB,1888,35.5
SRB,1889,35.5
SRB,1890,35.5
SRB,1891,35.5
SRB,1892,35.5
SRB,1893,35.5
SRB,1894,35.5
SRB,1895,35.5
SRB,1896,35.5
SRB,1897,35.5
SRB,1898,35.5
SRB,1899,35.5
SRB,1900,35.5
SRB,1901,35.5
SRB,1902,35.5
SRB,1903,35.5
SRB,1904,35.5
SRB,1905,35.5
SRB,1906,35.5
SRB,1907,35.5
SRB,1908,35.5
SRB,1909,35.5
SRB,1910,35.5
SRB,1911,35.5
SRB,1912,35.5
SRB,1913,35.5
SRB,1914,25
SRB,1915,16
SRB,1916,21
SRB,1917,20
SRB,1918,9.9
SRB,1919,35.5
SRB,1920,35.5
SRB,1921,36.26
SRB,1922,37.01
SRB,1923,37.77
SRB,1924,38.52
SRB,1925,39.28
SRB,1926,40.04
SRB,1927,40.79
SRB,1928,41.55
SRB,1929,42.3
SRB,1930,43.06
SRB,1931,43.81
SRB,1932,44.57
SRB,1933,45.33
SRB,1934,46.08
SRB,1935,46.84
SRB,1936,47.59
SRB,1937,48.35
SRB,1938,49.11
SRB,1939,49.86
SRB,1940,50.62
SRB,1941,44.1
SRB,1942,41.86
SRB,1943,40.37
SRB,1944,38.91
SRB,1945,43.44
SRB,1946,51.12
SRB,1947,55.34
SRB,1948,56.76
SRB,1949,57.58
SRB,1950,58.38
SRB,1951,58.63
SRB,1952,59.11
SRB,1953,59.61
SRB,1954,60.12
SRB,1955,60.63
SRB,1956,61.15
SRB,1957,61.69
SRB,1958,62.23
SRB,1959,62.78
SRB,1960,63.33
SRB,1961,63.88
SRB,1962,64.44
SRB,1963,64.99
SRB,1964,65.53
SRB,1965,66.06
SRB,1966,66.56
SRB,1967,67.05
SRB,1968,67.51
SRB,1969,67.94
SRB,1970,68.34
SRB,1971,68.7
SRB,1972,69.03
SRB,1973,69.32
SRB,1974,69.59
SRB,1975,69.82
SRB,1976,70.03
SRB,1977,70.21
SRB,1978,70.37
SRB,1979,70.53
SRB,1980,70.68
SRB,1981,70.84
SRB,1982,71.01
SRB,1983,71.19
SRB,1984,71.38
SRB,1985,71.58
SRB,1986,71.78
SRB,1987,71.99
SRB,1988,72.17
SRB,1989,72.35
SRB,1990,72.5
SRB,1991,71.4
SRB,1992,72.4
SRB,1993,72.3
SRB,1994,72.1
SRB,1995,72
SRB,1996,71.9
SRB,1997,72.1
SRB,1998,71.5
SRB,1999,71
SRB,2000,72.1
SRB,2001,72.4
SRB,2002,72.5
SRB,2003,72.7
SRB,2004,72.9
SRB,2005,73.2
SRB,2006,73.6
SRB,2007,74
SRB,2008,74.3
SRB,2009,74.6
SRB,2010,74.8
SRB,2011,75.1
SRB,2012,75.4
SRB,2013,75.7
SRB,2014,75.9
SRB,2015,76.2
SRB,2016,76.5
SYC,1800,37
SYC,1801,37
SYC,1802,37
SYC,1803,37
SYC,1804,37
SYC,1805,37
SYC,1806,37
SYC,1807,37
SYC,1808,37
SYC,1809,37
SYC,1810,37
SYC,1811,37
SYC,1812,37
SYC,1813,37
SYC,1814,37
SYC,1815,37
SYC,1816,37
SYC,1817,37
SYC,1818,37
SYC,1819,37
SYC,1820,37
SYC,1821,37
SYC,1822,37
SYC,1823,37
SYC,1824,37
SYC,1825,37
SYC,1826,37
SYC,1827,37
SYC,1828,37
SYC,1829,37
SYC,1830,37
SYC,1831,37
SYC,1832,37
SYC,1833,37
SYC,1834,37
SYC,1835,37
SYC,1836,37
SYC,1837,37
SYC,1838,37
SYC,1839,37
SYC,1840,37
SYC,1841,37
SYC,1842,37
SYC,1843,37
SYC,1844,37
SYC,1845,37
SYC,1846,37
SYC,1847,37
SYC,1848,37
SYC,1849,37
SYC,1850,37
SYC,1851,37
SYC,1852,37
SYC,1853,37
SYC,1854,37
SYC,1855,37
SYC,1856,37
SYC,1857,37
SYC,1858,37
SYC,1859,37
SYC,1860,37
SYC,1861,37
SYC,1862,37
SYC,1863,37
SYC,1864,37
SYC,1865,37
SYC,1866,37
SYC,1867,37
SYC,1868,37
SYC,1869,37
SYC,1870,37
SYC,1871,37.26
SYC,1872,37.52
SYC,1873,37.79
SYC,1874,38.05
SYC,1875,38.31
SYC,1876,38.57
SYC,1877,38.84
SYC,1878,39.1
SYC,1879,39.36
SYC,1880,39.62
SYC,1881,39.89
SYC,1882,40.15
SYC,1883,40.41
SYC,1884,40.67
SYC,1885,40.94
SYC,1886,41.2
SYC,1887,41.46
SYC,1888,41.72
SYC,1889,41.99
SYC,1890,42.25
SYC,1891,42.51
SYC,1892,42.77
SYC,1893,43.04
SYC,1894,43.3
SYC,1895,43.56
SYC,1896,43.82
SYC,1897,44.09
SYC,1898,44.35
SYC,1899,44.61
SYC,1900,44.87
SYC,1901,45.14
SYC,1902,45.4
SYC,1903,45.66
SYC,1904,45.92
SYC,1905,46.18
SYC,1906,46.45
SYC,1907,46.71
SYC,1908,46.97
SYC,1909,47.23
SYC,1910,47.5
SYC,1911,47.76
SYC,1912,48.02
SYC,1913,48.28
SYC,1914,48.55
SYC,1915,48.81
SYC,1916,49.07
SYC,1917,49.33
SYC,1918,49.6
SYC,1919,49.86
SYC,1920,50.12
SYC,1921,50.38
SYC,1922,50.65
SYC,1923,50.91
SYC,1924,51.17
SYC,1925,51.43
SYC,1926,51.7
SYC,1927,51.96
SYC,1928,52.22
SYC,1929,52.48
SYC,1930,52.75
SYC,1931,53.01
SYC,1932,53.27
SYC,1933,53.53
SYC,1934,53.8
SYC,1935,54.06
SYC,1936,54.32
SYC,1937,54.58
SYC,1938,54.84
SYC,1939,55.11
SYC,1940,55.37
SYC,1941,55.6
SYC,1942,55.82
SYC,1943,56.06
SYC,1944,56.28
SYC,1945,56.51
SYC,1946,56.73
SYC,1947,56.97
SYC,1948,57.19
SYC,1949,57.42
SYC,1950,57.64
SYC,1951,57.55
SYC,1952,57.43
SYC,1953,57.45
SYC,1954,57.57
SYC,1955,57.82
SYC,1956,58.18
SYC,1957,58.65
SYC,1958,59.19
SYC,1959,59.8
SYC,1960,60.42
SYC,1961,61.03
SYC,1962,61.59
SYC,1963,62.08
SYC,1964,62.47
SYC,1965,62.81
SYC,1966,63.11
SYC,1967,63.43
SYC,1968,63.78
SYC,1969,64.18
SYC,1970,64.62
SYC,1971,65.11
SYC,1972,65.59
SYC,1973,66.06
SYC,1974,66.49
SYC,1975,66.9
SYC,1976,67.26
SYC,1977,67.59
SYC,1978,67.89
SYC,1979,68.16
SYC,1980,68.4
SYC,1981,68.63
SYC,1982,68.83
SYC,1983,69.02
SYC,1984,69.17
SYC,1985,69.3
SYC,1986,69.36
SYC,1987,69.37
SYC,1988,69.31
SYC,1989,69.22
SYC,1990,69.1
SYC,1991,69.1
SYC,1992,69.2
SYC,1993,69.3
SYC,1994,69.6
SYC,1995,69.8
SYC,1996,69.9
SYC,1997,70.1
SYC,1998,70.4
SYC,1999,70.7
SYC,2000,70.9
SYC,2001,71.1
SYC,2002,71.3
SYC,2003,71.5
SYC,2004,71.7
SYC,2005,72
SYC,2006,72.3
SYC,2007,72.6
SYC,2008,72.9
SYC,2009,73
SYC,2010,73.1
SYC,2011,73.4
SYC,2012,73.7
SYC,2013,73.8
SYC,2014,74
SYC,2015,74.1
SYC,2016,74.2
SLE,1800,25.1
SLE,1801,25.1
SLE,1802,25.1
SLE,1803,25.1
SLE,1804,25.1
SLE,1805,25.1
SLE,1806,25.1
SLE,1807,25.1
SLE,1808,25.1
SLE,1809,25.1
SLE,1810,25.1
SLE,1811,25.1
SLE,1812,25.1
SLE,1813,25.1
SLE,1814,25.1
SLE,1815,25.1
SLE,1816,25.1
SLE,1817,25.1
SLE,1818,25.1
SLE,1819,25.1
SLE,1820,25.1
SLE,1821,25.1
SLE,1822,25.1
SLE,1823,25.1
SLE,1824,25.1
SLE,1825,25.1
SLE,1826,25.1
SLE,1827,25.1
SLE,1828,25.1
SLE,1829,25.1
SLE,1830,25.1
SLE,1831,25.1
SLE,1832,25.1
SLE,1833,25.1
SLE,1834,25.1
SLE,1835,25.1
SLE,1836,25.1
SLE,1837,25.1
SLE,1838,25.1
SLE,1839,25.1
SLE,1840,25.1
SLE,1841,25.1
SLE,1842,25.1
SLE,1843,25.1
SLE,1844,25.1
SLE,1845,25.1
SLE,1846,25.1
SLE,1847,25.1
SLE,1848,25.1
SLE,1849,25.1
SLE,1850,25.1
SLE,1851,25.1
SLE,1852,25.1
SLE,1853,25.1
SLE,1854,25.1
SLE,1855,25.1
SLE,1856,25.1
SLE,1857,25.1
SLE,1858,25.1
SLE,1859,25.1
SLE,1860,25.1
SLE,1861,25.1
SLE,1862,25.1
SLE,1863,25.1
SLE,1864,25.1
SLE,1865,25.1
SLE,1866,25.1
SLE,1867,25.1
SLE,1868,25.1
SLE,1869,25.1
SLE,1870,25.1
SLE,1871,25.1
SLE,1872,25.1
SLE,1873,25.1
SLE,1874,25.1
SLE,1875,25.1
SLE,1876,25.1
SLE,1877,25.1
SLE,1878,25.1
SLE,1879,25.1
SLE,1880,25.1
SLE,1881,25.1
SLE,1882,25.1
SLE,1883,25.1
SLE,1884,25.1
SLE,1885,25.1
SLE,1886,25.1
SLE,1887,25.1
SLE,1888,25.1
SLE,1889,25.1
SLE,1890,25.1
SLE,1891,25.1
SLE,1892,25.1
SLE,1893,25.1
SLE,1894,25.1
SLE,1895,25.1
SLE,1896,25.1
SLE,1897,25.1
SLE,1898,25.1
SLE,1899,25.1
SLE,1900,25.1
SLE,1901,25.1
SLE,1902,25.1
SLE,1903,25.1
SLE,1904,25.1
SLE,1905,25.1
SLE,1906,25.1
SLE,1907,25.1
SLE,1908,25.1
SLE,1909,25.1
SLE,1910,25.1
SLE,1911,25.1
SLE,1912,25.1
SLE,1913,25.1
SLE,1914,25.1
SLE,1915,25.1
SLE,1916,25.1
SLE,1917,25.1
SLE,1918,11.86
SLE,1919,25.1
SLE,1920,25.1
SLE,1921,25.1
SLE,1922,25.1
SLE,1923,25.1
SLE,1924,25.1
SLE,1925,25.1
SLE,1926,25.1
SLE,1927,24.98
SLE,1928,24.86
SLE,1929,24.74
SLE,1930,24.62
SLE,1931,24.5
SLE,1932,24.54
SLE,1933,24.59
SLE,1934,24.63
SLE,1935,24.67
SLE,1936,24.71
SLE,1937,24.76
SLE,1938,24.8
SLE,1939,24.84
SLE,1940,24.89
SLE,1941,25.22
SLE,1942,25.54
SLE,1943,25.87
SLE,1944,26.2
SLE,1945,26.53
SLE,1946,27.47
SLE,1947,28.43
SLE,1948,29.37
SLE,1949,30.33
SLE,1950,31.27
SLE,1951,31.66
SLE,1952,32.13
SLE,1953,32.62
SLE,1954,33.1
SLE,1955,33.6
SLE,1956,34.09
SLE,1957,34.59
SLE,1958,35.08
SLE,1959,35.58
SLE,1960,36.07
SLE,1961,36.57
SLE,1962,37.06
SLE,1963,37.57
SLE,1964,38.1
SLE,1965,38.7
SLE,1966,39.38
SLE,1967,40.18
SLE,1968,41.08
SLE,1969,42.08
SLE,1970,43.15
SLE,1971,44.28
SLE,1972,45.39
SLE,1973,46.48
SLE,1974,47.5
SLE,1975,48.45
SLE,1976,49.31
SLE,1977,50.11
SLE,1978,50.83
SLE,1979,51.49
SLE,1980,52.04
SLE,1981,52.5
SLE,1982,52.83
SLE,1983,53.06
SLE,1984,53.16
SLE,1985,53.14
SLE,1986,52.98
SLE,1987,52.72
SLE,1988,52.36
SLE,1989,51.98
SLE,1990,51.6
SLE,1991,51.4
SLE,1992,51.9
SLE,1993,52.1
SLE,1994,51.6
SLE,1995,50.9
SLE,1996,51.9
SLE,1997,51.3
SLE,1998,49.7
SLE,1999,49.2
SLE,2000,51.5
SLE,2001,51.8
SLE,2002,51.6
SLE,2003,51.7
SLE,2004,52
SLE,2005,52.3
SLE,2006,52.7
SLE,2007,53
SLE,2008,53.6
SLE,2009,54.2
SLE,2010,55
SLE,2011,55.6
SLE,2012,56.4
SLE,2013,57.1
SLE,2014,55.2
SLE,2015,57.1
SLE,2016,59.07
SGP,1800,29.1
SGP,1801,29.1
SGP,1802,29.1
SGP,1803,29.1
SGP,1804,29.1
SGP,1805,29.1
SGP,1806,29.1
SGP,1807,29.1
SGP,1808,29.1
SGP,1809,29.1
SGP,1810,29.1
SGP,1811,29.1
SGP,1812,29.1
SGP,1813,29.1
SGP,1814,29.1
SGP,1815,29.1
SGP,1816,29.1
SGP,1817,29.1
SGP,1818,29.1
SGP,1819,29.1
SGP,1820,30.08
SGP,1821,31.06
SGP,1822,32.04
SGP,1823,33.02
SGP,1824,34
SGP,1825,34
SGP,1826,34
SGP,1827,34
SGP,1828,34
SGP,1829,34
SGP,1830,34
SGP,1831,34
SGP,1832,34
SGP,1833,34
SGP,1834,34
SGP,1835,34
SGP,1836,34
SGP,1837,34
SGP,1838,34
SGP,1839,34
SGP,1840,34
SGP,1841,34
SGP,1842,34
SGP,1843,34
SGP,1844,34
SGP,1845,34
SGP,1846,34
SGP,1847,34
SGP,1848,34
SGP,1849,34
SGP,1850,34
SGP,1851,34
SGP,1852,34
SGP,1853,34
SGP,1854,34
SGP,1855,34
SGP,1856,34
SGP,1857,34
SGP,1858,34
SGP,1859,34
SGP,1860,34
SGP,1861,34
SGP,1862,34
SGP,1863,34
SGP,1864,34
SGP,1865,34
SGP,1866,34
SGP,1867,34
SGP,1868,34
SGP,1869,34
SGP,1870,34
SGP,1871,34
SGP,1872,34
SGP,1873,34
SGP,1874,34
SGP,1875,34
SGP,1876,34
SGP,1877,34
SGP,1878,34
SGP,1879,34
SGP,1880,34
SGP,1881,34
SGP,1882,34
SGP,1883,34
SGP,1884,34
SGP,1885,34
SGP,1886,34
SGP,1887,34
SGP,1888,34
SGP,1889,34
SGP,1890,34
SGP,1891,34
SGP,1892,34
SGP,1893,34
SGP,1894,34
SGP,1895,34
SGP,1896,34
SGP,1897,34
SGP,1898,34
SGP,1899,34
SGP,1900,34
SGP,1901,34
SGP,1902,34
SGP,1903,34
SGP,1904,34
SGP,1905,34
SGP,1906,34
SGP,1907,34
SGP,1908,34
SGP,1909,34
SGP,1910,34
SGP,1911,34
SGP,1912,34
SGP,1913,34
SGP,1914,34
SGP,1915,34
SGP,1916,34
SGP,1917,34
SGP,1918,21.79
SGP,1919,34
SGP,1920,34
SGP,1921,34.81
SGP,1922,35.63
SGP,1923,36.44
SGP,1924,37.25
SGP,1925,38.06
SGP,1926,38.88
SGP,1927,39.69
SGP,1928,40.5
SGP,1929,41.32
SGP,1930,42.13
SGP,1931,42.94
SGP,1932,43.76
SGP,1933,44.57
SGP,1934,45.38
SGP,1935,46.19
SGP,1936,47.01
SGP,1937,47.82
SGP,1938,48.63
SGP,1939,49.45
SGP,1940,50.26
SGP,1941,48.98
SGP,1942,35.05
SGP,1943,36.73
SGP,1944,36.01
SGP,1945,34.79
SGP,1946,43.86
SGP,1947,52.84
SGP,1948,55.82
SGP,1949,57.19
SGP,1950,58.16
SGP,1951,58.62
SGP,1952,59.54
SGP,1953,60.41
SGP,1954,61.24
SGP,1955,62.01
SGP,1956,62.73
SGP,1957,63.39
SGP,1958,64.01
SGP,1959,64.54
SGP,1960,65.02
SGP,1961,65.41
SGP,1962,65.72
SGP,1963,65.97
SGP,1964,66.16
SGP,1965,66.31
SGP,1966,66.46
SGP,1967,66.63
SGP,1968,66.84
SGP,1969,67.09
SGP,1970,67.4
SGP,1971,67.75
SGP,1972,68.12
SGP,1973,68.5
SGP,1974,68.88
SGP,1975,69.26
SGP,1976,69.62
SGP,1977,69.98
SGP,1978,70.34
SGP,1979,70.68
SGP,1980,71.04
SGP,1981,71.39
SGP,1982,71.74
SGP,1983,72.11
SGP,1984,72.49
SGP,1985,72.87
SGP,1986,73.27
SGP,1987,73.68
SGP,1988,74.1
SGP,1989,74.51
SGP,1990,74.9
SGP,1991,75.6
SGP,1992,76
SGP,1993,76.2
SGP,1994,76.3
SGP,1995,76.4
SGP,1996,76.7
SGP,1997,77.2
SGP,1998,77.6
SGP,1999,78
SGP,2000,78.3
SGP,2001,78.6
SGP,2002,78.9
SGP,2003,79.3
SGP,2004,79.8
SGP,2005,80
SGP,2006,80.2
SGP,2007,80.4
SGP,2008,80.6
SGP,2009,81
SGP,2010,81.3
SGP,2011,81.5
SGP,2012,81.6
SGP,2013,81.7
SGP,2014,81.9
SGP,2015,82
SGP,2016,82.1
SVK,1800,36.4
SVK,1801,36.4
SVK,1802,36.4
SVK,1803,36.4
SVK,1804,36.4
SVK,1805,36.4
SVK,1806,36.4
SVK,1807,36.4
SVK,1808,36.4
SVK,1809,36.4
SVK,1810,36.4
SVK,1811,36.4
SVK,1812,36.4
SVK,1813,36.4
SVK,1814,36.4
SVK,1815,36.4
SVK,1816,36.4
SVK,1817,36.4
SVK,1818,36.4
SVK,1819,36.4
SVK,1820,36.4
SVK,1821,36.4
SVK,1822,36.4
SVK,1823,36.4
SVK,1824,36.4
SVK,1825,36.4
SVK,1826,36.4
SVK,1827,36.4
SVK,1828,36.4
SVK,1829,36.4
SVK,1830,36.4
SVK,1831,36.4
SVK,1832,36.4
SVK,1833,36.4
SVK,1834,36.4
SVK,1835,36.4
SVK,1836,36.4
SVK,1837,36.4
SVK,1838,36.4
SVK,1839,36.4
SVK,1840,36.4
SVK,1841,36.4
SVK,1842,36.4
SVK,1843,36.4
SVK,1844,36.4
SVK,1845,36.4
SVK,1846,36.4
SVK,1847,36.4
SVK,1848,36.4
SVK,1849,36.4
SVK,1850,36.4
SVK,1851,36.4
SVK,1852,36.4
SVK,1853,36.4
SVK,1854,36.4
SVK,1855,36.4
SVK,1856,36.4
SVK,1857,36.4
SVK,1858,36.4
SVK,1859,36.4
SVK,1860,36.4
SVK,1861,36.4
SVK,1862,36.4
SVK,1863,36.4
SVK,1864,36.4
SVK,1865,36.4
SVK,1866,36.4
SVK,1867,36.4
SVK,1868,36.4
SVK,1869,36.4
SVK,1870,36.4
SVK,1871,36.4
SVK,1872,36.4
SVK,1873,36.4
SVK,1874,36.4
SVK,1875,36.4
SVK,1876,36.4
SVK,1877,36.4
SVK,1878,36.4
SVK,1879,36.4
SVK,1880,36.4
SVK,1881,36.4
SVK,1882,36.4
SVK,1883,36.4
SVK,1884,36.4
SVK,1885,36.4
SVK,1886,36.4
SVK,1887,36.4
SVK,1888,36.4
SVK,1889,36.4
SVK,1890,36.4
SVK,1891,36.4
SVK,1892,36.4
SVK,1893,36.4
SVK,1894,36.4
SVK,1895,36.4
SVK,1896,36.7
SVK,1897,37
SVK,1898,37.3
SVK,1899,37.6
SVK,1900,37.9
SVK,1901,38.2
SVK,1902,38.5
SVK,1903,38.8
SVK,1904,39.1
SVK,1905,39.4
SVK,1906,39.7
SVK,1907,40
SVK,1908,40.3
SVK,1909,40.6
SVK,1910,40.9
SVK,1911,41.2
SVK,1912,41.5
SVK,1913,41.8
SVK,1914,42.1
SVK,1915,42.4
SVK,1916,42.7
SVK,1917,43
SVK,1918,31.86
SVK,1919,43.6
SVK,1920,43.9
SVK,1921,44.2
SVK,1922,44.83
SVK,1923,45.47
SVK,1924,46.1
SVK,1925,46.73
SVK,1926,47.37
SVK,1927,48
SVK,1928,48.63
SVK,1929,49.27
SVK,1930,49.9
SVK,1931,50.37
SVK,1932,50.84
SVK,1933,51.31
SVK,1934,51.79
SVK,1935,52.26
SVK,1936,52.73
SVK,1937,53.2
SVK,1938,53.79
SVK,1939,54.1
SVK,1940,54
SVK,1941,53.8
SVK,1942,52.01
SVK,1943,47.51
SVK,1944,42.51
SVK,1945,40.52
SVK,1946,54.02
SVK,1947,58.02
SVK,1948,59.03
SVK,1949,60.33
SVK,1950,60.92
SVK,1951,61.35
SVK,1952,64.4
SVK,1953,65.7
SVK,1954,66.76
SVK,1955,67.89
SVK,1956,68.42
SVK,1957,67.51
SVK,1958,69.41
SVK,1959,69.09
SVK,1960,70.42
SVK,1961,70.86
SVK,1962,70.4
SVK,1963,70.79
SVK,1964,71.17
SVK,1965,70.39
SVK,1966,70.53
SVK,1967,71.07
SVK,1968,70.6
SVK,1969,69.91
SVK,1970,69.84
SVK,1971,69.99
SVK,1972,70.46
SVK,1973,70.16
SVK,1974,70.33
SVK,1975,70.45
SVK,1976,70.62
SVK,1977,70.58
SVK,1978,70.59
SVK,1979,70.92
SVK,1980,70.58
SVK,1981,70.82
SVK,1982,70.94
SVK,1983,70.64
SVK,1984,70.88
SVK,1985,70.89
SVK,1986,71.07
SVK,1987,71.24
SVK,1988,71.32
SVK,1989,71.12
SVK,1990,71
SVK,1991,71.1
SVK,1992,71.4
SVK,1993,71.9
SVK,1994,72.3
SVK,1995,72.4
SVK,1996,72.8
SVK,1997,72.8
SVK,1998,72.8
SVK,1999,73
SVK,2000,73.3
SVK,2001,73.6
SVK,2002,73.8
SVK,2003,73.9
SVK,2004,74.2
SVK,2005,74.3
SVK,2006,74.5
SVK,2007,74.6
SVK,2008,74.9
SVK,2009,75.2
SVK,2010,75.7
SVK,2011,76.1
SVK,2012,76.5
SVK,2013,77
SVK,2014,77.4
SVK,2015,77.6
SVK,2016,77.8
SVN,1800,36.6
SVN,1801,36.6
SVN,1802,36.6
SVN,1803,36.6
SVN,1804,36.6
SVN,1805,36.6
SVN,1806,36.6
SVN,1807,36.6
SVN,1808,36.6
SVN,1809,36.6
SVN,1810,36.6
SVN,1811,36.6
SVN,1812,36.6
SVN,1813,36.6
SVN,1814,36.6
SVN,1815,36.6
SVN,1816,36.6
SVN,1817,36.6
SVN,1818,36.6
SVN,1819,36.6
SVN,1820,36.6
SVN,1821,36.6
SVN,1822,36.6
SVN,1823,36.6
SVN,1824,36.6
SVN,1825,36.6
SVN,1826,36.6
SVN,1827,36.6
SVN,1828,36.6
SVN,1829,36.6
SVN,1830,36.6
SVN,1831,36.6
SVN,1832,36.6
SVN,1833,36.6
SVN,1834,36.6
SVN,1835,36.6
SVN,1836,36.6
SVN,1837,36.6
SVN,1838,36.6
SVN,1839,36.6
SVN,1840,36.6
SVN,1841,36.6
SVN,1842,36.6
SVN,1843,36.6
SVN,1844,36.6
SVN,1845,36.6
SVN,1846,36.6
SVN,1847,36.6
SVN,1848,36.6
SVN,1849,36.6
SVN,1850,36.6
SVN,1851,36.6
SVN,1852,36.6
SVN,1853,36.6
SVN,1854,36.6
SVN,1855,36.6
SVN,1856,36.6
SVN,1857,36.6
SVN,1858,36.6
SVN,1859,36.6
SVN,1860,36.6
SVN,1861,36.6
SVN,1862,36.6
SVN,1863,36.6
SVN,1864,36.6
SVN,1865,36.6
SVN,1866,36.6
SVN,1867,36.6
SVN,1868,36.6
SVN,1869,36.6
SVN,1870,36.6
SVN,1871,36.6
SVN,1872,36.6
SVN,1873,36.6
SVN,1874,36.6
SVN,1875,36.6
SVN,1876,36.6
SVN,1877,36.6
SVN,1878,36.6
SVN,1879,36.6
SVN,1880,36.6
SVN,1881,36.6
SVN,1882,36.6
SVN,1883,36.6
SVN,1884,36.6
SVN,1885,36.6
SVN,1886,36.6
SVN,1887,36.6
SVN,1888,36.6
SVN,1889,36.6
SVN,1890,36.6
SVN,1891,36.6
SVN,1892,36.6
SVN,1893,36.6
SVN,1894,36.6
SVN,1895,36.6
SVN,1896,36.6
SVN,1897,36.6
SVN,1898,36.6
SVN,1899,36.6
SVN,1900,36.6
SVN,1901,36.6
SVN,1902,36.6
SVN,1903,36.6
SVN,1904,36.6
SVN,1905,36.6
SVN,1906,36.6
SVN,1907,36.6
SVN,1908,36.6
SVN,1909,36.6
SVN,1910,36.6
SVN,1911,36.6
SVN,1912,36.6
SVN,1913,36.6
SVN,1914,36.6
SVN,1915,36.6
SVN,1916,36.6
SVN,1917,36.6
SVN,1918,20.09
SVN,1919,36.6
SVN,1920,36.6
SVN,1921,37.53
SVN,1922,38.46
SVN,1923,39.39
SVN,1924,40.31
SVN,1925,41.24
SVN,1926,42.17
SVN,1927,43.1
SVN,1928,44.03
SVN,1929,44.96
SVN,1930,45.88
SVN,1931,46.81
SVN,1932,47.74
SVN,1933,48.67
SVN,1934,49.6
SVN,1935,50.53
SVN,1936,51.45
SVN,1937,52.38
SVN,1938,53.31
SVN,1939,54.24
SVN,1940,55.17
SVN,1941,52.2
SVN,1942,50.41
SVN,1943,48.76
SVN,1944,47.32
SVN,1945,49.07
SVN,1946,54.98
SVN,1947,60.98
SVN,1948,62.47
SVN,1949,63.48
SVN,1950,64.42
SVN,1951,64.71
SVN,1952,65.28
SVN,1953,65.83
SVN,1954,66.34
SVN,1955,66.81
SVN,1956,67.25
SVN,1957,67.66
SVN,1958,68.02
SVN,1959,68.34
SVN,1960,68.62
SVN,1961,68.82
SVN,1962,68.98
SVN,1963,69.08
SVN,1964,69.12
SVN,1965,69.14
SVN,1966,69.14
SVN,1967,69.14
SVN,1968,69.17
SVN,1969,69.23
SVN,1970,69.32
SVN,1971,69.47
SVN,1972,69.66
SVN,1973,69.86
SVN,1974,70.09
SVN,1975,70.32
SVN,1976,70.51
SVN,1977,70.66
SVN,1978,70.77
SVN,1979,70.85
SVN,1980,70.89
SVN,1981,70.94
SVN,1982,71.03
SVN,1983,70.74
SVN,1984,71.2
SVN,1985,71.63
SVN,1986,72.17
SVN,1987,72.1
SVN,1988,72.75
SVN,1989,73.19
SVN,1990,73.7
SVN,1991,73.6
SVN,1992,73.8
SVN,1993,73.9
SVN,1994,74.2
SVN,1995,74.6
SVN,1996,75
SVN,1997,75.2
SVN,1998,75.4
SVN,1999,75.7
SVN,2000,76.1
SVN,2001,76.3
SVN,2002,76.6
SVN,2003,76.8
SVN,2004,77.2
SVN,2005,77.6
SVN,2006,77.9
SVN,2007,78.2
SVN,2008,78.7
SVN,2009,79.1
SVN,2010,79.5
SVN,2011,79.9
SVN,2012,80.1
SVN,2013,80.3
SVN,2014,80.8
SVN,2015,80.9
SVN,2016,81
SLB,1800,25.1
SLB,1801,25.1
SLB,1802,25.1
SLB,1803,25.1
SLB,1804,25.1
SLB,1805,25.1
SLB,1806,25.1
SLB,1807,25.1
SLB,1808,25.1
SLB,1809,25.1
SLB,1810,25.1
SLB,1811,25.1
SLB,1812,25.1
SLB,1813,25.1
SLB,1814,25.1
SLB,1815,25.1
SLB,1816,25.1
SLB,1817,25.1
SLB,1818,25.1
SLB,1819,25.1
SLB,1820,25.1
SLB,1821,25.1
SLB,1822,25.1
SLB,1823,25.1
SLB,1824,25.1
SLB,1825,25.1
SLB,1826,25.1
SLB,1827,25.1
SLB,1828,25.1
SLB,1829,25.1
SLB,1830,25.1
SLB,1831,25.1
SLB,1832,25.1
SLB,1833,25.1
SLB,1834,25.1
SLB,1835,25.1
SLB,1836,25.1
SLB,1837,25.1
SLB,1838,25.1
SLB,1839,25.1
SLB,1840,25.1
SLB,1841,25.1
SLB,1842,25.1
SLB,1843,25.1
SLB,1844,25.1
SLB,1845,25.1
SLB,1846,25.1
SLB,1847,25.1
SLB,1848,25.1
SLB,1849,25.1
SLB,1850,25.1
SLB,1851,25.1
SLB,1852,25.1
SLB,1853,25.1
SLB,1854,25.1
SLB,1855,25.1
SLB,1856,25.1
SLB,1857,25.1
SLB,1858,25.1
SLB,1859,25.1
SLB,1860,25.1
SLB,1861,25.1
SLB,1862,25.1
SLB,1863,25.1
SLB,1864,25.1
SLB,1865,25.1
SLB,1866,25.1
SLB,1867,25.1
SLB,1868,25.1
SLB,1869,25.1
SLB,1870,25.1
SLB,1871,25.1
SLB,1872,25.1
SLB,1873,25.1
SLB,1874,25.1
SLB,1875,25.1
SLB,1876,25.1
SLB,1877,25.1
SLB,1878,25.1
SLB,1879,25.1
SLB,1880,25.1
SLB,1881,25.1
SLB,1882,25.1
SLB,1883,25.1
SLB,1884,25.1
SLB,1885,25.1
SLB,1886,25.1
SLB,1887,25.1
SLB,1888,25.1
SLB,1889,25.1
SLB,1890,25.1
SLB,1891,25.1
SLB,1892,25.1
SLB,1893,25.1
SLB,1894,25.1
SLB,1895,25.1
SLB,1896,25.1
SLB,1897,25.1
SLB,1898,25.1
SLB,1899,25.1
SLB,1900,25.1
SLB,1901,25.1
SLB,1902,25.1
SLB,1903,25.1
SLB,1904,25.1
SLB,1905,25.1
SLB,1906,25.1
SLB,1907,25.1
SLB,1908,25.1
SLB,1909,25.1
SLB,1910,25.1
SLB,1911,25.1
SLB,1912,25.1
SLB,1913,25.1
SLB,1914,25.1
SLB,1915,25.1
SLB,1916,25.1
SLB,1917,25.1
SLB,1918,24.5
SLB,1919,25.1
SLB,1920,25.1
SLB,1921,25.1
SLB,1922,25.1
SLB,1923,25.1
SLB,1924,25.1
SLB,1925,25.1
SLB,1926,25.1
SLB,1927,25.1
SLB,1928,25.1
SLB,1929,25.1
SLB,1930,25.1
SLB,1931,25.1
SLB,1932,25.1
SLB,1933,25.1
SLB,1934,25.1
SLB,1935,26.3
SLB,1936,27.51
SLB,1937,28.71
SLB,1938,29.92
SLB,1939,31.12
SLB,1940,32.33
SLB,1941,33.6
SLB,1942,28.14
SLB,1943,26.21
SLB,1944,31.28
SLB,1945,35.34
SLB,1946,38.41
SLB,1947,40.48
SLB,1948,42.45
SLB,1949,43.72
SLB,1950,45.07
SLB,1951,45.39
SLB,1952,45.97
SLB,1953,46.53
SLB,1954,47.11
SLB,1955,47.68
SLB,1956,48.26
SLB,1957,48.83
SLB,1958,49.41
SLB,1959,49.98
SLB,1960,50.55
SLB,1961,51.12
SLB,1962,51.69
SLB,1963,52.27
SLB,1964,52.84
SLB,1965,53.42
SLB,1966,54
SLB,1967,54.58
SLB,1968,55.16
SLB,1969,55.74
SLB,1970,56.31
SLB,1971,56.91
SLB,1972,57.52
SLB,1973,58.13
SLB,1974,58.74
SLB,1975,59.33
SLB,1976,59.9
SLB,1977,60.43
SLB,1978,60.89
SLB,1979,61.27
SLB,1980,61.53
SLB,1981,61.59
SLB,1982,61.46
SLB,1983,61.16
SLB,1984,60.74
SLB,1985,60.26
SLB,1986,59.84
SLB,1987,59.58
SLB,1988,59.52
SLB,1989,59.7
SLB,1990,60.1
SLB,1991,60
SLB,1992,60.4
SLB,1993,60.6
SLB,1994,60.9
SLB,1995,61.1
SLB,1996,61.4
SLB,1997,61.5
SLB,1998,61.6
SLB,1999,61.7
SLB,2000,61.7
SLB,2001,61.7
SLB,2002,61.7
SLB,2003,61.7
SLB,2004,61.7
SLB,2005,61.8
SLB,2006,61.9
SLB,2007,61.9
SLB,2008,62.3
SLB,2009,62.4
SLB,2010,62.7
SLB,2011,63
SLB,2012,63.3
SLB,2013,63.5
SLB,2014,63.6
SLB,2015,64
SLB,2016,64.4
SOM,1800,29.4
SOM,1801,29.4
SOM,1802,29.4
SOM,1803,29.4
SOM,1804,29.4
SOM,1805,29.4
SOM,1806,29.4
SOM,1807,29.4
SOM,1808,29.4
SOM,1809,29.4
SOM,1810,29.4
SOM,1811,29.4
SOM,1812,29.4
SOM,1813,29.4
SOM,1814,29.4
SOM,1815,29.4
SOM,1816,29.4
SOM,1817,29.4
SOM,1818,29.4
SOM,1819,29.4
SOM,1820,29.4
SOM,1821,29.4
SOM,1822,29.4
SOM,1823,29.4
SOM,1824,29.4
SOM,1825,29.4
SOM,1826,29.4
SOM,1827,29.4
SOM,1828,29.4
SOM,1829,29.4
SOM,1830,29.4
SOM,1831,29.4
SOM,1832,29.4
SOM,1833,29.4
SOM,1834,29.4
SOM,1835,29.4
SOM,1836,29.4
SOM,1837,29.4
SOM,1838,29.4
SOM,1839,29.4
SOM,1840,29.4
SOM,1841,29.4
SOM,1842,29.4
SOM,1843,29.4
SOM,1844,29.4
SOM,1845,29.4
SOM,1846,29.4
SOM,1847,29.4
SOM,1848,29.4
SOM,1849,29.4
SOM,1850,29.4
SOM,1851,29.4
SOM,1852,29.4
SOM,1853,29.4
SOM,1854,29.4
SOM,1855,29.4
SOM,1856,29.4
SOM,1857,29.4
SOM,1858,29.4
SOM,1859,29.4
SOM,1860,29.4
SOM,1861,29.4
SOM,1862,29.4
SOM,1863,29.4
SOM,1864,29.4
SOM,1865,29.4
SOM,1866,29.4
SOM,1867,29.4
SOM,1868,29.4
SOM,1869,29.4
SOM,1870,29.4
SOM,1871,29.4
SOM,1872,29.4
SOM,1873,29.4
SOM,1874,29.4
SOM,1875,29.4
SOM,1876,29.4
SOM,1877,29.4
SOM,1878,29.4
SOM,1879,29.4
SOM,1880,29.4
SOM,1881,29.4
SOM,1882,29.4
SOM,1883,29.4
SOM,1884,29.4
SOM,1885,29.4
SOM,1886,29.4
SOM,1887,29.4
SOM,1888,29.4
SOM,1889,29.4
SOM,1890,29.4
SOM,1891,29.4
SOM,1892,29.4
SOM,1893,29.4
SOM,1894,29.4
SOM,1895,29.4
SOM,1896,29.4
SOM,1897,29.4
SOM,1898,29.4
SOM,1899,29.4
SOM,1900,29.4
SOM,1901,29.4
SOM,1902,29.4
SOM,1903,29.4
SOM,1904,29.4
SOM,1905,29.4
SOM,1906,29.4
SOM,1907,29.4
SOM,1908,29.4
SOM,1909,29.4
SOM,1910,29.4
SOM,1911,29.4
SOM,1912,29.4
SOM,1913,29.4
SOM,1914,29.4
SOM,1915,29.4
SOM,1916,29.4
SOM,1917,29.4
SOM,1918,15.5
SOM,1919,29.4
SOM,1920,29.4
SOM,1921,29.4
SOM,1922,29.4
SOM,1923,29.4
SOM,1924,29.4
SOM,1925,29.4
SOM,1926,29.4
SOM,1927,29.4
SOM,1928,29.4
SOM,1929,29.4
SOM,1930,29.4
SOM,1931,29.4
SOM,1932,29.4
SOM,1933,29.4
SOM,1934,29.4
SOM,1935,29.4
SOM,1936,29.4
SOM,1937,29.4
SOM,1938,29.4
SOM,1939,29.4
SOM,1940,29.4
SOM,1941,29.47
SOM,1942,29.54
SOM,1943,29.6
SOM,1944,29.67
SOM,1945,29.74
SOM,1946,30.57
SOM,1947,31.38
SOM,1948,32.21
SOM,1949,33.03
SOM,1950,33.86
SOM,1951,34.13
SOM,1952,34.6
SOM,1953,35.07
SOM,1954,35.54
SOM,1955,36.01
SOM,1956,36.47
SOM,1957,36.94
SOM,1958,37.41
SOM,1959,37.87
SOM,1960,38.34
SOM,1961,38.8
SOM,1962,39.26
SOM,1963,39.74
SOM,1964,40.21
SOM,1965,40.68
SOM,1966,41.14
SOM,1967,41.61
SOM,1968,42.08
SOM,1969,42.54
SOM,1970,42.99
SOM,1971,43.44
SOM,1972,43.9
SOM,1973,44.35
SOM,1974,44.8
SOM,1975,45.24
SOM,1976,45.7
SOM,1977,46.15
SOM,1978,46.6
SOM,1979,47.03
SOM,1980,47.46
SOM,1981,47.88
SOM,1982,48.28
SOM,1983,48.65
SOM,1984,48.98
SOM,1985,49.24
SOM,1986,49.36
SOM,1987,49.34
SOM,1988,49.19
SOM,1989,48.98
SOM,1990,48.8
SOM,1991,47.4
SOM,1992,48.4
SOM,1993,49.7
SOM,1994,49.7
SOM,1995,49.9
SOM,1996,49.9
SOM,1997,49.6
SOM,1998,50.3
SOM,1999,50.4
SOM,2000,50.7
SOM,2001,50.9
SOM,2002,51.1
SOM,2003,51.5
SOM,2004,51.6
SOM,2005,52.1
SOM,2006,52.2
SOM,2007,52.4
SOM,2008,52.6
SOM,2009,52.8
SOM,2010,51.6
SOM,2011,52
SOM,2012,53.4
SOM,2013,54.1
SOM,2014,54.3
SOM,2015,54.2
SOM,2016,54.1
ZAF,1800,33.5
ZAF,1801,33.5
ZAF,1802,33.5
ZAF,1803,33.5
ZAF,1804,33.5
ZAF,1805,33.5
ZAF,1806,33.5
ZAF,1807,33.5
ZAF,1808,33.5
ZAF,1809,33.5
ZAF,1810,33.5
ZAF,1811,33.5
ZAF,1812,33.5
ZAF,1813,33.5
ZAF,1814,33.5
ZAF,1815,33.5
ZAF,1816,33.5
ZAF,1817,33.5
ZAF,1818,33.5
ZAF,1819,33.5
ZAF,1820,33.5
ZAF,1821,33.5
ZAF,1822,33.5
ZAF,1823,33.5
ZAF,1824,33.5
ZAF,1825,33.5
ZAF,1826,33.5
ZAF,1827,33.5
ZAF,1828,33.5
ZAF,1829,33.5
ZAF,1830,33.5
ZAF,1831,33.5
ZAF,1832,33.5
ZAF,1833,33.5
ZAF,1834,33.5
ZAF,1835,33.5
ZAF,1836,33.5
ZAF,1837,33.5
ZAF,1838,33.5
ZAF,1839,33.5
ZAF,1840,33.5
ZAF,1841,33.5
ZAF,1842,33.5
ZAF,1843,33.5
ZAF,1844,33.5
ZAF,1845,33.5
ZAF,1846,33.5
ZAF,1847,33.5
ZAF,1848,33.5
ZAF,1849,33.5
ZAF,1850,33.5
ZAF,1851,33.5
ZAF,1852,33.5
ZAF,1853,33.5
ZAF,1854,33.5
ZAF,1855,33.5
ZAF,1856,33.5
ZAF,1857,33.5
ZAF,1858,33.5
ZAF,1859,33.5
ZAF,1860,33.5
ZAF,1861,33.5
ZAF,1862,33.5
ZAF,1863,33.5
ZAF,1864,33.5
ZAF,1865,33.5
ZAF,1866,33.5
ZAF,1867,33.5
ZAF,1868,33.5
ZAF,1869,33.5
ZAF,1870,33.5
ZAF,1871,33.5
ZAF,1872,33.5
ZAF,1873,33.5
ZAF,1874,33.5
ZAF,1875,33.5
ZAF,1876,33.5
ZAF,1877,33.5
ZAF,1878,33.5
ZAF,1879,33.5
ZAF,1880,33.5
ZAF,1881,33.5
ZAF,1882,33.5
ZAF,1883,33.5
ZAF,1884,33.5
ZAF,1885,33.5
ZAF,1886,33.5
ZAF,1887,33.5
ZAF,1888,33.5
ZAF,1889,33.5
ZAF,1890,33.5
ZAF,1891,33.5
ZAF,1892,33.5
ZAF,1893,33.5
ZAF,1894,33.5
ZAF,1895,33.5
ZAF,1896,33.5
ZAF,1897,33.5
ZAF,1898,33.5
ZAF,1899,33.5
ZAF,1900,33.5
ZAF,1901,33.5
ZAF,1902,33.5
ZAF,1903,33.5
ZAF,1904,33.5
ZAF,1905,33.5
ZAF,1906,33.5
ZAF,1907,33.5
ZAF,1908,33.5
ZAF,1909,33.5
ZAF,1910,33.5
ZAF,1911,33.5
ZAF,1912,33.5
ZAF,1913,33.5
ZAF,1914,33.5
ZAF,1915,33.5
ZAF,1916,33.5
ZAF,1917,33.5
ZAF,1918,11.07
ZAF,1919,33.5
ZAF,1920,33.5
ZAF,1921,33.5
ZAF,1922,33.5
ZAF,1923,33.5
ZAF,1924,33.5
ZAF,1925,33.5
ZAF,1926,33.5
ZAF,1927,33.5
ZAF,1928,33.5
ZAF,1929,33.5
ZAF,1930,33.5
ZAF,1931,34
ZAF,1932,34.5
ZAF,1933,35.01
ZAF,1934,35.51
ZAF,1935,36.01
ZAF,1936,36.51
ZAF,1937,37.02
ZAF,1938,37.52
ZAF,1939,38.02
ZAF,1940,38.52
ZAF,1941,39.03
ZAF,1942,39.53
ZAF,1943,40.02
ZAF,1944,40.52
ZAF,1945,41.03
ZAF,1946,41.53
ZAF,1947,42.03
ZAF,1948,42.52
ZAF,1949,43.02
ZAF,1950,43.53
ZAF,1951,43.92
ZAF,1952,44.67
ZAF,1953,45.37
ZAF,1954,46.03
ZAF,1955,46.63
ZAF,1956,47.19
ZAF,1957,47.71
ZAF,1958,48.17
ZAF,1959,48.6
ZAF,1960,49.01
ZAF,1961,49.4
ZAF,1962,49.78
ZAF,1963,50.14
ZAF,1964,50.52
ZAF,1965,50.91
ZAF,1966,51.3
ZAF,1967,51.68
ZAF,1968,52.04
ZAF,1969,52.41
ZAF,1970,52.77
ZAF,1971,53.11
ZAF,1972,53.44
ZAF,1973,53.77
ZAF,1974,54.11
ZAF,1975,54.47
ZAF,1976,54.86
ZAF,1977,55.3
ZAF,1978,55.77
ZAF,1979,56.29
ZAF,1980,56.85
ZAF,1981,57.44
ZAF,1982,58.04
ZAF,1983,58.64
ZAF,1984,59.22
ZAF,1985,59.78
ZAF,1986,60.32
ZAF,1987,60.83
ZAF,1988,61.29
ZAF,1989,61.69
ZAF,1990,62
ZAF,1991,62.5
ZAF,1992,62.4
ZAF,1993,63
ZAF,1994,62.8
ZAF,1995,62.7
ZAF,1996,61.6
ZAF,1997,60
ZAF,1998,58.9
ZAF,1999,57.9
ZAF,2000,56.4
ZAF,2001,55.9
ZAF,2002,54.8
ZAF,2003,53.7
ZAF,2004,52.8
ZAF,2005,52.7
ZAF,2006,52.5
ZAF,2007,53
ZAF,2008,53.4
ZAF,2009,53.9
ZAF,2010,54.9
ZAF,2011,56.6
ZAF,2012,59
ZAF,2013,60.7
ZAF,2014,61.2
ZAF,2015,61.3
ZAF,2016,61.4
ESP,1800,29.5
ESP,1801,29.5
ESP,1802,29.5
ESP,1803,29.5
ESP,1804,29.5
ESP,1805,29.5
ESP,1806,29.5
ESP,1807,29.5
ESP,1808,29.5
ESP,1809,29.5
ESP,1810,29.5
ESP,1811,29.5
ESP,1812,29.5
ESP,1813,29.5
ESP,1814,29.5
ESP,1815,29.5
ESP,1816,29.5
ESP,1817,29.5
ESP,1818,29.5
ESP,1819,29.5
ESP,1820,29.5
ESP,1821,29.5
ESP,1822,29.5
ESP,1823,29.5
ESP,1824,29.5
ESP,1825,29.5
ESP,1826,29.5
ESP,1827,29.5
ESP,1828,29.5
ESP,1829,29.5
ESP,1830,29.5
ESP,1831,29.5
ESP,1832,29.5
ESP,1833,29.5
ESP,1834,29.5
ESP,1835,29.5
ESP,1836,29.5
ESP,1837,29.5
ESP,1838,29.5
ESP,1839,29.5
ESP,1840,29.5
ESP,1841,29.5
ESP,1842,29.5
ESP,1843,29.5
ESP,1844,29.5
ESP,1845,29.5
ESP,1846,29.5
ESP,1847,29.5
ESP,1848,29.5
ESP,1849,29.5
ESP,1850,29.5
ESP,1851,29.5
ESP,1852,29.5
ESP,1853,29.5
ESP,1854,29.5
ESP,1855,29.5
ESP,1856,29.5
ESP,1857,29.5
ESP,1858,29.5
ESP,1859,29.5
ESP,1860,29.5
ESP,1861,29.5
ESP,1862,29.5
ESP,1863,29.5
ESP,1864,29.5
ESP,1865,29.5
ESP,1866,29.5
ESP,1867,29.5
ESP,1868,29.5
ESP,1869,29.5
ESP,1870,29.5
ESP,1871,29.5
ESP,1872,29.5
ESP,1873,29.5
ESP,1874,29.5
ESP,1875,29.5
ESP,1876,29.5
ESP,1877,29.5
ESP,1878,29.5
ESP,1879,29.5
ESP,1880,29.5
ESP,1881,29.5
ESP,1882,29.5
ESP,1883,29.76
ESP,1884,30.02
ESP,1885,30.28
ESP,1886,30.54
ESP,1887,30.8
ESP,1888,31.06
ESP,1889,31.32
ESP,1890,31.58
ESP,1891,31.84
ESP,1892,32.1
ESP,1893,32.44
ESP,1894,32.78
ESP,1895,33.11
ESP,1896,33.45
ESP,1897,33.79
ESP,1898,34.13
ESP,1899,34.46
ESP,1900,34.8
ESP,1901,35.63
ESP,1902,36.46
ESP,1903,37.29
ESP,1904,38.13
ESP,1905,38.96
ESP,1906,39.79
ESP,1907,40.62
ESP,1908,41.45
ESP,1909,41.06
ESP,1910,40.92
ESP,1911,39.8
ESP,1912,43.53
ESP,1913,42.56
ESP,1914,42.84
ESP,1915,43.05
ESP,1916,43.98
ESP,1917,42.63
ESP,1918,30.29
ESP,1919,41.12
ESP,1920,39.31
ESP,1921,42.03
ESP,1922,44.21
ESP,1923,44.75
ESP,1924,46.3
ESP,1925,46.95
ESP,1926,47.76
ESP,1927,48.49
ESP,1928,48.67
ESP,1929,49.49
ESP,1930,49.34
ESP,1931,49.25
ESP,1932,51.2
ESP,1933,51.6
ESP,1934,52.24
ESP,1935,52.72
ESP,1936,50.9
ESP,1937,47.22
ESP,1938,47.53
ESP,1939,47.09
ESP,1940,48.39
ESP,1941,47.16
ESP,1942,52.48
ESP,1943,54.84
ESP,1944,56.24
ESP,1945,57.83
ESP,1946,57.56
ESP,1947,59.32
ESP,1948,61.26
ESP,1949,61
ESP,1950,61.85
ESP,1951,61.5
ESP,1952,64.92
ESP,1953,65.79
ESP,1954,66.98
ESP,1955,66.75
ESP,1956,66.79
ESP,1957,66.63
ESP,1958,68.82
ESP,1959,68.74
ESP,1960,69.23
ESP,1961,69.62
ESP,1962,69.65
ESP,1963,69.81
ESP,1964,70.54
ESP,1965,70.95
ESP,1966,71.2
ESP,1967,71.39
ESP,1968,71.68
ESP,1969,71.21
ESP,1970,72.19
ESP,1971,71.79
ESP,1972,73
ESP,1973,72.78
ESP,1974,73.16
ESP,1975,73.49
ESP,1976,73.81
ESP,1977,74.32
ESP,1978,74.51
ESP,1979,75.05
ESP,1980,75.53
ESP,1981,75.67
ESP,1982,76.22
ESP,1983,76
ESP,1984,76.38
ESP,1985,76.34
ESP,1986,76.59
ESP,1987,76.82
ESP,1988,76.82
ESP,1989,76.89
ESP,1990,76.9
ESP,1991,77
ESP,1992,77.4
ESP,1993,77.6
ESP,1994,77.8
ESP,1995,77.9
ESP,1996,78.1
ESP,1997,78.6
ESP,1998,78.8
ESP,1999,78.8
ESP,2000,79.2
ESP,2001,79.5
ESP,2002,79.6
ESP,2003,79.6
ESP,2004,80
ESP,2005,80.3
ESP,2006,80.7
ESP,2007,80.8
ESP,2008,81.1
ESP,2009,81.5
ESP,2010,81.8
ESP,2011,82
ESP,2012,82.2
ESP,2013,82.5
ESP,2014,82.5
ESP,2015,82.6
ESP,2016,82.7
LKA,1800,32.6
LKA,1801,32.6
LKA,1802,32.6
LKA,1803,32.6
LKA,1804,32.6
LKA,1805,32.6
LKA,1806,32.6
LKA,1807,32.6
LKA,1808,32.6
LKA,1809,32.6
LKA,1810,32.6
LKA,1811,32.6
LKA,1812,32.6
LKA,1813,32.6
LKA,1814,32.6
LKA,1815,32.6
LKA,1816,32.6
LKA,1817,32.6
LKA,1818,32.6
LKA,1819,32.6
LKA,1820,32.6
LKA,1821,32.6
LKA,1822,32.6
LKA,1823,32.6
LKA,1824,32.6
LKA,1825,32.6
LKA,1826,32.6
LKA,1827,32.6
LKA,1828,32.6
LKA,1829,32.6
LKA,1830,32.6
LKA,1831,32.6
LKA,1832,32.6
LKA,1833,32.6
LKA,1834,32.6
LKA,1835,32.6
LKA,1836,32.6
LKA,1837,32.6
LKA,1838,32.6
LKA,1839,32.6
LKA,1840,32.6
LKA,1841,32.6
LKA,1842,32.6
LKA,1843,32.6
LKA,1844,32.6
LKA,1845,32.6
LKA,1846,32.6
LKA,1847,32.6
LKA,1848,32.6
LKA,1849,32.6
LKA,1850,32.6
LKA,1851,32.6
LKA,1852,32.6
LKA,1853,32.6
LKA,1854,32.6
LKA,1855,32.6
LKA,1856,32.6
LKA,1857,32.6
LKA,1858,32.6
LKA,1859,32.6
LKA,1860,32.6
LKA,1861,32.6
LKA,1862,32.6
LKA,1863,32.6
LKA,1864,32.6
LKA,1865,32.6
LKA,1866,32.6
LKA,1867,32.6
LKA,1868,32.6
LKA,1869,32.6
LKA,1870,32.6
LKA,1871,32.6
LKA,1872,32.6
LKA,1873,32.6
LKA,1874,32.6
LKA,1875,32.6
LKA,1876,32.6
LKA,1877,32.6
LKA,1878,32.6
LKA,1879,32.6
LKA,1880,32.6
LKA,1881,32.6
LKA,1882,32.6
LKA,1883,32.6
LKA,1884,32.6
LKA,1885,32.6
LKA,1886,32.6
LKA,1887,32.6
LKA,1888,32.6
LKA,1889,32.6
LKA,1890,32.6
LKA,1891,32.6
LKA,1892,32.6
LKA,1893,32.6
LKA,1894,32.6
LKA,1895,32.6
LKA,1896,32.6
LKA,1897,32.6
LKA,1898,32.6
LKA,1899,32.6
LKA,1900,32.6
LKA,1901,32.6
LKA,1902,32.68
LKA,1903,34.02
LKA,1904,34.88
LKA,1905,32.52
LKA,1906,27.03
LKA,1907,30.17
LKA,1908,30.62
LKA,1909,29.94
LKA,1910,32.85
LKA,1911,27.3
LKA,1912,28.99
LKA,1913,31.95
LKA,1914,29.2
LKA,1915,34.44
LKA,1916,32.76
LKA,1917,34.36
LKA,1918,28.2
LKA,1919,25.45
LKA,1920,31.09
LKA,1921,32
LKA,1922,36.04
LKA,1923,33.23
LKA,1924,37.86
LKA,1925,39.66
LKA,1926,38.41
LKA,1927,41.54
LKA,1928,37.64
LKA,1929,37.42
LKA,1930,38.19
LKA,1931,42.15
LKA,1932,44.15
LKA,1933,43.26
LKA,1934,41.18
LKA,1935,27.76
LKA,1936,42.51
LKA,1937,42.64
LKA,1938,43.51
LKA,1939,42.64
LKA,1940,44.02
LKA,1941,47.08
LKA,1942,47.37
LKA,1943,43.82
LKA,1944,43.84
LKA,1945,42.99
LKA,1946,45.92
LKA,1947,53.43
LKA,1948,53.18
LKA,1949,52.93
LKA,1950,52.67
LKA,1951,53.25
LKA,1952,54.34
LKA,1953,55.32
LKA,1954,56.22
LKA,1955,57.01
LKA,1956,57.71
LKA,1957,58.32
LKA,1958,58.86
LKA,1959,59.32
LKA,1960,59.76
LKA,1961,60.18
LKA,1962,60.61
LKA,1963,61.06
LKA,1964,61.55
LKA,1965,62.07
LKA,1966,62.62
LKA,1967,63.17
LKA,1968,63.7
LKA,1969,64.21
LKA,1970,64.69
LKA,1971,65.15
LKA,1972,65.56
LKA,1973,65.97
LKA,1974,66.36
LKA,1975,66.76
LKA,1976,67.17
LKA,1977,67.6
LKA,1978,68.06
LKA,1979,68.52
LKA,1980,68.97
LKA,1981,69.35
LKA,1982,69.64
LKA,1983,69.83
LKA,1984,69.93
LKA,1985,69.97
LKA,1986,70
LKA,1987,70.05
LKA,1988,70.16
LKA,1989,70.32
LKA,1990,70.5
LKA,1991,71.3
LKA,1992,72
LKA,1993,72.9
LKA,1994,72.8
LKA,1995,71.7
LKA,1996,71.3
LKA,1997,71.4
LKA,1998,72
LKA,1999,72.4
LKA,2000,72.4
LKA,2001,73.3
LKA,2002,73.7
LKA,2003,74
LKA,2004,69.4
LKA,2005,73.9
LKA,2006,73.9
LKA,2007,74.4
LKA,2008,74
LKA,2009,74.1
LKA,2010,75
LKA,2011,76.4
LKA,2012,76.8
LKA,2013,77.1
LKA,2014,77.4
LKA,2015,77.6
LKA,2016,77.8
SDN,1800,31.4
SDN,1801,31.4
SDN,1802,31.4
SDN,1803,31.4
SDN,1804,31.4
SDN,1805,31.4
SDN,1806,31.4
SDN,1807,31.4
SDN,1808,31.4
SDN,1809,31.4
SDN,1810,31.4
SDN,1811,31.4
SDN,1812,31.4
SDN,1813,31.4
SDN,1814,31.4
SDN,1815,31.4
SDN,1816,31.4
SDN,1817,31.4
SDN,1818,31.4
SDN,1819,31.4
SDN,1820,31.4
SDN,1821,31.4
SDN,1822,31.4
SDN,1823,31.4
SDN,1824,31.4
SDN,1825,31.4
SDN,1826,31.4
SDN,1827,31.4
SDN,1828,31.4
SDN,1829,31.4
SDN,1830,31.4
SDN,1831,31.4
SDN,1832,31.4
SDN,1833,31.4
SDN,1834,31.4
SDN,1835,31.4
SDN,1836,31.4
SDN,1837,31.4
SDN,1838,31.4
SDN,1839,31.4
SDN,1840,31.4
SDN,1841,31.4
SDN,1842,31.4
SDN,1843,31.4
SDN,1844,31.4
SDN,1845,31.4
SDN,1846,31.4
SDN,1847,31.4
SDN,1848,31.4
SDN,1849,31.4
SDN,1850,31.4
SDN,1851,31.4
SDN,1852,31.4
SDN,1853,31.4
SDN,1854,31.4
SDN,1855,31.4
SDN,1856,31.4
SDN,1857,31.4
SDN,1858,31.4
SDN,1859,31.4
SDN,1860,31.4
SDN,1861,31.4
SDN,1862,31.4
SDN,1863,31.4
SDN,1864,31.4
SDN,1865,31.4
SDN,1866,31.4
SDN,1867,31.4
SDN,1868,31.4
SDN,1869,31.4
SDN,1870,31.4
SDN,1871,31.4
SDN,1872,31.4
SDN,1873,31.4
SDN,1874,31.4
SDN,1875,31.4
SDN,1876,31.4
SDN,1877,31.4
SDN,1878,31.4
SDN,1879,31.4
SDN,1880,31.4
SDN,1881,31.4
SDN,1882,31.4
SDN,1883,31.4
SDN,1884,31.4
SDN,1885,31.4
SDN,1886,31.4
SDN,1887,31.4
SDN,1888,31.4
SDN,1889,31.4
SDN,1890,31.4
SDN,1891,31.4
SDN,1892,31.4
SDN,1893,31.4
SDN,1894,31.4
SDN,1895,31.4
SDN,1896,31.4
SDN,1897,31.4
SDN,1898,31.4
SDN,1899,31.4
SDN,1900,31.4
SDN,1901,31.4
SDN,1902,31.4
SDN,1903,31.4
SDN,1904,31.4
SDN,1905,31.4
SDN,1906,31.4
SDN,1907,31.4
SDN,1908,31.4
SDN,1909,31.4
SDN,1910,31.4
SDN,1911,31.4
SDN,1912,31.4
SDN,1913,31.4
SDN,1914,31.4
SDN,1915,31.4
SDN,1916,31.4
SDN,1917,31.4
SDN,1918,12.14
SDN,1919,31.4
SDN,1920,31.4
SDN,1921,31.4
SDN,1922,31.4
SDN,1923,31.4
SDN,1924,31.4
SDN,1925,31.4
SDN,1926,31.4
SDN,1927,31.4
SDN,1928,31.4
SDN,1929,31.4
SDN,1930,31.4
SDN,1931,31.4
SDN,1932,31.4
SDN,1933,31.4
SDN,1934,31.4
SDN,1935,31.4
SDN,1936,31.4
SDN,1937,31.4
SDN,1938,31.4
SDN,1939,31.4
SDN,1940,31.4
SDN,1941,32.67
SDN,1942,33.94
SDN,1943,35.2
SDN,1944,36.48
SDN,1945,37.75
SDN,1946,39.02
SDN,1947,40.28
SDN,1948,41.55
SDN,1949,42.82
SDN,1950,44.09
SDN,1951,44.44
SDN,1952,45.08
SDN,1953,45.71
SDN,1954,46.31
SDN,1955,46.88
SDN,1956,47.45
SDN,1957,48
SDN,1958,48.53
SDN,1959,49.04
SDN,1960,49.54
SDN,1961,50.04
SDN,1962,50.52
SDN,1963,50.99
SDN,1964,51.47
SDN,1965,51.94
SDN,1966,52.42
SDN,1967,52.9
SDN,1968,53.36
SDN,1969,53.82
SDN,1970,54.26
SDN,1971,54.68
SDN,1972,55.06
SDN,1973,55.41
SDN,1974,55.73
SDN,1975,56
SDN,1976,56.23
SDN,1977,56.44
SDN,1978,56.63
SDN,1979,56.8
SDN,1980,56.95
SDN,1981,57.11
SDN,1982,57.27
SDN,1983,57.44
SDN,1984,57.61
SDN,1985,57.81
SDN,1986,58.01
SDN,1987,58.23
SDN,1988,58.44
SDN,1989,58.67
SDN,1990,58.9
SDN,1991,59.2
SDN,1992,59.4
SDN,1993,59.5
SDN,1994,60.2
SDN,1995,60.5
SDN,1996,60.6
SDN,1997,60.8
SDN,1998,61.2
SDN,1999,62
SDN,2000,62.4
SDN,2001,62.8
SDN,2002,63.3
SDN,2003,63.5
SDN,2004,63.7
SDN,2005,64.6
SDN,2006,64.9
SDN,2007,65.3
SDN,2008,65.5
SDN,2009,65.7
SDN,2010,66.1
SDN,2011,66.3
SDN,2012,66.7
SDN,2013,66.9
SDN,2014,67.2
SDN,2015,67.5
SDN,2016,67.8
SUR,1800,32.9
SUR,1801,32.9
SUR,1802,32.9
SUR,1803,32.9
SUR,1804,32.9
SUR,1805,32.9
SUR,1806,32.9
SUR,1807,32.9
SUR,1808,32.9
SUR,1809,32.9
SUR,1810,32.9
SUR,1811,32.9
SUR,1812,32.9
SUR,1813,32.9
SUR,1814,32.9
SUR,1815,32.9
SUR,1816,32.9
SUR,1817,32.9
SUR,1818,32.9
SUR,1819,32.9
SUR,1820,32.9
SUR,1821,32.9
SUR,1822,32.9
SUR,1823,32.9
SUR,1824,32.9
SUR,1825,32.9
SUR,1826,32.9
SUR,1827,32.9
SUR,1828,32.9
SUR,1829,32.9
SUR,1830,32.9
SUR,1831,32.9
SUR,1832,32.9
SUR,1833,32.9
SUR,1834,32.9
SUR,1835,32.9
SUR,1836,32.9
SUR,1837,32.9
SUR,1838,32.9
SUR,1839,32.9
SUR,1840,32.9
SUR,1841,32.9
SUR,1842,32.9
SUR,1843,32.9
SUR,1844,32.9
SUR,1845,32.9
SUR,1846,32.9
SUR,1847,32.9
SUR,1848,32.9
SUR,1849,32.9
SUR,1850,32.9
SUR,1851,32.9
SUR,1852,32.9
SUR,1853,32.9
SUR,1854,32.9
SUR,1855,32.9
SUR,1856,32.9
SUR,1857,32.9
SUR,1858,32.9
SUR,1859,32.9
SUR,1860,32.9
SUR,1861,32.9
SUR,1862,32.9
SUR,1863,32.9
SUR,1864,32.9
SUR,1865,32.9
SUR,1866,32.9
SUR,1867,32.9
SUR,1868,32.9
SUR,1869,32.9
SUR,1870,32.9
SUR,1871,32.9
SUR,1872,32.9
SUR,1873,32.9
SUR,1874,32.9
SUR,1875,32.9
SUR,1876,32.9
SUR,1877,32.9
SUR,1878,32.9
SUR,1879,32.9
SUR,1880,32.9
SUR,1881,32.9
SUR,1882,32.9
SUR,1883,32.9
SUR,1884,32.9
SUR,1885,32.9
SUR,1886,32.9
SUR,1887,32.9
SUR,1888,32.9
SUR,1889,32.9
SUR,1890,32.9
SUR,1891,32.9
SUR,1892,32.9
SUR,1893,32.9
SUR,1894,32.9
SUR,1895,32.9
SUR,1896,32.9
SUR,1897,32.9
SUR,1898,32.9
SUR,1899,32.9
SUR,1900,32.9
SUR,1901,32.9
SUR,1902,32.9
SUR,1903,32.9
SUR,1904,32.9
SUR,1905,32.9
SUR,1906,32.9
SUR,1907,32.9
SUR,1908,32.9
SUR,1909,32.9
SUR,1910,32.9
SUR,1911,32.9
SUR,1912,32.9
SUR,1913,32.9
SUR,1914,32.9
SUR,1915,32.9
SUR,1916,32.9
SUR,1917,32.9
SUR,1918,29.08
SUR,1919,32.9
SUR,1920,32.9
SUR,1921,32.9
SUR,1922,32.9
SUR,1923,32.9
SUR,1924,32.9
SUR,1925,32.9
SUR,1926,33.77
SUR,1927,34.64
SUR,1928,35.51
SUR,1929,36.38
SUR,1930,37.25
SUR,1931,38.12
SUR,1932,38.99
SUR,1933,39.86
SUR,1934,40.73
SUR,1935,41.61
SUR,1936,42.48
SUR,1937,43.35
SUR,1938,44.22
SUR,1939,45.09
SUR,1940,45.96
SUR,1941,46.88
SUR,1942,47.79
SUR,1943,48.71
SUR,1944,49.62
SUR,1945,50.54
SUR,1946,51.46
SUR,1947,52.37
SUR,1948,53.29
SUR,1949,54.21
SUR,1950,55.12
SUR,1951,55.52
SUR,1952,56.24
SUR,1953,56.93
SUR,1954,57.57
SUR,1955,58.16
SUR,1956,58.72
SUR,1957,59.24
SUR,1958,59.71
SUR,1959,60.16
SUR,1960,60.58
SUR,1961,61
SUR,1962,61.41
SUR,1963,61.81
SUR,1964,62.23
SUR,1965,62.65
SUR,1966,63.07
SUR,1967,63.49
SUR,1968,63.89
SUR,1969,64.28
SUR,1970,64.66
SUR,1971,65
SUR,1972,65.32
SUR,1973,65.62
SUR,1974,65.91
SUR,1975,66.19
SUR,1976,66.47
SUR,1977,66.76
SUR,1978,67.07
SUR,1979,67.39
SUR,1980,67.71
SUR,1981,68.02
SUR,1982,68.31
SUR,1983,68.57
SUR,1984,68.79
SUR,1985,68.98
SUR,1986,69.15
SUR,1987,69.29
SUR,1988,69.43
SUR,1989,69.57
SUR,1990,69.7
SUR,1991,69.9
SUR,1992,69.8
SUR,1993,69.7
SUR,1994,69.8
SUR,1995,70.1
SUR,1996,70.2
SUR,1997,70.2
SUR,1998,70.1
SUR,1999,69.9
SUR,2000,69.7
SUR,2001,69.5
SUR,2002,69.4
SUR,2003,69.5
SUR,2004,69.7
SUR,2005,69.9
SUR,2006,70
SUR,2007,70.1
SUR,2008,70.2
SUR,2009,70.5
SUR,2010,70.7
SUR,2011,71
SUR,2012,71.3
SUR,2013,71.6
SUR,2014,71.8
SUR,2015,72
SUR,2016,72.2
SWZ,1800,32.3
SWZ,1801,32.3
SWZ,1802,32.3
SWZ,1803,32.3
SWZ,1804,32.3
SWZ,1805,32.3
SWZ,1806,32.3
SWZ,1807,32.3
SWZ,1808,32.3
SWZ,1809,32.3
SWZ,1810,32.3
SWZ,1811,32.3
SWZ,1812,32.3
SWZ,1813,32.3
SWZ,1814,32.3
SWZ,1815,32.3
SWZ,1816,32.3
SWZ,1817,32.3
SWZ,1818,32.3
SWZ,1819,32.3
SWZ,1820,32.3
SWZ,1821,32.3
SWZ,1822,32.3
SWZ,1823,32.3
SWZ,1824,32.3
SWZ,1825,32.3
SWZ,1826,32.3
SWZ,1827,32.3
SWZ,1828,32.3
SWZ,1829,32.3
SWZ,1830,32.3
SWZ,1831,32.3
SWZ,1832,32.3
SWZ,1833,32.3
SWZ,1834,32.3
SWZ,1835,32.3
SWZ,1836,32.3
SWZ,1837,32.3
SWZ,1838,32.3
SWZ,1839,32.3
SWZ,1840,32.3
SWZ,1841,32.3
SWZ,1842,32.3
SWZ,1843,32.3
SWZ,1844,32.3
SWZ,1845,32.3
SWZ,1846,32.3
SWZ,1847,32.3
SWZ,1848,32.3
SWZ,1849,32.3
SWZ,1850,32.3
SWZ,1851,32.3
SWZ,1852,32.3
SWZ,1853,32.3
SWZ,1854,32.3
SWZ,1855,32.3
SWZ,1856,32.3
SWZ,1857,32.3
SWZ,1858,32.3
SWZ,1859,32.3
SWZ,1860,32.3
SWZ,1861,32.3
SWZ,1862,32.3
SWZ,1863,32.3
SWZ,1864,32.3
SWZ,1865,32.3
SWZ,1866,32.3
SWZ,1867,32.3
SWZ,1868,32.3
SWZ,1869,32.3
SWZ,1870,32.3
SWZ,1871,32.3
SWZ,1872,32.3
SWZ,1873,32.3
SWZ,1874,32.3
SWZ,1875,32.3
SWZ,1876,32.3
SWZ,1877,32.3
SWZ,1878,32.3
SWZ,1879,32.3
SWZ,1880,32.3
SWZ,1881,32.3
SWZ,1882,32.3
SWZ,1883,32.3
SWZ,1884,32.3
SWZ,1885,32.3
SWZ,1886,32.3
SWZ,1887,32.3
SWZ,1888,32.3
SWZ,1889,32.3
SWZ,1890,32.3
SWZ,1891,32.3
SWZ,1892,32.3
SWZ,1893,32.3
SWZ,1894,32.3
SWZ,1895,32.3
SWZ,1896,32.3
SWZ,1897,32.3
SWZ,1898,32.3
SWZ,1899,32.3
SWZ,1900,32.3
SWZ,1901,32.3
SWZ,1902,32.3
SWZ,1903,32.3
SWZ,1904,32.3
SWZ,1905,32.3
SWZ,1906,32.3
SWZ,1907,32.3
SWZ,1908,32.3
SWZ,1909,32.3
SWZ,1910,32.3
SWZ,1911,32.3
SWZ,1912,32.3
SWZ,1913,32.3
SWZ,1914,32.3
SWZ,1915,32.3
SWZ,1916,32.3
SWZ,1917,32.3
SWZ,1918,12.49
SWZ,1919,32.3
SWZ,1920,32.3
SWZ,1921,32.3
SWZ,1922,32.3
SWZ,1923,32.3
SWZ,1924,32.3
SWZ,1925,32.3
SWZ,1926,32.3
SWZ,1927,32.3
SWZ,1928,32.3
SWZ,1929,32.3
SWZ,1930,32.3
SWZ,1931,32.3
SWZ,1932,32.3
SWZ,1933,32.3
SWZ,1934,32.3
SWZ,1935,32.3
SWZ,1936,32.3
SWZ,1937,32.3
SWZ,1938,32.3
SWZ,1939,32.3
SWZ,1940,32.3
SWZ,1941,32.32
SWZ,1942,32.35
SWZ,1943,32.37
SWZ,1944,32.4
SWZ,1945,32.42
SWZ,1946,34.09
SWZ,1947,35.75
SWZ,1948,37.42
SWZ,1949,39.08
SWZ,1950,40.75
SWZ,1951,41.01
SWZ,1952,41.51
SWZ,1953,41.98
SWZ,1954,42.44
SWZ,1955,42.88
SWZ,1956,43.3
SWZ,1957,43.7
SWZ,1958,44.08
SWZ,1959,44.44
SWZ,1960,44.78
SWZ,1961,45.1
SWZ,1962,45.42
SWZ,1963,45.73
SWZ,1964,46.05
SWZ,1965,46.39
SWZ,1966,46.76
SWZ,1967,47.2
SWZ,1968,47.67
SWZ,1969,48.21
SWZ,1970,48.79
SWZ,1971,49.4
SWZ,1972,50.03
SWZ,1973,50.67
SWZ,1974,51.3
SWZ,1975,51.94
SWZ,1976,52.58
SWZ,1977,53.24
SWZ,1978,53.92
SWZ,1979,54.62
SWZ,1980,55.31
SWZ,1981,56.02
SWZ,1982,56.71
SWZ,1983,57.38
SWZ,1984,58
SWZ,1985,58.6
SWZ,1986,59.15
SWZ,1987,59.67
SWZ,1988,60.13
SWZ,1989,60.5
SWZ,1990,60.7
SWZ,1991,60.7
SWZ,1992,61
SWZ,1993,61.3
SWZ,1994,60.7
SWZ,1995,59.1
SWZ,1996,57.1
SWZ,1997,55.8
SWZ,1998,53.5
SWZ,1999,51.4
SWZ,2000,48.8
SWZ,2001,46.6
SWZ,2002,45.1
SWZ,2003,44
SWZ,2004,43
SWZ,2005,42.5
SWZ,2006,43.1
SWZ,2007,44.3
SWZ,2008,45.1
SWZ,2009,45.9
SWZ,2010,46.4
SWZ,2011,48
SWZ,2012,49.1
SWZ,2013,49.4
SWZ,2014,49.8
SWZ,2015,51.8
SWZ,2016,53.88
SWE,1800,32.16
SWE,1801,36.9
SWE,1802,40.2
SWE,1803,40.28
SWE,1804,39.7
SWE,1805,41.05
SWE,1806,36.17
SWE,1807,38.76
SWE,1808,30.15
SWE,1809,26.9
SWE,1810,31.99
SWE,1811,34.58
SWE,1812,35.07
SWE,1813,36.49
SWE,1814,38.57
SWE,1815,40.42
SWE,1816,41.74
SWE,1817,40.29
SWE,1818,40.02
SWE,1819,36.97
SWE,1820,40.23
SWE,1821,38.14
SWE,1822,42.76
SWE,1823,45.19
SWE,1824,44.97
SWE,1825,45.24
SWE,1826,43.08
SWE,1827,42.64
SWE,1828,37.74
SWE,1829,36.18
SWE,1830,40.97
SWE,1831,38.98
SWE,1832,40.84
SWE,1833,42.5
SWE,1834,38.53
SWE,1835,47.14
SWE,1836,45.13
SWE,1837,39.57
SWE,1838,39.98
SWE,1839,39.88
SWE,1840,43.98
SWE,1841,45.17
SWE,1842,42.8
SWE,1843,42.82
SWE,1844,44.03
SWE,1845,45.99
SWE,1846,42.04
SWE,1847,40.12
SWE,1848,45.13
SWE,1849,44.5
SWE,1850,44.69
SWE,1851,43.62
SWE,1852,41.35
SWE,1853,39.99
SWE,1854,44.55
SWE,1855,43.08
SWE,1856,42.14
SWE,1857,34.64
SWE,1858,42
SWE,1859,44.27
SWE,1860,48.47
SWE,1861,47.12
SWE,1862,42.55
SWE,1863,45.38
SWE,1864,44.77
SWE,1865,45.4
SWE,1866,44.73
SWE,1867,46.18
SWE,1868,43.23
SWE,1869,40.96
SWE,1870,45.01
SWE,1871,48.98
SWE,1872,50.08
SWE,1873,48.68
SWE,1874,44.28
SWE,1875,44.61
SWE,1876,44.82
SWE,1877,46.05
SWE,1878,46.73
SWE,1879,48.92
SWE,1880,47.62
SWE,1881,48.5
SWE,1882,48.59
SWE,1883,49.05
SWE,1884,49.17
SWE,1885,48.94
SWE,1886,50.6
SWE,1887,51.46
SWE,1888,52.35
SWE,1889,52.3
SWE,1890,50.48
SWE,1891,51.09
SWE,1892,50.61
SWE,1893,51.36
SWE,1894,52.1
SWE,1895,54.16
SWE,1896,53.49
SWE,1897,54.14
SWE,1898,54.69
SWE,1899,50.95
SWE,1900,52.27
SWE,1901,52.92
SWE,1902,54.76
SWE,1903,55.09
SWE,1904,55.4
SWE,1905,54.55
SWE,1906,56.7
SWE,1907,56.98
SWE,1908,56.42
SWE,1909,58.42
SWE,1910,57.8
SWE,1911,58.03
SWE,1912,57.79
SWE,1913,58.68
SWE,1914,58.26
SWE,1915,57.2
SWE,1916,58.22
SWE,1917,58.9
SWE,1918,49.81
SWE,1919,56.57
SWE,1920,58.81
SWE,1921,61.03
SWE,1922,61.05
SWE,1923,63
SWE,1924,62
SWE,1925,62.56
SWE,1926,62.79
SWE,1927,61.59
SWE,1928,62.27
SWE,1929,62.32
SWE,1930,63.19
SWE,1931,62.69
SWE,1932,63.95
SWE,1933,64.83
SWE,1934,64.98
SWE,1935,64.86
SWE,1936,64.61
SWE,1937,64.63
SWE,1938,65.57
SWE,1939,66.4
SWE,1940,66.74
SWE,1941,67.03
SWE,1942,68.97
SWE,1943,68.72
SWE,1944,67.73
SWE,1945,68.33
SWE,1946,69.5
SWE,1947,69.46
SWE,1948,70.72
SWE,1949,70.79
SWE,1950,71.13
SWE,1951,71.35
SWE,1952,71.84
SWE,1953,71.88
SWE,1954,72.34
SWE,1955,72.58
SWE,1956,72.64
SWE,1957,72.47
SWE,1958,73.11
SWE,1959,73.34
SWE,1960,73.01
SWE,1961,73.47
SWE,1962,73.34
SWE,1963,73.53
SWE,1964,73.7
SWE,1965,73.85
SWE,1966,74.09
SWE,1967,74.12
SWE,1968,73.99
SWE,1969,74.11
SWE,1970,74.66
SWE,1971,74.58
SWE,1972,74.68
SWE,1973,74.83
SWE,1974,74.94
SWE,1975,74.95
SWE,1976,74.96
SWE,1977,75.39
SWE,1978,75.48
SWE,1979,75.52
SWE,1980,75.74
SWE,1981,76.04
SWE,1982,76.36
SWE,1983,76.6
SWE,1984,76.86
SWE,1985,76.72
SWE,1986,76.98
SWE,1987,77.12
SWE,1988,77.01
SWE,1989,77.67
SWE,1990,77.6
SWE,1991,77.7
SWE,1992,78.1
SWE,1993,78.3
SWE,1994,78.5
SWE,1995,78.9
SWE,1996,79.1
SWE,1997,79.4
SWE,1998,79.5
SWE,1999,79.5
SWE,2000,79.7
SWE,2001,79.8
SWE,2002,80
SWE,2003,80.2
SWE,2004,80.2
SWE,2005,80.6
SWE,2006,80.8
SWE,2007,80.9
SWE,2008,81.1
SWE,2009,81.2
SWE,2010,81.6
SWE,2011,81.7
SWE,2012,81.8
SWE,2013,81.9
SWE,2014,82.1
SWE,2015,82.1
SWE,2016,82.1
CHE,1800,38
CHE,1801,38
CHE,1802,38
CHE,1803,38
CHE,1804,38
CHE,1805,38
CHE,1806,38
CHE,1807,38
CHE,1808,38
CHE,1809,38
CHE,1810,38
CHE,1811,38
CHE,1812,38
CHE,1813,38
CHE,1814,38
CHE,1815,38
CHE,1816,38
CHE,1817,38
CHE,1818,38
CHE,1819,38
CHE,1820,38
CHE,1821,38
CHE,1822,38
CHE,1823,38
CHE,1824,38
CHE,1825,38
CHE,1826,38
CHE,1827,38
CHE,1828,38
CHE,1829,38
CHE,1830,38
CHE,1831,38
CHE,1832,38
CHE,1833,38
CHE,1834,38
CHE,1835,38
CHE,1836,38
CHE,1837,38
CHE,1838,38
CHE,1839,38
CHE,1840,38
CHE,1841,38
CHE,1842,38
CHE,1843,38
CHE,1844,38
CHE,1845,38
CHE,1846,38
CHE,1847,38
CHE,1848,38
CHE,1849,38
CHE,1850,38
CHE,1851,38
CHE,1852,38
CHE,1853,38
CHE,1854,38
CHE,1855,38
CHE,1856,38
CHE,1857,38
CHE,1858,38
CHE,1859,38
CHE,1860,38
CHE,1861,38
CHE,1862,38
CHE,1863,38
CHE,1864,38
CHE,1865,38
CHE,1866,38
CHE,1867,38
CHE,1868,38
CHE,1869,38
CHE,1870,38
CHE,1871,38
CHE,1872,38
CHE,1873,38
CHE,1874,38
CHE,1875,38
CHE,1876,40.1
CHE,1877,40.01
CHE,1878,40.47
CHE,1879,41.81
CHE,1880,42.41
CHE,1881,41.87
CHE,1882,42.98
CHE,1883,44.94
CHE,1884,45
CHE,1885,43.83
CHE,1886,44.68
CHE,1887,45.44
CHE,1888,45.97
CHE,1889,45.14
CHE,1890,44.95
CHE,1891,44.71
CHE,1892,47.23
CHE,1893,46.07
CHE,1894,45.79
CHE,1895,46.84
CHE,1896,48.88
CHE,1897,49.1
CHE,1898,48.2
CHE,1899,49.29
CHE,1900,47.48
CHE,1901,48.94
CHE,1902,50.41
CHE,1903,50.03
CHE,1904,49.16
CHE,1905,49.67
CHE,1906,50.72
CHE,1907,51.19
CHE,1908,52.26
CHE,1909,51.61
CHE,1910,52.91
CHE,1911,51.72
CHE,1912,54.42
CHE,1913,54.21
CHE,1914,55.13
CHE,1915,55.95
CHE,1916,56.59
CHE,1917,55.81
CHE,1918,46.3
CHE,1919,54.97
CHE,1920,54.38
CHE,1921,57.87
CHE,1922,58.5
CHE,1923,60.04
CHE,1924,59.49
CHE,1925,59.95
CHE,1926,60.64
CHE,1927,60.1
CHE,1928,60.47
CHE,1929,60.17
CHE,1930,61.43
CHE,1931,61.24
CHE,1932,61.23
CHE,1933,62.41
CHE,1934,62.89
CHE,1935,62.13
CHE,1936,63.18
CHE,1937,63.51
CHE,1938,63.85
CHE,1939,64.01
CHE,1940,63.58
CHE,1941,64.98
CHE,1942,65.65
CHE,1943,65.84
CHE,1944,64.88
CHE,1945,65.43
CHE,1946,66.08
CHE,1947,66.27
CHE,1948,67.35
CHE,1949,67.98
CHE,1950,68.95
CHE,1951,68.72
CHE,1952,69.63
CHE,1953,69.55
CHE,1954,70.02
CHE,1955,70.1
CHE,1956,70.23
CHE,1957,70.58
CHE,1958,71.32
CHE,1959,71.48
CHE,1960,71.46
CHE,1961,71.79
CHE,1962,71.35
CHE,1963,71.34
CHE,1964,72.23
CHE,1965,72.36
CHE,1966,72.5
CHE,1967,72.8
CHE,1968,72.75
CHE,1969,72.76
CHE,1970,73.18
CHE,1971,73.3
CHE,1972,73.82
CHE,1973,74.12
CHE,1974,74.47
CHE,1975,74.86
CHE,1976,74.98
CHE,1977,75.43
CHE,1978,75.39
CHE,1979,75.69
CHE,1980,75.69
CHE,1981,75.92
CHE,1982,76.26
CHE,1983,76.27
CHE,1984,76.87
CHE,1985,76.99
CHE,1986,77.17
CHE,1987,77.47
CHE,1988,77.49
CHE,1989,77.68
CHE,1990,77.5
CHE,1991,77.6
CHE,1992,77.9
CHE,1993,78.3
CHE,1994,78.4
CHE,1995,78.5
CHE,1996,79.1
CHE,1997,79.2
CHE,1998,79.5
CHE,1999,79.8
CHE,2000,79.8
CHE,2001,80.2
CHE,2002,80.4
CHE,2003,80.6
CHE,2004,81
CHE,2005,81.3
CHE,2006,81.5
CHE,2007,81.7
CHE,2008,82
CHE,2009,82
CHE,2010,82.3
CHE,2011,82.6
CHE,2012,82.7
CHE,2013,82.8
CHE,2014,82.9
CHE,2015,83
CHE,2016,83.1
SYR,1800,31.1
SYR,1801,31.1
SYR,1802,31.1
SYR,1803,31.1
SYR,1804,31.1
SYR,1805,31.1
SYR,1806,31.1
SYR,1807,31.1
SYR,1808,31.1
SYR,1809,31.1
SYR,1810,31.1
SYR,1811,31.1
SYR,1812,31.1
SYR,1813,31.1
SYR,1814,31.1
SYR,1815,31.1
SYR,1816,31.1
SYR,1817,31.1
SYR,1818,31.1
SYR,1819,31.1
SYR,1820,31.1
SYR,1821,31.1
SYR,1822,31.1
SYR,1823,31.1
SYR,1824,31.1
SYR,1825,31.1
SYR,1826,31.1
SYR,1827,31.1
SYR,1828,31.1
SYR,1829,31.1
SYR,1830,31.1
SYR,1831,31.1
SYR,1832,31.1
SYR,1833,31.1
SYR,1834,31.1
SYR,1835,31.1
SYR,1836,31.1
SYR,1837,31.1
SYR,1838,31.1
SYR,1839,31.1
SYR,1840,31.1
SYR,1841,31.1
SYR,1842,31.1
SYR,1843,31.1
SYR,1844,31.1
SYR,1845,31.1
SYR,1846,31.1
SYR,1847,31.1
SYR,1848,31.1
SYR,1849,31.1
SYR,1850,31.1
SYR,1851,31.1
SYR,1852,31.1
SYR,1853,31.1
SYR,1854,31.1
SYR,1855,31.1
SYR,1856,31.1
SYR,1857,31.1
SYR,1858,31.1
SYR,1859,31.1
SYR,1860,31.1
SYR,1861,31.1
SYR,1862,31.1
SYR,1863,31.1
SYR,1864,31.1
SYR,1865,31.1
SYR,1866,31.1
SYR,1867,31.1
SYR,1868,31.1
SYR,1869,31.1
SYR,1870,31.1
SYR,1871,31.1
SYR,1872,31.1
SYR,1873,31.1
SYR,1874,31.1
SYR,1875,31.1
SYR,1876,31.1
SYR,1877,31.1
SYR,1878,31.1
SYR,1879,31.1
SYR,1880,31.1
SYR,1881,31.1
SYR,1882,31.1
SYR,1883,31.1
SYR,1884,31.1
SYR,1885,31.1
SYR,1886,31.1
SYR,1887,31.1
SYR,1888,31.1
SYR,1889,31.1
SYR,1890,31.1
SYR,1891,31.1
SYR,1892,31.1
SYR,1893,31.1
SYR,1894,31.1
SYR,1895,31.1
SYR,1896,31.1
SYR,1897,31.1
SYR,1898,31.1
SYR,1899,31.1
SYR,1900,31.1
SYR,1901,31.1
SYR,1902,31.1
SYR,1903,31.1
SYR,1904,31.1
SYR,1905,31.1
SYR,1906,31.1
SYR,1907,31.1
SYR,1908,31.1
SYR,1909,31.1
SYR,1910,31.1
SYR,1911,31.1
SYR,1912,31.1
SYR,1913,31.1
SYR,1914,31.1
SYR,1915,31.1
SYR,1916,31.1
SYR,1917,31.1
SYR,1918,25.78
SYR,1919,31.1
SYR,1920,31.1
SYR,1921,31.1
SYR,1922,31.1
SYR,1923,31.1
SYR,1924,31.1
SYR,1925,31.1
SYR,1926,31.1
SYR,1927,31.1
SYR,1928,31.1
SYR,1929,31.1
SYR,1930,31.1
SYR,1931,31.1
SYR,1932,31.1
SYR,1933,31.1
SYR,1934,31.1
SYR,1935,31.1
SYR,1936,32.19
SYR,1937,33.29
SYR,1938,34.38
SYR,1939,35.48
SYR,1940,36.57
SYR,1941,37.68
SYR,1942,38.77
SYR,1943,39.87
SYR,1944,40.97
SYR,1945,42.07
SYR,1946,43.17
SYR,1947,44.27
SYR,1948,45.37
SYR,1949,46.47
SYR,1950,47.56
SYR,1951,47.87
SYR,1952,48.44
SYR,1953,49.02
SYR,1954,49.59
SYR,1955,50.15
SYR,1956,50.7
SYR,1957,51.25
SYR,1958,51.79
SYR,1959,52.33
SYR,1960,52.87
SYR,1961,53.43
SYR,1962,53.98
SYR,1963,54.56
SYR,1964,55.15
SYR,1965,55.77
SYR,1966,56.42
SYR,1967,57.12
SYR,1968,57.83
SYR,1969,58.57
SYR,1970,59.31
SYR,1971,60.08
SYR,1972,60.82
SYR,1973,61.56
SYR,1974,62.26
SYR,1975,62.95
SYR,1976,63.6
SYR,1977,64.24
SYR,1978,64.84
SYR,1979,65.44
SYR,1980,66.01
SYR,1981,66.56
SYR,1982,67.08
SYR,1983,67.58
SYR,1984,68.05
SYR,1985,68.51
SYR,1986,68.94
SYR,1987,69.35
SYR,1988,69.75
SYR,1989,70.14
SYR,1990,70.5
SYR,1991,71
SYR,1992,71.8
SYR,1993,72
SYR,1994,72.3
SYR,1995,72.7
SYR,1996,73.1
SYR,1997,73.4
SYR,1998,73.8
SYR,1999,74.1
SYR,2000,74.4
SYR,2001,74.6
SYR,2002,74.9
SYR,2003,75.1
SYR,2004,75.3
SYR,2005,75.5
SYR,2006,75.7
SYR,2007,75.9
SYR,2008,76.1
SYR,2009,76.3
SYR,2010,76.5
SYR,2011,75.1
SYR,2012,68.1
SYR,2013,69
SYR,2014,67.2
SYR,2015,68.2
SYR,2016,69.21
TWN,1800,28.3
TWN,1801,28.3
TWN,1802,28.3
TWN,1803,28.3
TWN,1804,28.3
TWN,1805,28.3
TWN,1806,28.3
TWN,1807,28.3
TWN,1808,28.3
TWN,1809,28.3
TWN,1810,28.3
TWN,1811,28.3
TWN,1812,28.3
TWN,1813,28.3
TWN,1814,28.3
TWN,1815,28.3
TWN,1816,28.3
TWN,1817,28.3
TWN,1818,28.3
TWN,1819,28.3
TWN,1820,28.3
TWN,1821,28.3
TWN,1822,28.3
TWN,1823,28.3
TWN,1824,28.3
TWN,1825,28.3
TWN,1826,28.3
TWN,1827,28.3
TWN,1828,28.3
TWN,1829,28.3
TWN,1830,28.3
TWN,1831,28.3
TWN,1832,28.3
TWN,1833,28.3
TWN,1834,28.3
TWN,1835,28.3
TWN,1836,28.3
TWN,1837,28.3
TWN,1838,28.3
TWN,1839,28.3
TWN,1840,28.3
TWN,1841,28.3
TWN,1842,28.3
TWN,1843,28.3
TWN,1844,28.3
TWN,1845,28.3
TWN,1846,28.3
TWN,1847,28.3
TWN,1848,28.3
TWN,1849,28.3
TWN,1850,28.3
TWN,1851,28.3
TWN,1852,28.3
TWN,1853,28.3
TWN,1854,28.3
TWN,1855,28.3
TWN,1856,28.3
TWN,1857,28.3
TWN,1858,28.3
TWN,1859,28.3
TWN,1860,28.3
TWN,1861,28.3
TWN,1862,28.3
TWN,1863,28.3
TWN,1864,28.3
TWN,1865,28.3
TWN,1866,28.3
TWN,1867,28.3
TWN,1868,28.3
TWN,1869,28.3
TWN,1870,28.3
TWN,1871,28.3
TWN,1872,28.3
TWN,1873,28.3
TWN,1874,28.3
TWN,1875,28.3
TWN,1876,28.3
TWN,1877,28.3
TWN,1878,28.3
TWN,1879,28.3
TWN,1880,28.3
TWN,1881,28.3
TWN,1882,28.3
TWN,1883,28.3
TWN,1884,28.3
TWN,1885,28.3
TWN,1886,28.3
TWN,1887,28.3
TWN,1888,28.3
TWN,1889,28.3
TWN,1890,28.3
TWN,1891,28.3
TWN,1892,28.3
TWN,1893,28.3
TWN,1894,28.3
TWN,1895,28.3
TWN,1896,28.3
TWN,1897,28.3
TWN,1898,28.3
TWN,1899,28.3
TWN,1900,28.3
TWN,1901,28.3
TWN,1902,28.3
TWN,1903,28.3
TWN,1904,28.3
TWN,1905,28.3
TWN,1906,28.3
TWN,1907,29.5
TWN,1908,30.9
TWN,1909,31.8
TWN,1910,33.9
TWN,1911,33.9
TWN,1912,34
TWN,1913,33.3
TWN,1914,31.9
TWN,1915,28.5
TWN,1916,30
TWN,1917,31.4
TWN,1918,26.1
TWN,1919,31.2
TWN,1920,27.6
TWN,1921,30
TWN,1922,36.6
TWN,1923,35.3
TWN,1924,37.1
TWN,1925,34.2
TWN,1926,37
TWN,1927,39.6
TWN,1928,40.3
TWN,1929,40.9
TWN,1930,41.5
TWN,1931,41.2
TWN,1932,41.3
TWN,1933,42
TWN,1934,42.6
TWN,1935,42.8
TWN,1936,42
TWN,1937,42.5
TWN,1938,43.7
TWN,1939,43.6
TWN,1940,43.8
TWN,1941,45
TWN,1942,44.5
TWN,1943,44.2
TWN,1944,43.5
TWN,1945,41.7
TWN,1946,43.5
TWN,1947,46.01
TWN,1948,50.01
TWN,1949,52.51
TWN,1950,54.61
TWN,1951,55.11
TWN,1952,58.51
TWN,1953,60.31
TWN,1954,62.01
TWN,1955,62.41
TWN,1956,62.51
TWN,1957,62.41
TWN,1958,64.21
TWN,1959,64.22
TWN,1960,64.42
TWN,1961,64.92
TWN,1962,65.22
TWN,1963,66.02
TWN,1964,66.72
TWN,1965,67.42
TWN,1966,67.42
TWN,1967,67.52
TWN,1968,67.62
TWN,1969,68.62
TWN,1970,68.67
TWN,1971,69.08
TWN,1972,69.38
TWN,1973,69.43
TWN,1974,69.8
TWN,1975,70.05
TWN,1976,70.41
TWN,1977,70.58
TWN,1978,71.15
TWN,1979,71.28
TWN,1980,71.53
TWN,1981,71.63
TWN,1982,72.14
TWN,1983,72.12
TWN,1984,72.79
TWN,1985,72.98
TWN,1986,73.11
TWN,1987,73.4
TWN,1988,73.22
TWN,1989,73.53
TWN,1990,73.8
TWN,1991,74.2
TWN,1992,74.3
TWN,1993,74.5
TWN,1994,74.6
TWN,1995,74.6
TWN,1996,74.7
TWN,1997,75.2
TWN,1998,75.4
TWN,1999,75.3
TWN,2000,76
TWN,2001,76.4
TWN,2002,76.9
TWN,2003,77.3
TWN,2004,77.3
TWN,2005,77.4
TWN,2006,77.8
TWN,2007,78.2
TWN,2008,78.4
TWN,2009,78.7
TWN,2010,79
TWN,2011,78.8
TWN,2012,79
TWN,2013,79.3
TWN,2014,79.4
TWN,2015,79.5
TWN,2016,79.6
TJK,1800,24.24
TJK,1801,24.24
TJK,1802,24.24
TJK,1803,24.24
TJK,1804,24.24
TJK,1805,24.24
TJK,1806,24.24
TJK,1807,24.24
TJK,1808,24.24
TJK,1809,24.24
TJK,1810,24.24
TJK,1811,24.24
TJK,1812,24.24
TJK,1813,24.24
TJK,1814,24.24
TJK,1815,24.24
TJK,1816,24.24
TJK,1817,24.24
TJK,1818,24.24
TJK,1819,24.24
TJK,1820,24.24
TJK,1821,24.24
TJK,1822,24.24
TJK,1823,24.24
TJK,1824,24.24
TJK,1825,24.24
TJK,1826,24.24
TJK,1827,24.24
TJK,1828,24.24
TJK,1829,24.24
TJK,1830,24.24
TJK,1831,24.24
TJK,1832,24.24
TJK,1833,24.24
TJK,1834,24.24
TJK,1835,24.24
TJK,1836,24.24
TJK,1837,24.24
TJK,1838,24.24
TJK,1839,24.24
TJK,1840,24.24
TJK,1841,24.24
TJK,1842,24.24
TJK,1843,24.24
TJK,1844,24.24
TJK,1845,24.24
TJK,1846,24.24
TJK,1847,24.24
TJK,1848,24.24
TJK,1849,24.24
TJK,1850,24.24
TJK,1851,24.24
TJK,1852,24.24
TJK,1853,24.24
TJK,1854,24.24
TJK,1855,24.24
TJK,1856,24.24
TJK,1857,24.24
TJK,1858,24.24
TJK,1859,24.24
TJK,1860,24.24
TJK,1861,24.24
TJK,1862,24.24
TJK,1863,24.24
TJK,1864,23.71
TJK,1865,23.19
TJK,1866,22.66
TJK,1867,22.14
TJK,1868,21.62
TJK,1869,21.66
TJK,1870,21.7
TJK,1871,21.75
TJK,1872,21.79
TJK,1873,21.84
TJK,1874,22.04
TJK,1875,22.24
TJK,1876,22.44
TJK,1877,22.64
TJK,1878,22.84
TJK,1879,23.04
TJK,1880,23.24
TJK,1881,23.44
TJK,1882,23.64
TJK,1883,23.84
TJK,1884,24.04
TJK,1885,24.24
TJK,1886,24.44
TJK,1887,24.64
TJK,1888,24.84
TJK,1889,25.04
TJK,1890,25.24
TJK,1891,25.44
TJK,1892,25.64
TJK,1893,25.84
TJK,1894,26.04
TJK,1895,26.24
TJK,1896,26.44
TJK,1897,26.64
TJK,1898,26.47
TJK,1899,26.3
TJK,1900,26.14
TJK,1901,26.39
TJK,1902,26.64
TJK,1903,26.89
TJK,1904,27.14
TJK,1905,27.39
TJK,1906,27.64
TJK,1907,27.89
TJK,1908,28.14
TJK,1909,28.39
TJK,1910,28.64
TJK,1911,31.59
TJK,1912,32.02
TJK,1913,29.85
TJK,1914,29.44
TJK,1915,29.04
TJK,1916,29.04
TJK,1917,26.04
TJK,1918,16.04
TJK,1919,21.51
TJK,1920,17.01
TJK,1921,20.31
TJK,1922,21.21
TJK,1923,30.11
TJK,1924,32.61
TJK,1925,31.71
TJK,1926,34.91
TJK,1927,34.24
TJK,1928,35.75
TJK,1929,34.51
TJK,1930,33.82
TJK,1931,28.04
TJK,1932,20.04
TJK,1933,16.04
TJK,1934,36.19
TJK,1935,37.74
TJK,1936,39.41
TJK,1937,38.42
TJK,1938,40.11
TJK,1939,42.51
TJK,1940,40.04
TJK,1941,29.75
TJK,1942,25.79
TJK,1943,24.84
TJK,1944,32.89
TJK,1945,40.44
TJK,1946,47.32
TJK,1947,39.37
TJK,1948,47.49
TJK,1949,50.34
TJK,1950,52.68
TJK,1951,52.94
TJK,1952,53.4
TJK,1953,53.87
TJK,1954,54.33
TJK,1955,54.79
TJK,1956,55.26
TJK,1957,55.72
TJK,1958,56.17
TJK,1959,56.64
TJK,1960,57.1
TJK,1961,57.57
TJK,1962,58.03
TJK,1963,58.51
TJK,1964,58.98
TJK,1965,59.45
TJK,1966,59.9
TJK,1967,60.34
TJK,1968,60.77
TJK,1969,61.17
TJK,1970,61.55
TJK,1971,61.9
TJK,1972,62.23
TJK,1973,62.53
TJK,1974,62.81
TJK,1975,63.08
TJK,1976,63.34
TJK,1977,63.57
TJK,1978,63.81
TJK,1979,64.04
TJK,1980,64.28
TJK,1981,64.53
TJK,1982,64.8
TJK,1983,65.07
TJK,1984,65.34
TJK,1985,65.55
TJK,1986,65.69
TJK,1987,65.73
TJK,1988,65.67
TJK,1989,65.5
TJK,1990,65.3
TJK,1991,65.3
TJK,1992,62.6
TJK,1993,64.2
TJK,1994,64.1
TJK,1995,64.1
TJK,1996,63.3
TJK,1997,64.8
TJK,1998,64.9
TJK,1999,65.5
TJK,2000,65.8
TJK,2001,66.1
TJK,2002,66.5
TJK,2003,66.9
TJK,2004,67.5
TJK,2005,68
TJK,2006,68.7
TJK,2007,69.2
TJK,2008,69.6
TJK,2009,70
TJK,2010,70.1
TJK,2011,70.1
TJK,2012,70.8
TJK,2013,71.4
TJK,2014,71.9
TJK,2015,72.4
TJK,2016,72.9
TZA,1800,32.2
TZA,1801,32.2
TZA,1802,32.2
TZA,1803,32.2
TZA,1804,32.2
TZA,1805,32.2
TZA,1806,32.2
TZA,1807,32.2
TZA,1808,32.2
TZA,1809,32.2
TZA,1810,32.2
TZA,1811,32.2
TZA,1812,32.2
TZA,1813,32.2
TZA,1814,32.2
TZA,1815,32.2
TZA,1816,32.2
TZA,1817,32.2
TZA,1818,32.2
TZA,1819,32.2
TZA,1820,32.2
TZA,1821,32.2
TZA,1822,32.2
TZA,1823,32.2
TZA,1824,32.2
TZA,1825,32.2
TZA,1826,32.2
TZA,1827,32.2
TZA,1828,32.2
TZA,1829,32.2
TZA,1830,32.2
TZA,1831,32.2
TZA,1832,32.2
TZA,1833,32.2
TZA,1834,32.2
TZA,1835,32.2
TZA,1836,32.2
TZA,1837,32.2
TZA,1838,32.2
TZA,1839,32.2
TZA,1840,32.2
TZA,1841,32.2
TZA,1842,32.2
TZA,1843,32.2
TZA,1844,32.2
TZA,1845,32.2
TZA,1846,32.2
TZA,1847,32.2
TZA,1848,32.2
TZA,1849,32.2
TZA,1850,32.2
TZA,1851,32.2
TZA,1852,32.2
TZA,1853,32.2
TZA,1854,32.2
TZA,1855,32.2
TZA,1856,32.2
TZA,1857,32.2
TZA,1858,32.2
TZA,1859,32.2
TZA,1860,32.2
TZA,1861,32.2
TZA,1862,32.2
TZA,1863,32.2
TZA,1864,32.2
TZA,1865,32.2
TZA,1866,32.2
TZA,1867,32.2
TZA,1868,32.2
TZA,1869,32.2
TZA,1870,32.2
TZA,1871,32.2
TZA,1872,32.2
TZA,1873,32.2
TZA,1874,32.2
TZA,1875,32.2
TZA,1876,32.2
TZA,1877,32.2
TZA,1878,32.2
TZA,1879,32.2
TZA,1880,32.2
TZA,1881,32.2
TZA,1882,32.2
TZA,1883,32.2
TZA,1884,32.2
TZA,1885,32.2
TZA,1886,32.2
TZA,1887,32.2
TZA,1888,32.2
TZA,1889,32.2
TZA,1890,32.2
TZA,1891,32.2
TZA,1892,32.2
TZA,1893,32.2
TZA,1894,32.2
TZA,1895,32.2
TZA,1896,32.2
TZA,1897,32.2
TZA,1898,32.2
TZA,1899,32.2
TZA,1900,32.2
TZA,1901,32.2
TZA,1902,32.2
TZA,1903,32.2
TZA,1904,32.2
TZA,1905,32.2
TZA,1906,32.2
TZA,1907,32.2
TZA,1908,32.2
TZA,1909,32.2
TZA,1910,32.2
TZA,1911,32.2
TZA,1912,32.2
TZA,1913,32.2
TZA,1914,32.2
TZA,1915,32.2
TZA,1916,32.2
TZA,1917,32.2
TZA,1918,12.45
TZA,1919,32.2
TZA,1920,32.2
TZA,1921,32.2
TZA,1922,32.2
TZA,1923,32.2
TZA,1924,32.2
TZA,1925,32.2
TZA,1926,32.2
TZA,1927,32.2
TZA,1928,32.2
TZA,1929,32.2
TZA,1930,32.2
TZA,1931,32.2
TZA,1932,32.2
TZA,1933,32.2
TZA,1934,32.2
TZA,1935,32.2
TZA,1936,32.2
TZA,1937,32.2
TZA,1938,32.2
TZA,1939,32.2
TZA,1940,32.2
TZA,1941,32.29
TZA,1942,32.39
TZA,1943,32.48
TZA,1944,32.58
TZA,1945,32.67
TZA,1946,34.4
TZA,1947,36.14
TZA,1948,37.87
TZA,1949,39.61
TZA,1950,41.34
TZA,1951,41.66
TZA,1952,42.19
TZA,1953,42.69
TZA,1954,43.18
TZA,1955,43.63
TZA,1956,44.05
TZA,1957,44.46
TZA,1958,44.84
TZA,1959,45.22
TZA,1960,45.57
TZA,1961,45.91
TZA,1962,46.26
TZA,1963,46.62
TZA,1964,46.99
TZA,1965,47.37
TZA,1966,47.77
TZA,1967,48.19
TZA,1968,48.62
TZA,1969,49.07
TZA,1970,49.53
TZA,1971,50.03
TZA,1972,50.55
TZA,1973,51.09
TZA,1974,51.65
TZA,1975,52.19
TZA,1976,52.71
TZA,1977,53.19
TZA,1978,53.61
TZA,1979,53.98
TZA,1980,54.29
TZA,1981,54.56
TZA,1982,54.82
TZA,1983,55.05
TZA,1984,55.26
TZA,1985,55.44
TZA,1986,55.54
TZA,1987,55.58
TZA,1988,55.51
TZA,1989,55.39
TZA,1990,55.2
TZA,1991,55.1
TZA,1992,54.7
TZA,1993,54.5
TZA,1994,54
TZA,1995,53.9
TZA,1996,53.8
TZA,1997,53.8
TZA,1998,53.7
TZA,1999,53.8
TZA,2000,54.3
TZA,2001,54.8
TZA,2002,55.4
TZA,2003,55.9
TZA,2004,56.5
TZA,2005,57.1
TZA,2006,57.9
TZA,2007,59.1
TZA,2008,60.4
TZA,2009,60.8
TZA,2010,61.4
TZA,2011,61.7
TZA,2012,61.9
TZA,2013,62.7
TZA,2014,63.3
TZA,2015,64.1
TZA,2016,64.91
THA,1800,30.4
THA,1801,30.4
THA,1802,30.4
THA,1803,30.4
THA,1804,30.4
THA,1805,30.4
THA,1806,30.4
THA,1807,30.4
THA,1808,30.4
THA,1809,30.4
THA,1810,30.4
THA,1811,30.4
THA,1812,30.4
THA,1813,30.4
THA,1814,30.4
THA,1815,30.4
THA,1816,30.4
THA,1817,30.4
THA,1818,30.4
THA,1819,30.4
THA,1820,30.4
THA,1821,30.4
THA,1822,30.4
THA,1823,30.4
THA,1824,30.4
THA,1825,30.4
THA,1826,30.4
THA,1827,30.4
THA,1828,30.4
THA,1829,30.4
THA,1830,30.4
THA,1831,30.4
THA,1832,30.4
THA,1833,30.4
THA,1834,30.4
THA,1835,30.4
THA,1836,30.4
THA,1837,30.4
THA,1838,30.4
THA,1839,30.4
THA,1840,30.4
THA,1841,30.4
THA,1842,30.4
THA,1843,30.4
THA,1844,30.4
THA,1845,30.4
THA,1846,30.4
THA,1847,30.4
THA,1848,30.4
THA,1849,30.4
THA,1850,30.4
THA,1851,30.4
THA,1852,30.4
THA,1853,30.4
THA,1854,30.4
THA,1855,30.4
THA,1856,30.4
THA,1857,30.4
THA,1858,30.4
THA,1859,30.4
THA,1860,30.4
THA,1861,30.4
THA,1862,30.4
THA,1863,30.4
THA,1864,30.4
THA,1865,30.4
THA,1866,30.4
THA,1867,30.4
THA,1868,30.4
THA,1869,30.4
THA,1870,30.4
THA,1871,30.4
THA,1872,30.4
THA,1873,30.4
THA,1874,30.4
THA,1875,30.4
THA,1876,30.4
THA,1877,30.4
THA,1878,30.4
THA,1879,30.4
THA,1880,30.4
THA,1881,30.4
THA,1882,30.4
THA,1883,30.4
THA,1884,30.4
THA,1885,30.4
THA,1886,30.4
THA,1887,30.4
THA,1888,30.4
THA,1889,30.4
THA,1890,30.4
THA,1891,30.4
THA,1892,30.4
THA,1893,30.4
THA,1894,30.4
THA,1895,30.4
THA,1896,30.4
THA,1897,30.4
THA,1898,30.4
THA,1899,30.4
THA,1900,30.4
THA,1901,30.4
THA,1902,30.4
THA,1903,30.4
THA,1904,30.4
THA,1905,30.4
THA,1906,30.4
THA,1907,30.4
THA,1908,30.4
THA,1909,30.4
THA,1910,30.4
THA,1911,30.4
THA,1912,30.4
THA,1913,30.4
THA,1914,30.4
THA,1915,30.4
THA,1916,30.4
THA,1917,30.4
THA,1918,19.48
THA,1919,30.4
THA,1920,30.4
THA,1921,30.4
THA,1922,30.4
THA,1923,30.4
THA,1924,30.4
THA,1925,30.4
THA,1926,30.4
THA,1927,30.4
THA,1928,30.4
THA,1929,30.4
THA,1930,30.4
THA,1931,31.81
THA,1932,33.23
THA,1933,34.64
THA,1934,36.06
THA,1935,37.47
THA,1936,38.89
THA,1937,40.3
THA,1938,40.3
THA,1939,40.3
THA,1940,39.3
THA,1941,38.31
THA,1942,38.32
THA,1943,38.33
THA,1944,38.14
THA,1945,39.39
THA,1946,40.64
THA,1947,41.88
THA,1948,49.99
THA,1949,50.48
THA,1950,50.97
THA,1951,51.14
THA,1952,51.5
THA,1953,51.9
THA,1954,52.32
THA,1955,52.78
THA,1956,53.28
THA,1957,53.8
THA,1958,54.35
THA,1959,54.91
THA,1960,55.46
THA,1961,56.01
THA,1962,56.51
THA,1963,56.98
THA,1964,57.4
THA,1965,57.8
THA,1966,58.18
THA,1967,58.56
THA,1968,58.96
THA,1969,59.39
THA,1970,59.86
THA,1971,60.33
THA,1972,60.82
THA,1973,61.29
THA,1974,61.77
THA,1975,62.24
THA,1976,62.7
THA,1977,63.15
THA,1978,63.62
THA,1979,64.1
THA,1980,64.62
THA,1981,65.22
THA,1982,65.91
THA,1983,66.69
THA,1984,67.52
THA,1985,68.36
THA,1986,69.15
THA,1987,69.84
THA,1988,70.38
THA,1989,70.76
THA,1990,71
THA,1991,71
THA,1992,70.9
THA,1993,70.8
THA,1994,70.6
THA,1995,70.6
THA,1996,70.6
THA,1997,70.5
THA,1998,70.4
THA,1999,70.5
THA,2000,70.7
THA,2001,71.2
THA,2002,71.7
THA,2003,72.1
THA,2004,72.2
THA,2005,73.1
THA,2006,73.5
THA,2007,73.8
THA,2008,73.9
THA,2009,74
THA,2010,74.2
THA,2011,74.3
THA,2012,74.4
THA,2013,74.4
THA,2014,74.6
THA,2015,74.7
THA,2016,74.8
TLS,1800,28.95
TLS,1801,28.95
TLS,1802,28.95
TLS,1803,28.95
TLS,1804,28.95
TLS,1805,28.95
TLS,1806,28.95
TLS,1807,28.95
TLS,1808,28.95
TLS,1809,28.95
TLS,1810,28.95
TLS,1811,28.95
TLS,1812,28.95
TLS,1813,28.95
TLS,1814,28.95
TLS,1815,28.95
TLS,1816,28.95
TLS,1817,28.95
TLS,1818,28.95
TLS,1819,28.95
TLS,1820,28.95
TLS,1821,28.95
TLS,1822,28.95
TLS,1823,28.95
TLS,1824,28.95
TLS,1825,28.95
TLS,1826,28.95
TLS,1827,28.95
TLS,1828,28.95
TLS,1829,28.95
TLS,1830,28.95
TLS,1831,28.95
TLS,1832,28.95
TLS,1833,28.95
TLS,1834,28.95
TLS,1835,28.95
TLS,1836,28.95
TLS,1837,28.95
TLS,1838,28.95
TLS,1839,28.95
TLS,1840,28.95
TLS,1841,28.95
TLS,1842,28.95
TLS,1843,28.95
TLS,1844,28.95
TLS,1845,28.95
TLS,1846,28.95
TLS,1847,28.95
TLS,1848,28.95
TLS,1849,28.95
TLS,1850,28.95
TLS,1851,28.95
TLS,1852,28.95
TLS,1853,28.95
TLS,1854,28.95
TLS,1855,28.95
TLS,1856,28.95
TLS,1857,28.95
TLS,1858,28.95
TLS,1859,28.95
TLS,1860,28.95
TLS,1861,28.95
TLS,1862,28.95
TLS,1863,28.95
TLS,1864,28.95
TLS,1865,28.95
TLS,1866,28.95
TLS,1867,28.95
TLS,1868,28.95
TLS,1869,28.95
TLS,1870,28.95
TLS,1871,28.95
TLS,1872,28.95
TLS,1873,28.95
TLS,1874,28.95
TLS,1875,28.95
TLS,1876,28.95
TLS,1877,28.95
TLS,1878,28.95
TLS,1879,28.95
TLS,1880,28.95
TLS,1881,28.95
TLS,1882,28.95
TLS,1883,28.95
TLS,1884,28.95
TLS,1885,28.95
TLS,1886,28.95
TLS,1887,28.95
TLS,1888,28.95
TLS,1889,28.95
TLS,1890,28.95
TLS,1891,28.95
TLS,1892,28.95
TLS,1893,28.95
TLS,1894,28.95
TLS,1895,28.95
TLS,1896,28.95
TLS,1897,28.95
TLS,1898,28.95
TLS,1899,28.95
TLS,1900,28.95
TLS,1901,28.95
TLS,1902,28.95
TLS,1903,28.95
TLS,1904,28.95
TLS,1905,28.95
TLS,1906,28.95
TLS,1907,28.95
TLS,1908,28.95
TLS,1909,28.95
TLS,1910,28.95
TLS,1911,28.95
TLS,1912,28.95
TLS,1913,28.95
TLS,1914,28.95
TLS,1915,28.95
TLS,1916,28.95
TLS,1917,28.95
TLS,1918,9.4
TLS,1919,28.95
TLS,1920,28.95
TLS,1921,28.95
TLS,1922,28.95
TLS,1923,28.95
TLS,1924,28.95
TLS,1925,28.95
TLS,1926,28.95
TLS,1927,28.95
TLS,1928,28.95
TLS,1929,28.95
TLS,1930,28.95
TLS,1931,28.95
TLS,1932,28.95
TLS,1933,28.95
TLS,1934,28.95
TLS,1935,28.95
TLS,1936,28.95
TLS,1937,28.95
TLS,1938,28.95
TLS,1939,28.95
TLS,1940,28.95
TLS,1941,29.15
TLS,1942,21.4
TLS,1943,19.6
TLS,1944,16.8
TLS,1945,16.01
TLS,1946,21.21
TLS,1947,27.41
TLS,1948,30.56
TLS,1949,30.76
TLS,1950,30.96
TLS,1951,31.41
TLS,1952,32.12
TLS,1953,32.83
TLS,1954,33.54
TLS,1955,34.24
TLS,1956,34.94
TLS,1957,35.64
TLS,1958,36.34
TLS,1959,37.04
TLS,1960,37.74
TLS,1961,38.45
TLS,1962,39.15
TLS,1963,39.85
TLS,1964,40.55
TLS,1965,41.29
TLS,1966,42.12
TLS,1967,43.02
TLS,1968,43.96
TLS,1969,44.86
TLS,1970,45.56
TLS,1971,45.8
TLS,1972,45.51
TLS,1973,44.71
TLS,1974,43.49
TLS,1975,42.12
TLS,1976,40.94
TLS,1977,40.25
TLS,1978,40.27
TLS,1979,41.01
TLS,1980,42.45
TLS,1981,44.42
TLS,1982,46.61
TLS,1983,48.76
TLS,1984,50.76
TLS,1985,52.51
TLS,1986,53.99
TLS,1987,55.26
TLS,1988,56.41
TLS,1989,57.47
TLS,1990,58.5
TLS,1991,59.2
TLS,1992,59.9
TLS,1993,60.6
TLS,1994,61.3
TLS,1995,61.8
TLS,1996,62.3
TLS,1997,62.4
TLS,1998,62.8
TLS,1999,62.3
TLS,2000,60.7
TLS,2001,64.4
TLS,2002,65.3
TLS,2003,65.7
TLS,2004,66.5
TLS,2005,67.5
TLS,2006,68.5
TLS,2007,69.2
TLS,2008,69.9
TLS,2009,70.4
TLS,2010,70.8
TLS,2011,71.3
TLS,2012,71.7
TLS,2013,72
TLS,2014,72.3
TLS,2015,72.4
TLS,2016,72.5
TGO,1800,31.3
TGO,1801,31.3
TGO,1802,31.3
TGO,1803,31.3
TGO,1804,31.3
TGO,1805,31.3
TGO,1806,31.3
TGO,1807,31.3
TGO,1808,31.3
TGO,1809,31.3
TGO,1810,31.3
TGO,1811,31.3
TGO,1812,31.3
TGO,1813,31.3
TGO,1814,31.3
TGO,1815,31.3
TGO,1816,31.3
TGO,1817,31.3
TGO,1818,31.3
TGO,1819,31.3
TGO,1820,31.3
TGO,1821,31.3
TGO,1822,31.3
TGO,1823,31.3
TGO,1824,31.3
TGO,1825,31.3
TGO,1826,31.3
TGO,1827,31.3
TGO,1828,31.3
TGO,1829,31.3
TGO,1830,31.3
TGO,1831,31.3
TGO,1832,31.3
TGO,1833,31.3
TGO,1834,31.3
TGO,1835,31.3
TGO,1836,31.3
TGO,1837,31.3
TGO,1838,31.3
TGO,1839,31.3
TGO,1840,31.3
TGO,1841,31.3
TGO,1842,31.3
TGO,1843,31.3
TGO,1844,31.3
TGO,1845,31.3
TGO,1846,31.3
TGO,1847,31.3
TGO,1848,31.3
TGO,1849,31.3
TGO,1850,31.3
TGO,1851,31.3
TGO,1852,31.3
TGO,1853,31.3
TGO,1854,31.3
TGO,1855,31.3
TGO,1856,31.3
TGO,1857,31.3
TGO,1858,31.3
TGO,1859,31.3
TGO,1860,31.3
TGO,1861,31.3
TGO,1862,31.3
TGO,1863,31.3
TGO,1864,31.3
TGO,1865,31.3
TGO,1866,31.3
TGO,1867,31.3
TGO,1868,31.3
TGO,1869,31.3
TGO,1870,31.3
TGO,1871,31.3
TGO,1872,31.3
TGO,1873,31.3
TGO,1874,31.3
TGO,1875,31.3
TGO,1876,31.3
TGO,1877,31.3
TGO,1878,31.3
TGO,1879,31.3
TGO,1880,31.3
TGO,1881,31.3
TGO,1882,31.3
TGO,1883,31.3
TGO,1884,31.3
TGO,1885,31.3
TGO,1886,31.3
TGO,1887,31.3
TGO,1888,31.3
TGO,1889,31.3
TGO,1890,31.3
TGO,1891,31.3
TGO,1892,31.3
TGO,1893,31.3
TGO,1894,31.3
TGO,1895,31.3
TGO,1896,31.3
TGO,1897,31.3
TGO,1898,31.3
TGO,1899,31.3
TGO,1900,31.3
TGO,1901,31.3
TGO,1902,31.3
TGO,1903,31.3
TGO,1904,31.3
TGO,1905,31.3
TGO,1906,31.3
TGO,1907,31.3
TGO,1908,31.3
TGO,1909,31.3
TGO,1910,31.3
TGO,1911,31.3
TGO,1912,31.3
TGO,1913,31.3
TGO,1914,31.3
TGO,1915,31.3
TGO,1916,31.3
TGO,1917,31.3
TGO,1918,12.1
TGO,1919,31.3
TGO,1920,31.3
TGO,1921,31.3
TGO,1922,31.3
TGO,1923,31.3
TGO,1924,31.3
TGO,1925,31.3
TGO,1926,31.3
TGO,1927,31.3
TGO,1928,31.3
TGO,1929,31.3
TGO,1930,31.3
TGO,1931,31.3
TGO,1932,31.3
TGO,1933,31.3
TGO,1934,31.3
TGO,1935,31.3
TGO,1936,31.3
TGO,1937,31.3
TGO,1938,31.3
TGO,1939,31.3
TGO,1940,31.3
TGO,1941,31.34
TGO,1942,31.38
TGO,1943,31.41
TGO,1944,31.45
TGO,1945,31.49
TGO,1946,32.06
TGO,1947,32.62
TGO,1948,33.19
TGO,1949,33.74
TGO,1950,34.31
TGO,1951,34.69
TGO,1952,35.42
TGO,1953,36.15
TGO,1954,36.86
TGO,1955,37.57
TGO,1956,38.28
TGO,1957,38.98
TGO,1958,39.68
TGO,1959,40.38
TGO,1960,41.06
TGO,1961,41.74
TGO,1962,42.42
TGO,1963,43.1
TGO,1964,43.77
TGO,1965,44.43
TGO,1966,45.09
TGO,1967,45.75
TGO,1968,46.41
TGO,1969,47.07
TGO,1970,47.72
TGO,1971,48.36
TGO,1972,49
TGO,1973,49.63
TGO,1974,50.26
TGO,1975,50.88
TGO,1976,51.49
TGO,1977,52.09
TGO,1978,52.7
TGO,1979,53.29
TGO,1980,53.87
TGO,1981,54.43
TGO,1982,54.97
TGO,1983,55.48
TGO,1984,55.96
TGO,1985,56.39
TGO,1986,56.79
TGO,1987,57.14
TGO,1988,57.42
TGO,1989,57.65
TGO,1990,57.8
TGO,1991,57.8
TGO,1992,57.9
TGO,1993,57.8
TGO,1994,57.6
TGO,1995,57.6
TGO,1996,57.3
TGO,1997,56.9
TGO,1998,56.6
TGO,1999,56.8
TGO,2000,56.7
TGO,2001,56.7
TGO,2002,56.7
TGO,2003,56.4
TGO,2004,56.8
TGO,2005,56.8
TGO,2006,57.5
TGO,2007,57.5
TGO,2008,57.5
TGO,2009,58
TGO,2010,58.7
TGO,2011,59.6
TGO,2012,60.3
TGO,2013,60.7
TGO,2014,61.1
TGO,2015,61.5
TGO,2016,61.9
TKL,2006,69
TON,1800,28.2
TON,1801,28.2
TON,1802,28.2
TON,1803,28.2
TON,1804,28.2
TON,1805,28.2
TON,1806,28.2
TON,1807,28.2
TON,1808,28.2
TON,1809,28.2
TON,1810,28.2
TON,1811,28.2
TON,1812,28.2
TON,1813,28.2
TON,1814,28.2
TON,1815,28.2
TON,1816,28.2
TON,1817,28.2
TON,1818,28.2
TON,1819,28.2
TON,1820,28.2
TON,1821,28.2
TON,1822,28.2
TON,1823,28.2
TON,1824,28.2
TON,1825,28.2
TON,1826,28.2
TON,1827,28.2
TON,1828,28.2
TON,1829,28.2
TON,1830,28.2
TON,1831,28.2
TON,1832,28.2
TON,1833,28.2
TON,1834,28.2
TON,1835,28.2
TON,1836,28.2
TON,1837,28.2
TON,1838,28.2
TON,1839,28.2
TON,1840,28.2
TON,1841,28.2
TON,1842,28.2
TON,1843,28.2
TON,1844,28.2
TON,1845,28.2
TON,1846,28.2
TON,1847,28.2
TON,1848,28.2
TON,1849,28.2
TON,1850,28.2
TON,1851,28.2
TON,1852,28.2
TON,1853,28.2
TON,1854,28.2
TON,1855,28.2
TON,1856,28.2
TON,1857,28.2
TON,1858,28.2
TON,1859,28.2
TON,1860,28.2
TON,1861,28.2
TON,1862,28.2
TON,1863,28.2
TON,1864,28.2
TON,1865,28.2
TON,1866,28.2
TON,1867,28.2
TON,1868,28.2
TON,1869,28.2
TON,1870,28.2
TON,1871,28.2
TON,1872,28.2
TON,1873,28.2
TON,1874,28.2
TON,1875,28.2
TON,1876,28.2
TON,1877,28.2
TON,1878,28.2
TON,1879,28.2
TON,1880,28.2
TON,1881,28.2
TON,1882,28.2
TON,1883,28.2
TON,1884,28.2
TON,1885,28.2
TON,1886,28.2
TON,1887,28.2
TON,1888,28.2
TON,1889,28.2
TON,1890,28.2
TON,1891,28.2
TON,1892,28.2
TON,1893,8
TON,1894,28.2
TON,1895,28.2
TON,1896,28.2
TON,1897,28.2
TON,1898,28.2
TON,1899,28.2
TON,1900,28.2
TON,1901,28.2
TON,1902,28.2
TON,1903,28.2
TON,1904,28.2
TON,1905,28.2
TON,1906,28.2
TON,1907,28.2
TON,1908,28.2
TON,1909,28.2
TON,1910,28.2
TON,1911,28.2
TON,1912,28.2
TON,1913,28.2
TON,1914,28.2
TON,1915,28.2
TON,1916,28.2
TON,1917,28.2
TON,1918,5.84
TON,1919,28.2
TON,1920,28.2
TON,1921,28.2
TON,1922,28.2
TON,1923,28.2
TON,1924,28.2
TON,1925,28.2
TON,1926,29.39
TON,1927,30.58
TON,1928,31.77
TON,1929,32.96
TON,1930,34.15
TON,1931,35.33
TON,1932,36.52
TON,1933,37.71
TON,1934,38.9
TON,1935,40.09
TON,1936,41.28
TON,1937,42.47
TON,1938,43.66
TON,1939,44.85
TON,1940,46.04
TON,1941,47.22
TON,1942,48.39
TON,1943,49.57
TON,1944,50.75
TON,1945,51.93
TON,1946,53.11
TON,1947,54.29
TON,1948,55.47
TON,1949,56.65
TON,1950,57.83
TON,1951,58
TON,1952,58.35
TON,1953,58.7
TON,1954,59.05
TON,1955,59.41
TON,1956,59.77
TON,1957,60.12
TON,1958,60.48
TON,1959,60.84
TON,1960,61.2
TON,1961,61.56
TON,1962,61.91
TON,1963,62.26
TON,1964,62.6
TON,1965,62.94
TON,1966,63.27
TON,1967,63.61
TON,1968,63.93
TON,1969,64.26
TON,1970,64.58
TON,1971,64.88
TON,1972,65.17
TON,1973,65.44
TON,1974,65.69
TON,1975,65.93
TON,1976,66.16
TON,1977,66.39
TON,1978,66.61
TON,1979,66.84
TON,1980,67.08
TON,1981,67.32
TON,1982,67.56
TON,1983,67.8
TON,1984,68.04
TON,1985,68.27
TON,1986,68.48
TON,1987,68.67
TON,1988,68.83
TON,1989,68.98
TON,1990,69.1
TON,1991,69.3
TON,1992,69.4
TON,1993,69.5
TON,1994,69.5
TON,1995,69.6
TON,1996,69.7
TON,1997,69.7
TON,1998,69.7
TON,1999,69.6
TON,2000,69.6
TON,2001,69.6
TON,2002,69.7
TON,2003,69.6
TON,2004,69.8
TON,2005,70
TON,2006,70.1
TON,2007,70.2
TON,2008,70.3
TON,2009,68.6
TON,2010,70.7
TON,2011,70.8
TON,2012,71
TON,2013,71.2
TON,2014,71.3
TON,2015,71.5
TON,2016,71.7
TTO,1800,32.9
TTO,1801,32.9
TTO,1802,32.9
TTO,1803,32.9
TTO,1804,32.9
TTO,1805,32.9
TTO,1806,32.9
TTO,1807,32.9
TTO,1808,32.9
TTO,1809,32.9
TTO,1810,32.9
TTO,1811,32.9
TTO,1812,32.9
TTO,1813,32.9
TTO,1814,32.9
TTO,1815,32.9
TTO,1816,32.9
TTO,1817,32.9
TTO,1818,32.9
TTO,1819,32.9
TTO,1820,32.9
TTO,1821,32.9
TTO,1822,32.9
TTO,1823,32.9
TTO,1824,32.9
TTO,1825,32.9
TTO,1826,32.9
TTO,1827,32.9
TTO,1828,32.9
TTO,1829,32.9
TTO,1830,32.9
TTO,1831,32.9
TTO,1832,32.9
TTO,1833,32.9
TTO,1834,32.9
TTO,1835,32.9
TTO,1836,32.9
TTO,1837,32.9
TTO,1838,32.9
TTO,1839,33.88
TTO,1840,34.87
TTO,1841,35.85
TTO,1842,36.83
TTO,1843,37.82
TTO,1844,38.8
TTO,1845,38.8
TTO,1846,38.8
TTO,1847,38.8
TTO,1848,38.8
TTO,1849,38.8
TTO,1850,38.8
TTO,1851,38.8
TTO,1852,38.8
TTO,1853,38.8
TTO,1854,38.8
TTO,1855,38.8
TTO,1856,38.8
TTO,1857,38.8
TTO,1858,38.8
TTO,1859,38.8
TTO,1860,38.8
TTO,1861,38.8
TTO,1862,38.8
TTO,1863,38.8
TTO,1864,38.8
TTO,1865,38.8
TTO,1866,38.8
TTO,1867,38.8
TTO,1868,38.8
TTO,1869,38.8
TTO,1870,38.8
TTO,1871,38.8
TTO,1872,38.8
TTO,1873,38.8
TTO,1874,38.8
TTO,1875,38.8
TTO,1876,38.8
TTO,1877,38.8
TTO,1878,38.8
TTO,1879,38.8
TTO,1880,38.8
TTO,1881,38.8
TTO,1882,38.8
TTO,1883,38.8
TTO,1884,38.8
TTO,1885,38.8
TTO,1886,38.8
TTO,1887,38.8
TTO,1888,38.8
TTO,1889,38.8
TTO,1890,38.8
TTO,1891,38.8
TTO,1892,38.8
TTO,1893,38.8
TTO,1894,38.8
TTO,1895,38.8
TTO,1896,38.8
TTO,1897,38.8
TTO,1898,38.8
TTO,1899,38.8
TTO,1900,38.8
TTO,1901,38.8
TTO,1902,38.8
TTO,1903,38.8
TTO,1904,38.8
TTO,1905,38.8
TTO,1906,38.8
TTO,1907,38.8
TTO,1908,38.8
TTO,1909,38.8
TTO,1910,38.8
TTO,1911,38.8
TTO,1912,38.8
TTO,1913,38.8
TTO,1914,38.8
TTO,1915,38.8
TTO,1916,38.8
TTO,1917,38.8
TTO,1918,25.16
TTO,1919,38.8
TTO,1920,38.8
TTO,1921,38.8
TTO,1922,39.49
TTO,1923,40.18
TTO,1924,40.87
TTO,1925,41.56
TTO,1926,42.25
TTO,1927,42.94
TTO,1928,43.63
TTO,1929,44.32
TTO,1930,45.01
TTO,1931,45.7
TTO,1932,46.29
TTO,1933,46.87
TTO,1934,47.46
TTO,1935,48.05
TTO,1936,48.63
TTO,1937,49.22
TTO,1938,49.81
TTO,1939,50.39
TTO,1940,50.98
TTO,1941,51.59
TTO,1942,52.19
TTO,1943,52.81
TTO,1944,53.42
TTO,1945,54.02
TTO,1946,54.63
TTO,1947,55.25
TTO,1948,55.87
TTO,1949,56.49
TTO,1950,57.11
TTO,1951,57.36
TTO,1952,57.85
TTO,1953,58.39
TTO,1954,58.98
TTO,1955,59.61
TTO,1956,60.27
TTO,1957,60.97
TTO,1958,61.68
TTO,1959,62.38
TTO,1960,63.07
TTO,1961,63.68
TTO,1962,64.2
TTO,1963,64.63
TTO,1964,64.94
TTO,1965,65.17
TTO,1966,65.31
TTO,1967,65.41
TTO,1968,65.5
TTO,1969,65.6
TTO,1970,65.73
TTO,1971,65.91
TTO,1972,66.11
TTO,1973,66.33
TTO,1974,66.57
TTO,1975,66.83
TTO,1976,67.08
TTO,1977,67.33
TTO,1978,67.54
TTO,1979,67.73
TTO,1980,67.89
TTO,1981,68.03
TTO,1982,68.16
TTO,1983,68.28
TTO,1984,68.39
TTO,1985,68.5
TTO,1986,68.62
TTO,1987,68.74
TTO,1988,68.87
TTO,1989,68.98
TTO,1990,69.1
TTO,1991,69.3
TTO,1992,69.2
TTO,1993,69.3
TTO,1994,69.2
TTO,1995,69.3
TTO,1996,69.3
TTO,1997,69.4
TTO,1998,69.6
TTO,1999,69.3
TTO,2000,69.5
TTO,2001,69.8
TTO,2002,69.9
TTO,2003,70.4
TTO,2004,70.9
TTO,2005,71.1
TTO,2006,71.3
TTO,2007,71.5
TTO,2008,71.7
TTO,2009,71.8
TTO,2010,71.8
TTO,2011,71.9
TTO,2012,72
TTO,2013,72.1
TTO,2014,72.3
TTO,2015,72.4
TTO,2016,72.5
TUN,1800,28.8
TUN,1801,28.8
TUN,1802,28.8
TUN,1803,28.8
TUN,1804,28.8
TUN,1805,28.8
TUN,1806,28.8
TUN,1807,28.8
TUN,1808,28.8
TUN,1809,28.8
TUN,1810,28.8
TUN,1811,28.8
TUN,1812,28.8
TUN,1813,28.8
TUN,1814,28.8
TUN,1815,28.8
TUN,1816,28.8
TUN,1817,28.8
TUN,1818,5.5
TUN,1819,1.5
TUN,1820,6.5
TUN,1821,28.8
TUN,1822,28.8
TUN,1823,28.8
TUN,1824,28.8
TUN,1825,28.8
TUN,1826,28.8
TUN,1827,28.8
TUN,1828,28.8
TUN,1829,28.8
TUN,1830,28.8
TUN,1831,28.8
TUN,1832,28.8
TUN,1833,28.8
TUN,1834,28.8
TUN,1835,28.8
TUN,1836,28.8
TUN,1837,28.8
TUN,1838,28.8
TUN,1839,28.8
TUN,1840,28.8
TUN,1841,28.8
TUN,1842,28.8
TUN,1843,28.8
TUN,1844,28.8
TUN,1845,28.8
TUN,1846,28.8
TUN,1847,28.8
TUN,1848,28.8
TUN,1849,15
TUN,1850,14
TUN,1851,28.8
TUN,1852,28.8
TUN,1853,28.8
TUN,1854,28.8
TUN,1855,28.8
TUN,1856,28.8
TUN,1857,28.8
TUN,1858,28.8
TUN,1859,28.8
TUN,1860,28.8
TUN,1861,28.8
TUN,1862,28.8
TUN,1863,28.8
TUN,1864,28.8
TUN,1865,28.8
TUN,1866,28.8
TUN,1867,28.8
TUN,1868,9.8
TUN,1869,28.8
TUN,1870,28.8
TUN,1871,28.8
TUN,1872,28.8
TUN,1873,28.8
TUN,1874,28.8
TUN,1875,28.8
TUN,1876,28.8
TUN,1877,28.8
TUN,1878,28.8
TUN,1879,28.8
TUN,1880,28.8
TUN,1881,28.8
TUN,1882,28.8
TUN,1883,28.8
TUN,1884,28.8
TUN,1885,28.8
TUN,1886,28.8
TUN,1887,28.8
TUN,1888,28.8
TUN,1889,28.8
TUN,1890,28.8
TUN,1891,28.8
TUN,1892,28.8
TUN,1893,28.8
TUN,1894,28.8
TUN,1895,28.8
TUN,1896,28.8
TUN,1897,28.8
TUN,1898,28.8
TUN,1899,28.8
TUN,1900,28.8
TUN,1901,28.8
TUN,1902,28.8
TUN,1903,28.8
TUN,1904,28.8
TUN,1905,28.8
TUN,1906,28.8
TUN,1907,28.8
TUN,1908,28.8
TUN,1909,28.8
TUN,1910,28.8
TUN,1911,28.8
TUN,1912,28.8
TUN,1913,28.8
TUN,1914,28.8
TUN,1915,28.8
TUN,1916,28.8
TUN,1917,28.8
TUN,1918,22.04
TUN,1919,28.8
TUN,1920,28.8
TUN,1921,28.8
TUN,1922,28.8
TUN,1923,28.8
TUN,1924,29.04
TUN,1925,29.28
TUN,1926,29.53
TUN,1927,29.77
TUN,1928,30.01
TUN,1929,30.25
TUN,1930,30.49
TUN,1931,30.74
TUN,1932,30.98
TUN,1933,31.22
TUN,1934,31.63
TUN,1935,32.04
TUN,1936,32.45
TUN,1937,32.87
TUN,1938,33.28
TUN,1939,33.69
TUN,1940,34.1
TUN,1941,33.06
TUN,1942,27.12
TUN,1943,25.18
TUN,1944,26.24
TUN,1945,27.8
TUN,1946,35.36
TUN,1947,37.42
TUN,1948,37.9
TUN,1949,38.38
TUN,1950,38.86
TUN,1951,39.03
TUN,1952,39.33
TUN,1953,39.68
TUN,1954,40.06
TUN,1955,40.48
TUN,1956,40.94
TUN,1957,41.43
TUN,1958,41.97
TUN,1959,42.56
TUN,1960,43.2
TUN,1961,43.89
TUN,1962,44.65
TUN,1963,45.47
TUN,1964,46.35
TUN,1965,47.31
TUN,1966,48.33
TUN,1967,49.42
TUN,1968,50.56
TUN,1969,51.74
TUN,1970,52.94
TUN,1971,54.16
TUN,1972,55.37
TUN,1973,56.57
TUN,1974,57.75
TUN,1975,58.9
TUN,1976,60.03
TUN,1977,61.15
TUN,1978,62.27
TUN,1979,63.36
TUN,1980,64.41
TUN,1981,65.4
TUN,1982,66.31
TUN,1983,67.13
TUN,1984,67.87
TUN,1985,68.56
TUN,1986,69.2
TUN,1987,69.83
TUN,1988,70.48
TUN,1989,71.13
TUN,1990,71.8
TUN,1991,72
TUN,1992,72.2
TUN,1993,72.2
TUN,1994,72.5
TUN,1995,72.9
TUN,1996,73.4
TUN,1997,73.9
TUN,1998,74.3
TUN,1999,74.7
TUN,2000,75
TUN,2001,75.3
TUN,2002,75.5
TUN,2003,75.7
TUN,2004,76
TUN,2005,76.2
TUN,2006,76.4
TUN,2007,76.6
TUN,2008,76.8
TUN,2009,77
TUN,2010,77.1
TUN,2011,77.2
TUN,2012,77.4
TUN,2013,77.5
TUN,2014,77.6
TUN,2015,77.6
TUN,2016,77.6
TUR,1800,35
TUR,1801,35
TUR,1802,35
TUR,1803,35
TUR,1804,35
TUR,1805,35
TUR,1806,35
TUR,1807,35
TUR,1808,35
TUR,1809,35
TUR,1810,35
TUR,1811,35
TUR,1812,35
TUR,1813,35
TUR,1814,35
TUR,1815,35
TUR,1816,35
TUR,1817,35
TUR,1818,35
TUR,1819,35
TUR,1820,35
TUR,1821,35
TUR,1822,35
TUR,1823,35
TUR,1824,35
TUR,1825,35
TUR,1826,35
TUR,1827,35
TUR,1828,35
TUR,1829,35
TUR,1830,35
TUR,1831,35
TUR,1832,35
TUR,1833,35
TUR,1834,35
TUR,1835,35
TUR,1836,35
TUR,1837,35
TUR,1838,35
TUR,1839,35
TUR,1840,35
TUR,1841,35
TUR,1842,35
TUR,1843,35
TUR,1844,35
TUR,1845,35
TUR,1846,35
TUR,1847,35
TUR,1848,35
TUR,1849,35
TUR,1850,35
TUR,1851,35
TUR,1852,35
TUR,1853,35
TUR,1854,35
TUR,1855,35
TUR,1856,35
TUR,1857,35
TUR,1858,35
TUR,1859,35
TUR,1860,35
TUR,1861,35
TUR,1862,35
TUR,1863,35
TUR,1864,35
TUR,1865,35
TUR,1866,35
TUR,1867,35
TUR,1868,35
TUR,1869,35
TUR,1870,35
TUR,1871,35
TUR,1872,35
TUR,1873,35
TUR,1874,35
TUR,1875,35
TUR,1876,35
TUR,1877,35
TUR,1878,35
TUR,1879,35
TUR,1880,35
TUR,1881,35
TUR,1882,35
TUR,1883,35
TUR,1884,35
TUR,1885,35
TUR,1886,35
TUR,1887,35
TUR,1888,35
TUR,1889,35
TUR,1890,35
TUR,1891,35
TUR,1892,35
TUR,1893,35
TUR,1894,35
TUR,1895,35
TUR,1896,35
TUR,1897,35
TUR,1898,35
TUR,1899,35
TUR,1900,35
TUR,1901,35
TUR,1902,35
TUR,1903,35
TUR,1904,35
TUR,1905,35
TUR,1906,35
TUR,1907,35
TUR,1908,35
TUR,1909,35
TUR,1910,35
TUR,1911,35
TUR,1912,35
TUR,1913,35
TUR,1914,27
TUR,1915,7
TUR,1916,19
TUR,1917,22
TUR,1918,19.07
TUR,1919,30
TUR,1920,29
TUR,1921,29
TUR,1922,33
TUR,1923,35
TUR,1924,35
TUR,1925,35
TUR,1926,35
TUR,1927,35
TUR,1928,35
TUR,1929,35
TUR,1930,35
TUR,1931,35.06
TUR,1932,35.12
TUR,1933,35.18
TUR,1934,35.25
TUR,1935,35.31
TUR,1936,35.37
TUR,1937,35.43
TUR,1938,34.61
TUR,1939,33.79
TUR,1940,32.98
TUR,1941,32.24
TUR,1942,31.49
TUR,1943,32.92
TUR,1944,34.35
TUR,1945,35.78
TUR,1946,37.21
TUR,1947,38.64
TUR,1948,39.4
TUR,1949,40.17
TUR,1950,40.94
TUR,1951,41.2
TUR,1952,41.68
TUR,1953,42.2
TUR,1954,42.76
TUR,1955,43.35
TUR,1956,43.99
TUR,1957,44.67
TUR,1958,45.38
TUR,1959,46.13
TUR,1960,46.91
TUR,1961,47.71
TUR,1962,48.52
TUR,1963,49.35
TUR,1964,50.15
TUR,1965,50.96
TUR,1966,51.74
TUR,1967,52.48
TUR,1968,53.21
TUR,1969,53.91
TUR,1970,54.59
TUR,1971,55.27
TUR,1972,55.96
TUR,1973,56.65
TUR,1974,57.36
TUR,1975,58.08
TUR,1976,58.81
TUR,1977,59.55
TUR,1978,60.29
TUR,1979,61.03
TUR,1980,61.74
TUR,1981,62.45
TUR,1982,63.15
TUR,1983,63.82
TUR,1984,64.49
TUR,1985,65.15
TUR,1986,65.76
TUR,1987,66.37
TUR,1988,66.96
TUR,1989,67.53
TUR,1990,68.1
TUR,1991,68.5
TUR,1992,69.2
TUR,1993,69.7
TUR,1994,69.8
TUR,1995,70
TUR,1996,70.6
TUR,1997,71.2
TUR,1998,72
TUR,1999,71.5
TUR,2000,73.8
TUR,2001,74.4
TUR,2002,75.1
TUR,2003,75.1
TUR,2004,75.8
TUR,2005,76.2
TUR,2006,76.7
TUR,2007,77.4
TUR,2008,77.8
TUR,2009,78.5
TUR,2010,78.8
TUR,2011,78.8
TUR,2012,79.1
TUR,2013,78.8
TUR,2014,79.1
TUR,2015,79.2
TUR,2016,79.3
TKM,1800,24
TKM,1801,24
TKM,1802,24
TKM,1803,24
TKM,1804,24
TKM,1805,24
TKM,1806,24
TKM,1807,24
TKM,1808,24
TKM,1809,24
TKM,1810,24
TKM,1811,24
TKM,1812,24
TKM,1813,24
TKM,1814,24
TKM,1815,24
TKM,1816,24
TKM,1817,24
TKM,1818,24
TKM,1819,24
TKM,1820,24
TKM,1821,24
TKM,1822,24
TKM,1823,24
TKM,1824,24
TKM,1825,24
TKM,1826,24
TKM,1827,24
TKM,1828,24
TKM,1829,24
TKM,1830,24
TKM,1831,24
TKM,1832,24
TKM,1833,24
TKM,1834,24
TKM,1835,24
TKM,1836,24
TKM,1837,24
TKM,1838,24
TKM,1839,24
TKM,1840,24
TKM,1841,24
TKM,1842,24
TKM,1843,24
TKM,1844,24
TKM,1845,24
TKM,1846,24
TKM,1847,24
TKM,1848,24
TKM,1849,24
TKM,1850,24
TKM,1851,24
TKM,1852,24
TKM,1853,24
TKM,1854,24
TKM,1855,24
TKM,1856,24
TKM,1857,24
TKM,1858,24
TKM,1859,24
TKM,1860,24
TKM,1861,24
TKM,1862,24
TKM,1863,24
TKM,1864,23.17
TKM,1865,22.33
TKM,1866,21.5
TKM,1867,20.67
TKM,1868,19.84
TKM,1869,19.88
TKM,1870,19.92
TKM,1871,19.97
TKM,1872,20.01
TKM,1873,20.06
TKM,1874,20.26
TKM,1875,20.46
TKM,1876,20.66
TKM,1877,20.86
TKM,1878,21.06
TKM,1879,21.26
TKM,1880,21.46
TKM,1881,21.66
TKM,1882,21.86
TKM,1883,22.06
TKM,1884,22.26
TKM,1885,22.46
TKM,1886,22.66
TKM,1887,22.86
TKM,1888,23.06
TKM,1889,23.26
TKM,1890,23.46
TKM,1891,23.66
TKM,1892,23.86
TKM,1893,24.06
TKM,1894,24.26
TKM,1895,24.46
TKM,1896,24.66
TKM,1897,24.86
TKM,1898,24.69
TKM,1899,24.52
TKM,1900,24.36
TKM,1901,24.61
TKM,1902,24.86
TKM,1903,25.11
TKM,1904,25.36
TKM,1905,25.61
TKM,1906,25.86
TKM,1907,26.11
TKM,1908,26.36
TKM,1909,26.61
TKM,1910,26.86
TKM,1911,29.81
TKM,1912,30.24
TKM,1913,28.07
TKM,1914,27.66
TKM,1915,27.26
TKM,1916,27.26
TKM,1917,24.26
TKM,1918,14.26
TKM,1919,19.73
TKM,1920,15.23
TKM,1921,18.53
TKM,1922,19.43
TKM,1923,28.33
TKM,1924,30.83
TKM,1925,29.93
TKM,1926,33.13
TKM,1927,32.46
TKM,1928,33.97
TKM,1929,32.73
TKM,1930,32.04
TKM,1931,26.26
TKM,1932,18.26
TKM,1933,14.26
TKM,1934,34.41
TKM,1935,35.96
TKM,1936,37.63
TKM,1937,36.64
TKM,1938,38.33
TKM,1939,40.73
TKM,1940,38.26
TKM,1941,27.52
TKM,1942,23.55
TKM,1943,22.57
TKM,1944,30.59
TKM,1945,38.11
TKM,1946,45.4
TKM,1947,37.42
TKM,1948,45.51
TKM,1949,48.33
TKM,1950,50.66
TKM,1951,50.89
TKM,1952,51.34
TKM,1953,51.79
TKM,1954,52.25
TKM,1955,52.69
TKM,1956,53.14
TKM,1957,53.58
TKM,1958,54.03
TKM,1959,54.47
TKM,1960,54.91
TKM,1961,55.36
TKM,1962,55.82
TKM,1963,56.27
TKM,1964,56.72
TKM,1965,57.17
TKM,1966,57.61
TKM,1967,58.02
TKM,1968,58.42
TKM,1969,58.8
TKM,1970,59.15
TKM,1971,59.46
TKM,1972,59.74
TKM,1973,60.01
TKM,1974,60.25
TKM,1975,60.49
TKM,1976,60.73
TKM,1977,61
TKM,1978,61.28
TKM,1979,61.58
TKM,1980,61.9
TKM,1981,62.24
TKM,1982,62.57
TKM,1983,62.89
TKM,1984,63.18
TKM,1985,63.44
TKM,1986,63.63
TKM,1987,63.77
TKM,1988,63.85
TKM,1989,63.89
TKM,1990,63.9
TKM,1991,63.5
TKM,1992,63.5
TKM,1993,63.5
TKM,1994,63.4
TKM,1995,63.3
TKM,1996,63.2
TKM,1997,63.2
TKM,1998,63.3
TKM,1999,63.5
TKM,2000,63.7
TKM,2001,64.1
TKM,2002,64.4
TKM,2003,64.8
TKM,2004,65.3
TKM,2005,65.8
TKM,2006,66.3
TKM,2007,66.8
TKM,2008,67.2
TKM,2009,67.6
TKM,2010,68.1
TKM,2011,68.5
TKM,2012,68.9
TKM,2013,69.2
TKM,2014,69.6
TKM,2015,70
TKM,2016,70.4
UGA,1800,25.3
UGA,1801,25.3
UGA,1802,25.3
UGA,1803,25.3
UGA,1804,25.3
UGA,1805,25.3
UGA,1806,25.3
UGA,1807,25.3
UGA,1808,25.3
UGA,1809,25.3
UGA,1810,25.3
UGA,1811,25.3
UGA,1812,25.3
UGA,1813,25.3
UGA,1814,25.3
UGA,1815,25.3
UGA,1816,25.3
UGA,1817,25.3
UGA,1818,25.3
UGA,1819,25.3
UGA,1820,25.3
UGA,1821,25.3
UGA,1822,25.3
UGA,1823,25.3
UGA,1824,25.3
UGA,1825,25.3
UGA,1826,25.3
UGA,1827,25.3
UGA,1828,25.3
UGA,1829,25.3
UGA,1830,25.3
UGA,1831,25.3
UGA,1832,25.3
UGA,1833,25.3
UGA,1834,25.3
UGA,1835,25.3
UGA,1836,25.3
UGA,1837,25.3
UGA,1838,25.3
UGA,1839,25.3
UGA,1840,25.3
UGA,1841,25.3
UGA,1842,25.3
UGA,1843,25.3
UGA,1844,25.3
UGA,1845,25.3
UGA,1846,25.3
UGA,1847,25.3
UGA,1848,25.3
UGA,1849,25.3
UGA,1850,25.3
UGA,1851,25.3
UGA,1852,25.3
UGA,1853,25.3
UGA,1854,25.3
UGA,1855,25.3
UGA,1856,25.3
UGA,1857,25.3
UGA,1858,25.3
UGA,1859,25.3
UGA,1860,25.3
UGA,1861,25.3
UGA,1862,25.3
UGA,1863,25.3
UGA,1864,25.3
UGA,1865,25.3
UGA,1866,25.3
UGA,1867,25.3
UGA,1868,25.3
UGA,1869,25.3
UGA,1870,25.3
UGA,1871,25.3
UGA,1872,25.3
UGA,1873,25.3
UGA,1874,25.3
UGA,1875,25.3
UGA,1876,25.3
UGA,1877,25.3
UGA,1878,25.3
UGA,1879,25.3
UGA,1880,25.3
UGA,1881,25.3
UGA,1882,25.3
UGA,1883,25.3
UGA,1884,25.3
UGA,1885,25.3
UGA,1886,25.3
UGA,1887,25.3
UGA,1888,25.3
UGA,1889,25.3
UGA,1890,25.3
UGA,1891,25.3
UGA,1892,25.3
UGA,1893,25.3
UGA,1894,25.3
UGA,1895,25.3
UGA,1896,25.3
UGA,1897,25.3
UGA,1898,25.3
UGA,1899,25.3
UGA,1900,25.3
UGA,1901,25.3
UGA,1902,25.3
UGA,1903,25.3
UGA,1904,25.3
UGA,1905,25.3
UGA,1906,25.3
UGA,1907,25.3
UGA,1908,25.3
UGA,1909,25.3
UGA,1910,25.3
UGA,1911,25.3
UGA,1912,25.3
UGA,1913,25.3
UGA,1914,25.3
UGA,1915,25.3
UGA,1916,25.3
UGA,1917,25.3
UGA,1918,9.78
UGA,1919,25.3
UGA,1920,25.3
UGA,1921,25.3
UGA,1922,25.3
UGA,1923,25.02
UGA,1924,24.74
UGA,1925,24.46
UGA,1926,24.18
UGA,1927,23.9
UGA,1928,24.15
UGA,1929,24.4
UGA,1930,24.65
UGA,1931,24.9
UGA,1932,25.15
UGA,1933,25.4
UGA,1934,25.65
UGA,1935,25.9
UGA,1936,26.15
UGA,1937,26.4
UGA,1938,26.7
UGA,1939,27
UGA,1940,27.3
UGA,1941,27.66
UGA,1942,28.03
UGA,1943,28.39
UGA,1944,28.76
UGA,1945,29.12
UGA,1946,31.22
UGA,1947,33.32
UGA,1948,35.42
UGA,1949,37.52
UGA,1950,39.63
UGA,1951,39.94
UGA,1952,40.51
UGA,1953,41.08
UGA,1954,41.65
UGA,1955,42.24
UGA,1956,42.82
UGA,1957,43.42
UGA,1958,44.03
UGA,1959,44.64
UGA,1960,45.27
UGA,1961,45.91
UGA,1962,46.56
UGA,1963,47.22
UGA,1964,47.86
UGA,1965,48.49
UGA,1966,49.07
UGA,1967,49.58
UGA,1968,50.05
UGA,1969,50.43
UGA,1970,50.74
UGA,1971,50.99
UGA,1972,51.17
UGA,1973,51.33
UGA,1974,51.45
UGA,1975,51.55
UGA,1976,51.65
UGA,1977,51.75
UGA,1978,51.83
UGA,1979,51.93
UGA,1980,52.01
UGA,1981,52.09
UGA,1982,52.14
UGA,1983,52.17
UGA,1984,52.16
UGA,1985,52.09
UGA,1986,51.94
UGA,1987,51.72
UGA,1988,51.42
UGA,1989,51.08
UGA,1990,50.7
UGA,1991,50
UGA,1992,49.6
UGA,1993,49
UGA,1994,48.5
UGA,1995,48.3
UGA,1996,48.2
UGA,1997,48.5
UGA,1998,48.7
UGA,1999,48.9
UGA,2000,49.1
UGA,2001,49.7
UGA,2002,50.3
UGA,2003,51.2
UGA,2004,52
UGA,2005,53.5
UGA,2006,54.9
UGA,2007,55.3
UGA,2008,56
UGA,2009,57
UGA,2010,57.8
UGA,2011,58.6
UGA,2012,59.3
UGA,2013,60.1
UGA,2014,60.7
UGA,2015,61.3
UGA,2016,61.91
UKR,1800,36.6
UKR,1801,36.6
UKR,1802,36.6
UKR,1803,36.6
UKR,1804,36.6
UKR,1805,36.6
UKR,1806,36.6
UKR,1807,36.6
UKR,1808,36.6
UKR,1809,36.6
UKR,1810,36.6
UKR,1811,36.6
UKR,1812,36.6
UKR,1813,36.6
UKR,1814,36.6
UKR,1815,36.6
UKR,1816,36.6
UKR,1817,36.6
UKR,1818,36.6
UKR,1819,36.6
UKR,1820,36.6
UKR,1821,36.6
UKR,1822,36.6
UKR,1823,36.6
UKR,1824,36.6
UKR,1825,36.6
UKR,1826,36.6
UKR,1827,36.6
UKR,1828,36.6
UKR,1829,36.6
UKR,1830,36.6
UKR,1831,36.6
UKR,1832,36.6
UKR,1833,36.6
UKR,1834,36.6
UKR,1835,36.6
UKR,1836,36.6
UKR,1837,36.6
UKR,1838,36.6
UKR,1839,36.6
UKR,1840,36.6
UKR,1841,36.6
UKR,1842,36.6
UKR,1843,36.6
UKR,1844,36.6
UKR,1845,36.6
UKR,1846,36.6
UKR,1847,36.6
UKR,1848,36.6
UKR,1849,36.6
UKR,1850,36.6
UKR,1851,36.6
UKR,1852,36.6
UKR,1853,36.6
UKR,1854,36.6
UKR,1855,36.6
UKR,1856,36.6
UKR,1857,36.6
UKR,1858,36.6
UKR,1859,36.6
UKR,1860,36.6
UKR,1861,36.6
UKR,1862,36.6
UKR,1863,36.6
UKR,1864,36.6
UKR,1865,36.6
UKR,1866,36.6
UKR,1867,36.6
UKR,1868,36.6
UKR,1869,36.6
UKR,1870,36.6
UKR,1871,36.6
UKR,1872,36.6
UKR,1873,36.6
UKR,1874,36.6
UKR,1875,36.6
UKR,1876,36.6
UKR,1877,36.6
UKR,1878,36.6
UKR,1879,36.6
UKR,1880,36.6
UKR,1881,36.6
UKR,1882,36.6
UKR,1883,36.6
UKR,1884,36.6
UKR,1885,36.6
UKR,1886,36.6
UKR,1887,36.6
UKR,1888,36.6
UKR,1889,36.6
UKR,1890,36.6
UKR,1891,36.6
UKR,1892,36.6
UKR,1893,36.6
UKR,1894,36.6
UKR,1895,36.6
UKR,1896,36.6
UKR,1897,36.6
UKR,1898,36.6
UKR,1899,36.6
UKR,1900,36.6
UKR,1901,37
UKR,1902,37.4
UKR,1903,37.79
UKR,1904,38.19
UKR,1905,38.59
UKR,1906,38.99
UKR,1907,39.39
UKR,1908,39.78
UKR,1909,40.18
UKR,1910,40.58
UKR,1911,40.98
UKR,1912,41.38
UKR,1913,41.78
UKR,1914,40.55
UKR,1915,35
UKR,1916,35
UKR,1917,33
UKR,1918,29
UKR,1919,31
UKR,1920,28.05
UKR,1921,31.35
UKR,1922,32.25
UKR,1923,41.15
UKR,1924,43.65
UKR,1925,42.75
UKR,1926,45.95
UKR,1927,45.05
UKR,1928,46.65
UKR,1929,44.75
UKR,1930,44.7
UKR,1931,45.7
UKR,1932,36.95
UKR,1933,9.05
UKR,1934,39.75
UKR,1935,49.6
UKR,1936,50.3
UKR,1937,49.05
UKR,1938,50.3
UKR,1939,50.1
UKR,1940,49.9
UKR,1941,24.94
UKR,1942,19.53
UKR,1943,18.22
UKR,1944,28.91
UKR,1945,35.5
UKR,1946,55.24
UKR,1947,45.19
UKR,1948,57.83
UKR,1949,60.62
UKR,1950,62.56
UKR,1951,62.2
UKR,1952,62.94
UKR,1953,63.63
UKR,1954,64.42
UKR,1955,66.26
UKR,1956,67.15
UKR,1957,67.19
UKR,1958,68.88
UKR,1959,69.26
UKR,1960,70.88
UKR,1961,71.15
UKR,1962,70.56
UKR,1963,71.18
UKR,1964,71.97
UKR,1965,71.4
UKR,1966,71.66
UKR,1967,71.25
UKR,1968,71.33
UKR,1969,70.7
UKR,1970,70.59
UKR,1971,70.81
UKR,1972,70.57
UKR,1973,70.75
UKR,1974,70.63
UKR,1975,69.96
UKR,1976,70.01
UKR,1977,69.68
UKR,1978,69.63
UKR,1979,69.36
UKR,1980,69.33
UKR,1981,69.36
UKR,1982,69.51
UKR,1983,69.48
UKR,1984,69.17
UKR,1985,69.47
UKR,1986,70.82
UKR,1987,70.61
UKR,1988,70.49
UKR,1989,70.43
UKR,1990,70
UKR,1991,69.4
UKR,1992,68.8
UKR,1993,68.3
UKR,1994,67.5
UKR,1995,66.5
UKR,1996,66.7
UKR,1997,67.3
UKR,1998,68.1
UKR,1999,67.7
UKR,2000,67.3
UKR,2001,67.5
UKR,2002,67.5
UKR,2003,67.7
UKR,2004,67.5
UKR,2005,67.1
UKR,2006,67.9
UKR,2007,67.6
UKR,2008,67.8
UKR,2009,69.6
UKR,2010,70.5
UKR,2011,71.1
UKR,2012,71.2
UKR,2013,71.3
UKR,2014,71.3
UKR,2015,71.5
UKR,2016,71.7
ARE,1800,30.7
ARE,1801,30.7
ARE,1802,30.7
ARE,1803,30.7
ARE,1804,30.7
ARE,1805,30.7
ARE,1806,30.7
ARE,1807,30.7
ARE,1808,30.7
ARE,1809,30.7
ARE,1810,30.7
ARE,1811,30.7
ARE,1812,30.7
ARE,1813,30.7
ARE,1814,30.7
ARE,1815,30.7
ARE,1816,30.7
ARE,1817,30.7
ARE,1818,30.7
ARE,1819,30.7
ARE,1820,30.7
ARE,1821,30.7
ARE,1822,30.7
ARE,1823,30.7
ARE,1824,30.7
ARE,1825,30.7
ARE,1826,30.7
ARE,1827,30.7
ARE,1828,30.7
ARE,1829,30.7
ARE,1830,30.7
ARE,1831,30.7
ARE,1832,30.7
ARE,1833,30.7
ARE,1834,30.7
ARE,1835,30.7
ARE,1836,30.7
ARE,1837,30.7
ARE,1838,30.7
ARE,1839,30.7
ARE,1840,30.7
ARE,1841,30.7
ARE,1842,30.7
ARE,1843,30.7
ARE,1844,30.7
ARE,1845,30.7
ARE,1846,30.7
ARE,1847,30.7
ARE,1848,30.7
ARE,1849,30.7
ARE,1850,30.7
ARE,1851,30.7
ARE,1852,30.7
ARE,1853,30.7
ARE,1854,30.7
ARE,1855,30.7
ARE,1856,30.7
ARE,1857,30.7
ARE,1858,30.7
ARE,1859,30.7
ARE,1860,30.7
ARE,1861,30.7
ARE,1862,30.7
ARE,1863,30.7
ARE,1864,30.7
ARE,1865,30.7
ARE,1866,30.7
ARE,1867,30.7
ARE,1868,30.7
ARE,1869,30.7
ARE,1870,30.7
ARE,1871,30.7
ARE,1872,30.7
ARE,1873,30.7
ARE,1874,30.7
ARE,1875,30.7
ARE,1876,30.7
ARE,1877,30.7
ARE,1878,30.7
ARE,1879,30.7
ARE,1880,30.7
ARE,1881,30.7
ARE,1882,30.7
ARE,1883,30.7
ARE,1884,30.7
ARE,1885,30.7
ARE,1886,30.7
ARE,1887,30.7
ARE,1888,30.7
ARE,1889,30.7
ARE,1890,30.7
ARE,1891,30.7
ARE,1892,30.7
ARE,1893,30.7
ARE,1894,30.7
ARE,1895,30.7
ARE,1896,30.7
ARE,1897,30.7
ARE,1898,30.7
ARE,1899,30.7
ARE,1900,30.7
ARE,1901,30.7
ARE,1902,30.7
ARE,1903,30.7
ARE,1904,30.7
ARE,1905,30.7
ARE,1906,30.7
ARE,1907,30.7
ARE,1908,30.7
ARE,1909,30.7
ARE,1910,30.7
ARE,1911,30.7
ARE,1912,30.7
ARE,1913,30.7
ARE,1914,30.7
ARE,1915,30.7
ARE,1916,30.7
ARE,1917,30.7
ARE,1918,25.45
ARE,1919,30.7
ARE,1920,30.7
ARE,1921,30.7
ARE,1922,30.7
ARE,1923,30.7
ARE,1924,30.7
ARE,1925,30.7
ARE,1926,30.7
ARE,1927,30.7
ARE,1928,30.7
ARE,1929,30.7
ARE,1930,30.7
ARE,1931,30.7
ARE,1932,30.7
ARE,1933,30.7
ARE,1934,30.7
ARE,1935,30.7
ARE,1936,30.7
ARE,1937,30.7
ARE,1938,30.7
ARE,1939,30.7
ARE,1940,30.7
ARE,1941,30.68
ARE,1942,30.66
ARE,1943,30.65
ARE,1944,30.63
ARE,1945,30.61
ARE,1946,32.73
ARE,1947,34.87
ARE,1948,36.99
ARE,1949,39.11
ARE,1950,41.23
ARE,1951,41.83
ARE,1952,43.04
ARE,1953,44.22
ARE,1954,45.37
ARE,1955,46.5
ARE,1956,47.62
ARE,1957,48.7
ARE,1958,49.77
ARE,1959,50.82
ARE,1960,51.85
ARE,1961,52.89
ARE,1962,53.91
ARE,1963,54.91
ARE,1964,55.9
ARE,1965,56.87
ARE,1966,57.81
ARE,1967,58.7
ARE,1968,59.54
ARE,1969,60.33
ARE,1970,61.08
ARE,1971,61.78
ARE,1972,62.45
ARE,1973,63.09
ARE,1974,63.7
ARE,1975,64.3
ARE,1976,64.87
ARE,1977,65.41
ARE,1978,65.93
ARE,1979,66.43
ARE,1980,66.91
ARE,1981,67.36
ARE,1982,67.79
ARE,1983,68.2
ARE,1984,68.6
ARE,1985,68.98
ARE,1986,69.34
ARE,1987,69.68
ARE,1988,70
ARE,1989,70.31
ARE,1990,70.6
ARE,1991,70.8
ARE,1992,71.1
ARE,1993,71.3
ARE,1994,71.6
ARE,1995,71.9
ARE,1996,72.1
ARE,1997,72.4
ARE,1998,72.8
ARE,1999,73
ARE,2000,73.3
ARE,2001,73.6
ARE,2002,73.8
ARE,2003,74.1
ARE,2004,74.4
ARE,2005,75.2
ARE,2006,75.7
ARE,2007,75.6
ARE,2008,75.6
ARE,2009,75.6
ARE,2010,75.6
ARE,2011,75.5
ARE,2012,75.5
ARE,2013,75.4
ARE,2014,75.4
ARE,2015,75.4
ARE,2016,75.4
GBR,1800,38.65
GBR,1801,37.35
GBR,1802,38.62
GBR,1803,37.32
GBR,1804,41.44
GBR,1805,42.32
GBR,1806,43.22
GBR,1807,40.05
GBR,1808,40.35
GBR,1809,41.74
GBR,1810,38.35
GBR,1811,39.89
GBR,1812,41.83
GBR,1813,43.04
GBR,1814,40.24
GBR,1815,41.13
GBR,1816,39.94
GBR,1817,41.04
GBR,1818,39.85
GBR,1819,40.52
GBR,1820,41.31
GBR,1821,41.78
GBR,1822,41.35
GBR,1823,40.05
GBR,1824,39.19
GBR,1825,39.94
GBR,1826,39.83
GBR,1827,41.14
GBR,1828,42.03
GBR,1829,41.56
GBR,1830,43.02
GBR,1831,40.84
GBR,1832,40.16
GBR,1833,41.35
GBR,1834,40.78
GBR,1835,41.1
GBR,1836,41.43
GBR,1837,40.2
GBR,1838,40.3
GBR,1839,40.88
GBR,1840,39.93
GBR,1841,41.7
GBR,1842,41.35
GBR,1843,41.86
GBR,1844,41.55
GBR,1845,42.56
GBR,1846,39.96
GBR,1847,38.33
GBR,1848,39.5
GBR,1849,37.38
GBR,1850,42.8
GBR,1851,41.42
GBR,1852,40.93
GBR,1853,40.56
GBR,1854,39.34
GBR,1855,41.03
GBR,1856,43.25
GBR,1857,41.88
GBR,1858,40.04
GBR,1859,40.84
GBR,1860,43.01
GBR,1861,42.38
GBR,1862,42.52
GBR,1863,40.4
GBR,1864,39.97
GBR,1865,40.65
GBR,1866,40.41
GBR,1867,42.62
GBR,1868,42
GBR,1869,41.67
GBR,1870,40.95
GBR,1871,41.31
GBR,1872,42.9
GBR,1873,43.78
GBR,1874,42.13
GBR,1875,41.85
GBR,1876,43.69
GBR,1877,44.7
GBR,1878,43.01
GBR,1879,44.27
GBR,1880,43.78
GBR,1881,46.11
GBR,1882,44.87
GBR,1883,45.09
GBR,1884,44.79
GBR,1885,45.76
GBR,1886,45.33
GBR,1887,45.65
GBR,1888,46.81
GBR,1889,46.34
GBR,1890,44.75
GBR,1891,44.29
GBR,1892,45.51
GBR,1893,44.87
GBR,1894,48.34
GBR,1895,45.73
GBR,1896,47.41
GBR,1897,47.23
GBR,1898,46.98
GBR,1899,46.13
GBR,1900,46.32
GBR,1901,47.91
GBR,1902,49.08
GBR,1903,50.43
GBR,1904,49.11
GBR,1905,50.86
GBR,1906,50.58
GBR,1907,51.44
GBR,1908,51.84
GBR,1909,52.52
GBR,1910,53.99
GBR,1911,51.54
GBR,1912,54.55
GBR,1913,53.83
GBR,1914,51.99
GBR,1915,48.2
GBR,1916,47.73
GBR,1917,45.57
GBR,1918,40.43
GBR,1919,54.12
GBR,1920,56.6
GBR,1921,58.35
GBR,1922,57.13
GBR,1923,59.4
GBR,1924,58.17
GBR,1925,58.51
GBR,1926,59.66
GBR,1927,59.04
GBR,1928,59.99
GBR,1929,57.71
GBR,1930,60.89
GBR,1931,60.11
GBR,1932,60.63
GBR,1933,60.67
GBR,1934,61.4
GBR,1935,62.05
GBR,1936,61.85
GBR,1937,61.88
GBR,1938,63.3
GBR,1939,63.69
GBR,1940,60.97
GBR,1941,61.37
GBR,1942,63.98
GBR,1943,64
GBR,1944,64.83
GBR,1945,65.83
GBR,1946,66.45
GBR,1947,66.41
GBR,1948,68.47
GBR,1949,68.16
GBR,1950,68.66
GBR,1951,68.26
GBR,1952,69.55
GBR,1953,69.82
GBR,1954,70.19
GBR,1955,70.15
GBR,1956,70.42
GBR,1957,70.54
GBR,1958,70.71
GBR,1959,70.81
GBR,1960,71.02
GBR,1961,70.77
GBR,1962,70.84
GBR,1963,70.74
GBR,1964,71.53
GBR,1965,71.52
GBR,1966,71.43
GBR,1967,72.06
GBR,1968,71.68
GBR,1969,71.64
GBR,1970,71.89
GBR,1971,72.2
GBR,1972,71.98
GBR,1973,72.18
GBR,1974,72.38
GBR,1975,72.65
GBR,1976,72.62
GBR,1977,73.11
GBR,1978,73.04
GBR,1979,73.14
GBR,1980,73.57
GBR,1981,73.9
GBR,1982,74.03
GBR,1983,74.28
GBR,1984,74.66
GBR,1985,74.51
GBR,1986,74.78
GBR,1987,75.12
GBR,1988,75.23
GBR,1989,75.36
GBR,1990,75.7
GBR,1991,76
GBR,1992,76.2
GBR,1993,76.3
GBR,1994,76.6
GBR,1995,76.7
GBR,1996,76.9
GBR,1997,77.1
GBR,1998,77.3
GBR,1999,77.5
GBR,2000,77.8
GBR,2001,78
GBR,2002,78.2
GBR,2003,78.4
GBR,2004,78.7
GBR,2005,79
GBR,2006,79.2
GBR,2007,79.5
GBR,2008,79.7
GBR,2009,80
GBR,2010,80.2
GBR,2011,80.5
GBR,2012,80.7
GBR,2013,80.8
GBR,2014,80.9
GBR,2015,81
GBR,2016,81.1
USA,1800,39.41
USA,1801,39.41
USA,1802,39.41
USA,1803,39.41
USA,1804,39.41
USA,1805,39.41
USA,1806,39.41
USA,1807,39.41
USA,1808,39.41
USA,1809,39.41
USA,1810,39.41
USA,1811,39.41
USA,1812,39.41
USA,1813,39.41
USA,1814,39.41
USA,1815,39.41
USA,1816,39.41
USA,1817,39.41
USA,1818,39.41
USA,1819,39.41
USA,1820,39.41
USA,1821,39.41
USA,1822,39.41
USA,1823,39.41
USA,1824,39.41
USA,1825,39.41
USA,1826,39.41
USA,1827,39.41
USA,1828,39.41
USA,1829,39.41
USA,1830,39.41
USA,1831,39.41
USA,1832,39.41
USA,1833,39.41
USA,1834,39.41
USA,1835,39.41
USA,1836,39.41
USA,1837,39.41
USA,1838,39.41
USA,1839,39.41
USA,1840,39.41
USA,1841,39.41
USA,1842,39.41
USA,1843,39.41
USA,1844,39.41
USA,1845,39.41
USA,1846,39.41
USA,1847,39.41
USA,1848,39.41
USA,1849,39.41
USA,1850,39.41
USA,1851,39.41
USA,1852,39.41
USA,1853,39.41
USA,1854,39.41
USA,1855,39.41
USA,1856,39.41
USA,1857,39.41
USA,1858,39.41
USA,1859,39.41
USA,1860,39.41
USA,1861,38
USA,1862,34.5
USA,1863,34
USA,1864,31
USA,1865,38
USA,1866,39.41
USA,1867,39.41
USA,1868,39.41
USA,1869,39.41
USA,1870,39.41
USA,1871,39.41
USA,1872,39.41
USA,1873,39.41
USA,1874,39.41
USA,1875,39.41
USA,1876,39.41
USA,1877,39.41
USA,1878,39.41
USA,1879,39.41
USA,1880,39.41
USA,1881,39.99
USA,1882,40.57
USA,1883,41.15
USA,1884,41.73
USA,1885,42.31
USA,1886,42.89
USA,1887,43.47
USA,1888,44.05
USA,1889,44.63
USA,1890,45.21
USA,1891,45.58
USA,1892,45.95
USA,1893,46.33
USA,1894,46.7
USA,1895,47.07
USA,1896,47.44
USA,1897,47.81
USA,1898,48.18
USA,1899,48.56
USA,1900,48.93
USA,1901,49.3
USA,1902,50.5
USA,1903,50.6
USA,1904,49.6
USA,1905,50.3
USA,1906,50.1
USA,1907,50.2
USA,1908,51.9
USA,1909,52.8
USA,1910,51.8
USA,1911,53.4
USA,1912,54.1
USA,1913,53.5
USA,1914,54.6
USA,1915,55.1
USA,1916,54.2
USA,1917,54
USA,1918,47.2
USA,1919,55.3
USA,1920,55.4
USA,1921,58.2
USA,1922,58.1
USA,1923,57.5
USA,1924,58.5
USA,1925,58.5
USA,1926,57.9
USA,1927,59.4
USA,1928,58.3
USA,1929,58.5
USA,1930,59.6
USA,1931,60.3
USA,1932,61
USA,1933,60.96
USA,1934,60.29
USA,1935,60.94
USA,1936,60.4
USA,1937,61.1
USA,1938,62.43
USA,1939,63.12
USA,1940,63.28
USA,1941,63.84
USA,1942,64.63
USA,1943,64.34
USA,1944,65.13
USA,1945,65.63
USA,1946,66.33
USA,1947,66.73
USA,1948,67.3
USA,1949,67.68
USA,1950,68.12
USA,1951,68.22
USA,1952,68.44
USA,1953,68.79
USA,1954,69.58
USA,1955,69.63
USA,1956,69.71
USA,1957,69.49
USA,1958,69.76
USA,1959,69.98
USA,1960,69.91
USA,1961,70.32
USA,1962,70.21
USA,1963,70.04
USA,1964,70.33
USA,1965,70.41
USA,1966,70.43
USA,1967,70.76
USA,1968,70.42
USA,1969,70.66
USA,1970,70.92
USA,1971,71.24
USA,1972,71.34
USA,1973,71.54
USA,1974,72.08
USA,1975,72.68
USA,1976,72.99
USA,1977,73.38
USA,1978,73.58
USA,1979,74.03
USA,1980,73.93
USA,1981,74.36
USA,1982,74.65
USA,1983,74.71
USA,1984,74.81
USA,1985,74.79
USA,1986,74.87
USA,1987,75.01
USA,1988,75.02
USA,1989,75.1
USA,1990,75.4
USA,1991,75.5
USA,1992,75.8
USA,1993,75.7
USA,1994,75.8
USA,1995,75.9
USA,1996,76.3
USA,1997,76.6
USA,1998,76.8
USA,1999,76.9
USA,2000,76.9
USA,2001,76.9
USA,2002,77.1
USA,2003,77.3
USA,2004,77.6
USA,2005,77.6
USA,2006,77.8
USA,2007,78.1
USA,2008,78.3
USA,2009,78.5
USA,2010,78.8
USA,2011,78.9
USA,2012,79
USA,2013,79.1
USA,2014,79.1
USA,2015,79.1
USA,2016,79.1
URY,1800,32.9
URY,1801,32.9
URY,1802,32.9
URY,1803,32.9
URY,1804,32.9
URY,1805,32.9
URY,1806,32.9
URY,1807,32.9
URY,1808,32.9
URY,1809,32.9
URY,1810,32.9
URY,1811,32.9
URY,1812,32.9
URY,1813,32.9
URY,1814,32.9
URY,1815,32.9
URY,1816,32.9
URY,1817,32.9
URY,1818,32.9
URY,1819,32.9
URY,1820,32.9
URY,1821,32.9
URY,1822,32.9
URY,1823,32.9
URY,1824,32.9
URY,1825,32.9
URY,1826,32.9
URY,1827,32.9
URY,1828,32.9
URY,1829,32.9
URY,1830,32.9
URY,1831,32.9
URY,1832,32.9
URY,1833,32.9
URY,1834,32.9
URY,1835,32.9
URY,1836,32.9
URY,1837,32.9
URY,1838,32.9
URY,1839,32.9
URY,1840,32.9
URY,1841,32.9
URY,1842,32.9
URY,1843,32.9
URY,1844,32.9
URY,1845,32.9
URY,1846,32.9
URY,1847,32.9
URY,1848,32.9
URY,1849,32.9
URY,1850,32.9
URY,1851,32.9
URY,1852,32.9
URY,1853,32.9
URY,1854,32.9
URY,1855,32.9
URY,1856,32.9
URY,1857,32.9
URY,1858,32.9
URY,1859,32.9
URY,1860,32.9
URY,1861,32.9
URY,1862,32.9
URY,1863,32.9
URY,1864,32.9
URY,1865,32.9
URY,1866,32.9
URY,1867,32.9
URY,1868,32.9
URY,1869,32.9
URY,1870,32.9
URY,1871,32.9
URY,1872,32.9
URY,1873,32.9
URY,1874,32.9
URY,1875,32.9
URY,1876,32.9
URY,1877,32.9
URY,1878,32.9
URY,1879,32.9
URY,1880,32.9
URY,1881,32.9
URY,1882,32.9
URY,1883,32.9
URY,1884,32.9
URY,1885,32.9
URY,1886,32.9
URY,1887,32.9
URY,1888,32.9
URY,1889,32.9
URY,1890,32.9
URY,1891,32.9
URY,1892,32.9
URY,1893,32.9
URY,1894,32.9
URY,1895,32.9
URY,1896,32.9
URY,1897,32.9
URY,1898,32.9
URY,1899,32.9
URY,1900,32.9
URY,1901,32.9
URY,1902,32.9
URY,1903,32.9
URY,1904,32.9
URY,1905,32.9
URY,1906,32.9
URY,1907,32.9
URY,1908,32.9
URY,1909,32.9
URY,1910,32.9
URY,1911,32.9
URY,1912,32.9
URY,1913,32.9
URY,1914,32.9
URY,1915,32.9
URY,1916,32.9
URY,1917,32.9
URY,1918,30.6
URY,1919,32.9
URY,1920,32.9
URY,1921,32.9
URY,1922,32.9
URY,1923,32.9
URY,1924,32.9
URY,1925,32.9
URY,1926,34.22
URY,1927,35.53
URY,1928,36.85
URY,1929,38.16
URY,1930,39.48
URY,1931,40.8
URY,1932,42.11
URY,1933,43.43
URY,1934,44.75
URY,1935,46.06
URY,1936,47.38
URY,1937,48.69
URY,1938,50.01
URY,1939,51.33
URY,1940,52.64
URY,1941,53.97
URY,1942,55.29
URY,1943,56.62
URY,1944,57.94
URY,1945,59.26
URY,1946,60.59
URY,1947,61.92
URY,1948,63.24
URY,1949,64.57
URY,1950,65.89
URY,1951,65.96
URY,1952,66.11
URY,1953,66.28
URY,1954,66.47
URY,1955,66.69
URY,1956,66.93
URY,1957,67.18
URY,1958,67.43
URY,1959,67.7
URY,1960,67.95
URY,1961,68.19
URY,1962,68.39
URY,1963,68.55
URY,1964,68.67
URY,1965,68.74
URY,1966,68.78
URY,1967,68.8
URY,1968,68.82
URY,1969,68.84
URY,1970,68.88
URY,1971,68.94
URY,1972,69.01
URY,1973,69.1
URY,1974,69.23
URY,1975,69.39
URY,1976,69.58
URY,1977,69.8
URY,1978,70.05
URY,1979,70.32
URY,1980,70.6
URY,1981,70.89
URY,1982,71.17
URY,1983,71.46
URY,1984,71.72
URY,1985,71.97
URY,1986,72.2
URY,1987,72.41
URY,1988,72.61
URY,1989,72.81
URY,1990,73
URY,1991,72.6
URY,1992,73.2
URY,1993,73.2
URY,1994,73.3
URY,1995,73.4
URY,1996,73.5
URY,1997,73.7
URY,1998,74
URY,1999,74.3
URY,2000,74.6
URY,2001,74.8
URY,2002,75
URY,2003,75
URY,2004,75.3
URY,2005,75.5
URY,2006,75.7
URY,2007,75.7
URY,2008,76
URY,2009,76.2
URY,2010,76.2
URY,2011,76.3
URY,2012,76.3
URY,2013,76.4
URY,2014,76.6
URY,2015,76.8
URY,2016,77
UZB,1800,26.93
UZB,1801,26.93
UZB,1802,26.93
UZB,1803,26.93
UZB,1804,26.93
UZB,1805,26.93
UZB,1806,26.93
UZB,1807,26.93
UZB,1808,26.93
UZB,1809,26.93
UZB,1810,26.93
UZB,1811,26.93
UZB,1812,26.93
UZB,1813,26.93
UZB,1814,26.93
UZB,1815,26.93
UZB,1816,26.93
UZB,1817,26.93
UZB,1818,26.93
UZB,1819,26.93
UZB,1820,26.93
UZB,1821,26.93
UZB,1822,26.93
UZB,1823,26.93
UZB,1824,26.93
UZB,1825,26.93
UZB,1826,26.93
UZB,1827,26.93
UZB,1828,26.93
UZB,1829,26.93
UZB,1830,26.93
UZB,1831,26.93
UZB,1832,26.93
UZB,1833,26.93
UZB,1834,26.93
UZB,1835,26.93
UZB,1836,26.93
UZB,1837,26.93
UZB,1838,26.93
UZB,1839,26.93
UZB,1840,26.93
UZB,1841,26.93
UZB,1842,26.93
UZB,1843,26.93
UZB,1844,26.93
UZB,1845,26.93
UZB,1846,26.93
UZB,1847,26.93
UZB,1848,26.93
UZB,1849,26.93
UZB,1850,26.93
UZB,1851,26.93
UZB,1852,26.93
UZB,1853,26.93
UZB,1854,26.93
UZB,1855,26.93
UZB,1856,26.93
UZB,1857,26.93
UZB,1858,26.93
UZB,1859,26.93
UZB,1860,26.93
UZB,1861,26.93
UZB,1862,26.93
UZB,1863,26.93
UZB,1864,26.4
UZB,1865,25.88
UZB,1866,25.35
UZB,1867,24.83
UZB,1868,24.31
UZB,1869,24.35
UZB,1870,24.39
UZB,1871,24.44
UZB,1872,24.48
UZB,1873,24.53
UZB,1874,24.73
UZB,1875,24.93
UZB,1876,25.13
UZB,1877,25.33
UZB,1878,25.53
UZB,1879,25.73
UZB,1880,25.93
UZB,1881,26.13
UZB,1882,26.33
UZB,1883,26.53
UZB,1884,26.73
UZB,1885,26.93
UZB,1886,27.13
UZB,1887,27.33
UZB,1888,27.53
UZB,1889,27.73
UZB,1890,27.93
UZB,1891,28.13
UZB,1892,28.33
UZB,1893,28.53
UZB,1894,28.73
UZB,1895,28.93
UZB,1896,29.13
UZB,1897,29.33
UZB,1898,29.16
UZB,1899,28.99
UZB,1900,28.83
UZB,1901,29.08
UZB,1902,29.33
UZB,1903,29.58
UZB,1904,29.83
UZB,1905,30.08
UZB,1906,30.33
UZB,1907,30.58
UZB,1908,30.83
UZB,1909,31.08
UZB,1910,31.33
UZB,1911,34.28
UZB,1912,34.71
UZB,1913,32.54
UZB,1914,32.13
UZB,1915,31.73
UZB,1916,31.73
UZB,1917,28.73
UZB,1918,18.73
UZB,1919,24.2
UZB,1920,19.7
UZB,1921,23
UZB,1922,23.9
UZB,1923,32.8
UZB,1924,35.3
UZB,1925,34.4
UZB,1926,37.6
UZB,1927,36.93
UZB,1928,38.44
UZB,1929,37.2
UZB,1930,36.51
UZB,1931,30.73
UZB,1932,22.73
UZB,1933,18.73
UZB,1934,38.88
UZB,1935,40.43
UZB,1936,42.1
UZB,1937,41.11
UZB,1938,42.8
UZB,1939,45.2
UZB,1940,42.73
UZB,1941,30.22
UZB,1942,26.04
UZB,1943,24.06
UZB,1944,33.48
UZB,1945,41
UZB,1946,49.85
UZB,1947,41.87
UZB,1948,49.96
UZB,1949,52.77
UZB,1950,55.09
UZB,1951,55.32
UZB,1952,55.78
UZB,1953,56.23
UZB,1954,56.68
UZB,1955,57.13
UZB,1956,57.58
UZB,1957,58.02
UZB,1958,58.46
UZB,1959,58.91
UZB,1960,59.35
UZB,1961,59.8
UZB,1962,60.25
UZB,1963,60.7
UZB,1964,61.15
UZB,1965,61.59
UZB,1966,62.02
UZB,1967,62.43
UZB,1968,62.83
UZB,1969,63.2
UZB,1970,63.54
UZB,1971,63.86
UZB,1972,64.14
UZB,1973,64.4
UZB,1974,64.64
UZB,1975,64.87
UZB,1976,65.11
UZB,1977,65.37
UZB,1978,65.64
UZB,1979,65.94
UZB,1980,66.25
UZB,1981,66.59
UZB,1982,66.93
UZB,1983,67.27
UZB,1984,67.59
UZB,1985,67.85
UZB,1986,68.02
UZB,1987,68.09
UZB,1988,68.06
UZB,1989,67.96
UZB,1990,67.8
UZB,1991,67.6
UZB,1992,67.3
UZB,1993,67
UZB,1994,66.7
UZB,1995,66.6
UZB,1996,66.7
UZB,1997,66.9
UZB,1998,67.1
UZB,1999,67.4
UZB,2000,67.6
UZB,2001,67.8
UZB,2002,67.9
UZB,2003,68.1
UZB,2004,68.3
UZB,2005,68.5
UZB,2006,68.8
UZB,2007,69.2
UZB,2008,69.6
UZB,2009,69.9
UZB,2010,70.2
UZB,2011,70.6
UZB,2012,70.9
UZB,2013,71.2
UZB,2014,71.5
UZB,2015,71.8
UZB,2016,72.1
VUT,1800,24.3
VUT,1801,24.3
VUT,1802,24.3
VUT,1803,24.3
VUT,1804,24.3
VUT,1805,24.3
VUT,1806,24.3
VUT,1807,24.3
VUT,1808,24.3
VUT,1809,24.3
VUT,1810,24.3
VUT,1811,24.3
VUT,1812,24.3
VUT,1813,24.3
VUT,1814,24.3
VUT,1815,24.3
VUT,1816,24.3
VUT,1817,24.3
VUT,1818,24.3
VUT,1819,24.3
VUT,1820,24.3
VUT,1821,24.3
VUT,1822,24.3
VUT,1823,24.3
VUT,1824,24.3
VUT,1825,24.3
VUT,1826,24.3
VUT,1827,24.3
VUT,1828,24.3
VUT,1829,24.3
VUT,1830,24.3
VUT,1831,24.3
VUT,1832,24.3
VUT,1833,24.3
VUT,1834,24.3
VUT,1835,24.3
VUT,1836,24.3
VUT,1837,24.3
VUT,1838,24.3
VUT,1839,24.3
VUT,1840,24.3
VUT,1841,24.3
VUT,1842,24.3
VUT,1843,24.3
VUT,1844,24.3
VUT,1845,24.3
VUT,1846,24.3
VUT,1847,24.3
VUT,1848,24.3
VUT,1849,24.3
VUT,1850,24.3
VUT,1851,24.3
VUT,1852,24.3
VUT,1853,24.3
VUT,1854,24.3
VUT,1855,24.3
VUT,1856,24.3
VUT,1857,24.3
VUT,1858,24.3
VUT,1859,24.3
VUT,1860,24.3
VUT,1861,24.3
VUT,1862,24.3
VUT,1863,24.3
VUT,1864,24.3
VUT,1865,24.3
VUT,1866,24.3
VUT,1867,24.3
VUT,1868,24.3
VUT,1869,24.3
VUT,1870,24.3
VUT,1871,24.3
VUT,1872,24.3
VUT,1873,24.3
VUT,1874,24.3
VUT,1875,24.3
VUT,1876,24.3
VUT,1877,24.3
VUT,1878,24.3
VUT,1879,24.3
VUT,1880,24.3
VUT,1881,24.3
VUT,1882,24.3
VUT,1883,24.3
VUT,1884,24.3
VUT,1885,24.3
VUT,1886,24.3
VUT,1887,24.3
VUT,1888,24.3
VUT,1889,24.3
VUT,1890,24.3
VUT,1891,24.3
VUT,1892,24.3
VUT,1893,24.3
VUT,1894,24.3
VUT,1895,24.3
VUT,1896,24.3
VUT,1897,24.3
VUT,1898,24.3
VUT,1899,24.3
VUT,1900,24.3
VUT,1901,24.3
VUT,1902,24.3
VUT,1903,24.3
VUT,1904,24.3
VUT,1905,24.3
VUT,1906,24.3
VUT,1907,24.3
VUT,1908,24.3
VUT,1909,24.3
VUT,1910,24.3
VUT,1911,24.3
VUT,1912,24.3
VUT,1913,24.3
VUT,1914,24.3
VUT,1915,24.3
VUT,1916,24.3
VUT,1917,24.3
VUT,1918,24.3
VUT,1919,24.3
VUT,1920,24.3
VUT,1921,24.3
VUT,1922,24.3
VUT,1923,24.3
VUT,1924,24.3
VUT,1925,24.3
VUT,1926,24.3
VUT,1927,24.3
VUT,1928,24.3
VUT,1929,24.3
VUT,1930,24.3
VUT,1931,24.3
VUT,1932,24.3
VUT,1933,24.3
VUT,1934,24.3
VUT,1935,25.33
VUT,1936,26.36
VUT,1937,27.38
VUT,1938,28.41
VUT,1939,29.44
VUT,1940,30.47
VUT,1941,31.48
VUT,1942,32.47
VUT,1943,33.48
VUT,1944,34.49
VUT,1945,35.49
VUT,1946,36.5
VUT,1947,37.5
VUT,1948,38.5
VUT,1949,39.51
VUT,1950,40.52
VUT,1951,40.79
VUT,1952,41.36
VUT,1953,41.94
VUT,1954,42.51
VUT,1955,43.09
VUT,1956,43.67
VUT,1957,44.24
VUT,1958,44.82
VUT,1959,45.4
VUT,1960,45.97
VUT,1961,46.55
VUT,1962,47.14
VUT,1963,47.71
VUT,1964,48.29
VUT,1965,48.87
VUT,1966,49.44
VUT,1967,50.01
VUT,1968,50.56
VUT,1969,51.12
VUT,1970,51.67
VUT,1971,52.21
VUT,1972,52.77
VUT,1973,53.33
VUT,1974,53.89
VUT,1975,54.46
VUT,1976,55.05
VUT,1977,55.64
VUT,1978,56.24
VUT,1979,56.83
VUT,1980,57.41
VUT,1981,57.97
VUT,1982,58.5
VUT,1983,58.98
VUT,1984,59.44
VUT,1985,59.87
VUT,1986,60.27
VUT,1987,60.67
VUT,1988,61.07
VUT,1989,61.48
VUT,1990,61.9
VUT,1991,62
VUT,1992,62.1
VUT,1993,62.2
VUT,1994,62.2
VUT,1995,62.3
VUT,1996,62.4
VUT,1997,61.2
VUT,1998,62.5
VUT,1999,62
VUT,2000,62.5
VUT,2001,62.5
VUT,2002,62.5
VUT,2003,62.5
VUT,2004,62.6
VUT,2005,62.7
VUT,2006,62.9
VUT,2007,63.2
VUT,2008,63.4
VUT,2009,63.6
VUT,2010,63.9
VUT,2011,64.1
VUT,2012,64.4
VUT,2013,64.6
VUT,2014,64.7
VUT,2015,64.9
VUT,2016,65.1
VEN,1800,32.2
VEN,1801,32.2
VEN,1802,32.2
VEN,1803,32.2
VEN,1804,32.2
VEN,1805,32.2
VEN,1806,32.2
VEN,1807,32.2
VEN,1808,32.2
VEN,1809,32.2
VEN,1810,32.2
VEN,1811,32.2
VEN,1812,32.2
VEN,1813,32.2
VEN,1814,32.2
VEN,1815,32.2
VEN,1816,32.2
VEN,1817,32.2
VEN,1818,32.2
VEN,1819,32.2
VEN,1820,32.2
VEN,1821,32.2
VEN,1822,32.2
VEN,1823,32.2
VEN,1824,32.2
VEN,1825,32.2
VEN,1826,32.2
VEN,1827,32.2
VEN,1828,32.2
VEN,1829,32.2
VEN,1830,32.2
VEN,1831,32.2
VEN,1832,32.2
VEN,1833,32.2
VEN,1834,32.2
VEN,1835,32.2
VEN,1836,32.2
VEN,1837,32.2
VEN,1838,32.2
VEN,1839,32.2
VEN,1840,32.2
VEN,1841,32.2
VEN,1842,32.2
VEN,1843,32.2
VEN,1844,32.2
VEN,1845,32.2
VEN,1846,32.2
VEN,1847,32.2
VEN,1848,32.2
VEN,1849,32.2
VEN,1850,32.2
VEN,1851,32.2
VEN,1852,32.2
VEN,1853,32.2
VEN,1854,32.2
VEN,1855,32.2
VEN,1856,32.2
VEN,1857,32.2
VEN,1858,32.2
VEN,1859,32.2
VEN,1860,32.2
VEN,1861,32.2
VEN,1862,32.2
VEN,1863,32.2
VEN,1864,32.2
VEN,1865,32.2
VEN,1866,32.2
VEN,1867,32.2
VEN,1868,32.2
VEN,1869,32.2
VEN,1870,32.2
VEN,1871,32.2
VEN,1872,32.2
VEN,1873,32.2
VEN,1874,32.2
VEN,1875,32.2
VEN,1876,32.2
VEN,1877,32.2
VEN,1878,32.2
VEN,1879,32.2
VEN,1880,32.2
VEN,1881,32.2
VEN,1882,32.2
VEN,1883,32.2
VEN,1884,32.2
VEN,1885,32.2
VEN,1886,32.2
VEN,1887,32.2
VEN,1888,32.2
VEN,1889,32.2
VEN,1890,32.2
VEN,1891,32.2
VEN,1892,32.2
VEN,1893,32.2
VEN,1894,32.2
VEN,1895,32.2
VEN,1896,32.2
VEN,1897,32.2
VEN,1898,32.2
VEN,1899,32.2
VEN,1900,32.2
VEN,1901,32.2
VEN,1902,32.2
VEN,1903,32.2
VEN,1904,32.2
VEN,1905,32.2
VEN,1906,32.2
VEN,1907,32.2
VEN,1908,32.2
VEN,1909,32.2
VEN,1910,32.2
VEN,1911,32.2
VEN,1912,32.2
VEN,1913,32.2
VEN,1914,32.2
VEN,1915,32.2
VEN,1916,32.2
VEN,1917,32.2
VEN,1918,29.14
VEN,1919,32.2
VEN,1920,32.2
VEN,1921,32.2
VEN,1922,32.2
VEN,1923,32.2
VEN,1924,32.2
VEN,1925,32.2
VEN,1926,32.2
VEN,1927,32.37
VEN,1928,32.54
VEN,1929,32.71
VEN,1930,32.88
VEN,1931,33.05
VEN,1932,33.22
VEN,1933,33.39
VEN,1934,33.56
VEN,1935,33.73
VEN,1936,33.9
VEN,1937,35.1
VEN,1938,36.3
VEN,1939,37.5
VEN,1940,38.7
VEN,1941,39.93
VEN,1942,41.53
VEN,1943,43.12
VEN,1944,44.73
VEN,1945,46.33
VEN,1946,47.93
VEN,1947,49.53
VEN,1948,51.13
VEN,1949,52.72
VEN,1950,54.33
VEN,1951,54.64
VEN,1952,55.24
VEN,1953,55.84
VEN,1954,56.43
VEN,1955,57.03
VEN,1956,57.64
VEN,1957,58.25
VEN,1958,58.86
VEN,1959,59.47
VEN,1960,60.08
VEN,1961,60.69
VEN,1962,61.3
VEN,1963,61.91
VEN,1964,62.51
VEN,1965,63.09
VEN,1966,63.66
VEN,1967,64.22
VEN,1968,64.77
VEN,1969,65.3
VEN,1970,65.8
VEN,1971,66.27
VEN,1972,66.72
VEN,1973,67.14
VEN,1974,67.53
VEN,1975,67.9
VEN,1976,68.23
VEN,1977,68.52
VEN,1978,68.79
VEN,1979,69.04
VEN,1980,69.3
VEN,1981,69.57
VEN,1982,69.85
VEN,1983,70.17
VEN,1984,70.53
VEN,1985,70.89
VEN,1986,71.27
VEN,1987,71.63
VEN,1988,71.95
VEN,1989,72.24
VEN,1990,72.5
VEN,1991,72.4
VEN,1992,72.4
VEN,1993,72.5
VEN,1994,72.4
VEN,1995,72.7
VEN,1996,73.1
VEN,1997,73.6
VEN,1998,73.6
VEN,1999,70.2
VEN,2000,73.8
VEN,2001,73.8
VEN,2002,73.8
VEN,2003,73.5
VEN,2004,74.3
VEN,2005,74.6
VEN,2006,74.5
VEN,2007,74.4
VEN,2008,74.2
VEN,2009,74.4
VEN,2010,74.9
VEN,2011,74.8
VEN,2012,74.6
VEN,2013,74.7
VEN,2014,74.8
VEN,2015,74.8
VEN,2016,74.8
PSE,1800,32.1
PSE,1801,32.1
PSE,1802,32.1
PSE,1803,32.1
PSE,1804,32.1
PSE,1805,32.1
PSE,1806,32.1
PSE,1807,32.1
PSE,1808,32.1
PSE,1809,32.1
PSE,1810,32.1
PSE,1811,32.1
PSE,1812,32.1
PSE,1813,32.1
PSE,1814,32.1
PSE,1815,32.1
PSE,1816,32.1
PSE,1817,32.1
PSE,1818,32.1
PSE,1819,32.1
PSE,1820,32.1
PSE,1821,32.1
PSE,1822,32.1
PSE,1823,32.1
PSE,1824,32.1
PSE,1825,32.1
PSE,1826,32.1
PSE,1827,32.1
PSE,1828,32.1
PSE,1829,32.1
PSE,1830,32.1
PSE,1831,32.1
PSE,1832,32.1
PSE,1833,32.1
PSE,1834,32.1
PSE,1835,32.1
PSE,1836,32.1
PSE,1837,32.1
PSE,1838,32.1
PSE,1839,32.1
PSE,1840,32.1
PSE,1841,32.1
PSE,1842,32.1
PSE,1843,32.1
PSE,1844,32.1
PSE,1845,32.1
PSE,1846,32.1
PSE,1847,32.1
PSE,1848,32.1
PSE,1849,32.1
PSE,1850,32.1
PSE,1851,32.1
PSE,1852,32.1
PSE,1853,32.1
PSE,1854,32.1
PSE,1855,32.1
PSE,1856,32.1
PSE,1857,32.1
PSE,1858,32.1
PSE,1859,32.1
PSE,1860,32.1
PSE,1861,32.1
PSE,1862,32.1
PSE,1863,32.1
PSE,1864,32.1
PSE,1865,32.1
PSE,1866,32.1
PSE,1867,32.1
PSE,1868,32.1
PSE,1869,32.1
PSE,1870,32.1
PSE,1871,32.1
PSE,1872,32.1
PSE,1873,32.1
PSE,1874,32.1
PSE,1875,32.1
PSE,1876,32.1
PSE,1877,32.1
PSE,1878,32.1
PSE,1879,32.1
PSE,1880,32.1
PSE,1881,32.1
PSE,1882,32.1
PSE,1883,32.1
PSE,1884,32.1
PSE,1885,32.1
PSE,1886,32.1
PSE,1887,32.1
PSE,1888,32.1
PSE,1889,32.1
PSE,1890,32.1
PSE,1891,32.1
PSE,1892,32.1
PSE,1893,32.1
PSE,1894,32.1
PSE,1895,32.1
PSE,1896,32.1
PSE,1897,32.1
PSE,1898,32.1
PSE,1899,32.1
PSE,1900,32.1
PSE,1901,32.1
PSE,1902,32.1
PSE,1903,32.1
PSE,1904,32.1
PSE,1905,32.1
PSE,1906,32.1
PSE,1907,32.1
PSE,1908,32.1
PSE,1909,32.1
PSE,1910,32.1
PSE,1911,32.1
PSE,1912,32.1
PSE,1913,32.1
PSE,1914,32.1
PSE,1915,32.1
PSE,1916,32.1
PSE,1917,32.1
PSE,1918,26.61
PSE,1919,32.1
PSE,1920,32.1
PSE,1921,32.1
PSE,1922,32.1
PSE,1923,32.1
PSE,1924,32.1
PSE,1925,32.1
PSE,1926,32.1
PSE,1927,32.1
PSE,1928,32.1
PSE,1929,32.1
PSE,1930,32.1
PSE,1931,32.1
PSE,1932,32.1
PSE,1933,32.1
PSE,1934,32.1
PSE,1935,32.1
PSE,1936,33.03
PSE,1937,33.97
PSE,1938,34.9
PSE,1939,35.84
PSE,1940,36.77
PSE,1941,37.78
PSE,1942,38.79
PSE,1943,39.8
PSE,1944,40.81
PSE,1945,41.82
PSE,1946,42.83
PSE,1947,43.84
PSE,1948,44.85
PSE,1949,45.86
PSE,1950,46.86
PSE,1951,47.03
PSE,1952,47.31
PSE,1953,47.63
PSE,1954,47.97
PSE,1955,48.36
PSE,1956,48.78
PSE,1957,49.23
PSE,1958,49.72
PSE,1959,50.25
PSE,1960,50.82
PSE,1961,51.43
PSE,1962,52.08
PSE,1963,52.75
PSE,1964,53.47
PSE,1965,54.2
PSE,1966,54.94
PSE,1967,55.7
PSE,1968,56.45
PSE,1969,57.22
PSE,1970,57.97
PSE,1971,58.73
PSE,1972,59.48
PSE,1973,60.26
PSE,1974,61.03
PSE,1975,61.81
PSE,1976,62.6
PSE,1977,63.39
PSE,1978,64.18
PSE,1979,64.96
PSE,1980,65.74
PSE,1981,66.48
PSE,1982,67.21
PSE,1983,67.92
PSE,1984,68.59
PSE,1985,69.23
PSE,1986,69.82
PSE,1987,70.38
PSE,1988,70.88
PSE,1989,71.36
PSE,1990,71.8
PSE,1991,72
PSE,1992,72.4
PSE,1993,72.8
PSE,1994,73.3
PSE,1995,73.7
PSE,1996,74
PSE,1997,74.2
PSE,1998,74.5
PSE,1999,74.7
PSE,2000,74.4
PSE,2001,74.7
PSE,2002,74.4
PSE,2003,74.4
PSE,2004,74.4
PSE,2005,74.6
PSE,2006,74.4
PSE,2007,74.3
PSE,2008,74.1
PSE,2009,73.8
PSE,2010,74.3
PSE,2011,74.2
PSE,2012,74.2
PSE,2013,74.4
PSE,2014,74.5
PSE,2015,74.6
PSE,2016,74.7
ESH,1800,34.75
ESH,1801,34.75
ESH,1802,34.75
ESH,1803,34.75
ESH,1804,34.75
ESH,1805,34.75
ESH,1806,34.75
ESH,1807,34.75
ESH,1808,34.75
ESH,1809,34.75
ESH,1810,34.75
ESH,1811,34.75
ESH,1812,34.75
ESH,1813,34.75
ESH,1814,34.75
ESH,1815,34.75
ESH,1816,34.75
ESH,1817,34.75
ESH,1818,34.75
ESH,1819,34.75
ESH,1820,34.75
ESH,1821,34.75
ESH,1822,34.75
ESH,1823,34.75
ESH,1824,34.75
ESH,1825,34.75
ESH,1826,34.75
ESH,1827,34.75
ESH,1828,34.75
ESH,1829,34.75
ESH,1830,34.75
ESH,1831,34.75
ESH,1832,34.75
ESH,1833,34.75
ESH,1834,34.75
ESH,1835,34.75
ESH,1836,34.75
ESH,1837,34.75
ESH,1838,34.75
ESH,1839,34.75
ESH,1840,34.75
ESH,1841,34.75
ESH,1842,34.75
ESH,1843,34.75
ESH,1844,34.75
ESH,1845,34.75
ESH,1846,34.75
ESH,1847,34.75
ESH,1848,34.75
ESH,1849,34.75
ESH,1850,34.75
ESH,1851,34.75
ESH,1852,34.75
ESH,1853,34.75
ESH,1854,34.75
ESH,1855,34.75
ESH,1856,34.75
ESH,1857,34.75
ESH,1858,34.75
ESH,1859,34.75
ESH,1860,34.75
ESH,1861,34.75
ESH,1862,34.75
ESH,1863,34.75
ESH,1864,34.75
ESH,1865,34.75
ESH,1866,34.75
ESH,1867,34.75
ESH,1868,34.75
ESH,1869,34.75
ESH,1870,34.75
ESH,1871,34.75
ESH,1872,34.75
ESH,1873,34.75
ESH,1874,34.75
ESH,1875,34.75
ESH,1876,34.75
ESH,1877,34.75
ESH,1878,34.75
ESH,1879,34.75
ESH,1880,34.75
ESH,1881,34.75
ESH,1882,34.75
ESH,1883,34.75
ESH,1884,34.75
ESH,1885,34.75
ESH,1886,34.75
ESH,1887,34.75
ESH,1888,34.75
ESH,1889,34.75
ESH,1890,34.75
ESH,1891,34.75
ESH,1892,34.75
ESH,1893,34.75
ESH,1894,34.75
ESH,1895,34.75
ESH,1896,34.75
ESH,1897,34.75
ESH,1898,34.75
ESH,1899,34.75
ESH,1900,34.75
ESH,1901,34.75
ESH,1902,34.75
ESH,1903,34.75
ESH,1904,34.75
ESH,1905,34.75
ESH,1906,34.75
ESH,1907,34.75
ESH,1908,34.75
ESH,1909,34.75
ESH,1910,34.75
ESH,1911,34.75
ESH,1912,34.75
ESH,1913,34.75
ESH,1914,34.75
ESH,1915,34.75
ESH,1916,34.75
ESH,1917,34.75
ESH,1918,13.44
ESH,1919,34.75
ESH,1920,34.75
ESH,1921,34.75
ESH,1922,34.75
ESH,1923,34.75
ESH,1924,34.75
ESH,1925,34.75
ESH,1926,34.75
ESH,1927,34.75
ESH,1928,34.75
ESH,1929,34.75
ESH,1930,34.75
ESH,1931,34.75
ESH,1932,34.75
ESH,1933,34.75
ESH,1934,34.75
ESH,1935,34.75
ESH,1936,34.75
ESH,1937,34.75
ESH,1938,34.75
ESH,1939,34.75
ESH,1940,34.75
ESH,1941,34.75
ESH,1942,34.75
ESH,1943,34.75
ESH,1944,34.75
ESH,1945,34.75
ESH,1946,34.75
ESH,1947,34.75
ESH,1948,34.75
ESH,1949,34.75
ESH,1950,34.75
ESH,1951,34.95
ESH,1952,35.33
ESH,1953,35.72
ESH,1954,36.1
ESH,1955,36.48
ESH,1956,36.86
ESH,1957,37.24
ESH,1958,37.62
ESH,1959,37.99
ESH,1960,38.37
ESH,1961,38.75
ESH,1962,39.12
ESH,1963,39.5
ESH,1964,39.88
ESH,1965,40.26
ESH,1966,40.62
ESH,1967,40.97
ESH,1968,41.32
ESH,1969,41.67
ESH,1970,42.07
ESH,1971,42.52
ESH,1972,43.07
ESH,1973,43.7
ESH,1974,44.43
ESH,1975,45.23
ESH,1976,46.11
ESH,1977,47.01
ESH,1978,47.92
ESH,1979,48.82
ESH,1980,49.72
ESH,1981,50.61
ESH,1982,51.5
ESH,1983,52.4
ESH,1984,53.3
ESH,1985,54.17
ESH,1986,54.99
ESH,1987,55.74
ESH,1988,56.43
ESH,1989,57.04
ESH,1990,57.59
ESH,1991,58.09
ESH,1992,58.56
ESH,1993,59.03
ESH,1994,59.51
ESH,1995,60
ESH,1996,60.51
ESH,1997,61.04
ESH,1998,61.57
ESH,1999,62.11
ESH,2000,62.64
ESH,2001,63.15
ESH,2002,63.65
ESH,2003,64.13
ESH,2004,64.58
ESH,2005,65.01
ESH,2006,65.41
ESH,2007,65.79
ESH,2008,66.16
ESH,2009,66.51
ESH,2010,66.84
ESH,2011,67.17
ESH,2012,67.47
ESH,2013,67.76
ESH,2014,68.04
ESH,2015,68.3
ESH,2016,68.56
VNM,1800,32
VNM,1801,32
VNM,1802,32
VNM,1803,32
VNM,1804,32
VNM,1805,32
VNM,1806,32
VNM,1807,32
VNM,1808,32
VNM,1809,32
VNM,1810,32
VNM,1811,32
VNM,1812,32
VNM,1813,32
VNM,1814,32
VNM,1815,32
VNM,1816,32
VNM,1817,32
VNM,1818,32
VNM,1819,32
VNM,1820,32
VNM,1821,32
VNM,1822,32
VNM,1823,32
VNM,1824,32
VNM,1825,32
VNM,1826,32
VNM,1827,32
VNM,1828,32
VNM,1829,32
VNM,1830,32
VNM,1831,32
VNM,1832,32
VNM,1833,32
VNM,1834,32
VNM,1835,32
VNM,1836,32
VNM,1837,32
VNM,1838,32
VNM,1839,32
VNM,1840,32
VNM,1841,32
VNM,1842,32
VNM,1843,32
VNM,1844,32
VNM,1845,32
VNM,1846,32
VNM,1847,32
VNM,1848,32
VNM,1849,32
VNM,1850,32
VNM,1851,32
VNM,1852,32
VNM,1853,32
VNM,1854,32
VNM,1855,32
VNM,1856,32
VNM,1857,32
VNM,1858,32
VNM,1859,32
VNM,1860,32
VNM,1861,32
VNM,1862,32
VNM,1863,32
VNM,1864,32
VNM,1865,32
VNM,1866,32
VNM,1867,32
VNM,1868,32
VNM,1869,32
VNM,1870,32
VNM,1871,32
VNM,1872,32
VNM,1873,32
VNM,1874,32
VNM,1875,32
VNM,1876,32
VNM,1877,32
VNM,1878,32
VNM,1879,32
VNM,1880,32
VNM,1881,32
VNM,1882,32
VNM,1883,32
VNM,1884,32
VNM,1885,32
VNM,1886,32
VNM,1887,32
VNM,1888,32
VNM,1889,32
VNM,1890,32
VNM,1891,32
VNM,1892,32
VNM,1893,32
VNM,1894,32
VNM,1895,32
VNM,1896,32
VNM,1897,32
VNM,1898,32
VNM,1899,32
VNM,1900,32
VNM,1901,32
VNM,1902,32
VNM,1903,32
VNM,1904,32
VNM,1905,32
VNM,1906,32
VNM,1907,32
VNM,1908,32
VNM,1909,32
VNM,1910,32
VNM,1911,32
VNM,1912,32
VNM,1913,32
VNM,1914,32
VNM,1915,32
VNM,1916,32
VNM,1917,32
VNM,1918,20.51
VNM,1919,32
VNM,1920,32
VNM,1921,32
VNM,1922,32
VNM,1923,32
VNM,1924,32
VNM,1925,32
VNM,1926,32
VNM,1927,32
VNM,1928,32
VNM,1929,32
VNM,1930,32
VNM,1931,32.17
VNM,1932,32.33
VNM,1933,32.5
VNM,1934,32.67
VNM,1935,32.83
VNM,1936,33
VNM,1937,34.35
VNM,1938,35.69
VNM,1939,37.04
VNM,1940,36
VNM,1941,35.07
VNM,1942,34.45
VNM,1943,32.92
VNM,1944,26.89
VNM,1945,16.87
VNM,1946,35.84
VNM,1947,41.81
VNM,1948,46.78
VNM,1949,49.76
VNM,1950,51.58
VNM,1951,51.98
VNM,1952,52.81
VNM,1953,53.6
VNM,1954,54.36
VNM,1955,55.11
VNM,1956,55.83
VNM,1957,56.52
VNM,1958,57.19
VNM,1959,57.86
VNM,1960,58.52
VNM,1961,59.17
VNM,1962,59.82
VNM,1963,60.42
VNM,1964,60.95
VNM,1965,61.32
VNM,1966,61.36
VNM,1967,61.06
VNM,1968,60.45
VNM,1969,59.63
VNM,1970,58.78
VNM,1971,58.17
VNM,1972,58
VNM,1973,58.35
VNM,1974,59.23
VNM,1975,60.54
VNM,1976,62.07
VNM,1977,63.58
VNM,1978,64.86
VNM,1979,65.84
VNM,1980,66.49
VNM,1981,66.86
VNM,1982,67.1
VNM,1983,67.3
VNM,1984,67.51
VNM,1985,67.77
VNM,1986,68.07
VNM,1987,68.38
VNM,1988,68.68
VNM,1989,69
VNM,1990,69.3
VNM,1991,69.6
VNM,1992,69.8
VNM,1993,70.1
VNM,1994,70.3
VNM,1995,70.6
VNM,1996,70.9
VNM,1997,71.1
VNM,1998,71.5
VNM,1999,71.7
VNM,2000,72
VNM,2001,72.2
VNM,2002,72.5
VNM,2003,72.8
VNM,2004,73
VNM,2005,73.3
VNM,2006,73.5
VNM,2007,73.8
VNM,2008,74.1
VNM,2009,74.3
VNM,2010,74.5
VNM,2011,74.7
VNM,2012,74.9
VNM,2013,75
VNM,2014,75.2
VNM,2015,75.4
VNM,2016,75.6
VIR,1800,33.4
VIR,1801,33.4
VIR,1802,33.4
VIR,1803,33.4
VIR,1804,33.4
VIR,1805,33.4
VIR,1806,33.4
VIR,1807,33.4
VIR,1808,33.4
VIR,1809,33.4
VIR,1810,33.4
VIR,1811,33.4
VIR,1812,33.4
VIR,1813,33.4
VIR,1814,33.4
VIR,1815,33.4
VIR,1816,33.4
VIR,1817,33.4
VIR,1818,33.4
VIR,1819,33.4
VIR,1820,33.4
VIR,1821,33.4
VIR,1822,33.4
VIR,1823,33.4
VIR,1824,33.4
VIR,1825,33.4
VIR,1826,33.4
VIR,1827,33.4
VIR,1828,33.4
VIR,1829,33.4
VIR,1830,33.4
VIR,1831,33.4
VIR,1832,33.4
VIR,1833,33.4
VIR,1834,33.4
VIR,1835,33.4
VIR,1836,33.4
VIR,1837,33.4
VIR,1838,33.4
VIR,1839,33.4
VIR,1840,33.4
VIR,1841,33.4
VIR,1842,33.4
VIR,1843,33.4
VIR,1844,33.4
VIR,1845,33.4
VIR,1846,33.4
VIR,1847,33.4
VIR,1848,33.4
VIR,1849,33.4
VIR,1850,33.4
VIR,1851,33.4
VIR,1852,33.4
VIR,1853,33.4
VIR,1854,33.4
VIR,1855,33.4
VIR,1856,33.4
VIR,1857,33.4
VIR,1858,33.4
VIR,1859,33.4
VIR,1860,33.4
VIR,1861,33.4
VIR,1862,33.4
VIR,1863,33.4
VIR,1864,33.4
VIR,1865,33.4
VIR,1866,33.4
VIR,1867,33.4
VIR,1868,33.4
VIR,1869,33.4
VIR,1870,33.4
VIR,1871,33.4
VIR,1872,33.4
VIR,1873,33.4
VIR,1874,33.4
VIR,1875,33.4
VIR,1876,33.4
VIR,1877,33.4
VIR,1878,33.4
VIR,1879,33.4
VIR,1880,33.4
VIR,1881,33.4
VIR,1882,33.4
VIR,1883,33.4
VIR,1884,33.4
VIR,1885,33.4
VIR,1886,33.4
VIR,1887,33.4
VIR,1888,33.4
VIR,1889,33.4
VIR,1890,33.4
VIR,1891,33.4
VIR,1892,33.4
VIR,1893,33.4
VIR,1894,33.4
VIR,1895,33.4
VIR,1896,33.4
VIR,1897,33.4
VIR,1898,33.4
VIR,1899,33.4
VIR,1900,33.4
VIR,1901,33.4
VIR,1902,33.4
VIR,1903,33.4
VIR,1904,33.4
VIR,1905,33.4
VIR,1906,33.4
VIR,1907,33.4
VIR,1908,33.4
VIR,1909,33.4
VIR,1910,33.4
VIR,1911,33.4
VIR,1912,33.4
VIR,1913,33.4
VIR,1914,33.4
VIR,1915,33.4
VIR,1916,33.4
VIR,1917,33.4
VIR,1918,21.66
VIR,1919,33.4
VIR,1920,33.4
VIR,1921,33.4
VIR,1922,34.23
VIR,1923,35.06
VIR,1924,35.89
VIR,1925,36.71
VIR,1926,37.54
VIR,1927,38.37
VIR,1928,39.2
VIR,1929,40.02
VIR,1930,40.85
VIR,1931,41.68
VIR,1932,42.51
VIR,1933,43.33
VIR,1934,44.16
VIR,1935,44.99
VIR,1936,45.82
VIR,1937,46.64
VIR,1938,47.47
VIR,1939,48.3
VIR,1940,49.13
VIR,1941,49.95
VIR,1942,50.78
VIR,1943,51.61
VIR,1944,52.44
VIR,1945,53.27
VIR,1946,54.09
VIR,1947,54.92
VIR,1948,55.75
VIR,1949,56.58
VIR,1950,57.4
VIR,1951,57.9
VIR,1952,58.87
VIR,1953,59.74
VIR,1954,60.54
VIR,1955,61.25
VIR,1956,61.88
VIR,1957,62.44
VIR,1958,62.93
VIR,1959,63.36
VIR,1960,63.75
VIR,1961,64.11
VIR,1962,64.46
VIR,1963,64.82
VIR,1964,65.2
VIR,1965,65.6
VIR,1966,66.02
VIR,1967,66.44
VIR,1968,66.87
VIR,1969,67.29
VIR,1970,67.71
VIR,1971,68.12
VIR,1972,68.53
VIR,1973,68.94
VIR,1974,69.34
VIR,1975,69.73
VIR,1976,70.11
VIR,1977,70.46
VIR,1978,70.8
VIR,1979,71.12
VIR,1980,71.43
VIR,1981,71.74
VIR,1982,72.05
VIR,1983,72.38
VIR,1984,72.71
VIR,1985,73.06
VIR,1986,73.41
VIR,1987,73.75
VIR,1988,74.09
VIR,1989,74.42
VIR,1990,74.73
VIR,1991,75.04
VIR,1992,75.34
VIR,1993,75.64
VIR,1994,75.94
VIR,1995,76.23
VIR,1996,76.52
VIR,1997,76.8
VIR,1998,77.07
VIR,1999,77.33
VIR,2000,77.57
VIR,2001,77.8
VIR,2002,78
VIR,2003,78.19
VIR,2004,78.36
VIR,2005,78.52
VIR,2006,78.69
VIR,2007,78.86
VIR,2008,79.05
VIR,2009,79.25
VIR,2010,79.46
VIR,2011,79.69
VIR,2012,79.92
VIR,2013,80.15
VIR,2014,80.38
VIR,2015,80.6
VIR,2016,80.82
YEM,1800,23.39
YEM,1801,23.39
YEM,1802,23.39
YEM,1803,23.39
YEM,1804,23.39
YEM,1805,23.39
YEM,1806,23.39
YEM,1807,23.39
YEM,1808,23.39
YEM,1809,23.39
YEM,1810,23.39
YEM,1811,23.39
YEM,1812,23.39
YEM,1813,23.39
YEM,1814,23.39
YEM,1815,23.39
YEM,1816,23.39
YEM,1817,23.39
YEM,1818,23.39
YEM,1819,23.39
YEM,1820,23.39
YEM,1821,23.39
YEM,1822,23.39
YEM,1823,23.39
YEM,1824,23.39
YEM,1825,23.39
YEM,1826,23.39
YEM,1827,23.39
YEM,1828,23.39
YEM,1829,23.39
YEM,1830,23.39
YEM,1831,23.39
YEM,1832,23.39
YEM,1833,23.39
YEM,1834,23.39
YEM,1835,23.39
YEM,1836,23.39
YEM,1837,23.39
YEM,1838,23.39
YEM,1839,23.39
YEM,1840,23.39
YEM,1841,23.39
YEM,1842,23.39
YEM,1843,23.39
YEM,1844,23.39
YEM,1845,23.39
YEM,1846,23.39
YEM,1847,23.39
YEM,1848,23.39
YEM,1849,23.39
YEM,1850,23.39
YEM,1851,23.39
YEM,1852,23.39
YEM,1853,23.39
YEM,1854,23.39
YEM,1855,23.39
YEM,1856,23.39
YEM,1857,23.39
YEM,1858,23.39
YEM,1859,23.39
YEM,1860,23.39
YEM,1861,23.39
YEM,1862,23.39
YEM,1863,23.39
YEM,1864,23.39
YEM,1865,23.39
YEM,1866,23.39
YEM,1867,23.39
YEM,1868,23.39
YEM,1869,23.39
YEM,1870,23.39
YEM,1871,23.39
YEM,1872,23.39
YEM,1873,23.39
YEM,1874,23.39
YEM,1875,23.39
YEM,1876,23.39
YEM,1877,23.39
YEM,1878,23.39
YEM,1879,23.39
YEM,1880,23.39
YEM,1881,23.39
YEM,1882,23.39
YEM,1883,23.39
YEM,1884,23.39
YEM,1885,23.39
YEM,1886,23.39
YEM,1887,23.39
YEM,1888,23.39
YEM,1889,23.39
YEM,1890,23.39
YEM,1891,23.39
YEM,1892,23.39
YEM,1893,23.39
YEM,1894,23.39
YEM,1895,23.39
YEM,1896,23.39
YEM,1897,23.39
YEM,1898,23.39
YEM,1899,23.39
YEM,1900,23.39
YEM,1901,23.39
YEM,1902,23.39
YEM,1903,23.39
YEM,1904,23.39
YEM,1905,23.39
YEM,1906,23.39
YEM,1907,23.39
YEM,1908,23.39
YEM,1909,23.39
YEM,1910,23.39
YEM,1911,23.39
YEM,1912,23.39
YEM,1913,23.39
YEM,1914,23.39
YEM,1915,23.39
YEM,1916,23.39
YEM,1917,23.39
YEM,1918,19.39
YEM,1919,23.39
YEM,1920,23.39
YEM,1921,23.39
YEM,1922,23.39
YEM,1923,23.39
YEM,1924,23.39
YEM,1925,23.39
YEM,1926,23.39
YEM,1927,23.39
YEM,1928,23.39
YEM,1929,23.39
YEM,1930,23.39
YEM,1931,23.39
YEM,1932,23.39
YEM,1933,23.39
YEM,1934,23.39
YEM,1935,23.39
YEM,1936,23.39
YEM,1937,23.39
YEM,1938,23.39
YEM,1939,23.39
YEM,1940,23.39
YEM,1941,23.4
YEM,1942,23.41
YEM,1943,23.43
YEM,1944,23.44
YEM,1945,23.45
YEM,1946,23.46
YEM,1947,23.48
YEM,1948,23.49
YEM,1949,23.5
YEM,1950,23.51
YEM,1951,24
YEM,1952,24.96
YEM,1953,25.92
YEM,1954,26.87
YEM,1955,27.84
YEM,1956,28.8
YEM,1957,29.76
YEM,1958,30.72
YEM,1959,31.68
YEM,1960,32.64
YEM,1961,33.58
YEM,1962,34.52
YEM,1963,35.45
YEM,1964,36.37
YEM,1965,37.27
YEM,1966,38.15
YEM,1967,39.01
YEM,1968,39.87
YEM,1969,40.71
YEM,1970,41.55
YEM,1971,42.4
YEM,1972,43.28
YEM,1973,44.17
YEM,1974,45.1
YEM,1975,46.05
YEM,1976,47.05
YEM,1977,48.06
YEM,1978,49.08
YEM,1979,50.11
YEM,1980,51.13
YEM,1981,52.13
YEM,1982,53.09
YEM,1983,54.02
YEM,1984,54.89
YEM,1985,55.69
YEM,1986,56.4
YEM,1987,57.04
YEM,1988,57.6
YEM,1989,58.08
YEM,1990,58.5
YEM,1991,58.9
YEM,1992,59.3
YEM,1993,59.6
YEM,1994,59.7
YEM,1995,60.3
YEM,1996,60.7
YEM,1997,61.1
YEM,1998,61.5
YEM,1999,62
YEM,2000,62.4
YEM,2001,62.8
YEM,2002,63.3
YEM,2003,63.7
YEM,2004,64.2
YEM,2005,64.6
YEM,2006,65
YEM,2007,65.2
YEM,2008,65.7
YEM,2009,66.2
YEM,2010,66.6
YEM,2011,66.6
YEM,2012,66.7
YEM,2013,67.1
YEM,2014,67.1
YEM,2015,66
YEM,2016,64.92
ZMB,1800,32.6
ZMB,1801,32.6
ZMB,1802,32.6
ZMB,1803,32.6
ZMB,1804,32.6
ZMB,1805,32.6
ZMB,1806,32.6
ZMB,1807,32.6
ZMB,1808,32.6
ZMB,1809,32.6
ZMB,1810,32.6
ZMB,1811,32.6
ZMB,1812,32.6
ZMB,1813,32.6
ZMB,1814,32.6
ZMB,1815,32.6
ZMB,1816,32.6
ZMB,1817,32.6
ZMB,1818,32.6
ZMB,1819,32.6
ZMB,1820,32.6
ZMB,1821,32.6
ZMB,1822,32.6
ZMB,1823,32.6
ZMB,1824,32.6
ZMB,1825,32.6
ZMB,1826,32.6
ZMB,1827,32.6
ZMB,1828,32.6
ZMB,1829,32.6
ZMB,1830,32.6
ZMB,1831,32.6
ZMB,1832,32.6
ZMB,1833,32.6
ZMB,1834,32.6
ZMB,1835,32.6
ZMB,1836,32.6
ZMB,1837,32.6
ZMB,1838,32.6
ZMB,1839,32.6
ZMB,1840,32.6
ZMB,1841,32.6
ZMB,1842,32.6
ZMB,1843,32.6
ZMB,1844,32.6
ZMB,1845,32.6
ZMB,1846,32.6
ZMB,1847,32.6
ZMB,1848,32.6
ZMB,1849,32.6
ZMB,1850,32.6
ZMB,1851,32.6
ZMB,1852,32.6
ZMB,1853,32.6
ZMB,1854,32.6
ZMB,1855,32.6
ZMB,1856,32.6
ZMB,1857,32.6
ZMB,1858,32.6
ZMB,1859,32.6
ZMB,1860,32.6
ZMB,1861,32.6
ZMB,1862,32.6
ZMB,1863,32.6
ZMB,1864,32.6
ZMB,1865,32.6
ZMB,1866,32.6
ZMB,1867,32.6
ZMB,1868,32.6
ZMB,1869,32.6
ZMB,1870,32.6
ZMB,1871,32.6
ZMB,1872,32.6
ZMB,1873,32.6
ZMB,1874,32.6
ZMB,1875,32.6
ZMB,1876,32.6
ZMB,1877,32.6
ZMB,1878,32.6
ZMB,1879,32.6
ZMB,1880,32.6
ZMB,1881,32.6
ZMB,1882,32.6
ZMB,1883,32.6
ZMB,1884,32.6
ZMB,1885,32.6
ZMB,1886,32.6
ZMB,1887,32.6
ZMB,1888,32.6
ZMB,1889,32.6
ZMB,1890,32.6
ZMB,1891,32.6
ZMB,1892,32.6
ZMB,1893,32.6
ZMB,1894,32.6
ZMB,1895,32.6
ZMB,1896,32.6
ZMB,1897,32.6
ZMB,1898,32.6
ZMB,1899,32.6
ZMB,1900,32.6
ZMB,1901,32.6
ZMB,1902,32.6
ZMB,1903,32.6
ZMB,1904,32.6
ZMB,1905,32.6
ZMB,1906,32.6
ZMB,1907,32.6
ZMB,1908,32.6
ZMB,1909,32.6
ZMB,1910,32.6
ZMB,1911,32.6
ZMB,1912,32.6
ZMB,1913,32.6
ZMB,1914,32.6
ZMB,1915,32.6
ZMB,1916,32.6
ZMB,1917,32.6
ZMB,1918,12.61
ZMB,1919,32.6
ZMB,1920,32.6
ZMB,1921,32.6
ZMB,1922,32.6
ZMB,1923,32.6
ZMB,1924,32.6
ZMB,1925,32.6
ZMB,1926,32.6
ZMB,1927,32.6
ZMB,1928,32.6
ZMB,1929,32.6
ZMB,1930,32.6
ZMB,1931,32.6
ZMB,1932,32.6
ZMB,1933,32.6
ZMB,1934,32.6
ZMB,1935,32.6
ZMB,1936,32.6
ZMB,1937,32.6
ZMB,1938,32.6
ZMB,1939,32.6
ZMB,1940,32.6
ZMB,1941,32.76
ZMB,1942,32.92
ZMB,1943,33.08
ZMB,1944,33.24
ZMB,1945,33.41
ZMB,1946,35.3
ZMB,1947,37.18
ZMB,1948,39.07
ZMB,1949,40.96
ZMB,1950,42.85
ZMB,1951,43.22
ZMB,1952,43.79
ZMB,1953,44.38
ZMB,1954,44.95
ZMB,1955,45.53
ZMB,1956,46.1
ZMB,1957,46.67
ZMB,1958,47.24
ZMB,1959,47.79
ZMB,1960,48.34
ZMB,1961,48.89
ZMB,1962,49.42
ZMB,1963,49.94
ZMB,1964,50.44
ZMB,1965,50.96
ZMB,1966,51.49
ZMB,1967,52.05
ZMB,1968,52.64
ZMB,1969,53.25
ZMB,1970,53.88
ZMB,1971,54.51
ZMB,1972,55.13
ZMB,1973,55.71
ZMB,1974,56.24
ZMB,1975,56.7
ZMB,1976,57.07
ZMB,1977,57.36
ZMB,1978,57.57
ZMB,1979,57.66
ZMB,1980,57.62
ZMB,1981,57.45
ZMB,1982,57.14
ZMB,1983,56.71
ZMB,1984,56.17
ZMB,1985,55.54
ZMB,1986,54.85
ZMB,1987,54.09
ZMB,1988,53.33
ZMB,1989,52.59
ZMB,1990,51.9
ZMB,1991,50.7
ZMB,1992,49.6
ZMB,1993,48.6
ZMB,1994,47.7
ZMB,1995,46.9
ZMB,1996,46.3
ZMB,1997,45.9
ZMB,1998,45.4
ZMB,1999,45
ZMB,2000,44.8
ZMB,2001,44.9
ZMB,2002,45.1
ZMB,2003,45.3
ZMB,2004,46.3
ZMB,2005,47.1
ZMB,2006,47.9
ZMB,2007,49
ZMB,2008,51.1
ZMB,2009,52.3
ZMB,2010,53.1
ZMB,2011,53.7
ZMB,2012,54.7
ZMB,2013,55.6
ZMB,2014,56.3
ZMB,2015,56.7
ZMB,2016,57.1
ZWE,1800,33.7
ZWE,1801,33.7
ZWE,1802,33.7
ZWE,1803,33.7
ZWE,1804,33.7
ZWE,1805,33.7
ZWE,1806,33.7
ZWE,1807,33.7
ZWE,1808,33.7
ZWE,1809,33.7
ZWE,1810,33.7
ZWE,1811,33.7
ZWE,1812,33.7
ZWE,1813,33.7
ZWE,1814,33.7
ZWE,1815,33.7
ZWE,1816,33.7
ZWE,1817,33.7
ZWE,1818,33.7
ZWE,1819,33.7
ZWE,1820,33.7
ZWE,1821,33.7
ZWE,1822,33.7
ZWE,1823,33.7
ZWE,1824,33.7
ZWE,1825,33.7
ZWE,1826,33.7
ZWE,1827,33.7
ZWE,1828,33.7
ZWE,1829,33.7
ZWE,1830,33.7
ZWE,1831,33.7
ZWE,1832,33.7
ZWE,1833,33.7
ZWE,1834,33.7
ZWE,1835,33.7
ZWE,1836,33.7
ZWE,1837,33.7
ZWE,1838,33.7
ZWE,1839,33.7
ZWE,1840,33.7
ZWE,1841,33.7
ZWE,1842,33.7
ZWE,1843,33.7
ZWE,1844,33.7
ZWE,1845,33.7
ZWE,1846,33.7
ZWE,1847,33.7
ZWE,1848,33.7
ZWE,1849,33.7
ZWE,1850,33.7
ZWE,1851,33.7
ZWE,1852,33.7
ZWE,1853,33.7
ZWE,1854,33.7
ZWE,1855,33.7
ZWE,1856,33.7
ZWE,1857,33.7
ZWE,1858,33.7
ZWE,1859,33.7
ZWE,1860,33.7
ZWE,1861,33.7
ZWE,1862,33.7
ZWE,1863,33.7
ZWE,1864,33.7
ZWE,1865,33.7
ZWE,1866,33.7
ZWE,1867,33.7
ZWE,1868,33.7
ZWE,1869,33.7
ZWE,1870,33.7
ZWE,1871,33.7
ZWE,1872,33.7
ZWE,1873,33.7
ZWE,1874,33.7
ZWE,1875,33.7
ZWE,1876,33.7
ZWE,1877,33.7
ZWE,1878,33.7
ZWE,1879,33.7
ZWE,1880,33.7
ZWE,1881,33.7
ZWE,1882,33.7
ZWE,1883,33.7
ZWE,1884,33.7
ZWE,1885,33.7
ZWE,1886,33.7
ZWE,1887,33.7
ZWE,1888,33.7
ZWE,1889,33.7
ZWE,1890,33.7
ZWE,1891,33.7
ZWE,1892,33.7
ZWE,1893,33.7
ZWE,1894,33.7
ZWE,1895,33.7
ZWE,1896,33.7
ZWE,1897,33.7
ZWE,1898,33.7
ZWE,1899,33.7
ZWE,1900,33.7
ZWE,1901,33.7
ZWE,1902,33.7
ZWE,1903,33.7
ZWE,1904,33.7
ZWE,1905,33.7
ZWE,1906,33.7
ZWE,1907,33.7
ZWE,1908,33.7
ZWE,1909,33.7
ZWE,1910,33.7
ZWE,1911,33.7
ZWE,1912,33.7
ZWE,1913,33.7
ZWE,1914,33.7
ZWE,1915,33.7
ZWE,1916,33.7
ZWE,1917,33.7
ZWE,1918,17.03
ZWE,1919,33.7
ZWE,1920,33.7
ZWE,1921,33.7
ZWE,1922,33.7
ZWE,1923,33.7
ZWE,1924,33.7
ZWE,1925,33.7
ZWE,1926,33.7
ZWE,1927,33.7
ZWE,1928,33.7
ZWE,1929,33.7
ZWE,1930,33.7
ZWE,1931,33.7
ZWE,1932,33.7
ZWE,1933,33.7
ZWE,1934,33.7
ZWE,1935,33.7
ZWE,1936,33.7
ZWE,1937,33.7
ZWE,1938,33.7
ZWE,1939,33.7
ZWE,1940,33.7
ZWE,1941,35.18
ZWE,1942,36.65
ZWE,1943,38.13
ZWE,1944,39.61
ZWE,1945,41.08
ZWE,1946,42.55
ZWE,1947,44.03
ZWE,1948,45.5
ZWE,1949,46.98
ZWE,1950,48.46
ZWE,1951,48.75
ZWE,1952,49.25
ZWE,1953,49.75
ZWE,1954,50.25
ZWE,1955,50.73
ZWE,1956,51.22
ZWE,1957,51.71
ZWE,1958,52.17
ZWE,1959,52.64
ZWE,1960,53.11
ZWE,1961,53.55
ZWE,1962,53.99
ZWE,1963,54.42
ZWE,1964,54.83
ZWE,1965,55.25
ZWE,1966,55.65
ZWE,1967,56.04
ZWE,1968,56.43
ZWE,1969,56.83
ZWE,1970,57.22
ZWE,1971,57.63
ZWE,1972,58.05
ZWE,1973,58.47
ZWE,1974,58.92
ZWE,1975,59.41
ZWE,1976,59.94
ZWE,1977,60.53
ZWE,1978,61.17
ZWE,1979,61.82
ZWE,1980,62.48
ZWE,1981,63.13
ZWE,1982,63.73
ZWE,1983,64.23
ZWE,1984,64.63
ZWE,1985,64.86
ZWE,1986,64.9
ZWE,1987,64.74
ZWE,1988,64.39
ZWE,1989,63.81
ZWE,1990,63
ZWE,1991,62.7
ZWE,1992,61.4
ZWE,1993,59.8
ZWE,1994,58.2
ZWE,1995,56
ZWE,1996,54.4
ZWE,1997,52.8
ZWE,1998,50.9
ZWE,1999,49.3
ZWE,2000,47.9
ZWE,2001,47
ZWE,2002,45.9
ZWE,2003,45.3
ZWE,2004,44.7
ZWE,2005,45.1
ZWE,2006,45.5
ZWE,2007,46.4
ZWE,2008,47.3
ZWE,2009,48
ZWE,2010,49.1
ZWE,2011,51.6
ZWE,2012,54.2
ZWE,2013,55.7
ZWE,2014,57
ZWE,2015,59.3
ZWE,2016,61.69
ALA,1997,78.9
ALA,1998,81
ALA,1999,78.25
ALA,2000,80
ALA,2001,80.83
ALA,2002,81.8
ALA,2003,80.63
ALA,2004,79.88
ALA,2005,80
ALA,2006,80.1
SSD,1800,26.67
SSD,1801,26.67
SSD,1802,26.67
SSD,1803,26.67
SSD,1804,26.67
SSD,1805,26.67
SSD,1806,26.67
SSD,1807,26.67
SSD,1808,26.67
SSD,1809,26.67
SSD,1810,26.67
SSD,1811,26.67
SSD,1812,26.67
SSD,1813,26.67
SSD,1814,26.67
SSD,1815,26.67
SSD,1816,26.67
SSD,1817,26.67
SSD,1818,26.67
SSD,1819,26.67
SSD,1820,26.67
SSD,1821,26.67
SSD,1822,26.67
SSD,1823,26.67
SSD,1824,26.67
SSD,1825,26.67
SSD,1826,26.67
SSD,1827,26.67
SSD,1828,26.67
SSD,1829,26.67
SSD,1830,26.67
SSD,1831,26.67
SSD,1832,26.67
SSD,1833,26.67
SSD,1834,26.67
SSD,1835,26.67
SSD,1836,26.67
SSD,1837,26.67
SSD,1838,26.67
SSD,1839,26.67
SSD,1840,26.67
SSD,1841,26.67
SSD,1842,26.67
SSD,1843,26.67
SSD,1844,26.67
SSD,1845,26.67
SSD,1846,26.67
SSD,1847,26.67
SSD,1848,26.67
SSD,1849,26.67
SSD,1850,26.67
SSD,1851,26.67
SSD,1852,26.67
SSD,1853,26.67
SSD,1854,26.67
SSD,1855,26.67
SSD,1856,26.67
SSD,1857,26.67
SSD,1858,26.67
SSD,1859,26.67
SSD,1860,26.67
SSD,1861,26.67
SSD,1862,26.67
SSD,1863,26.67
SSD,1864,26.67
SSD,1865,26.67
SSD,1866,26.67
SSD,1867,26.67
SSD,1868,26.67
SSD,1869,26.67
SSD,1870,26.67
SSD,1871,26.67
SSD,1872,26.67
SSD,1873,26.67
SSD,1874,26.67
SSD,1875,26.67
SSD,1876,26.67
SSD,1877,26.67
SSD,1878,26.67
SSD,1879,26.67
SSD,1880,26.67
SSD,1881,26.67
SSD,1882,26.67
SSD,1883,26.67
SSD,1884,26.67
SSD,1885,26.67
SSD,1886,26.67
SSD,1887,26.67
SSD,1888,26.67
SSD,1889,26.67
SSD,1890,26.67
SSD,1891,26.67
SSD,1892,26.67
SSD,1893,26.67
SSD,1894,26.67
SSD,1895,26.67
SSD,1896,26.67
SSD,1897,26.67
SSD,1898,26.67
SSD,1899,26.67
SSD,1900,26.67
SSD,1901,26.67
SSD,1902,26.67
SSD,1903,26.67
SSD,1904,26.67
SSD,1905,26.67
SSD,1906,26.67
SSD,1907,26.67
SSD,1908,26.67
SSD,1909,26.67
SSD,1910,26.67
SSD,1911,26.67
SSD,1912,26.67
SSD,1913,26.67
SSD,1914,26.67
SSD,1915,26.67
SSD,1916,26.67
SSD,1917,26.67
SSD,1918,10.31
SSD,1919,26.67
SSD,1920,26.67
SSD,1921,26.67
SSD,1922,26.67
SSD,1923,26.67
SSD,1924,26.67
SSD,1925,26.67
SSD,1926,26.67
SSD,1927,26.67
SSD,1928,26.67
SSD,1929,26.67
SSD,1930,26.67
SSD,1931,26.67
SSD,1932,26.67
SSD,1933,26.67
SSD,1934,26.67
SSD,1935,26.67
SSD,1936,26.67
SSD,1937,26.67
SSD,1938,26.67
SSD,1939,26.67
SSD,1940,26.67
SSD,1941,26.82
SSD,1942,26.96
SSD,1943,27.11
SSD,1944,27.26
SSD,1945,27.41
SSD,1946,27.55
SSD,1947,27.7
SSD,1948,27.85
SSD,1949,28
SSD,1950,28.14
SSD,1951,28.6
SSD,1952,29.37
SSD,1953,30.11
SSD,1954,30.82
SSD,1955,31.51
SSD,1956,32.17
SSD,1957,32.81
SSD,1958,33.42
SSD,1959,34.02
SSD,1960,34.61
SSD,1961,35.18
SSD,1962,35.75
SSD,1963,36.32
SSD,1964,36.9
SSD,1965,37.48
SSD,1966,38.04
SSD,1967,38.6
SSD,1968,39.15
SSD,1969,39.68
SSD,1970,40.21
SSD,1971,40.75
SSD,1972,41.29
SSD,1973,41.84
SSD,1974,42.39
SSD,1975,42.93
SSD,1976,43.43
SSD,1977,43.87
SSD,1978,44.26
SSD,1979,44.61
SSD,1980,44.93
SSD,1981,45.25
SSD,1982,45.6
SSD,1983,46.01
SSD,1984,46.5
SSD,1985,47.06
SSD,1986,47.72
SSD,1987,48.45
SSD,1988,49.23
SSD,1989,50.05
SSD,1990,50.9
SSD,1991,51
SSD,1992,51.6
SSD,1993,51.9
SSD,1994,52.3
SSD,1995,52.7
SSD,1996,53.1
SSD,1997,53.4
SSD,1998,53.8
SSD,1999,54.1
SSD,2000,54.4
SSD,2001,54.7
SSD,2002,54.9
SSD,2003,55
SSD,2004,55.2
SSD,2005,55.3
SSD,2006,55.4
SSD,2007,55.5
SSD,2008,55.6
SSD,2009,55.8
SSD,2010,56
SSD,2011,55.9
SSD,2012,56
SSD,2013,56
SSD,2014,56.1
SSD,2015,56.1
SSD,2016,56.1
